Time(Local),Production,Consumption
31.12.2022 23:00:00 +01:00,10671.29,15793.08
01.01.2023 00:00:00 +01:00,10698.73,15975.39
01.01.2023 01:00:00 +01:00,10061.39,16015.34
01.01.2023 02:00:00 +01:00,9113.91,15899.51
01.01.2023 03:00:00 +01:00,8651.85,15825.78
01.01.2023 04:00:00 +01:00,8531.30,15779.98
01.01.2023 05:00:00 +01:00,8450.75,15877.71
01.01.2023 06:00:00 +01:00,8594.02,16079.78
01.01.2023 07:00:00 +01:00,8862.49,16289.09
01.01.2023 08:00:00 +01:00,8992.21,16532.05
01.01.2023 09:00:00 +01:00,9713.28,16847.98
01.01.2023 10:00:00 +01:00,10108.81,17256.36
01.01.2023 11:00:00 +01:00,10919.03,17522.26
01.01.2023 12:00:00 +01:00,11460.61,17599.91
01.01.2023 13:00:00 +01:00,11782.10,17647.08
01.01.2023 14:00:00 +01:00,11709.24,17727.09
01.01.2023 15:00:00 +01:00,12843.64,18221.73
01.01.2023 16:00:00 +01:00,14707.07,18607.94
01.01.2023 17:00:00 +01:00,14784.06,18730.49
01.01.2023 18:00:00 +01:00,14379.49,18681.23
01.01.2023 19:00:00 +01:00,14397.66,18586.33
01.01.2023 20:00:00 +01:00,14295.60,18392.39
01.01.2023 21:00:00 +01:00,14196.40,18222.05
01.01.2023 22:00:00 +01:00,13802.81,17954.98
01.01.2023 23:00:00 +01:00,13411.94,17559.68
02.01.2023 00:00:00 +01:00,13391.96,17185.89
02.01.2023 01:00:00 +01:00,13017.48,16888.77
02.01.2023 02:00:00 +01:00,12620.71,16801.91
02.01.2023 03:00:00 +01:00,12603.59,16754.02
02.01.2023 04:00:00 +01:00,12922.78,16779.12
02.01.2023 05:00:00 +01:00,13053.68,17133.80
02.01.2023 06:00:00 +01:00,14424.11,18158.63
02.01.2023 07:00:00 +01:00,17589.21,19338.08
02.01.2023 08:00:00 +01:00,18775.60,19718.35
02.01.2023 09:00:00 +01:00,19091.62,19861.69
02.01.2023 10:00:00 +01:00,18800.60,19934.83
02.01.2023 11:00:00 +01:00,19908.81,19944.76
02.01.2023 12:00:00 +01:00,20517.39,19961.66
02.01.2023 13:00:00 +01:00,19799.68,20004.94
02.01.2023 14:00:00 +01:00,20016.67,19900.83
02.01.2023 15:00:00 +01:00,20780.25,20022.05
02.01.2023 16:00:00 +01:00,21333.65,20158.96
02.01.2023 17:00:00 +01:00,21697.75,19978.71
02.01.2023 18:00:00 +01:00,22020.21,19741.35
02.01.2023 19:00:00 +01:00,21322.68,19542.08
02.01.2023 20:00:00 +01:00,20209.86,19334.40
02.01.2023 21:00:00 +01:00,18708.63,19112.81
02.01.2023 22:00:00 +01:00,17589.52,18771.95
02.01.2023 23:00:00 +01:00,16366.45,18228.51
03.01.2023 00:00:00 +01:00,15889.70,17725.91
03.01.2023 01:00:00 +01:00,14644.72,17395.30
03.01.2023 02:00:00 +01:00,14249.81,17252.26
03.01.2023 03:00:00 +01:00,13706.43,17201.87
03.01.2023 04:00:00 +01:00,13761.09,17178.82
03.01.2023 05:00:00 +01:00,14971.86,17534.29
03.01.2023 06:00:00 +01:00,17803.59,18610.22
03.01.2023 07:00:00 +01:00,20765.12,19718.58
03.01.2023 08:00:00 +01:00,21302.93,20167.80
03.01.2023 09:00:00 +01:00,21273.83,20226.66
03.01.2023 10:00:00 +01:00,21505.03,19849.23
03.01.2023 11:00:00 +01:00,21373.96,20005.09
03.01.2023 12:00:00 +01:00,20950.13,19941.63
03.01.2023 13:00:00 +01:00,21379.46,20018.45
03.01.2023 14:00:00 +01:00,22441.33,20039.35
03.01.2023 15:00:00 +01:00,22872.51,20219.56
03.01.2023 16:00:00 +01:00,23422.22,20450.76
03.01.2023 17:00:00 +01:00,24248.85,20333.20
03.01.2023 18:00:00 +01:00,23794.72,20145.78
03.01.2023 19:00:00 +01:00,22633.40,19974.41
03.01.2023 20:00:00 +01:00,21155.70,19838.14
03.01.2023 21:00:00 +01:00,19377.22,19703.40
03.01.2023 22:00:00 +01:00,17627.19,19261.93
03.01.2023 23:00:00 +01:00,15999.06,18750.60
04.01.2023 00:00:00 +01:00,14999.14,18182.28
04.01.2023 01:00:00 +01:00,14291.25,17921.58
04.01.2023 02:00:00 +01:00,13649.20,17816.98
04.01.2023 03:00:00 +01:00,13497.27,17790.12
04.01.2023 04:00:00 +01:00,13582.79,17778.91
04.01.2023 05:00:00 +01:00,13729.25,17999.11
04.01.2023 06:00:00 +01:00,15198.62,18922.90
04.01.2023 07:00:00 +01:00,17614.10,20163.23
04.01.2023 08:00:00 +01:00,18280.76,20575.55
04.01.2023 09:00:00 +01:00,19179.83,20604.32
04.01.2023 10:00:00 +01:00,19615.90,20541.03
04.01.2023 11:00:00 +01:00,19295.29,20520.49
04.01.2023 12:00:00 +01:00,19290.12,20507.64
04.01.2023 13:00:00 +01:00,19733.45,20466.04
04.01.2023 14:00:00 +01:00,19339.93,20472.18
04.01.2023 15:00:00 +01:00,19108.44,20563.56
04.01.2023 16:00:00 +01:00,19191.62,20705.21
04.01.2023 17:00:00 +01:00,19331.41,20523.66
04.01.2023 18:00:00 +01:00,19077.07,20238.42
04.01.2023 19:00:00 +01:00,18552.32,20016.47
04.01.2023 20:00:00 +01:00,18075.52,19834.98
04.01.2023 21:00:00 +01:00,17389.10,19487.36
04.01.2023 22:00:00 +01:00,16380.87,18964.83
04.01.2023 23:00:00 +01:00,14540.49,18432.58
05.01.2023 00:00:00 +01:00,13630.29,17937.93
05.01.2023 01:00:00 +01:00,13395.02,17621.27
05.01.2023 02:00:00 +01:00,13094.42,17489.78
05.01.2023 03:00:00 +01:00,12830.15,17396.16
05.01.2023 04:00:00 +01:00,12976.26,17410.39
05.01.2023 05:00:00 +01:00,13944.46,17738.32
05.01.2023 06:00:00 +01:00,16117.47,18775.03
05.01.2023 07:00:00 +01:00,18943.19,20055.33
05.01.2023 08:00:00 +01:00,20343.54,20508.25
05.01.2023 09:00:00 +01:00,21769.39,20486.43
05.01.2023 10:00:00 +01:00,22505.48,20062.73
05.01.2023 11:00:00 +01:00,23248.65,20222.05
05.01.2023 12:00:00 +01:00,23123.71,20176.99
05.01.2023 13:00:00 +01:00,23064.39,20154.39
05.01.2023 14:00:00 +01:00,23754.40,20146.39
05.01.2023 15:00:00 +01:00,24879.27,20255.19
05.01.2023 16:00:00 +01:00,25298.55,20391.86
05.01.2023 17:00:00 +01:00,25270.76,20218.81
05.01.2023 18:00:00 +01:00,25221.65,19933.14
05.01.2023 19:00:00 +01:00,25224.31,19704.42
05.01.2023 20:00:00 +01:00,24747.77,19492.06
05.01.2023 21:00:00 +01:00,23794.16,19295.22
05.01.2023 22:00:00 +01:00,22653.90,18954.90
05.01.2023 23:00:00 +01:00,19624.94,18421.74
06.01.2023 00:00:00 +01:00,17528.55,17879.46
06.01.2023 01:00:00 +01:00,16165.51,17578.20
06.01.2023 02:00:00 +01:00,15197.02,17453.58
06.01.2023 03:00:00 +01:00,14410.35,17413.08
06.01.2023 04:00:00 +01:00,14281.44,17450.45
06.01.2023 05:00:00 +01:00,14412.33,17837.65
06.01.2023 06:00:00 +01:00,16013.45,18864.33
06.01.2023 07:00:00 +01:00,18253.68,20138.07
06.01.2023 08:00:00 +01:00,20588.35,20652.33
06.01.2023 09:00:00 +01:00,20424.70,20646.25
06.01.2023 10:00:00 +01:00,20156.91,20634.35
06.01.2023 11:00:00 +01:00,20333.39,20486.57
06.01.2023 12:00:00 +01:00,20481.86,20442.29
06.01.2023 13:00:00 +01:00,19812.10,20360.12
06.01.2023 14:00:00 +01:00,21044.17,20288.39
06.01.2023 15:00:00 +01:00,22444.04,20279.39
06.01.2023 16:00:00 +01:00,23220.63,20264.61
06.01.2023 17:00:00 +01:00,23866.64,19917.33
06.01.2023 18:00:00 +01:00,23592.15,19605.48
06.01.2023 19:00:00 +01:00,22951.25,19332.22
06.01.2023 20:00:00 +01:00,21546.97,19009.96
06.01.2023 21:00:00 +01:00,21056.37,18587.50
06.01.2023 22:00:00 +01:00,20533.11,18155.60
06.01.2023 23:00:00 +01:00,18941.21,17654.55
07.01.2023 00:00:00 +01:00,16461.94,17236.99
07.01.2023 01:00:00 +01:00,14649.09,16956.18
07.01.2023 02:00:00 +01:00,13888.13,16734.00
07.01.2023 03:00:00 +01:00,13108.98,16580.90
07.01.2023 04:00:00 +01:00,13023.97,16522.18
07.01.2023 05:00:00 +01:00,13141.87,16503.92
07.01.2023 06:00:00 +01:00,13752.00,16696.98
07.01.2023 07:00:00 +01:00,15551.48,16972.47
07.01.2023 08:00:00 +01:00,16337.79,17463.85
07.01.2023 09:00:00 +01:00,16963.12,17906.87
07.01.2023 10:00:00 +01:00,16784.23,18328.04
07.01.2023 11:00:00 +01:00,16320.21,18506.97
07.01.2023 12:00:00 +01:00,16205.16,18505.68
07.01.2023 13:00:00 +01:00,15975.89,18490.27
07.01.2023 14:00:00 +01:00,16344.24,18487.65
07.01.2023 15:00:00 +01:00,16851.47,18570.06
07.01.2023 16:00:00 +01:00,17543.81,18800.68
07.01.2023 17:00:00 +01:00,17827.49,18779.37
07.01.2023 18:00:00 +01:00,18195.87,18563.77
07.01.2023 19:00:00 +01:00,17081.11,18186.25
07.01.2023 20:00:00 +01:00,15402.47,17694.29
07.01.2023 21:00:00 +01:00,13917.55,17234.19
07.01.2023 22:00:00 +01:00,12637.19,16885.50
07.01.2023 23:00:00 +01:00,11721.31,16642.53
08.01.2023 00:00:00 +01:00,10627.93,16292.64
08.01.2023 01:00:00 +01:00,10322.84,16059.75
08.01.2023 02:00:00 +01:00,10242.50,15774.43
08.01.2023 03:00:00 +01:00,10010.75,15711.80
08.01.2023 04:00:00 +01:00,10146.38,15569.44
08.01.2023 05:00:00 +01:00,10278.20,15480.72
08.01.2023 06:00:00 +01:00,10358.33,15596.81
08.01.2023 07:00:00 +01:00,10322.61,15756.97
08.01.2023 08:00:00 +01:00,11568.05,16009.53
08.01.2023 09:00:00 +01:00,13710.50,16359.28
08.01.2023 10:00:00 +01:00,15871.56,16696.72
08.01.2023 11:00:00 +01:00,16862.77,16888.20
08.01.2023 12:00:00 +01:00,16955.97,16989.34
08.01.2023 13:00:00 +01:00,17018.21,16995.90
08.01.2023 14:00:00 +01:00,17408.28,17098.31
08.01.2023 15:00:00 +01:00,17540.31,17276.91
08.01.2023 16:00:00 +01:00,18977.99,17503.45
08.01.2023 17:00:00 +01:00,19974.62,17398.91
08.01.2023 18:00:00 +01:00,19527.00,17341.24
08.01.2023 19:00:00 +01:00,18677.49,17223.36
08.01.2023 20:00:00 +01:00,17839.71,17067.43
08.01.2023 21:00:00 +01:00,17435.01,16873.73
08.01.2023 22:00:00 +01:00,17387.17,16489.76
08.01.2023 23:00:00 +01:00,15285.35,16026.92
09.01.2023 00:00:00 +01:00,13402.92,15622.00
09.01.2023 01:00:00 +01:00,12162.13,15311.42
09.01.2023 02:00:00 +01:00,11247.68,15144.93
09.01.2023 03:00:00 +01:00,10604.17,15129.05
09.01.2023 04:00:00 +01:00,11261.97,15165.47
09.01.2023 05:00:00 +01:00,13812.05,15517.08
09.01.2023 06:00:00 +01:00,17708.83,16644.75
09.01.2023 07:00:00 +01:00,21945.89,17955.78
09.01.2023 08:00:00 +01:00,23634.60,18299.09
09.01.2023 09:00:00 +01:00,24051.72,18240.42
09.01.2023 10:00:00 +01:00,23876.14,18189.61
09.01.2023 11:00:00 +01:00,24167.08,18159.45
09.01.2023 12:00:00 +01:00,23394.46,18161.18
09.01.2023 13:00:00 +01:00,23225.01,18120.30
09.01.2023 14:00:00 +01:00,24122.87,18114.48
09.01.2023 15:00:00 +01:00,24308.26,18255.64
09.01.2023 16:00:00 +01:00,24725.90,18437.67
09.01.2023 17:00:00 +01:00,25233.59,18298.49
09.01.2023 18:00:00 +01:00,25034.16,17967.10
09.01.2023 19:00:00 +01:00,24375.36,17807.73
09.01.2023 20:00:00 +01:00,23766.90,17647.19
09.01.2023 21:00:00 +01:00,22381.49,17398.99
09.01.2023 22:00:00 +01:00,20781.13,16937.42
09.01.2023 23:00:00 +01:00,17995.56,16382.93
10.01.2023 00:00:00 +01:00,16382.18,15834.16
10.01.2023 01:00:00 +01:00,14654.24,15548.52
10.01.2023 02:00:00 +01:00,14479.40,15347.51
10.01.2023 03:00:00 +01:00,14184.11,15306.08
10.01.2023 04:00:00 +01:00,14369.62,15270.30
10.01.2023 05:00:00 +01:00,16686.37,15571.25
10.01.2023 06:00:00 +01:00,20776.49,16721.95
10.01.2023 07:00:00 +01:00,23489.95,17984.11
10.01.2023 08:00:00 +01:00,24041.64,18438.08
10.01.2023 09:00:00 +01:00,23753.71,18306.83
10.01.2023 10:00:00 +01:00,23724.13,17932.55
10.01.2023 11:00:00 +01:00,22700.47,18127.40
10.01.2023 12:00:00 +01:00,21887.17,18026.96
10.01.2023 13:00:00 +01:00,21830.60,18092.57
10.01.2023 14:00:00 +01:00,22206.38,18122.42
10.01.2023 15:00:00 +01:00,22931.02,18285.21
10.01.2023 16:00:00 +01:00,23213.87,18554.61
10.01.2023 17:00:00 +01:00,23223.78,18432.60
10.01.2023 18:00:00 +01:00,21806.82,18284.78
10.01.2023 19:00:00 +01:00,19713.93,18047.73
10.01.2023 20:00:00 +01:00,17317.47,17851.92
10.01.2023 21:00:00 +01:00,15664.87,17533.25
10.01.2023 22:00:00 +01:00,14003.05,17112.27
10.01.2023 23:00:00 +01:00,12341.67,16628.01
11.01.2023 00:00:00 +01:00,11439.47,16111.40
11.01.2023 01:00:00 +01:00,10596.34,15727.92
11.01.2023 02:00:00 +01:00,9950.32,15541.23
11.01.2023 03:00:00 +01:00,9810.24,15474.56
11.01.2023 04:00:00 +01:00,9662.85,15475.62
11.01.2023 05:00:00 +01:00,10969.40,15768.15
11.01.2023 06:00:00 +01:00,13671.46,16709.65
11.01.2023 07:00:00 +01:00,17327.51,17909.38
11.01.2023 08:00:00 +01:00,19817.02,18212.66
11.01.2023 09:00:00 +01:00,20834.79,18124.50
11.01.2023 10:00:00 +01:00,20870.11,18004.06
11.01.2023 11:00:00 +01:00,19754.96,17865.83
11.01.2023 12:00:00 +01:00,18204.87,17478.84
11.01.2023 13:00:00 +01:00,17338.43,17415.47
11.01.2023 14:00:00 +01:00,17728.34,17445.11
11.01.2023 15:00:00 +01:00,18251.17,17628.79
11.01.2023 16:00:00 +01:00,18739.51,17911.30
11.01.2023 17:00:00 +01:00,19706.38,17791.85
11.01.2023 18:00:00 +01:00,19179.41,17527.74
11.01.2023 19:00:00 +01:00,17841.41,17349.70
11.01.2023 20:00:00 +01:00,16321.49,17179.09
11.01.2023 21:00:00 +01:00,14430.28,16773.18
11.01.2023 22:00:00 +01:00,12862.90,16400.61
11.01.2023 23:00:00 +01:00,11106.52,15959.95
12.01.2023 00:00:00 +01:00,9655.17,15482.40
12.01.2023 01:00:00 +01:00,9489.93,15254.92
12.01.2023 02:00:00 +01:00,10016.90,15175.05
12.01.2023 03:00:00 +01:00,9331.52,15029.71
12.01.2023 04:00:00 +01:00,9343.96,14972.25
12.01.2023 05:00:00 +01:00,10033.00,15246.86
12.01.2023 06:00:00 +01:00,13601.00,16211.74
12.01.2023 07:00:00 +01:00,16549.74,17587.17
12.01.2023 08:00:00 +01:00,17194.48,17994.25
12.01.2023 09:00:00 +01:00,17269.33,18056.59
12.01.2023 10:00:00 +01:00,17312.39,17634.64
12.01.2023 11:00:00 +01:00,17411.06,17797.89
12.01.2023 12:00:00 +01:00,16205.65,17638.19
12.01.2023 13:00:00 +01:00,16163.76,17621.24
12.01.2023 14:00:00 +01:00,16671.44,17695.74
12.01.2023 15:00:00 +01:00,16136.12,17858.45
12.01.2023 16:00:00 +01:00,16321.46,18094.38
12.01.2023 17:00:00 +01:00,17610.42,18011.71
12.01.2023 18:00:00 +01:00,17704.83,17733.06
12.01.2023 19:00:00 +01:00,16730.25,17586.30
12.01.2023 20:00:00 +01:00,15451.47,17406.77
12.01.2023 21:00:00 +01:00,14542.71,17080.50
12.01.2023 22:00:00 +01:00,12986.86,16640.81
12.01.2023 23:00:00 +01:00,11728.49,16212.00
13.01.2023 00:00:00 +01:00,10373.09,15757.96
13.01.2023 01:00:00 +01:00,9479.58,15486.95
13.01.2023 02:00:00 +01:00,9196.76,15381.62
13.01.2023 03:00:00 +01:00,8877.76,15248.04
13.01.2023 04:00:00 +01:00,8514.00,15210.90
13.01.2023 05:00:00 +01:00,9920.30,15556.25
13.01.2023 06:00:00 +01:00,12588.38,16603.47
13.01.2023 07:00:00 +01:00,15098.74,17863.08
13.01.2023 08:00:00 +01:00,16405.48,18225.92
13.01.2023 09:00:00 +01:00,16358.03,18168.88
13.01.2023 10:00:00 +01:00,15656.07,18105.28
13.01.2023 11:00:00 +01:00,15165.84,18030.70
13.01.2023 12:00:00 +01:00,14563.20,17990.14
13.01.2023 13:00:00 +01:00,14044.89,17816.19
13.01.2023 14:00:00 +01:00,14477.90,17806.53
13.01.2023 15:00:00 +01:00,15538.24,17922.15
13.01.2023 16:00:00 +01:00,16001.48,18148.33
13.01.2023 17:00:00 +01:00,16651.10,18187.61
13.01.2023 18:00:00 +01:00,17085.39,17923.91
13.01.2023 19:00:00 +01:00,16480.51,17717.48
13.01.2023 20:00:00 +01:00,15247.53,17348.46
13.01.2023 21:00:00 +01:00,14654.58,16901.00
13.01.2023 22:00:00 +01:00,14287.30,16511.37
13.01.2023 23:00:00 +01:00,13456.33,16170.97
14.01.2023 00:00:00 +01:00,12751.92,15861.68
14.01.2023 01:00:00 +01:00,11804.65,15580.56
14.01.2023 02:00:00 +01:00,11352.85,15367.66
14.01.2023 03:00:00 +01:00,10960.67,15299.59
14.01.2023 04:00:00 +01:00,10574.00,15341.74
14.01.2023 05:00:00 +01:00,10519.11,15408.34
14.01.2023 06:00:00 +01:00,10584.32,15742.07
14.01.2023 07:00:00 +01:00,11332.34,16125.77
14.01.2023 08:00:00 +01:00,12585.19,16693.11
14.01.2023 09:00:00 +01:00,13788.03,17189.30
14.01.2023 10:00:00 +01:00,14289.40,17565.22
14.01.2023 11:00:00 +01:00,14271.15,17578.57
14.01.2023 12:00:00 +01:00,14051.04,17526.77
14.01.2023 13:00:00 +01:00,13468.20,17450.91
14.01.2023 14:00:00 +01:00,13406.98,17454.75
14.01.2023 15:00:00 +01:00,13645.80,17525.61
14.01.2023 16:00:00 +01:00,14778.06,17839.11
14.01.2023 17:00:00 +01:00,15573.37,17979.99
14.01.2023 18:00:00 +01:00,15420.45,17815.78
14.01.2023 19:00:00 +01:00,14828.49,17529.86
14.01.2023 20:00:00 +01:00,14081.08,17147.22
14.01.2023 21:00:00 +01:00,13325.57,16841.17
14.01.2023 22:00:00 +01:00,12509.68,16537.40
14.01.2023 23:00:00 +01:00,11577.14,16330.65
15.01.2023 00:00:00 +01:00,10758.67,16078.28
15.01.2023 01:00:00 +01:00,10425.17,15847.57
15.01.2023 02:00:00 +01:00,9724.41,15655.02
15.01.2023 03:00:00 +01:00,9390.68,15595.42
15.01.2023 04:00:00 +01:00,9411.58,15494.54
15.01.2023 05:00:00 +01:00,9518.41,15516.63
15.01.2023 06:00:00 +01:00,9564.00,15691.23
15.01.2023 07:00:00 +01:00,9780.85,15948.13
15.01.2023 08:00:00 +01:00,10344.86,16343.54
15.01.2023 09:00:00 +01:00,11164.39,16755.18
15.01.2023 10:00:00 +01:00,11888.52,17053.75
15.01.2023 11:00:00 +01:00,12401.57,17148.47
15.01.2023 12:00:00 +01:00,12609.70,17173.06
15.01.2023 13:00:00 +01:00,12620.83,17155.69
15.01.2023 14:00:00 +01:00,12879.32,17243.16
15.01.2023 15:00:00 +01:00,13596.61,17423.14
15.01.2023 16:00:00 +01:00,14319.53,17721.46
15.01.2023 17:00:00 +01:00,14473.64,17819.91
15.01.2023 18:00:00 +01:00,14622.82,17751.32
15.01.2023 19:00:00 +01:00,13916.04,17675.67
15.01.2023 20:00:00 +01:00,13551.75,17581.62
15.01.2023 21:00:00 +01:00,13729.47,17372.75
15.01.2023 22:00:00 +01:00,13779.24,17031.03
15.01.2023 23:00:00 +01:00,13461.59,16592.42
16.01.2023 00:00:00 +01:00,12813.09,16193.05
16.01.2023 01:00:00 +01:00,12181.13,15896.75
16.01.2023 02:00:00 +01:00,11913.87,15798.97
16.01.2023 03:00:00 +01:00,11622.97,15678.87
16.01.2023 04:00:00 +01:00,12859.74,15777.17
16.01.2023 05:00:00 +01:00,15500.18,16166.69
16.01.2023 06:00:00 +01:00,18762.10,17359.43
16.01.2023 07:00:00 +01:00,22479.33,18795.27
16.01.2023 08:00:00 +01:00,22980.40,19264.09
16.01.2023 09:00:00 +01:00,23398.59,19251.53
16.01.2023 10:00:00 +01:00,23003.08,19121.22
16.01.2023 11:00:00 +01:00,22346.49,18958.18
16.01.2023 12:00:00 +01:00,22131.56,18851.37
16.01.2023 13:00:00 +01:00,21464.24,18797.41
16.01.2023 14:00:00 +01:00,21616.57,18788.88
16.01.2023 15:00:00 +01:00,21590.80,18940.59
16.01.2023 16:00:00 +01:00,21897.38,19240.12
16.01.2023 17:00:00 +01:00,21562.10,19151.94
16.01.2023 18:00:00 +01:00,22108.42,18907.44
16.01.2023 19:00:00 +01:00,21166.42,18693.69
16.01.2023 20:00:00 +01:00,19877.16,18550.67
16.01.2023 21:00:00 +01:00,18993.93,18250.35
16.01.2023 22:00:00 +01:00,18043.80,17788.88
16.01.2023 23:00:00 +01:00,16059.03,17190.09
17.01.2023 00:00:00 +01:00,15263.28,16698.53
17.01.2023 01:00:00 +01:00,14257.32,16386.95
17.01.2023 02:00:00 +01:00,13971.52,16270.67
17.01.2023 03:00:00 +01:00,14036.85,16121.29
17.01.2023 04:00:00 +01:00,14294.91,16115.43
17.01.2023 05:00:00 +01:00,15361.43,16497.62
17.01.2023 06:00:00 +01:00,18055.95,17573.00
17.01.2023 07:00:00 +01:00,21115.42,18757.36
17.01.2023 08:00:00 +01:00,22320.94,19078.73
17.01.2023 09:00:00 +01:00,21587.03,18989.33
17.01.2023 10:00:00 +01:00,21282.69,18798.97
17.01.2023 11:00:00 +01:00,21250.21,18819.66
17.01.2023 12:00:00 +01:00,20357.59,18700.00
17.01.2023 13:00:00 +01:00,21107.48,18646.72
17.01.2023 14:00:00 +01:00,22208.45,18717.02
17.01.2023 15:00:00 +01:00,23002.56,18817.33
17.01.2023 16:00:00 +01:00,23739.01,18869.01
17.01.2023 17:00:00 +01:00,23642.31,18731.82
17.01.2023 18:00:00 +01:00,22985.77,18513.44
17.01.2023 19:00:00 +01:00,22695.24,18332.11
17.01.2023 20:00:00 +01:00,22025.75,18169.45
17.01.2023 21:00:00 +01:00,21294.46,17939.05
17.01.2023 22:00:00 +01:00,20826.28,17454.29
17.01.2023 23:00:00 +01:00,19485.22,16893.07
18.01.2023 00:00:00 +01:00,18575.75,16402.66
18.01.2023 01:00:00 +01:00,18195.07,16090.08
18.01.2023 02:00:00 +01:00,18045.70,15908.17
18.01.2023 03:00:00 +01:00,17921.13,15837.40
18.01.2023 04:00:00 +01:00,17490.40,15895.74
18.01.2023 05:00:00 +01:00,18755.61,16171.69
18.01.2023 06:00:00 +01:00,21219.09,17268.14
18.01.2023 07:00:00 +01:00,23767.79,18441.10
18.01.2023 08:00:00 +01:00,23842.47,18944.33
18.01.2023 09:00:00 +01:00,23618.69,18870.96
18.01.2023 10:00:00 +01:00,23080.88,18743.59
18.01.2023 11:00:00 +01:00,22347.92,18801.66
18.01.2023 12:00:00 +01:00,21392.52,18691.84
18.01.2023 13:00:00 +01:00,20991.99,18682.13
18.01.2023 14:00:00 +01:00,21686.23,18675.57
18.01.2023 15:00:00 +01:00,22059.12,18812.80
18.01.2023 16:00:00 +01:00,22395.37,19030.83
18.01.2023 17:00:00 +01:00,22960.47,18991.33
18.01.2023 18:00:00 +01:00,21955.05,18816.90
18.01.2023 19:00:00 +01:00,21018.81,18753.71
18.01.2023 20:00:00 +01:00,19958.76,18559.53
18.01.2023 21:00:00 +01:00,19322.17,18228.64
18.01.2023 22:00:00 +01:00,18666.08,17773.77
18.01.2023 23:00:00 +01:00,17635.97,17228.31
19.01.2023 00:00:00 +01:00,17662.62,16747.89
19.01.2023 01:00:00 +01:00,17218.89,16438.42
19.01.2023 02:00:00 +01:00,17221.60,16299.72
19.01.2023 03:00:00 +01:00,17062.58,16220.64
19.01.2023 04:00:00 +01:00,17224.05,16278.08
19.01.2023 05:00:00 +01:00,18781.58,16664.25
19.01.2023 06:00:00 +01:00,21917.34,17742.59
19.01.2023 07:00:00 +01:00,24194.60,18842.05
19.01.2023 08:00:00 +01:00,25641.31,19216.86
19.01.2023 09:00:00 +01:00,25773.39,19150.45
19.01.2023 10:00:00 +01:00,25584.71,18792.09
19.01.2023 11:00:00 +01:00,24760.69,19231.90
19.01.2023 12:00:00 +01:00,24222.74,19003.59
19.01.2023 13:00:00 +01:00,24722.54,18878.85
19.01.2023 14:00:00 +01:00,25311.24,18808.99
19.01.2023 15:00:00 +01:00,25363.86,18924.81
19.01.2023 16:00:00 +01:00,25709.45,19265.29
19.01.2023 17:00:00 +01:00,26169.44,19229.94
19.01.2023 18:00:00 +01:00,25871.94,18971.61
19.01.2023 19:00:00 +01:00,25744.75,18931.38
19.01.2023 20:00:00 +01:00,25284.83,18870.76
19.01.2023 21:00:00 +01:00,24850.49,18539.39
19.01.2023 22:00:00 +01:00,23785.59,18220.69
19.01.2023 23:00:00 +01:00,22158.59,17819.69
20.01.2023 00:00:00 +01:00,22365.05,17323.47
20.01.2023 01:00:00 +01:00,21940.48,17014.94
20.01.2023 02:00:00 +01:00,21504.94,16894.29
20.01.2023 03:00:00 +01:00,21364.75,16803.55
20.01.2023 04:00:00 +01:00,21523.99,16852.80
20.01.2023 05:00:00 +01:00,22044.06,17240.22
20.01.2023 06:00:00 +01:00,23657.65,18342.01
20.01.2023 07:00:00 +01:00,25045.89,19599.84
20.01.2023 08:00:00 +01:00,25541.06,20051.61
20.01.2023 09:00:00 +01:00,25738.21,20006.61
20.01.2023 10:00:00 +01:00,25840.92,19846.48
20.01.2023 11:00:00 +01:00,25492.74,19604.16
20.01.2023 12:00:00 +01:00,24916.08,19417.69
20.01.2023 13:00:00 +01:00,24594.71,19174.83
20.01.2023 14:00:00 +01:00,24505.75,19165.36
20.01.2023 15:00:00 +01:00,24692.53,19289.80
20.01.2023 16:00:00 +01:00,25018.44,19549.60
20.01.2023 17:00:00 +01:00,25461.74,19695.06
20.01.2023 18:00:00 +01:00,25439.47,19608.90
20.01.2023 19:00:00 +01:00,25291.51,19411.02
20.01.2023 20:00:00 +01:00,24665.26,19161.05
20.01.2023 21:00:00 +01:00,24041.95,18723.73
20.01.2023 22:00:00 +01:00,23194.66,18309.85
20.01.2023 23:00:00 +01:00,22727.62,18013.19
21.01.2023 00:00:00 +01:00,22933.04,17561.59
21.01.2023 01:00:00 +01:00,22485.25,17452.29
21.01.2023 02:00:00 +01:00,22426.32,17304.65
21.01.2023 03:00:00 +01:00,21466.84,17250.37
21.01.2023 04:00:00 +01:00,20884.76,17299.39
21.01.2023 05:00:00 +01:00,20701.00,17367.26
21.01.2023 06:00:00 +01:00,21044.55,17647.16
21.01.2023 07:00:00 +01:00,22493.90,18087.77
21.01.2023 08:00:00 +01:00,23610.87,18611.37
21.01.2023 09:00:00 +01:00,24451.51,18977.20
21.01.2023 10:00:00 +01:00,24767.38,19326.39
21.01.2023 11:00:00 +01:00,25715.69,19309.70
21.01.2023 12:00:00 +01:00,25953.96,19290.32
21.01.2023 13:00:00 +01:00,25163.19,19177.03
21.01.2023 14:00:00 +01:00,24337.27,19002.20
21.01.2023 15:00:00 +01:00,24316.65,19049.46
21.01.2023 16:00:00 +01:00,25373.02,19374.70
21.01.2023 17:00:00 +01:00,25109.21,19574.14
21.01.2023 18:00:00 +01:00,24438.39,19459.33
21.01.2023 19:00:00 +01:00,23961.46,19126.05
21.01.2023 20:00:00 +01:00,23525.25,18948.19
21.01.2023 21:00:00 +01:00,22930.89,18637.25
21.01.2023 22:00:00 +01:00,22210.38,18327.09
21.01.2023 23:00:00 +01:00,21239.69,18063.31
22.01.2023 00:00:00 +01:00,20851.06,17723.01
22.01.2023 01:00:00 +01:00,19973.61,17446.49
22.01.2023 02:00:00 +01:00,19787.54,17327.22
22.01.2023 03:00:00 +01:00,20020.96,17219.92
22.01.2023 04:00:00 +01:00,19933.56,17256.89
22.01.2023 05:00:00 +01:00,20337.15,17271.47
22.01.2023 06:00:00 +01:00,21013.25,17365.44
22.01.2023 07:00:00 +01:00,21813.02,17646.81
22.01.2023 08:00:00 +01:00,23220.14,18077.09
22.01.2023 09:00:00 +01:00,24534.79,18483.54
22.01.2023 10:00:00 +01:00,25061.41,18761.37
22.01.2023 11:00:00 +01:00,25107.51,18883.78
22.01.2023 12:00:00 +01:00,24570.35,18794.84
22.01.2023 13:00:00 +01:00,23979.06,18806.36
22.01.2023 14:00:00 +01:00,23797.86,18883.77
22.01.2023 15:00:00 +01:00,24140.80,18924.59
22.01.2023 16:00:00 +01:00,24524.75,19294.22
22.01.2023 17:00:00 +01:00,24517.37,19360.57
22.01.2023 18:00:00 +01:00,24861.48,19300.85
22.01.2023 19:00:00 +01:00,24693.32,19172.22
22.01.2023 20:00:00 +01:00,24516.88,19157.66
22.01.2023 21:00:00 +01:00,24299.83,18989.32
22.01.2023 22:00:00 +01:00,24104.39,18656.34
22.01.2023 23:00:00 +01:00,23553.77,18149.36
23.01.2023 00:00:00 +01:00,23407.54,17648.08
23.01.2023 01:00:00 +01:00,23027.22,17347.42
23.01.2023 02:00:00 +01:00,22854.61,17156.42
23.01.2023 03:00:00 +01:00,22849.08,17080.72
23.01.2023 04:00:00 +01:00,23237.34,17088.74
23.01.2023 05:00:00 +01:00,23825.42,17487.58
23.01.2023 06:00:00 +01:00,24777.23,18556.45
23.01.2023 07:00:00 +01:00,25383.40,19778.14
23.01.2023 08:00:00 +01:00,25532.34,20199.02
23.01.2023 09:00:00 +01:00,25572.61,20064.28
23.01.2023 10:00:00 +01:00,25452.02,19930.98
23.01.2023 11:00:00 +01:00,25298.67,19810.62
23.01.2023 12:00:00 +01:00,25661.16,19749.87
23.01.2023 13:00:00 +01:00,25822.44,19687.57
23.01.2023 14:00:00 +01:00,25226.22,19680.39
23.01.2023 15:00:00 +01:00,24981.63,19680.33
23.01.2023 16:00:00 +01:00,25433.53,19789.32
23.01.2023 17:00:00 +01:00,25400.90,19670.99
23.01.2023 18:00:00 +01:00,25047.81,19408.99
23.01.2023 19:00:00 +01:00,24654.57,19172.27
23.01.2023 20:00:00 +01:00,23706.65,18988.13
23.01.2023 21:00:00 +01:00,23299.25,18604.37
23.01.2023 22:00:00 +01:00,22518.49,18058.40
23.01.2023 23:00:00 +01:00,21877.76,17402.88
24.01.2023 00:00:00 +01:00,21312.98,16750.15
24.01.2023 01:00:00 +01:00,20499.75,16353.32
24.01.2023 02:00:00 +01:00,20389.13,16188.99
24.01.2023 03:00:00 +01:00,20350.32,16153.86
24.01.2023 04:00:00 +01:00,20328.92,16146.19
24.01.2023 05:00:00 +01:00,20833.03,16415.84
24.01.2023 06:00:00 +01:00,22010.71,17447.43
24.01.2023 07:00:00 +01:00,23365.34,18632.77
24.01.2023 08:00:00 +01:00,23526.18,18886.55
24.01.2023 09:00:00 +01:00,23384.44,18715.41
24.01.2023 10:00:00 +01:00,23414.65,18604.32
24.01.2023 11:00:00 +01:00,23243.45,18110.90
24.01.2023 12:00:00 +01:00,24004.11,18322.03
24.01.2023 13:00:00 +01:00,24297.80,18323.58
24.01.2023 14:00:00 +01:00,24653.43,18353.07
24.01.2023 15:00:00 +01:00,25067.25,18459.10
24.01.2023 16:00:00 +01:00,24751.68,18616.86
24.01.2023 17:00:00 +01:00,24540.97,18510.46
24.01.2023 18:00:00 +01:00,23976.20,18178.56
24.01.2023 19:00:00 +01:00,23152.04,17914.37
24.01.2023 20:00:00 +01:00,22422.01,17722.45
24.01.2023 21:00:00 +01:00,21815.89,17434.32
24.01.2023 22:00:00 +01:00,20764.49,17018.08
24.01.2023 23:00:00 +01:00,19618.80,16459.54
25.01.2023 00:00:00 +01:00,18936.21,15943.92
25.01.2023 01:00:00 +01:00,18236.91,15622.98
25.01.2023 02:00:00 +01:00,17980.61,15363.24
25.01.2023 03:00:00 +01:00,17758.97,15224.77
25.01.2023 04:00:00 +01:00,17570.44,15235.08
25.01.2023 05:00:00 +01:00,18092.31,15490.94
25.01.2023 06:00:00 +01:00,20073.75,16551.48
25.01.2023 07:00:00 +01:00,22526.42,17682.33
25.01.2023 08:00:00 +01:00,23010.91,18010.53
25.01.2023 09:00:00 +01:00,23134.96,17929.02
25.01.2023 10:00:00 +01:00,23074.94,17849.56
25.01.2023 11:00:00 +01:00,22933.17,17768.89
25.01.2023 12:00:00 +01:00,22841.27,17681.75
25.01.2023 13:00:00 +01:00,22717.56,17699.67
25.01.2023 14:00:00 +01:00,22444.25,17703.00
25.01.2023 15:00:00 +01:00,22488.40,17865.08
25.01.2023 16:00:00 +01:00,23580.51,18083.19
25.01.2023 17:00:00 +01:00,23826.69,18065.83
25.01.2023 18:00:00 +01:00,23857.50,17866.40
25.01.2023 19:00:00 +01:00,23965.52,17697.75
25.01.2023 20:00:00 +01:00,23724.18,17554.25
25.01.2023 21:00:00 +01:00,23662.33,17293.75
25.01.2023 22:00:00 +01:00,23093.87,16828.87
25.01.2023 23:00:00 +01:00,22676.54,16335.86
26.01.2023 00:00:00 +01:00,22396.13,16107.25
26.01.2023 01:00:00 +01:00,22013.74,15952.75
26.01.2023 02:00:00 +01:00,21062.26,15565.99
26.01.2023 03:00:00 +01:00,20841.21,15554.89
26.01.2023 04:00:00 +01:00,20782.09,15618.30
26.01.2023 05:00:00 +01:00,21309.05,16084.24
26.01.2023 06:00:00 +01:00,22406.65,17218.05
26.01.2023 07:00:00 +01:00,24603.27,18638.12
26.01.2023 08:00:00 +01:00,24307.44,19178.02
26.01.2023 09:00:00 +01:00,23953.11,18995.61
26.01.2023 10:00:00 +01:00,24009.67,18477.91
26.01.2023 11:00:00 +01:00,23396.85,18522.38
26.01.2023 12:00:00 +01:00,22761.36,18185.85
26.01.2023 13:00:00 +01:00,22285.59,18090.44
26.01.2023 14:00:00 +01:00,22629.71,18218.22
26.01.2023 15:00:00 +01:00,22974.07,18308.87
26.01.2023 16:00:00 +01:00,23440.83,18714.19
26.01.2023 17:00:00 +01:00,23486.66,18883.43
26.01.2023 18:00:00 +01:00,23404.27,18820.53
26.01.2023 19:00:00 +01:00,22767.35,18708.25
26.01.2023 20:00:00 +01:00,22124.34,18610.54
26.01.2023 21:00:00 +01:00,21995.89,18415.82
26.01.2023 22:00:00 +01:00,21618.77,17995.23
26.01.2023 23:00:00 +01:00,20846.03,17601.11
27.01.2023 00:00:00 +01:00,20392.97,17171.22
27.01.2023 01:00:00 +01:00,20346.13,16893.58
27.01.2023 02:00:00 +01:00,20492.99,16738.70
27.01.2023 03:00:00 +01:00,20590.32,16661.59
27.01.2023 04:00:00 +01:00,21109.15,16717.08
27.01.2023 05:00:00 +01:00,22618.16,17015.50
27.01.2023 06:00:00 +01:00,25058.28,18018.14
27.01.2023 07:00:00 +01:00,25492.67,19405.52
27.01.2023 08:00:00 +01:00,25485.64,19836.46
27.01.2023 09:00:00 +01:00,25222.31,19755.10
27.01.2023 10:00:00 +01:00,24830.49,19570.04
27.01.2023 11:00:00 +01:00,24653.71,19322.87
27.01.2023 12:00:00 +01:00,24721.29,19101.38
27.01.2023 13:00:00 +01:00,24779.15,18846.54
27.01.2023 14:00:00 +01:00,24671.96,18825.26
27.01.2023 15:00:00 +01:00,24941.09,18839.80
27.01.2023 16:00:00 +01:00,25643.21,18957.07
27.01.2023 17:00:00 +01:00,25792.74,19078.80
27.01.2023 18:00:00 +01:00,25117.24,18992.47
27.01.2023 19:00:00 +01:00,24176.03,18706.38
27.01.2023 20:00:00 +01:00,22927.16,18393.05
27.01.2023 21:00:00 +01:00,22747.43,17997.08
27.01.2023 22:00:00 +01:00,22175.67,17550.74
27.01.2023 23:00:00 +01:00,21647.69,17196.44
28.01.2023 00:00:00 +01:00,21972.23,16689.96
28.01.2023 01:00:00 +01:00,21766.17,16344.95
28.01.2023 02:00:00 +01:00,21400.90,16136.07
28.01.2023 03:00:00 +01:00,21071.16,15983.24
28.01.2023 04:00:00 +01:00,20975.91,16100.17
28.01.2023 05:00:00 +01:00,21171.85,16157.70
28.01.2023 06:00:00 +01:00,21188.39,16412.34
28.01.2023 07:00:00 +01:00,21849.84,16849.83
28.01.2023 08:00:00 +01:00,22442.87,17411.20
28.01.2023 09:00:00 +01:00,23146.81,17893.08
28.01.2023 10:00:00 +01:00,23887.01,18186.40
28.01.2023 11:00:00 +01:00,23965.46,18127.94
28.01.2023 12:00:00 +01:00,23362.73,17974.84
28.01.2023 13:00:00 +01:00,22248.61,17750.33
28.01.2023 14:00:00 +01:00,22251.41,17670.05
28.01.2023 15:00:00 +01:00,22239.99,17767.13
28.01.2023 16:00:00 +01:00,22928.57,17948.92
28.01.2023 17:00:00 +01:00,23397.67,18274.38
28.01.2023 18:00:00 +01:00,23102.85,18273.29
28.01.2023 19:00:00 +01:00,22370.83,18009.05
28.01.2023 20:00:00 +01:00,21678.35,17583.39
28.01.2023 21:00:00 +01:00,21182.65,17109.67
28.01.2023 22:00:00 +01:00,20877.49,16794.91
28.01.2023 23:00:00 +01:00,20106.58,16435.36
29.01.2023 00:00:00 +01:00,19032.25,16050.27
29.01.2023 01:00:00 +01:00,18537.50,15795.90
29.01.2023 02:00:00 +01:00,18316.65,15652.50
29.01.2023 03:00:00 +01:00,17909.27,15517.28
29.01.2023 04:00:00 +01:00,17802.70,15454.74
29.01.2023 05:00:00 +01:00,17881.36,15469.95
29.01.2023 06:00:00 +01:00,17911.66,15697.28
29.01.2023 07:00:00 +01:00,18457.24,15901.56
29.01.2023 08:00:00 +01:00,19165.99,16263.40
29.01.2023 09:00:00 +01:00,19103.68,16678.55
29.01.2023 10:00:00 +01:00,18538.32,16984.98
29.01.2023 11:00:00 +01:00,17948.37,17076.63
29.01.2023 12:00:00 +01:00,17987.09,17095.15
29.01.2023 13:00:00 +01:00,17890.79,17031.24
29.01.2023 14:00:00 +01:00,17602.12,17125.74
29.01.2023 15:00:00 +01:00,17277.19,17193.84
29.01.2023 16:00:00 +01:00,17454.84,17356.64
29.01.2023 17:00:00 +01:00,17818.64,17452.99
29.01.2023 18:00:00 +01:00,17453.34,17352.12
29.01.2023 19:00:00 +01:00,17035.73,17220.63
29.01.2023 20:00:00 +01:00,16453.89,17058.91
29.01.2023 21:00:00 +01:00,15130.75,16838.70
29.01.2023 22:00:00 +01:00,13786.30,16565.23
29.01.2023 23:00:00 +01:00,12252.96,16181.41
30.01.2023 00:00:00 +01:00,11986.56,15805.35
30.01.2023 01:00:00 +01:00,11466.30,15585.16
30.01.2023 02:00:00 +01:00,11632.39,15485.27
30.01.2023 03:00:00 +01:00,11921.90,15505.01
30.01.2023 04:00:00 +01:00,12474.25,15583.75
30.01.2023 05:00:00 +01:00,13922.42,15954.78
30.01.2023 06:00:00 +01:00,16853.84,17112.29
30.01.2023 07:00:00 +01:00,19274.66,18570.66
30.01.2023 08:00:00 +01:00,19683.73,18874.85
30.01.2023 09:00:00 +01:00,19789.12,18735.35
30.01.2023 10:00:00 +01:00,19121.96,18537.65
30.01.2023 11:00:00 +01:00,18162.38,18327.52
30.01.2023 12:00:00 +01:00,17276.87,18159.43
30.01.2023 13:00:00 +01:00,16942.99,17973.61
30.01.2023 14:00:00 +01:00,16909.44,17920.58
30.01.2023 15:00:00 +01:00,17264.04,18052.07
30.01.2023 16:00:00 +01:00,17886.27,18349.46
30.01.2023 17:00:00 +01:00,18820.79,18588.42
30.01.2023 18:00:00 +01:00,19024.84,18509.76
30.01.2023 19:00:00 +01:00,18481.58,18409.13
30.01.2023 20:00:00 +01:00,17391.68,18286.79
30.01.2023 21:00:00 +01:00,16776.12,18137.55
30.01.2023 22:00:00 +01:00,16023.72,17693.39
30.01.2023 23:00:00 +01:00,15655.53,17114.36
31.01.2023 00:00:00 +01:00,15847.73,16648.14
31.01.2023 01:00:00 +01:00,16059.62,16395.63
31.01.2023 02:00:00 +01:00,16387.78,16206.68
31.01.2023 03:00:00 +01:00,16734.87,16091.26
31.01.2023 04:00:00 +01:00,17539.05,16138.53
31.01.2023 05:00:00 +01:00,18478.83,16455.80
31.01.2023 06:00:00 +01:00,20699.01,17667.94
31.01.2023 07:00:00 +01:00,22474.78,19045.59
31.01.2023 08:00:00 +01:00,22787.67,19372.85
31.01.2023 09:00:00 +01:00,22904.01,19247.94
31.01.2023 10:00:00 +01:00,22479.47,18747.90
31.01.2023 11:00:00 +01:00,21947.40,18798.55
31.01.2023 12:00:00 +01:00,20974.71,18621.37
31.01.2023 13:00:00 +01:00,20851.63,18581.61
31.01.2023 14:00:00 +01:00,20801.82,18735.69
31.01.2023 15:00:00 +01:00,20884.40,18845.03
31.01.2023 16:00:00 +01:00,21189.64,19015.34
31.01.2023 17:00:00 +01:00,21953.06,18823.53
31.01.2023 18:00:00 +01:00,21485.58,18777.70
31.01.2023 19:00:00 +01:00,20730.44,18644.31
31.01.2023 20:00:00 +01:00,19525.90,18415.00
31.01.2023 21:00:00 +01:00,18451.09,18144.50
31.01.2023 22:00:00 +01:00,16940.01,17691.51
31.01.2023 23:00:00 +01:00,15606.12,17277.56
01.02.2023 00:00:00 +01:00,14304.24,16636.17
01.02.2023 01:00:00 +01:00,13439.14,16317.76
01.02.2023 02:00:00 +01:00,13372.56,16282.03
01.02.2023 03:00:00 +01:00,12991.67,16207.92
01.02.2023 04:00:00 +01:00,12425.42,16260.60
01.02.2023 05:00:00 +01:00,13837.45,16568.93
01.02.2023 06:00:00 +01:00,17535.67,17718.18
01.02.2023 07:00:00 +01:00,21642.13,19068.46
01.02.2023 08:00:00 +01:00,22507.47,19380.38
01.02.2023 09:00:00 +01:00,22079.48,19297.01
01.02.2023 10:00:00 +01:00,21531.81,19308.63
01.02.2023 11:00:00 +01:00,20953.99,19156.12
01.02.2023 12:00:00 +01:00,20539.08,18979.19
01.02.2023 13:00:00 +01:00,20421.72,18920.76
01.02.2023 14:00:00 +01:00,20402.52,18975.05
01.02.2023 15:00:00 +01:00,20707.44,19198.19
01.02.2023 16:00:00 +01:00,20944.68,19465.92
01.02.2023 17:00:00 +01:00,22057.75,19593.12
01.02.2023 18:00:00 +01:00,22064.56,19317.11
01.02.2023 19:00:00 +01:00,20913.29,19213.55
01.02.2023 20:00:00 +01:00,20098.43,19190.28
01.02.2023 21:00:00 +01:00,19056.64,19013.30
01.02.2023 22:00:00 +01:00,17836.48,18606.42
01.02.2023 23:00:00 +01:00,16480.00,18078.12
02.02.2023 00:00:00 +01:00,15491.03,17650.54
02.02.2023 01:00:00 +01:00,15075.91,17355.78
02.02.2023 02:00:00 +01:00,14664.46,17278.54
02.02.2023 03:00:00 +01:00,14454.14,17179.16
02.02.2023 04:00:00 +01:00,15470.07,17238.82
02.02.2023 05:00:00 +01:00,17693.69,17714.77
02.02.2023 06:00:00 +01:00,21393.88,18952.23
02.02.2023 07:00:00 +01:00,24956.17,20342.32
02.02.2023 08:00:00 +01:00,25467.82,20581.93
02.02.2023 09:00:00 +01:00,25559.06,20396.86
02.02.2023 10:00:00 +01:00,25402.52,19748.50
02.02.2023 11:00:00 +01:00,25333.51,19743.37
02.02.2023 12:00:00 +01:00,24743.43,19452.96
02.02.2023 13:00:00 +01:00,24712.65,19216.06
02.02.2023 14:00:00 +01:00,24897.46,19105.89
02.02.2023 15:00:00 +01:00,24911.31,19335.41
02.02.2023 16:00:00 +01:00,25244.07,19728.35
02.02.2023 17:00:00 +01:00,25916.41,19868.19
02.02.2023 18:00:00 +01:00,26208.49,19689.44
02.02.2023 19:00:00 +01:00,26485.99,19569.74
02.02.2023 20:00:00 +01:00,26872.88,19441.27
02.02.2023 21:00:00 +01:00,26373.06,19342.28
02.02.2023 22:00:00 +01:00,24695.08,18982.07
02.02.2023 23:00:00 +01:00,21015.47,18478.10
03.02.2023 00:00:00 +01:00,19566.33,17929.56
03.02.2023 01:00:00 +01:00,17600.53,17632.85
03.02.2023 02:00:00 +01:00,16359.83,17468.37
03.02.2023 03:00:00 +01:00,16038.63,17396.82
03.02.2023 04:00:00 +01:00,15876.51,17410.98
03.02.2023 05:00:00 +01:00,17173.61,17699.44
03.02.2023 06:00:00 +01:00,20668.51,18729.48
03.02.2023 07:00:00 +01:00,23137.86,20030.52
03.02.2023 08:00:00 +01:00,23374.07,20330.80
03.02.2023 09:00:00 +01:00,23143.72,20173.45
03.02.2023 10:00:00 +01:00,22201.69,20157.05
03.02.2023 11:00:00 +01:00,21645.03,19977.93
03.02.2023 12:00:00 +01:00,21051.04,19830.96
03.02.2023 13:00:00 +01:00,20011.61,19640.49
03.02.2023 14:00:00 +01:00,19511.33,19521.54
03.02.2023 15:00:00 +01:00,20078.81,19524.33
03.02.2023 16:00:00 +01:00,21087.80,19653.22
03.02.2023 17:00:00 +01:00,21910.37,19814.48
03.02.2023 18:00:00 +01:00,21839.99,19766.14
03.02.2023 19:00:00 +01:00,20924.38,19586.37
03.02.2023 20:00:00 +01:00,19825.98,19229.04
03.02.2023 21:00:00 +01:00,19868.02,18809.11
03.02.2023 22:00:00 +01:00,20100.88,18405.09
03.02.2023 23:00:00 +01:00,19430.48,18113.97
04.02.2023 00:00:00 +01:00,19014.15,17808.63
04.02.2023 01:00:00 +01:00,19894.75,17553.34
04.02.2023 02:00:00 +01:00,21229.76,17381.71
04.02.2023 03:00:00 +01:00,22187.41,17333.00
04.02.2023 04:00:00 +01:00,22783.17,17367.08
04.02.2023 05:00:00 +01:00,23216.61,17500.45
04.02.2023 06:00:00 +01:00,24083.57,17803.20
04.02.2023 07:00:00 +01:00,25446.46,18246.59
04.02.2023 08:00:00 +01:00,26949.89,18756.89
04.02.2023 09:00:00 +01:00,27283.00,19156.75
04.02.2023 10:00:00 +01:00,26617.10,19346.87
04.02.2023 11:00:00 +01:00,26030.22,19138.58
04.02.2023 12:00:00 +01:00,25502.70,18958.52
04.02.2023 13:00:00 +01:00,24941.99,18842.76
04.02.2023 14:00:00 +01:00,25156.39,18768.78
04.02.2023 15:00:00 +01:00,25343.54,18793.30
04.02.2023 16:00:00 +01:00,25630.75,19051.88
04.02.2023 17:00:00 +01:00,26325.38,19408.62
04.02.2023 18:00:00 +01:00,26094.74,19323.18
04.02.2023 19:00:00 +01:00,25414.93,18955.19
04.02.2023 20:00:00 +01:00,24336.14,18482.32
04.02.2023 21:00:00 +01:00,23777.17,18013.33
04.02.2023 22:00:00 +01:00,23040.07,17616.75
04.02.2023 23:00:00 +01:00,21873.73,17253.32
05.02.2023 00:00:00 +01:00,20854.59,16940.95
05.02.2023 01:00:00 +01:00,20069.92,16620.48
05.02.2023 02:00:00 +01:00,19379.04,16438.79
05.02.2023 03:00:00 +01:00,19057.95,16326.15
05.02.2023 04:00:00 +01:00,18284.20,16224.16
05.02.2023 05:00:00 +01:00,18155.67,16242.80
05.02.2023 06:00:00 +01:00,18035.91,16415.85
05.02.2023 07:00:00 +01:00,18811.70,16698.15
05.02.2023 08:00:00 +01:00,19353.37,16989.55
05.02.2023 09:00:00 +01:00,20442.85,17428.56
05.02.2023 10:00:00 +01:00,20355.96,17607.83
05.02.2023 11:00:00 +01:00,19231.05,17592.61
05.02.2023 12:00:00 +01:00,18313.34,17373.00
05.02.2023 13:00:00 +01:00,17998.13,17266.41
05.02.2023 14:00:00 +01:00,18443.97,17240.86
05.02.2023 15:00:00 +01:00,19924.65,17382.78
05.02.2023 16:00:00 +01:00,22062.59,17727.86
05.02.2023 17:00:00 +01:00,23418.09,18091.95
05.02.2023 18:00:00 +01:00,23414.70,18114.26
05.02.2023 19:00:00 +01:00,22868.57,18093.58
05.02.2023 20:00:00 +01:00,21926.67,18036.65
05.02.2023 21:00:00 +01:00,21943.71,17810.06
05.02.2023 22:00:00 +01:00,21812.11,17438.31
05.02.2023 23:00:00 +01:00,22260.23,16949.84
06.02.2023 00:00:00 +01:00,21719.76,16577.24
06.02.2023 01:00:00 +01:00,21348.09,16247.07
06.02.2023 02:00:00 +01:00,21233.79,16088.78
06.02.2023 03:00:00 +01:00,21295.35,16018.98
06.02.2023 04:00:00 +01:00,21545.67,16020.90
06.02.2023 05:00:00 +01:00,22275.20,16464.73
06.02.2023 06:00:00 +01:00,24052.13,17433.59
06.02.2023 07:00:00 +01:00,25136.59,18753.33
06.02.2023 08:00:00 +01:00,25686.62,19172.15
06.02.2023 09:00:00 +01:00,25763.15,19089.91
06.02.2023 10:00:00 +01:00,25717.29,18887.54
06.02.2023 11:00:00 +01:00,25842.02,18763.56
06.02.2023 12:00:00 +01:00,25393.04,18640.85
06.02.2023 13:00:00 +01:00,24552.95,18595.93
06.02.2023 14:00:00 +01:00,23984.19,18567.54
06.02.2023 15:00:00 +01:00,23854.22,18545.33
06.02.2023 16:00:00 +01:00,23991.59,18598.90
06.02.2023 17:00:00 +01:00,24590.37,18634.16
06.02.2023 18:00:00 +01:00,24357.54,18474.70
06.02.2023 19:00:00 +01:00,23792.25,18377.81
06.02.2023 20:00:00 +01:00,22635.48,18183.44
06.02.2023 21:00:00 +01:00,22264.07,17833.58
06.02.2023 22:00:00 +01:00,22037.11,17318.18
06.02.2023 23:00:00 +01:00,21075.71,16705.56
07.02.2023 00:00:00 +01:00,20775.76,16216.82
07.02.2023 01:00:00 +01:00,19930.31,15935.29
07.02.2023 02:00:00 +01:00,19496.92,15811.52
07.02.2023 03:00:00 +01:00,19556.70,15738.76
07.02.2023 04:00:00 +01:00,19706.89,15755.15
07.02.2023 05:00:00 +01:00,20348.78,16113.15
07.02.2023 06:00:00 +01:00,22177.64,17225.03
07.02.2023 07:00:00 +01:00,24088.44,18517.64
07.02.2023 08:00:00 +01:00,24595.35,18818.21
07.02.2023 09:00:00 +01:00,24611.72,18691.08
07.02.2023 10:00:00 +01:00,23673.94,17920.83
07.02.2023 11:00:00 +01:00,23099.40,18351.49
07.02.2023 12:00:00 +01:00,22331.59,18326.83
07.02.2023 13:00:00 +01:00,22351.84,18290.03
07.02.2023 14:00:00 +01:00,23473.97,18223.90
07.02.2023 15:00:00 +01:00,23435.73,18282.04
07.02.2023 16:00:00 +01:00,24039.34,18522.20
07.02.2023 17:00:00 +01:00,24982.13,18617.47
07.02.2023 18:00:00 +01:00,25067.51,18503.73
07.02.2023 19:00:00 +01:00,24297.08,18337.11
07.02.2023 20:00:00 +01:00,23731.08,18154.84
07.02.2023 21:00:00 +01:00,23598.02,17794.25
07.02.2023 22:00:00 +01:00,22824.96,17358.33
07.02.2023 23:00:00 +01:00,21827.13,16735.89
08.02.2023 00:00:00 +01:00,21891.63,16216.09
08.02.2023 01:00:00 +01:00,21443.34,15934.32
08.02.2023 02:00:00 +01:00,21080.22,15800.22
08.02.2023 03:00:00 +01:00,20859.49,15676.47
08.02.2023 04:00:00 +01:00,20900.00,15667.53
08.02.2023 05:00:00 +01:00,21636.58,16021.37
08.02.2023 06:00:00 +01:00,23303.31,17218.07
08.02.2023 07:00:00 +01:00,25088.84,18500.52
08.02.2023 08:00:00 +01:00,24320.50,18689.40
08.02.2023 09:00:00 +01:00,23483.35,18511.37
08.02.2023 10:00:00 +01:00,23006.78,18257.26
08.02.2023 11:00:00 +01:00,22655.77,18170.08
08.02.2023 12:00:00 +01:00,22546.74,18132.68
08.02.2023 13:00:00 +01:00,22440.15,17945.02
08.02.2023 14:00:00 +01:00,22403.05,17852.58
08.02.2023 15:00:00 +01:00,22624.14,17851.21
08.02.2023 16:00:00 +01:00,23005.10,18109.89
08.02.2023 17:00:00 +01:00,23031.31,18136.45
08.02.2023 18:00:00 +01:00,21783.28,17882.74
08.02.2023 19:00:00 +01:00,20040.32,17796.83
08.02.2023 20:00:00 +01:00,19029.62,17670.27
08.02.2023 21:00:00 +01:00,18321.00,17336.32
08.02.2023 22:00:00 +01:00,16896.06,16902.10
08.02.2023 23:00:00 +01:00,15369.04,16366.07
09.02.2023 00:00:00 +01:00,14592.24,15916.48
09.02.2023 01:00:00 +01:00,14162.22,15684.63
09.02.2023 02:00:00 +01:00,14059.09,15488.96
09.02.2023 03:00:00 +01:00,13710.31,15433.31
09.02.2023 04:00:00 +01:00,13713.52,15393.23
09.02.2023 05:00:00 +01:00,14724.24,15661.86
09.02.2023 06:00:00 +01:00,17253.84,16711.82
09.02.2023 07:00:00 +01:00,20751.60,18099.15
09.02.2023 08:00:00 +01:00,21945.10,18492.48
09.02.2023 09:00:00 +01:00,22082.48,18409.10
09.02.2023 10:00:00 +01:00,21759.09,17631.17
09.02.2023 11:00:00 +01:00,21321.87,18113.61
09.02.2023 12:00:00 +01:00,20533.41,18019.39
09.02.2023 13:00:00 +01:00,19968.46,17901.45
09.02.2023 14:00:00 +01:00,19538.33,17878.14
09.02.2023 15:00:00 +01:00,19615.90,18011.59
09.02.2023 16:00:00 +01:00,20091.45,18245.82
09.02.2023 17:00:00 +01:00,20443.97,18478.34
09.02.2023 18:00:00 +01:00,20148.50,18429.00
09.02.2023 19:00:00 +01:00,19303.90,18415.64
09.02.2023 20:00:00 +01:00,18411.02,18313.57
09.02.2023 21:00:00 +01:00,18528.51,18079.19
09.02.2023 22:00:00 +01:00,17690.04,17655.35
09.02.2023 23:00:00 +01:00,16684.39,17202.80
10.02.2023 00:00:00 +01:00,16534.53,16733.48
10.02.2023 01:00:00 +01:00,16380.06,16436.94
10.02.2023 02:00:00 +01:00,16763.76,16305.96
10.02.2023 03:00:00 +01:00,17008.31,16226.31
10.02.2023 04:00:00 +01:00,18016.73,16291.03
10.02.2023 05:00:00 +01:00,19488.59,16611.47
10.02.2023 06:00:00 +01:00,21644.24,17613.47
10.02.2023 07:00:00 +01:00,23473.26,19073.58
10.02.2023 08:00:00 +01:00,23821.21,19379.40
10.02.2023 09:00:00 +01:00,23462.44,19256.54
10.02.2023 10:00:00 +01:00,22910.97,19089.15
10.02.2023 11:00:00 +01:00,21678.94,19045.61
10.02.2023 12:00:00 +01:00,20189.10,18954.39
10.02.2023 13:00:00 +01:00,19942.77,18927.61
10.02.2023 14:00:00 +01:00,19447.40,18950.08
10.02.2023 15:00:00 +01:00,19144.56,18985.64
10.02.2023 16:00:00 +01:00,18961.34,19032.01
10.02.2023 17:00:00 +01:00,19102.98,18985.87
10.02.2023 18:00:00 +01:00,18798.23,18628.88
10.02.2023 19:00:00 +01:00,17876.22,18282.72
10.02.2023 20:00:00 +01:00,16732.22,17855.69
10.02.2023 21:00:00 +01:00,16192.41,17391.55
10.02.2023 22:00:00 +01:00,15632.46,17047.63
10.02.2023 23:00:00 +01:00,14971.00,16708.65
11.02.2023 00:00:00 +01:00,14844.42,16236.67
11.02.2023 01:00:00 +01:00,14699.78,15854.36
11.02.2023 02:00:00 +01:00,14121.40,15502.66
11.02.2023 03:00:00 +01:00,13588.95,15370.86
11.02.2023 04:00:00 +01:00,13309.51,15265.96
11.02.2023 05:00:00 +01:00,13252.19,15321.24
11.02.2023 06:00:00 +01:00,13884.06,15611.87
11.02.2023 07:00:00 +01:00,14571.93,16032.31
11.02.2023 08:00:00 +01:00,15425.00,16565.88
11.02.2023 09:00:00 +01:00,16082.94,17067.38
11.02.2023 10:00:00 +01:00,16398.07,17192.05
11.02.2023 11:00:00 +01:00,16733.77,17061.14
11.02.2023 12:00:00 +01:00,16660.05,17017.89
11.02.2023 13:00:00 +01:00,16490.68,16924.20
11.02.2023 14:00:00 +01:00,17012.14,16868.96
11.02.2023 15:00:00 +01:00,17004.99,16921.04
11.02.2023 16:00:00 +01:00,18326.26,17191.02
11.02.2023 17:00:00 +01:00,20535.88,17595.20
11.02.2023 18:00:00 +01:00,21978.66,17714.11
11.02.2023 19:00:00 +01:00,21949.20,17507.32
11.02.2023 20:00:00 +01:00,21520.07,17110.98
11.02.2023 21:00:00 +01:00,21812.52,16791.66
11.02.2023 22:00:00 +01:00,21132.19,16517.82
11.02.2023 23:00:00 +01:00,21207.24,16175.51
12.02.2023 00:00:00 +01:00,20389.50,15836.62
12.02.2023 01:00:00 +01:00,20010.20,15539.91
12.02.2023 02:00:00 +01:00,20189.64,15411.13
12.02.2023 03:00:00 +01:00,20649.95,15305.95
12.02.2023 04:00:00 +01:00,20357.64,15165.44
12.02.2023 05:00:00 +01:00,19923.71,15146.99
12.02.2023 06:00:00 +01:00,20414.74,15320.85
12.02.2023 07:00:00 +01:00,20991.30,15610.58
12.02.2023 08:00:00 +01:00,21394.30,15932.82
12.02.2023 09:00:00 +01:00,22009.20,16361.22
12.02.2023 10:00:00 +01:00,22295.30,16705.46
12.02.2023 11:00:00 +01:00,22106.50,16730.85
12.02.2023 12:00:00 +01:00,21565.26,16567.57
12.02.2023 13:00:00 +01:00,21084.64,16377.41
12.02.2023 14:00:00 +01:00,20645.00,16357.44
12.02.2023 15:00:00 +01:00,20679.26,16398.05
12.02.2023 16:00:00 +01:00,21444.18,16386.27
12.02.2023 17:00:00 +01:00,22483.14,16672.25
12.02.2023 18:00:00 +01:00,22556.74,16713.48
12.02.2023 19:00:00 +01:00,22152.19,16764.63
12.02.2023 20:00:00 +01:00,21678.49,16668.61
12.02.2023 21:00:00 +01:00,21263.91,16438.97
12.02.2023 22:00:00 +01:00,20170.83,16078.42
12.02.2023 23:00:00 +01:00,18543.45,15633.77
13.02.2023 00:00:00 +01:00,17971.25,15231.62
13.02.2023 01:00:00 +01:00,17465.54,14921.62
13.02.2023 02:00:00 +01:00,17106.17,14836.54
13.02.2023 03:00:00 +01:00,16975.89,14748.94
13.02.2023 04:00:00 +01:00,17053.73,14747.13
13.02.2023 05:00:00 +01:00,18785.27,15132.12
13.02.2023 06:00:00 +01:00,21111.67,16368.16
13.02.2023 07:00:00 +01:00,22956.37,17818.00
13.02.2023 08:00:00 +01:00,23090.66,18186.95
13.02.2023 09:00:00 +01:00,22894.68,17985.73
13.02.2023 10:00:00 +01:00,22606.63,17628.64
13.02.2023 11:00:00 +01:00,22035.73,17346.96
13.02.2023 12:00:00 +01:00,21930.56,17053.18
13.02.2023 13:00:00 +01:00,21821.91,16948.67
13.02.2023 14:00:00 +01:00,21638.53,16784.13
13.02.2023 15:00:00 +01:00,21354.32,16881.65
13.02.2023 16:00:00 +01:00,21628.04,17029.78
13.02.2023 17:00:00 +01:00,22468.92,17233.28
13.02.2023 18:00:00 +01:00,22333.23,17401.67
13.02.2023 19:00:00 +01:00,21871.97,17410.85
13.02.2023 20:00:00 +01:00,21961.31,17330.64
13.02.2023 21:00:00 +01:00,22258.61,17092.97
13.02.2023 22:00:00 +01:00,21731.76,16747.82
13.02.2023 23:00:00 +01:00,20858.90,16180.26
14.02.2023 00:00:00 +01:00,20122.66,15701.00
14.02.2023 01:00:00 +01:00,19933.91,15432.05
14.02.2023 02:00:00 +01:00,20181.25,15389.29
14.02.2023 03:00:00 +01:00,20157.02,15369.44
14.02.2023 04:00:00 +01:00,20747.32,15439.23
14.02.2023 05:00:00 +01:00,21842.06,15932.83
14.02.2023 06:00:00 +01:00,23754.08,17167.28
14.02.2023 07:00:00 +01:00,24206.34,18484.38
14.02.2023 08:00:00 +01:00,24028.07,18621.86
14.02.2023 09:00:00 +01:00,24416.36,18440.86
14.02.2023 10:00:00 +01:00,24474.39,17755.93
14.02.2023 11:00:00 +01:00,24927.55,18150.79
14.02.2023 12:00:00 +01:00,24833.97,18017.43
14.02.2023 13:00:00 +01:00,25015.97,17901.46
14.02.2023 14:00:00 +01:00,24955.92,17901.57
14.02.2023 15:00:00 +01:00,24688.94,17937.45
14.02.2023 16:00:00 +01:00,24171.87,17962.05
14.02.2023 17:00:00 +01:00,24258.86,18071.43
14.02.2023 18:00:00 +01:00,24803.76,18014.40
14.02.2023 19:00:00 +01:00,24611.18,17939.56
14.02.2023 20:00:00 +01:00,23965.96,17780.25
14.02.2023 21:00:00 +01:00,23676.37,17445.82
14.02.2023 22:00:00 +01:00,22745.65,16933.35
14.02.2023 23:00:00 +01:00,21849.73,16384.59
15.02.2023 00:00:00 +01:00,21360.19,15844.72
15.02.2023 01:00:00 +01:00,20929.47,15523.79
15.02.2023 02:00:00 +01:00,20812.95,15427.78
15.02.2023 03:00:00 +01:00,20492.46,15388.00
15.02.2023 04:00:00 +01:00,20558.08,15363.22
15.02.2023 05:00:00 +01:00,21311.78,15757.91
15.02.2023 06:00:00 +01:00,22626.92,16789.95
15.02.2023 07:00:00 +01:00,24349.71,18047.51
15.02.2023 08:00:00 +01:00,24773.35,18148.98
15.02.2023 09:00:00 +01:00,24968.58,18092.05
15.02.2023 10:00:00 +01:00,24947.60,18120.67
15.02.2023 11:00:00 +01:00,24968.97,18044.62
15.02.2023 12:00:00 +01:00,25008.08,17932.32
15.02.2023 13:00:00 +01:00,24604.47,17778.42
15.02.2023 14:00:00 +01:00,24651.78,17797.85
15.02.2023 15:00:00 +01:00,25071.14,17899.71
15.02.2023 16:00:00 +01:00,25294.50,18120.76
15.02.2023 17:00:00 +01:00,25460.40,18215.42
15.02.2023 18:00:00 +01:00,24664.39,18128.68
15.02.2023 19:00:00 +01:00,24173.07,17937.65
15.02.2023 20:00:00 +01:00,23058.38,17724.87
15.02.2023 21:00:00 +01:00,22594.59,17367.15
15.02.2023 22:00:00 +01:00,21728.94,16821.53
15.02.2023 23:00:00 +01:00,20414.45,16348.08
16.02.2023 00:00:00 +01:00,20050.74,15772.50
16.02.2023 01:00:00 +01:00,19834.45,15408.69
16.02.2023 02:00:00 +01:00,20238.71,15215.01
16.02.2023 03:00:00 +01:00,20458.47,15129.31
16.02.2023 04:00:00 +01:00,20667.67,15171.79
16.02.2023 05:00:00 +01:00,21455.35,15503.29
16.02.2023 06:00:00 +01:00,22472.87,16569.81
16.02.2023 07:00:00 +01:00,24017.94,17850.47
16.02.2023 08:00:00 +01:00,24520.78,18036.11
16.02.2023 09:00:00 +01:00,24633.02,17839.90
16.02.2023 10:00:00 +01:00,24432.25,17406.22
16.02.2023 11:00:00 +01:00,23892.09,17586.59
16.02.2023 12:00:00 +01:00,23656.39,17360.72
16.02.2023 13:00:00 +01:00,23432.59,17139.93
16.02.2023 14:00:00 +01:00,23388.90,17246.54
16.02.2023 15:00:00 +01:00,23733.69,17341.57
16.02.2023 16:00:00 +01:00,23961.12,17548.35
16.02.2023 17:00:00 +01:00,23876.66,17842.67
16.02.2023 18:00:00 +01:00,23793.02,17851.17
16.02.2023 19:00:00 +01:00,22995.78,17689.41
16.02.2023 20:00:00 +01:00,22414.72,17508.79
16.02.2023 21:00:00 +01:00,22247.64,17258.11
16.02.2023 22:00:00 +01:00,21877.22,16748.91
16.02.2023 23:00:00 +01:00,20469.53,16205.97
17.02.2023 00:00:00 +01:00,19507.75,15658.57
17.02.2023 01:00:00 +01:00,17753.67,15388.62
17.02.2023 02:00:00 +01:00,16957.89,15185.50
17.02.2023 03:00:00 +01:00,15855.60,15094.20
17.02.2023 04:00:00 +01:00,15099.92,15061.90
17.02.2023 05:00:00 +01:00,15890.33,15330.27
17.02.2023 06:00:00 +01:00,17729.13,16326.06
17.02.2023 07:00:00 +01:00,19341.00,17628.78
17.02.2023 08:00:00 +01:00,18898.08,18032.58
17.02.2023 09:00:00 +01:00,17591.10,18086.45
17.02.2023 10:00:00 +01:00,17688.16,17994.66
17.02.2023 11:00:00 +01:00,17464.37,17970.31
17.02.2023 12:00:00 +01:00,16257.82,17882.07
17.02.2023 13:00:00 +01:00,15071.96,17857.56
17.02.2023 14:00:00 +01:00,14603.14,17814.64
17.02.2023 15:00:00 +01:00,15005.71,17820.27
17.02.2023 16:00:00 +01:00,16231.85,17892.65
17.02.2023 17:00:00 +01:00,17681.63,17978.54
17.02.2023 18:00:00 +01:00,18558.33,17916.23
17.02.2023 19:00:00 +01:00,17517.48,17692.02
17.02.2023 20:00:00 +01:00,15914.76,17301.27
17.02.2023 21:00:00 +01:00,15381.66,16888.67
17.02.2023 22:00:00 +01:00,14653.53,16475.16
17.02.2023 23:00:00 +01:00,13674.99,16165.31
18.02.2023 00:00:00 +01:00,13204.31,15756.59
18.02.2023 01:00:00 +01:00,12945.68,15487.64
18.02.2023 02:00:00 +01:00,12899.83,15307.42
18.02.2023 03:00:00 +01:00,13103.13,15263.86
18.02.2023 04:00:00 +01:00,13330.10,15248.36
18.02.2023 05:00:00 +01:00,13879.41,15337.10
18.02.2023 06:00:00 +01:00,15361.44,15635.44
18.02.2023 07:00:00 +01:00,17421.77,16072.82
18.02.2023 08:00:00 +01:00,19537.95,16517.09
18.02.2023 09:00:00 +01:00,20681.25,16904.59
18.02.2023 10:00:00 +01:00,20321.58,16991.58
18.02.2023 11:00:00 +01:00,19039.72,16803.79
18.02.2023 12:00:00 +01:00,17489.00,16529.45
18.02.2023 13:00:00 +01:00,15758.60,16322.71
18.02.2023 14:00:00 +01:00,15029.77,16195.91
18.02.2023 15:00:00 +01:00,17031.18,16226.89
18.02.2023 16:00:00 +01:00,19288.60,16604.44
18.02.2023 17:00:00 +01:00,21689.79,17214.06
18.02.2023 18:00:00 +01:00,22859.23,17532.03
18.02.2023 19:00:00 +01:00,22247.50,17414.74
18.02.2023 20:00:00 +01:00,21421.36,17152.36
18.02.2023 21:00:00 +01:00,21392.34,16871.72
18.02.2023 22:00:00 +01:00,21625.14,16607.97
18.02.2023 23:00:00 +01:00,21144.49,16363.69
19.02.2023 00:00:00 +01:00,20510.48,16021.42
19.02.2023 01:00:00 +01:00,19610.88,15847.72
19.02.2023 02:00:00 +01:00,18422.26,15754.94
19.02.2023 03:00:00 +01:00,17669.15,15764.96
19.02.2023 04:00:00 +01:00,17664.78,15716.73
19.02.2023 05:00:00 +01:00,18170.88,15845.47
19.02.2023 06:00:00 +01:00,18923.27,16079.39
19.02.2023 07:00:00 +01:00,20184.89,16313.30
19.02.2023 08:00:00 +01:00,21764.87,16591.72
19.02.2023 09:00:00 +01:00,22379.93,16915.13
19.02.2023 10:00:00 +01:00,21943.49,17117.04
19.02.2023 11:00:00 +01:00,20486.85,17042.29
19.02.2023 12:00:00 +01:00,18440.23,16826.10
19.02.2023 13:00:00 +01:00,17806.86,16605.33
19.02.2023 14:00:00 +01:00,18199.61,16476.58
19.02.2023 15:00:00 +01:00,18702.44,16646.65
19.02.2023 16:00:00 +01:00,19926.28,16994.67
19.02.2023 17:00:00 +01:00,21885.23,17431.11
19.02.2023 18:00:00 +01:00,22071.70,17684.47
19.02.2023 19:00:00 +01:00,20522.99,17651.36
19.02.2023 20:00:00 +01:00,19793.78,17570.58
19.02.2023 21:00:00 +01:00,19402.46,17272.08
19.02.2023 22:00:00 +01:00,18820.28,16789.84
19.02.2023 23:00:00 +01:00,18150.32,16370.73
20.02.2023 00:00:00 +01:00,16792.81,15968.62
20.02.2023 01:00:00 +01:00,15016.17,15676.25
20.02.2023 02:00:00 +01:00,13988.19,15499.01
20.02.2023 03:00:00 +01:00,13496.62,15457.38
20.02.2023 04:00:00 +01:00,13268.15,15492.56
20.02.2023 05:00:00 +01:00,13470.17,15795.00
20.02.2023 06:00:00 +01:00,15195.23,16787.80
20.02.2023 07:00:00 +01:00,16752.09,17889.64
20.02.2023 08:00:00 +01:00,16790.89,18124.20
20.02.2023 09:00:00 +01:00,16507.81,18100.02
20.02.2023 10:00:00 +01:00,16138.08,17865.00
20.02.2023 11:00:00 +01:00,15933.09,17713.12
20.02.2023 12:00:00 +01:00,15781.27,17574.50
20.02.2023 13:00:00 +01:00,15176.61,17515.70
20.02.2023 14:00:00 +01:00,15318.48,17390.62
20.02.2023 15:00:00 +01:00,15425.23,17407.45
20.02.2023 16:00:00 +01:00,16061.77,17562.09
20.02.2023 17:00:00 +01:00,18367.18,17810.73
20.02.2023 18:00:00 +01:00,19086.31,17877.93
20.02.2023 19:00:00 +01:00,19000.18,17767.02
20.02.2023 20:00:00 +01:00,18472.49,17438.09
20.02.2023 21:00:00 +01:00,17985.02,17048.04
20.02.2023 22:00:00 +01:00,17035.69,16617.66
20.02.2023 23:00:00 +01:00,15431.63,16134.99
21.02.2023 00:00:00 +01:00,14479.94,15799.73
21.02.2023 01:00:00 +01:00,14068.39,15482.85
21.02.2023 02:00:00 +01:00,13864.38,15324.84
21.02.2023 03:00:00 +01:00,13456.65,15229.06
21.02.2023 04:00:00 +01:00,14185.07,15295.25
21.02.2023 05:00:00 +01:00,15210.35,15675.82
21.02.2023 06:00:00 +01:00,17048.09,16770.00
21.02.2023 07:00:00 +01:00,19289.68,17998.04
21.02.2023 08:00:00 +01:00,20284.02,18340.11
21.02.2023 09:00:00 +01:00,20968.45,18218.02
21.02.2023 10:00:00 +01:00,20638.50,17641.35
21.02.2023 11:00:00 +01:00,20378.08,17638.59
21.02.2023 12:00:00 +01:00,20709.86,17373.73
21.02.2023 13:00:00 +01:00,21618.19,17215.17
21.02.2023 14:00:00 +01:00,22762.66,17200.63
21.02.2023 15:00:00 +01:00,24191.57,17287.88
21.02.2023 16:00:00 +01:00,25355.48,17558.87
21.02.2023 17:00:00 +01:00,25495.07,17899.40
21.02.2023 18:00:00 +01:00,25806.58,18136.03
21.02.2023 19:00:00 +01:00,26139.54,18116.97
21.02.2023 20:00:00 +01:00,25946.76,17987.04
21.02.2023 21:00:00 +01:00,25745.66,17608.89
21.02.2023 22:00:00 +01:00,24909.63,17170.15
21.02.2023 23:00:00 +01:00,24059.69,16704.92
22.02.2023 00:00:00 +01:00,23285.37,16270.73
22.02.2023 01:00:00 +01:00,22937.87,15961.65
22.02.2023 02:00:00 +01:00,22765.24,15793.81
22.02.2023 03:00:00 +01:00,22670.33,15746.97
22.02.2023 04:00:00 +01:00,22768.86,15834.92
22.02.2023 05:00:00 +01:00,23303.96,16191.12
22.02.2023 06:00:00 +01:00,25133.73,17152.51
22.02.2023 07:00:00 +01:00,26788.43,18350.72
22.02.2023 08:00:00 +01:00,27187.87,18715.01
22.02.2023 09:00:00 +01:00,27032.40,18768.87
22.02.2023 10:00:00 +01:00,26481.96,18706.03
22.02.2023 11:00:00 +01:00,25693.39,18581.89
22.02.2023 12:00:00 +01:00,25405.23,18467.47
22.02.2023 13:00:00 +01:00,25501.67,18448.42
22.02.2023 14:00:00 +01:00,25347.19,18453.11
22.02.2023 15:00:00 +01:00,25278.91,18519.09
22.02.2023 16:00:00 +01:00,25007.87,18547.69
22.02.2023 17:00:00 +01:00,25528.10,18586.41
22.02.2023 18:00:00 +01:00,25334.34,18575.69
22.02.2023 19:00:00 +01:00,23797.04,18413.65
22.02.2023 20:00:00 +01:00,22620.84,18250.59
22.02.2023 21:00:00 +01:00,22529.85,17933.31
22.02.2023 22:00:00 +01:00,22077.29,17472.46
22.02.2023 23:00:00 +01:00,21368.81,16875.72
23.02.2023 00:00:00 +01:00,20574.15,16355.36
23.02.2023 01:00:00 +01:00,20261.18,16012.46
23.02.2023 02:00:00 +01:00,19997.58,15882.20
23.02.2023 03:00:00 +01:00,20092.38,15818.67
23.02.2023 04:00:00 +01:00,20065.08,15889.90
23.02.2023 05:00:00 +01:00,20488.39,16194.20
23.02.2023 06:00:00 +01:00,21367.70,17163.37
23.02.2023 07:00:00 +01:00,22508.82,18400.64
23.02.2023 08:00:00 +01:00,24001.94,18775.07
23.02.2023 09:00:00 +01:00,24481.00,18736.60
23.02.2023 10:00:00 +01:00,24834.17,18136.26
23.02.2023 11:00:00 +01:00,25079.42,18143.63
23.02.2023 12:00:00 +01:00,24960.00,17871.98
23.02.2023 13:00:00 +01:00,24395.93,17754.26
23.02.2023 14:00:00 +01:00,23654.76,17775.53
23.02.2023 15:00:00 +01:00,23242.83,17871.74
23.02.2023 16:00:00 +01:00,23745.12,18107.53
23.02.2023 17:00:00 +01:00,25238.65,18411.55
23.02.2023 18:00:00 +01:00,25253.09,18490.28
23.02.2023 19:00:00 +01:00,24177.02,18415.27
23.02.2023 20:00:00 +01:00,22995.68,18187.55
23.02.2023 21:00:00 +01:00,21914.25,17892.69
23.02.2023 22:00:00 +01:00,20412.90,17412.45
23.02.2023 23:00:00 +01:00,18621.87,16885.73
24.02.2023 00:00:00 +01:00,17944.12,16456.08
24.02.2023 01:00:00 +01:00,17083.34,16157.01
24.02.2023 02:00:00 +01:00,16216.58,15958.59
24.02.2023 03:00:00 +01:00,16300.52,15862.58
24.02.2023 04:00:00 +01:00,16447.06,15849.91
24.02.2023 05:00:00 +01:00,17517.70,16231.23
24.02.2023 06:00:00 +01:00,19148.43,17207.96
24.02.2023 07:00:00 +01:00,21346.08,18379.49
24.02.2023 08:00:00 +01:00,22243.15,18790.86
24.02.2023 09:00:00 +01:00,21995.34,18922.60
24.02.2023 10:00:00 +01:00,21766.52,18860.02
24.02.2023 11:00:00 +01:00,21014.36,18625.90
24.02.2023 12:00:00 +01:00,20123.43,18355.36
24.02.2023 13:00:00 +01:00,19588.40,18106.14
24.02.2023 14:00:00 +01:00,19162.93,17991.79
24.02.2023 15:00:00 +01:00,18885.18,17955.03
24.02.2023 16:00:00 +01:00,19382.93,17889.41
24.02.2023 17:00:00 +01:00,20050.87,18122.50
24.02.2023 18:00:00 +01:00,20208.40,18318.57
24.02.2023 19:00:00 +01:00,18589.29,18231.16
24.02.2023 20:00:00 +01:00,17676.71,17929.86
24.02.2023 21:00:00 +01:00,17299.63,17555.59
24.02.2023 22:00:00 +01:00,16911.96,17209.46
24.02.2023 23:00:00 +01:00,15886.16,16907.96
25.02.2023 00:00:00 +01:00,16467.26,16551.32
25.02.2023 01:00:00 +01:00,15253.31,16355.47
25.02.2023 02:00:00 +01:00,14765.31,16278.78
25.02.2023 03:00:00 +01:00,14240.08,16181.02
25.02.2023 04:00:00 +01:00,14316.40,16138.66
25.02.2023 05:00:00 +01:00,14665.69,16249.90
25.02.2023 06:00:00 +01:00,15313.57,16531.26
25.02.2023 07:00:00 +01:00,16398.08,16943.71
25.02.2023 08:00:00 +01:00,17392.09,17378.08
25.02.2023 09:00:00 +01:00,17207.62,17629.40
25.02.2023 10:00:00 +01:00,16257.86,17585.57
25.02.2023 11:00:00 +01:00,15202.18,17307.13
25.02.2023 12:00:00 +01:00,14560.99,17019.14
25.02.2023 13:00:00 +01:00,14493.21,16750.41
25.02.2023 14:00:00 +01:00,14482.26,16565.03
25.02.2023 15:00:00 +01:00,15590.82,16560.12
25.02.2023 16:00:00 +01:00,16932.98,16797.77
25.02.2023 17:00:00 +01:00,18699.01,17284.25
25.02.2023 18:00:00 +01:00,19455.42,17687.00
25.02.2023 19:00:00 +01:00,19042.60,17572.32
25.02.2023 20:00:00 +01:00,18636.86,17311.41
25.02.2023 21:00:00 +01:00,18472.23,17023.71
25.02.2023 22:00:00 +01:00,18285.40,16767.27
25.02.2023 23:00:00 +01:00,17975.29,16473.30
26.02.2023 00:00:00 +01:00,18334.11,16184.84
26.02.2023 01:00:00 +01:00,18078.10,15966.08
26.02.2023 02:00:00 +01:00,17734.06,15840.34
26.02.2023 03:00:00 +01:00,18186.87,15773.98
26.02.2023 04:00:00 +01:00,18066.11,15814.98
26.02.2023 05:00:00 +01:00,18197.24,15846.61
26.02.2023 06:00:00 +01:00,18539.06,16138.19
26.02.2023 07:00:00 +01:00,19266.30,16357.11
26.02.2023 08:00:00 +01:00,19664.35,16643.48
26.02.2023 09:00:00 +01:00,19816.08,16912.07
26.02.2023 10:00:00 +01:00,19195.50,17011.69
26.02.2023 11:00:00 +01:00,17354.01,16912.88
26.02.2023 12:00:00 +01:00,15502.14,16679.62
26.02.2023 13:00:00 +01:00,14675.03,16387.01
26.02.2023 14:00:00 +01:00,15274.61,16305.50
26.02.2023 15:00:00 +01:00,16821.08,16309.58
26.02.2023 16:00:00 +01:00,19354.04,16474.13
26.02.2023 17:00:00 +01:00,22988.39,16828.14
26.02.2023 18:00:00 +01:00,24329.46,17222.33
26.02.2023 19:00:00 +01:00,23762.32,17267.19
26.02.2023 20:00:00 +01:00,22605.43,17202.04
26.02.2023 21:00:00 +01:00,21876.79,17012.34
26.02.2023 22:00:00 +01:00,20947.06,16604.04
26.02.2023 23:00:00 +01:00,20633.77,16172.01
27.02.2023 00:00:00 +01:00,20230.44,15782.66
27.02.2023 01:00:00 +01:00,19947.00,15562.70
27.02.2023 02:00:00 +01:00,19799.03,15424.21
27.02.2023 03:00:00 +01:00,19697.65,15485.64
27.02.2023 04:00:00 +01:00,20126.66,15596.36
27.02.2023 05:00:00 +01:00,21095.08,16053.62
27.02.2023 06:00:00 +01:00,22679.32,17271.10
27.02.2023 07:00:00 +01:00,24056.26,18438.95
27.02.2023 08:00:00 +01:00,23766.08,18680.18
27.02.2023 09:00:00 +01:00,23313.88,18356.35
27.02.2023 10:00:00 +01:00,22329.26,18068.71
27.02.2023 11:00:00 +01:00,21241.78,17670.93
27.02.2023 12:00:00 +01:00,20320.65,17253.41
27.02.2023 13:00:00 +01:00,19644.97,16916.17
27.02.2023 14:00:00 +01:00,20040.65,16877.18
27.02.2023 15:00:00 +01:00,20218.96,16757.64
27.02.2023 16:00:00 +01:00,20857.93,16999.62
27.02.2023 17:00:00 +01:00,21889.82,17192.08
27.02.2023 18:00:00 +01:00,22194.92,17469.89
27.02.2023 19:00:00 +01:00,21900.19,17558.38
27.02.2023 20:00:00 +01:00,21776.38,17536.93
27.02.2023 21:00:00 +01:00,21782.98,17289.26
27.02.2023 22:00:00 +01:00,21311.19,16992.09
27.02.2023 23:00:00 +01:00,20426.70,16499.82
28.02.2023 00:00:00 +01:00,20300.86,16002.16
28.02.2023 01:00:00 +01:00,20231.09,15728.46
28.02.2023 02:00:00 +01:00,20165.10,15684.54
28.02.2023 03:00:00 +01:00,20297.89,15687.17
28.02.2023 04:00:00 +01:00,20281.10,15727.27
28.02.2023 05:00:00 +01:00,20703.77,16157.40
28.02.2023 06:00:00 +01:00,22194.23,17342.48
28.02.2023 07:00:00 +01:00,23426.53,18557.84
28.02.2023 08:00:00 +01:00,23640.44,18791.65
28.02.2023 09:00:00 +01:00,23056.73,18484.70
28.02.2023 10:00:00 +01:00,22313.87,17974.52
28.02.2023 11:00:00 +01:00,21701.39,17508.02
28.02.2023 12:00:00 +01:00,21076.90,17209.86
28.02.2023 13:00:00 +01:00,20850.70,16912.98
28.02.2023 14:00:00 +01:00,20704.06,16769.07
28.02.2023 15:00:00 +01:00,21055.76,16708.32
28.02.2023 16:00:00 +01:00,21341.13,16847.18
28.02.2023 17:00:00 +01:00,21805.18,17068.19
28.02.2023 18:00:00 +01:00,22140.25,17386.16
28.02.2023 19:00:00 +01:00,21790.93,17418.74
28.02.2023 20:00:00 +01:00,21356.78,17329.11
28.02.2023 21:00:00 +01:00,21287.32,17064.23
28.02.2023 22:00:00 +01:00,20892.25,16694.90
28.02.2023 23:00:00 +01:00,20186.40,16235.61
01.03.2023 00:00:00 +01:00,19883.43,15763.99
01.03.2023 01:00:00 +01:00,19257.09,15481.72
01.03.2023 02:00:00 +01:00,18959.09,15365.18
01.03.2023 03:00:00 +01:00,18896.03,15347.83
01.03.2023 04:00:00 +01:00,18999.14,15371.89
01.03.2023 05:00:00 +01:00,19807.49,15772.29
01.03.2023 06:00:00 +01:00,21314.79,16916.86
01.03.2023 07:00:00 +01:00,23256.63,17994.45
01.03.2023 08:00:00 +01:00,24071.69,18209.52
01.03.2023 09:00:00 +01:00,23798.78,17982.19
01.03.2023 10:00:00 +01:00,23012.13,17598.81
01.03.2023 11:00:00 +01:00,21480.04,17170.94
01.03.2023 12:00:00 +01:00,20295.10,16881.06
01.03.2023 13:00:00 +01:00,19683.16,16605.89
01.03.2023 14:00:00 +01:00,19867.78,16527.04
01.03.2023 15:00:00 +01:00,21027.94,16462.03
01.03.2023 16:00:00 +01:00,22196.10,16608.62
01.03.2023 17:00:00 +01:00,23340.58,16777.51
01.03.2023 18:00:00 +01:00,23295.51,17101.04
01.03.2023 19:00:00 +01:00,22496.29,17236.37
01.03.2023 20:00:00 +01:00,21766.86,17164.25
01.03.2023 21:00:00 +01:00,21227.47,16952.70
01.03.2023 22:00:00 +01:00,20409.53,16594.29
01.03.2023 23:00:00 +01:00,19165.37,16167.83
02.03.2023 00:00:00 +01:00,18491.63,15738.93
02.03.2023 01:00:00 +01:00,18296.86,15522.25
02.03.2023 02:00:00 +01:00,18187.51,15472.58
02.03.2023 03:00:00 +01:00,18199.53,15466.65
02.03.2023 04:00:00 +01:00,18727.68,15624.49
02.03.2023 05:00:00 +01:00,20597.56,16101.83
02.03.2023 06:00:00 +01:00,22223.25,17227.47
02.03.2023 07:00:00 +01:00,23626.69,18570.10
02.03.2023 08:00:00 +01:00,23941.60,18845.35
02.03.2023 09:00:00 +01:00,23571.68,18421.03
02.03.2023 10:00:00 +01:00,22026.62,18014.81
02.03.2023 11:00:00 +01:00,21198.83,17542.68
02.03.2023 12:00:00 +01:00,21024.45,17218.75
02.03.2023 13:00:00 +01:00,20536.27,16948.82
02.03.2023 14:00:00 +01:00,20644.40,16858.92
02.03.2023 15:00:00 +01:00,20650.96,16864.70
02.03.2023 16:00:00 +01:00,21147.91,16976.15
02.03.2023 17:00:00 +01:00,21826.70,17137.95
02.03.2023 18:00:00 +01:00,22402.54,17434.44
02.03.2023 19:00:00 +01:00,22324.35,17542.82
02.03.2023 20:00:00 +01:00,21976.37,17521.19
02.03.2023 21:00:00 +01:00,21720.32,17289.53
02.03.2023 22:00:00 +01:00,21106.14,16972.86
02.03.2023 23:00:00 +01:00,20206.52,16521.35
03.03.2023 00:00:00 +01:00,19598.70,16072.96
03.03.2023 01:00:00 +01:00,19244.97,15824.40
03.03.2023 02:00:00 +01:00,18892.51,15707.54
03.03.2023 03:00:00 +01:00,19347.53,15645.74
03.03.2023 04:00:00 +01:00,20037.09,15726.52
03.03.2023 05:00:00 +01:00,20610.61,16089.46
03.03.2023 06:00:00 +01:00,21888.06,17240.40
03.03.2023 07:00:00 +01:00,23880.53,18441.15
03.03.2023 08:00:00 +01:00,24459.03,18847.12
03.03.2023 09:00:00 +01:00,24793.68,18742.66
03.03.2023 10:00:00 +01:00,23935.74,18521.82
03.03.2023 11:00:00 +01:00,23060.53,18195.36
03.03.2023 12:00:00 +01:00,21857.48,17876.53
03.03.2023 13:00:00 +01:00,20269.20,17299.75
03.03.2023 14:00:00 +01:00,19296.89,17176.96
03.03.2023 15:00:00 +01:00,19040.35,17421.81
03.03.2023 16:00:00 +01:00,19114.42,17446.56
03.03.2023 17:00:00 +01:00,19854.31,17608.96
03.03.2023 18:00:00 +01:00,19925.79,17818.13
03.03.2023 19:00:00 +01:00,18888.32,17698.75
03.03.2023 20:00:00 +01:00,18834.51,17494.01
03.03.2023 21:00:00 +01:00,18736.37,17144.38
03.03.2023 22:00:00 +01:00,18459.56,16870.11
03.03.2023 23:00:00 +01:00,17971.73,16644.62
04.03.2023 00:00:00 +01:00,18224.19,16269.59
04.03.2023 01:00:00 +01:00,17731.40,16013.28
04.03.2023 02:00:00 +01:00,17121.91,15907.03
04.03.2023 03:00:00 +01:00,17490.50,15865.79
04.03.2023 04:00:00 +01:00,17708.16,15878.44
04.03.2023 05:00:00 +01:00,17519.88,15984.59
04.03.2023 06:00:00 +01:00,17576.66,16359.18
04.03.2023 07:00:00 +01:00,18330.64,16719.99
04.03.2023 08:00:00 +01:00,19047.54,17199.34
04.03.2023 09:00:00 +01:00,19099.98,17418.19
04.03.2023 10:00:00 +01:00,18529.25,17434.13
04.03.2023 11:00:00 +01:00,17925.50,17230.63
04.03.2023 12:00:00 +01:00,17433.81,17205.33
04.03.2023 13:00:00 +01:00,17597.75,17100.04
04.03.2023 14:00:00 +01:00,18632.23,17022.83
04.03.2023 15:00:00 +01:00,19466.09,16996.69
04.03.2023 16:00:00 +01:00,20501.45,17187.77
04.03.2023 17:00:00 +01:00,22296.42,17562.23
04.03.2023 18:00:00 +01:00,23586.00,18072.33
04.03.2023 19:00:00 +01:00,23683.31,18092.92
04.03.2023 20:00:00 +01:00,22681.72,17763.67
04.03.2023 21:00:00 +01:00,22026.81,17440.64
04.03.2023 22:00:00 +01:00,21344.93,17203.05
04.03.2023 23:00:00 +01:00,20733.86,16940.99
05.03.2023 00:00:00 +01:00,19375.35,16702.37
05.03.2023 01:00:00 +01:00,19098.35,16480.74
05.03.2023 02:00:00 +01:00,18703.12,16385.31
05.03.2023 03:00:00 +01:00,18653.39,16343.81
05.03.2023 04:00:00 +01:00,18590.44,16328.51
05.03.2023 05:00:00 +01:00,18115.66,16405.67
05.03.2023 06:00:00 +01:00,18136.07,16639.94
05.03.2023 07:00:00 +01:00,18547.33,16921.87
05.03.2023 08:00:00 +01:00,19711.67,17220.33
05.03.2023 09:00:00 +01:00,19205.67,17345.89
05.03.2023 10:00:00 +01:00,18280.46,17127.16
05.03.2023 11:00:00 +01:00,18258.72,16867.79
05.03.2023 12:00:00 +01:00,18524.40,16596.21
05.03.2023 13:00:00 +01:00,17954.58,16375.72
05.03.2023 14:00:00 +01:00,18555.10,16333.75
05.03.2023 15:00:00 +01:00,19880.04,16486.81
05.03.2023 16:00:00 +01:00,21434.44,16683.49
05.03.2023 17:00:00 +01:00,23407.19,17024.06
05.03.2023 18:00:00 +01:00,24130.43,17554.58
05.03.2023 19:00:00 +01:00,23598.88,17751.28
05.03.2023 20:00:00 +01:00,23337.84,17768.66
05.03.2023 21:00:00 +01:00,23817.92,17579.31
05.03.2023 22:00:00 +01:00,24024.55,17342.33
05.03.2023 23:00:00 +01:00,23367.35,17078.06
06.03.2023 00:00:00 +01:00,23311.80,16780.90
06.03.2023 01:00:00 +01:00,23532.49,16554.55
06.03.2023 02:00:00 +01:00,23396.15,16604.85
06.03.2023 03:00:00 +01:00,23615.25,16653.30
06.03.2023 04:00:00 +01:00,23587.36,16839.19
06.03.2023 05:00:00 +01:00,24052.53,17209.83
06.03.2023 06:00:00 +01:00,24811.83,18379.72
06.03.2023 07:00:00 +01:00,25381.10,19621.70
06.03.2023 08:00:00 +01:00,24557.99,19834.88
06.03.2023 09:00:00 +01:00,24234.07,19415.88
06.03.2023 10:00:00 +01:00,24024.35,18899.06
06.03.2023 11:00:00 +01:00,23946.04,18498.50
06.03.2023 12:00:00 +01:00,23778.67,18173.33
06.03.2023 13:00:00 +01:00,23821.80,18004.58
06.03.2023 14:00:00 +01:00,23774.60,17920.64
06.03.2023 15:00:00 +01:00,23471.69,17942.31
06.03.2023 16:00:00 +01:00,23417.13,18110.34
06.03.2023 17:00:00 +01:00,24289.64,18242.52
06.03.2023 18:00:00 +01:00,24837.09,18507.95
06.03.2023 19:00:00 +01:00,24525.49,18638.16
06.03.2023 20:00:00 +01:00,24407.10,18680.09
06.03.2023 21:00:00 +01:00,24186.98,18600.01
06.03.2023 22:00:00 +01:00,23014.33,18278.44
06.03.2023 23:00:00 +01:00,21416.75,17767.41
07.03.2023 00:00:00 +01:00,19737.17,17376.12
07.03.2023 01:00:00 +01:00,18582.31,17220.78
07.03.2023 02:00:00 +01:00,17968.39,17190.49
07.03.2023 03:00:00 +01:00,17616.43,17315.44
07.03.2023 04:00:00 +01:00,17662.25,17375.26
07.03.2023 05:00:00 +01:00,18616.01,17806.10
07.03.2023 06:00:00 +01:00,20667.42,19052.11
07.03.2023 07:00:00 +01:00,22628.57,20221.96
07.03.2023 08:00:00 +01:00,22226.74,20480.05
07.03.2023 09:00:00 +01:00,21272.57,20218.16
07.03.2023 10:00:00 +01:00,19776.97,19479.19
07.03.2023 11:00:00 +01:00,18539.10,19412.64
07.03.2023 12:00:00 +01:00,18091.05,19034.13
07.03.2023 13:00:00 +01:00,17911.67,18851.41
07.03.2023 14:00:00 +01:00,18792.85,18783.86
07.03.2023 15:00:00 +01:00,20216.55,18753.09
07.03.2023 16:00:00 +01:00,21884.66,18868.73
07.03.2023 17:00:00 +01:00,23784.68,18920.52
07.03.2023 18:00:00 +01:00,24347.11,19169.26
07.03.2023 19:00:00 +01:00,24751.37,19273.47
07.03.2023 20:00:00 +01:00,24216.85,19368.15
07.03.2023 21:00:00 +01:00,23906.28,19222.13
07.03.2023 22:00:00 +01:00,23688.01,18881.80
07.03.2023 23:00:00 +01:00,23425.10,18419.24
08.03.2023 00:00:00 +01:00,22755.98,17991.73
08.03.2023 01:00:00 +01:00,22595.51,17714.17
08.03.2023 02:00:00 +01:00,22435.38,17697.95
08.03.2023 03:00:00 +01:00,22161.97,17758.35
08.03.2023 04:00:00 +01:00,22133.12,17925.48
08.03.2023 05:00:00 +01:00,23232.65,18303.42
08.03.2023 06:00:00 +01:00,24330.84,19370.84
08.03.2023 07:00:00 +01:00,24540.41,20700.93
08.03.2023 08:00:00 +01:00,24107.67,20789.09
08.03.2023 09:00:00 +01:00,24289.54,20447.81
08.03.2023 10:00:00 +01:00,24363.49,19974.99
08.03.2023 11:00:00 +01:00,24227.54,19488.64
08.03.2023 12:00:00 +01:00,24247.60,19163.85
08.03.2023 13:00:00 +01:00,23680.17,18898.51
08.03.2023 14:00:00 +01:00,23598.15,18734.92
08.03.2023 15:00:00 +01:00,24013.74,18730.83
08.03.2023 16:00:00 +01:00,24043.37,18790.43
08.03.2023 17:00:00 +01:00,24310.33,18920.75
08.03.2023 18:00:00 +01:00,24587.16,19182.35
08.03.2023 19:00:00 +01:00,24121.41,19305.95
08.03.2023 20:00:00 +01:00,24065.56,19236.69
08.03.2023 21:00:00 +01:00,24163.38,19039.31
08.03.2023 22:00:00 +01:00,23747.01,18656.88
08.03.2023 23:00:00 +01:00,23472.06,18190.48
09.03.2023 00:00:00 +01:00,22521.84,17736.32
09.03.2023 01:00:00 +01:00,21987.27,17464.91
09.03.2023 02:00:00 +01:00,21643.88,17429.82
09.03.2023 03:00:00 +01:00,21243.72,17471.79
09.03.2023 04:00:00 +01:00,21196.54,17630.26
09.03.2023 05:00:00 +01:00,22070.99,17934.28
09.03.2023 06:00:00 +01:00,23823.45,19091.06
09.03.2023 07:00:00 +01:00,23912.65,20428.16
09.03.2023 08:00:00 +01:00,23471.67,20720.51
09.03.2023 09:00:00 +01:00,24070.22,20344.95
09.03.2023 10:00:00 +01:00,24687.92,19527.92
09.03.2023 11:00:00 +01:00,24797.29,19421.38
09.03.2023 12:00:00 +01:00,24272.33,19151.53
09.03.2023 13:00:00 +01:00,24335.82,18973.77
09.03.2023 14:00:00 +01:00,24126.77,18963.42
09.03.2023 15:00:00 +01:00,24750.42,18940.13
09.03.2023 16:00:00 +01:00,25375.68,19087.65
09.03.2023 17:00:00 +01:00,25251.24,19163.50
09.03.2023 18:00:00 +01:00,25152.51,19423.22
09.03.2023 19:00:00 +01:00,25048.66,19639.39
09.03.2023 20:00:00 +01:00,24660.05,19579.23
09.03.2023 21:00:00 +01:00,24473.61,19531.59
09.03.2023 22:00:00 +01:00,24189.07,19237.93
09.03.2023 23:00:00 +01:00,22353.37,18825.76
10.03.2023 00:00:00 +01:00,21040.79,18471.92
10.03.2023 01:00:00 +01:00,20243.74,18225.02
10.03.2023 02:00:00 +01:00,19836.99,18181.38
10.03.2023 03:00:00 +01:00,19937.29,18205.32
10.03.2023 04:00:00 +01:00,20010.63,18307.69
10.03.2023 05:00:00 +01:00,20779.96,18790.72
10.03.2023 06:00:00 +01:00,24286.66,19965.21
10.03.2023 07:00:00 +01:00,25312.43,21124.03
10.03.2023 08:00:00 +01:00,25550.73,21237.52
10.03.2023 09:00:00 +01:00,25177.40,20836.12
10.03.2023 10:00:00 +01:00,24881.48,20373.54
10.03.2023 11:00:00 +01:00,24167.80,19993.40
10.03.2023 12:00:00 +01:00,23413.23,19625.38
10.03.2023 13:00:00 +01:00,22681.92,19303.89
10.03.2023 14:00:00 +01:00,22732.88,19073.82
10.03.2023 15:00:00 +01:00,23098.09,18945.17
10.03.2023 16:00:00 +01:00,23323.00,19000.70
10.03.2023 17:00:00 +01:00,24387.51,19168.68
10.03.2023 18:00:00 +01:00,24980.38,19456.81
10.03.2023 19:00:00 +01:00,24634.73,19499.50
10.03.2023 20:00:00 +01:00,23699.06,19276.66
10.03.2023 21:00:00 +01:00,22736.70,18924.71
10.03.2023 22:00:00 +01:00,20474.88,18581.96
10.03.2023 23:00:00 +01:00,18800.25,18266.01
11.03.2023 00:00:00 +01:00,18080.14,17892.88
11.03.2023 01:00:00 +01:00,17211.08,17755.22
11.03.2023 02:00:00 +01:00,17365.89,17624.70
11.03.2023 03:00:00 +01:00,17002.94,17605.96
11.03.2023 04:00:00 +01:00,17705.80,17676.79
11.03.2023 05:00:00 +01:00,18799.62,17760.45
11.03.2023 06:00:00 +01:00,20486.00,18085.01
11.03.2023 07:00:00 +01:00,22652.12,18447.53
11.03.2023 08:00:00 +01:00,23231.07,18860.29
11.03.2023 09:00:00 +01:00,22392.76,19039.17
11.03.2023 10:00:00 +01:00,21412.90,18980.63
11.03.2023 11:00:00 +01:00,19821.15,18641.67
11.03.2023 12:00:00 +01:00,18215.31,18272.88
11.03.2023 13:00:00 +01:00,18377.31,18076.81
11.03.2023 14:00:00 +01:00,18454.42,17854.53
11.03.2023 15:00:00 +01:00,19068.27,17698.50
11.03.2023 16:00:00 +01:00,20329.00,17800.10
11.03.2023 17:00:00 +01:00,22314.56,18118.44
11.03.2023 18:00:00 +01:00,23396.64,18613.35
11.03.2023 19:00:00 +01:00,22612.88,18763.39
11.03.2023 20:00:00 +01:00,21689.55,18467.81
11.03.2023 21:00:00 +01:00,21026.85,18162.43
11.03.2023 22:00:00 +01:00,20527.88,17945.54
11.03.2023 23:00:00 +01:00,20083.52,17677.74
12.03.2023 00:00:00 +01:00,20296.57,17436.72
12.03.2023 01:00:00 +01:00,19560.79,17251.97
12.03.2023 02:00:00 +01:00,19079.56,17193.83
12.03.2023 03:00:00 +01:00,17546.66,17267.21
12.03.2023 04:00:00 +01:00,16744.83,17305.30
12.03.2023 05:00:00 +01:00,16614.94,17425.77
12.03.2023 06:00:00 +01:00,16717.56,17656.96
12.03.2023 07:00:00 +01:00,16925.55,17893.66
12.03.2023 08:00:00 +01:00,17162.75,18044.38
12.03.2023 09:00:00 +01:00,17453.03,18138.75
12.03.2023 10:00:00 +01:00,17097.15,18162.00
12.03.2023 11:00:00 +01:00,15685.37,17924.30
12.03.2023 12:00:00 +01:00,14417.46,17724.41
12.03.2023 13:00:00 +01:00,14050.03,17729.26
12.03.2023 14:00:00 +01:00,14332.14,17753.26
12.03.2023 15:00:00 +01:00,14738.03,17769.09
12.03.2023 16:00:00 +01:00,17040.40,17924.01
12.03.2023 17:00:00 +01:00,20196.59,18113.17
12.03.2023 18:00:00 +01:00,20981.47,18357.17
12.03.2023 19:00:00 +01:00,21410.28,18624.49
12.03.2023 20:00:00 +01:00,20448.54,18590.69
12.03.2023 21:00:00 +01:00,18742.30,18331.73
12.03.2023 22:00:00 +01:00,17229.79,17933.09
12.03.2023 23:00:00 +01:00,15612.82,17545.98
13.03.2023 00:00:00 +01:00,13991.20,17194.94
13.03.2023 01:00:00 +01:00,12635.86,16960.81
13.03.2023 02:00:00 +01:00,11593.92,16832.60
13.03.2023 03:00:00 +01:00,10930.43,16823.82
13.03.2023 04:00:00 +01:00,10375.15,16869.89
13.03.2023 05:00:00 +01:00,10705.05,17206.04
13.03.2023 06:00:00 +01:00,13604.93,18273.92
13.03.2023 07:00:00 +01:00,15753.92,19568.64
13.03.2023 08:00:00 +01:00,16469.09,19937.47
13.03.2023 09:00:00 +01:00,16518.21,19823.28
13.03.2023 10:00:00 +01:00,16376.36,19634.35
13.03.2023 11:00:00 +01:00,15869.27,19419.74
13.03.2023 12:00:00 +01:00,15505.90,19266.44
13.03.2023 13:00:00 +01:00,15139.18,19180.44
13.03.2023 14:00:00 +01:00,15534.80,19197.15
13.03.2023 15:00:00 +01:00,15303.98,19115.71
13.03.2023 16:00:00 +01:00,15130.53,19139.01
13.03.2023 17:00:00 +01:00,14916.08,19065.26
13.03.2023 18:00:00 +01:00,16001.82,19057.74
13.03.2023 19:00:00 +01:00,16271.11,19121.98
13.03.2023 20:00:00 +01:00,15643.89,18917.90
13.03.2023 21:00:00 +01:00,14894.76,18549.11
13.03.2023 22:00:00 +01:00,13797.50,18084.79
13.03.2023 23:00:00 +01:00,12219.05,17565.44
14.03.2023 00:00:00 +01:00,12058.72,17165.96
14.03.2023 01:00:00 +01:00,12312.52,16873.76
14.03.2023 02:00:00 +01:00,12307.52,16767.67
14.03.2023 03:00:00 +01:00,11708.26,16697.32
14.03.2023 04:00:00 +01:00,11562.65,16806.07
14.03.2023 05:00:00 +01:00,12263.86,17219.43
14.03.2023 06:00:00 +01:00,14474.01,18351.65
14.03.2023 07:00:00 +01:00,17901.18,19557.17
14.03.2023 08:00:00 +01:00,18454.04,19776.42
14.03.2023 09:00:00 +01:00,17123.60,19453.51
14.03.2023 10:00:00 +01:00,16347.69,18735.96
14.03.2023 11:00:00 +01:00,15522.00,18617.58
14.03.2023 12:00:00 +01:00,15474.01,18230.25
14.03.2023 13:00:00 +01:00,15136.22,17947.93
14.03.2023 14:00:00 +01:00,14975.67,17931.62
14.03.2023 15:00:00 +01:00,15350.18,17873.03
14.03.2023 16:00:00 +01:00,16880.54,17973.86
14.03.2023 17:00:00 +01:00,19472.24,18025.00
14.03.2023 18:00:00 +01:00,20874.18,18406.45
14.03.2023 19:00:00 +01:00,20578.52,18666.25
14.03.2023 20:00:00 +01:00,20426.82,18630.13
14.03.2023 21:00:00 +01:00,20170.81,18512.30
14.03.2023 22:00:00 +01:00,19447.34,18150.13
14.03.2023 23:00:00 +01:00,18962.84,17697.10
15.03.2023 00:00:00 +01:00,19517.33,17257.56
15.03.2023 01:00:00 +01:00,18866.62,16967.12
15.03.2023 02:00:00 +01:00,18641.87,16890.25
15.03.2023 03:00:00 +01:00,18328.85,16935.69
15.03.2023 04:00:00 +01:00,18434.77,17028.89
15.03.2023 05:00:00 +01:00,19488.85,17423.33
15.03.2023 06:00:00 +01:00,21726.60,18592.19
15.03.2023 07:00:00 +01:00,23148.70,19707.33
15.03.2023 08:00:00 +01:00,22337.96,19690.86
15.03.2023 09:00:00 +01:00,20896.45,19175.13
15.03.2023 10:00:00 +01:00,19304.58,18718.28
15.03.2023 11:00:00 +01:00,17582.45,18282.81
15.03.2023 12:00:00 +01:00,16484.31,17932.47
15.03.2023 13:00:00 +01:00,16240.85,17617.75
15.03.2023 14:00:00 +01:00,16530.12,17488.84
15.03.2023 15:00:00 +01:00,16747.22,17425.38
15.03.2023 16:00:00 +01:00,18139.56,17456.41
15.03.2023 17:00:00 +01:00,19782.88,17596.52
15.03.2023 18:00:00 +01:00,20004.97,18006.42
15.03.2023 19:00:00 +01:00,20091.53,18382.23
15.03.2023 20:00:00 +01:00,19475.33,18505.98
15.03.2023 21:00:00 +01:00,20017.01,18309.59
15.03.2023 22:00:00 +01:00,20016.15,17927.70
15.03.2023 23:00:00 +01:00,19932.28,17497.42
16.03.2023 00:00:00 +01:00,20377.69,17047.46
16.03.2023 01:00:00 +01:00,20286.32,16874.49
16.03.2023 02:00:00 +01:00,19340.60,16907.99
16.03.2023 03:00:00 +01:00,18490.83,16996.07
16.03.2023 04:00:00 +01:00,17854.97,17191.78
16.03.2023 05:00:00 +01:00,19889.79,17635.64
16.03.2023 06:00:00 +01:00,22758.30,18720.19
16.03.2023 07:00:00 +01:00,24787.27,19850.13
16.03.2023 08:00:00 +01:00,24452.58,19938.54
16.03.2023 09:00:00 +01:00,23702.49,19600.37
16.03.2023 10:00:00 +01:00,21186.34,19219.82
16.03.2023 11:00:00 +01:00,18471.28,18935.98
16.03.2023 12:00:00 +01:00,17032.23,18649.06
16.03.2023 13:00:00 +01:00,16266.05,18543.47
16.03.2023 14:00:00 +01:00,16786.04,18599.08
16.03.2023 15:00:00 +01:00,17704.64,18750.55
16.03.2023 16:00:00 +01:00,19619.62,18845.41
16.03.2023 17:00:00 +01:00,21626.12,18918.14
16.03.2023 18:00:00 +01:00,22583.63,19051.44
16.03.2023 19:00:00 +01:00,21888.46,19138.88
16.03.2023 20:00:00 +01:00,20352.65,19044.19
16.03.2023 21:00:00 +01:00,19479.47,18873.15
16.03.2023 22:00:00 +01:00,17726.90,18409.96
16.03.2023 23:00:00 +01:00,16653.80,17875.36
17.03.2023 00:00:00 +01:00,15991.61,17335.65
17.03.2023 01:00:00 +01:00,15646.25,17009.16
17.03.2023 02:00:00 +01:00,15383.38,16797.36
17.03.2023 03:00:00 +01:00,14495.96,16655.91
17.03.2023 04:00:00 +01:00,14353.62,16662.32
17.03.2023 05:00:00 +01:00,16705.06,16970.48
17.03.2023 06:00:00 +01:00,18834.68,17995.78
17.03.2023 07:00:00 +01:00,20789.86,19132.26
17.03.2023 08:00:00 +01:00,21129.97,19479.48
17.03.2023 09:00:00 +01:00,19885.59,19425.30
17.03.2023 10:00:00 +01:00,18479.15,19278.32
17.03.2023 11:00:00 +01:00,17196.14,19163.17
17.03.2023 12:00:00 +01:00,16821.02,18967.80
17.03.2023 13:00:00 +01:00,17907.72,18792.86
17.03.2023 14:00:00 +01:00,18849.68,18733.45
17.03.2023 15:00:00 +01:00,20291.19,17670.62
17.03.2023 16:00:00 +01:00,20749.20,17504.18
17.03.2023 17:00:00 +01:00,21611.81,17384.00
17.03.2023 18:00:00 +01:00,22146.76,17793.72
17.03.2023 19:00:00 +01:00,22438.23,18266.09
17.03.2023 20:00:00 +01:00,20900.33,17887.86
17.03.2023 21:00:00 +01:00,19862.13,17416.60
17.03.2023 22:00:00 +01:00,19052.61,16963.86
17.03.2023 23:00:00 +01:00,18309.66,16468.68
18.03.2023 00:00:00 +01:00,18506.94,15364.17
18.03.2023 01:00:00 +01:00,18022.34,15062.66
18.03.2023 02:00:00 +01:00,17866.07,14894.91
18.03.2023 03:00:00 +01:00,17900.16,14780.96
18.03.2023 04:00:00 +01:00,18064.01,14608.13
18.03.2023 05:00:00 +01:00,18769.27,14713.09
18.03.2023 06:00:00 +01:00,19551.78,14894.87
18.03.2023 07:00:00 +01:00,20383.95,15276.06
18.03.2023 08:00:00 +01:00,20909.79,16447.79
18.03.2023 09:00:00 +01:00,20475.21,17041.41
18.03.2023 10:00:00 +01:00,19364.06,17080.46
18.03.2023 11:00:00 +01:00,17461.78,16845.95
18.03.2023 12:00:00 +01:00,15717.93,16560.40
18.03.2023 13:00:00 +01:00,15698.11,16373.12
18.03.2023 14:00:00 +01:00,16605.47,16238.36
18.03.2023 15:00:00 +01:00,18651.95,16174.79
18.03.2023 16:00:00 +01:00,20433.70,16245.48
18.03.2023 17:00:00 +01:00,21740.54,16539.29
18.03.2023 18:00:00 +01:00,22326.05,16989.10
18.03.2023 19:00:00 +01:00,22104.94,17156.01
18.03.2023 20:00:00 +01:00,21622.78,16873.32
18.03.2023 21:00:00 +01:00,21240.74,16531.49
18.03.2023 22:00:00 +01:00,20981.19,16251.81
18.03.2023 23:00:00 +01:00,20461.40,15934.34
19.03.2023 00:00:00 +01:00,20243.70,15666.37
19.03.2023 01:00:00 +01:00,20098.62,15500.72
19.03.2023 02:00:00 +01:00,20108.76,15412.59
19.03.2023 03:00:00 +01:00,20307.28,15369.40
19.03.2023 04:00:00 +01:00,20220.30,15358.57
19.03.2023 05:00:00 +01:00,20057.36,15411.31
19.03.2023 06:00:00 +01:00,20118.30,15487.69
19.03.2023 07:00:00 +01:00,20504.04,15668.42
19.03.2023 08:00:00 +01:00,21000.34,16037.26
19.03.2023 09:00:00 +01:00,21550.48,16442.87
19.03.2023 10:00:00 +01:00,21950.29,16644.25
19.03.2023 11:00:00 +01:00,21772.87,16592.24
19.03.2023 12:00:00 +01:00,21164.38,16576.00
19.03.2023 13:00:00 +01:00,20078.59,16596.81
19.03.2023 14:00:00 +01:00,20269.32,16663.87
19.03.2023 15:00:00 +01:00,20799.68,16732.11
19.03.2023 16:00:00 +01:00,21702.25,16825.96
19.03.2023 17:00:00 +01:00,21769.36,16877.61
19.03.2023 18:00:00 +01:00,21958.15,17025.04
19.03.2023 19:00:00 +01:00,21558.52,17168.80
19.03.2023 20:00:00 +01:00,21327.57,17121.24
19.03.2023 21:00:00 +01:00,21430.44,16807.65
19.03.2023 22:00:00 +01:00,21099.45,16490.60
19.03.2023 23:00:00 +01:00,20395.06,16064.08
20.03.2023 00:00:00 +01:00,19744.29,15639.07
20.03.2023 01:00:00 +01:00,19310.62,15350.50
20.03.2023 02:00:00 +01:00,18680.52,15198.65
20.03.2023 03:00:00 +01:00,18546.67,15257.18
20.03.2023 04:00:00 +01:00,18746.42,15307.99
20.03.2023 05:00:00 +01:00,19671.22,15736.40
20.03.2023 06:00:00 +01:00,21220.15,16816.03
20.03.2023 07:00:00 +01:00,22650.87,18066.78
20.03.2023 08:00:00 +01:00,22993.12,18296.30
20.03.2023 09:00:00 +01:00,22514.30,17966.52
20.03.2023 10:00:00 +01:00,22235.49,17666.70
20.03.2023 11:00:00 +01:00,21768.82,17379.18
20.03.2023 12:00:00 +01:00,20834.14,17043.16
20.03.2023 13:00:00 +01:00,20570.59,16901.82
20.03.2023 14:00:00 +01:00,20915.51,16824.12
20.03.2023 15:00:00 +01:00,21291.00,16168.56
20.03.2023 16:00:00 +01:00,21989.71,16821.08
20.03.2023 17:00:00 +01:00,23007.01,16829.95
20.03.2023 18:00:00 +01:00,23682.32,16965.90
20.03.2023 19:00:00 +01:00,23782.49,17333.99
20.03.2023 20:00:00 +01:00,23181.41,17476.16
20.03.2023 21:00:00 +01:00,23072.80,17351.81
20.03.2023 22:00:00 +01:00,22301.07,17027.41
20.03.2023 23:00:00 +01:00,21309.61,16534.56
21.03.2023 00:00:00 +01:00,21378.13,16126.27
21.03.2023 01:00:00 +01:00,20979.36,15992.33
21.03.2023 02:00:00 +01:00,20845.71,15930.71
21.03.2023 03:00:00 +01:00,20761.70,15944.16
21.03.2023 04:00:00 +01:00,20278.54,15984.90
21.03.2023 05:00:00 +01:00,20804.80,16316.06
21.03.2023 06:00:00 +01:00,22321.14,17356.05
21.03.2023 07:00:00 +01:00,23743.05,18556.58
21.03.2023 08:00:00 +01:00,24005.46,18835.06
21.03.2023 09:00:00 +01:00,23098.55,18673.04
21.03.2023 10:00:00 +01:00,22007.99,15076.60
21.03.2023 11:00:00 +01:00,20872.91,18184.28
21.03.2023 12:00:00 +01:00,20664.79,18052.98
21.03.2023 13:00:00 +01:00,20693.64,17851.44
21.03.2023 14:00:00 +01:00,20313.38,17859.90
21.03.2023 15:00:00 +01:00,20133.13,17878.44
21.03.2023 16:00:00 +01:00,21113.54,17864.73
21.03.2023 17:00:00 +01:00,22198.85,17819.17
21.03.2023 18:00:00 +01:00,22977.69,18048.32
21.03.2023 19:00:00 +01:00,22808.33,18192.55
21.03.2023 20:00:00 +01:00,21207.19,18080.13
21.03.2023 21:00:00 +01:00,20016.04,17779.85
21.03.2023 22:00:00 +01:00,18986.27,17310.81
21.03.2023 23:00:00 +01:00,17552.53,16747.92
22.03.2023 00:00:00 +01:00,15676.97,16192.65
22.03.2023 01:00:00 +01:00,14447.97,15929.90
22.03.2023 02:00:00 +01:00,13613.15,15732.24
22.03.2023 03:00:00 +01:00,13090.42,15674.52
22.03.2023 04:00:00 +01:00,12261.48,15687.03
22.03.2023 05:00:00 +01:00,13377.00,15990.46
22.03.2023 06:00:00 +01:00,16047.89,17029.98
22.03.2023 07:00:00 +01:00,19081.75,18171.02
22.03.2023 08:00:00 +01:00,19504.28,18414.14
22.03.2023 09:00:00 +01:00,17949.74,18233.55
22.03.2023 10:00:00 +01:00,16000.75,18078.02
22.03.2023 11:00:00 +01:00,15141.25,17957.74
22.03.2023 12:00:00 +01:00,14832.10,17853.66
22.03.2023 13:00:00 +01:00,14817.68,17841.96
22.03.2023 14:00:00 +01:00,14984.14,17691.13
22.03.2023 15:00:00 +01:00,16264.69,17677.97
22.03.2023 16:00:00 +01:00,17168.79,17822.04
22.03.2023 17:00:00 +01:00,17842.88,17730.45
22.03.2023 18:00:00 +01:00,19052.89,17745.72
22.03.2023 19:00:00 +01:00,19253.43,17965.41
22.03.2023 20:00:00 +01:00,18992.15,17983.06
22.03.2023 21:00:00 +01:00,18575.51,17687.80
22.03.2023 22:00:00 +01:00,17541.82,17273.96
22.03.2023 23:00:00 +01:00,14699.15,16740.43
23.03.2023 00:00:00 +01:00,12164.73,16222.14
23.03.2023 01:00:00 +01:00,10666.72,15934.88
23.03.2023 02:00:00 +01:00,9604.21,15709.51
23.03.2023 03:00:00 +01:00,9401.72,15615.72
23.03.2023 04:00:00 +01:00,9355.05,15622.21
23.03.2023 05:00:00 +01:00,11190.29,15931.16
23.03.2023 06:00:00 +01:00,14536.07,16864.28
23.03.2023 07:00:00 +01:00,17386.90,17982.98
23.03.2023 08:00:00 +01:00,17771.74,18171.65
23.03.2023 09:00:00 +01:00,16538.09,17946.37
23.03.2023 10:00:00 +01:00,15953.85,17424.95
23.03.2023 11:00:00 +01:00,14844.80,17528.80
23.03.2023 12:00:00 +01:00,15307.68,17368.82
23.03.2023 13:00:00 +01:00,14989.27,17349.44
23.03.2023 14:00:00 +01:00,14757.46,17356.79
23.03.2023 15:00:00 +01:00,15523.37,17274.73
23.03.2023 16:00:00 +01:00,17382.88,17341.75
23.03.2023 17:00:00 +01:00,18968.95,17299.19
23.03.2023 18:00:00 +01:00,20346.80,17396.63
23.03.2023 19:00:00 +01:00,20707.37,17571.87
23.03.2023 20:00:00 +01:00,20057.80,17459.47
23.03.2023 21:00:00 +01:00,19067.80,17147.10
23.03.2023 22:00:00 +01:00,17830.53,16748.54
23.03.2023 23:00:00 +01:00,15532.80,16224.14
24.03.2023 00:00:00 +01:00,14006.44,15750.23
24.03.2023 01:00:00 +01:00,12459.12,15410.81
24.03.2023 02:00:00 +01:00,11793.88,15249.84
24.03.2023 03:00:00 +01:00,10905.25,15246.51
24.03.2023 04:00:00 +01:00,10340.68,15304.17
24.03.2023 05:00:00 +01:00,10802.53,15561.08
24.03.2023 06:00:00 +01:00,12868.38,16508.06
24.03.2023 07:00:00 +01:00,15777.03,17647.29
24.03.2023 08:00:00 +01:00,15820.98,17939.90
24.03.2023 09:00:00 +01:00,14190.21,17782.61
24.03.2023 10:00:00 +01:00,13875.94,17692.10
24.03.2023 11:00:00 +01:00,14072.74,17595.01
24.03.2023 12:00:00 +01:00,14112.49,17435.14
24.03.2023 13:00:00 +01:00,13946.65,17357.91
24.03.2023 14:00:00 +01:00,14142.70,17290.54
24.03.2023 15:00:00 +01:00,14487.58,17201.94
24.03.2023 16:00:00 +01:00,15577.60,17253.18
24.03.2023 17:00:00 +01:00,17451.46,17204.82
24.03.2023 18:00:00 +01:00,18748.80,17297.38
24.03.2023 19:00:00 +01:00,19181.70,17410.26
24.03.2023 20:00:00 +01:00,18143.23,17107.47
24.03.2023 21:00:00 +01:00,16363.65,16677.04
24.03.2023 22:00:00 +01:00,14701.63,16374.28
24.03.2023 23:00:00 +01:00,12894.61,16036.42
25.03.2023 00:00:00 +01:00,10918.99,15690.27
25.03.2023 01:00:00 +01:00,9851.01,15402.25
25.03.2023 02:00:00 +01:00,9183.48,15276.40
25.03.2023 03:00:00 +01:00,8727.17,15286.34
25.03.2023 04:00:00 +01:00,8469.56,15351.61
25.03.2023 05:00:00 +01:00,8340.69,15457.62
25.03.2023 06:00:00 +01:00,8601.33,15576.73
25.03.2023 07:00:00 +01:00,9494.15,15865.09
25.03.2023 08:00:00 +01:00,11883.59,16331.42
25.03.2023 09:00:00 +01:00,12830.93,16654.80
25.03.2023 10:00:00 +01:00,13402.64,16812.62
25.03.2023 11:00:00 +01:00,13229.19,16671.19
25.03.2023 12:00:00 +01:00,13157.26,16520.86
25.03.2023 13:00:00 +01:00,12820.75,16438.50
25.03.2023 14:00:00 +01:00,12678.92,16321.62
25.03.2023 15:00:00 +01:00,12963.36,16415.64
25.03.2023 16:00:00 +01:00,13476.82,16583.86
25.03.2023 17:00:00 +01:00,14258.76,16869.41
25.03.2023 18:00:00 +01:00,15962.85,17210.59
25.03.2023 19:00:00 +01:00,16429.91,17440.32
25.03.2023 20:00:00 +01:00,15067.72,17210.57
25.03.2023 21:00:00 +01:00,14332.61,16893.73
25.03.2023 22:00:00 +01:00,14443.74,16690.31
25.03.2023 23:00:00 +01:00,14239.82,16479.52
26.03.2023 00:00:00 +01:00,14037.30,16228.00
26.03.2023 01:00:00 +01:00,13785.82,16093.23
26.03.2023 03:00:00 +02:00,13555.77,16003.51
26.03.2023 04:00:00 +02:00,13284.24,16113.51
26.03.2023 05:00:00 +02:00,13262.03,16205.40
26.03.2023 06:00:00 +02:00,12859.86,16353.43
26.03.2023 07:00:00 +02:00,13800.22,16436.04
26.03.2023 08:00:00 +02:00,15440.83,16725.76
26.03.2023 09:00:00 +02:00,16197.76,16945.24
26.03.2023 10:00:00 +02:00,15959.90,17076.18
26.03.2023 11:00:00 +02:00,15091.65,16839.86
26.03.2023 12:00:00 +02:00,14668.11,16708.20
26.03.2023 13:00:00 +02:00,13503.13,16457.98
26.03.2023 14:00:00 +02:00,12637.06,16359.19
26.03.2023 15:00:00 +02:00,12831.04,16367.33
26.03.2023 16:00:00 +02:00,14472.55,16400.19
26.03.2023 17:00:00 +02:00,17201.54,16511.09
26.03.2023 18:00:00 +02:00,19182.32,16783.97
26.03.2023 19:00:00 +02:00,21232.98,17241.81
26.03.2023 20:00:00 +02:00,21466.40,17737.08
26.03.2023 21:00:00 +02:00,21628.34,17824.78
26.03.2023 22:00:00 +02:00,21282.13,17656.65
26.03.2023 23:00:00 +02:00,19946.94,17329.47
27.03.2023 00:00:00 +02:00,19493.62,16996.92
27.03.2023 01:00:00 +02:00,18779.53,16809.02
27.03.2023 02:00:00 +02:00,17675.83,16760.73
27.03.2023 03:00:00 +02:00,17008.73,16835.87
27.03.2023 04:00:00 +02:00,17161.98,17068.20
27.03.2023 05:00:00 +02:00,19599.05,17508.63
27.03.2023 06:00:00 +02:00,22492.42,18555.82
27.03.2023 07:00:00 +02:00,24226.91,19899.85
27.03.2023 08:00:00 +02:00,24194.05,20176.48
27.03.2023 09:00:00 +02:00,22909.99,19865.28
27.03.2023 10:00:00 +02:00,20560.48,19330.04
27.03.2023 11:00:00 +02:00,17840.84,18820.82
27.03.2023 12:00:00 +02:00,16304.06,18261.21
27.03.2023 13:00:00 +02:00,15136.17,18089.14
27.03.2023 14:00:00 +02:00,14001.97,17919.34
27.03.2023 15:00:00 +02:00,13990.68,17633.56
27.03.2023 16:00:00 +02:00,14699.26,17631.39
27.03.2023 17:00:00 +02:00,16961.41,17447.65
27.03.2023 18:00:00 +02:00,18981.10,17494.40
27.03.2023 19:00:00 +02:00,20538.17,17911.64
27.03.2023 20:00:00 +02:00,20833.05,18408.52
27.03.2023 21:00:00 +02:00,20424.71,18431.66
27.03.2023 22:00:00 +02:00,19512.03,18084.40
27.03.2023 23:00:00 +02:00,18258.61,17661.86
28.03.2023 00:00:00 +02:00,17592.78,17356.86
28.03.2023 01:00:00 +02:00,17109.08,17182.58
28.03.2023 02:00:00 +02:00,17719.05,17080.98
28.03.2023 03:00:00 +02:00,18641.57,17161.12
28.03.2023 04:00:00 +02:00,19180.40,17335.73
28.03.2023 05:00:00 +02:00,20944.09,17706.10
28.03.2023 06:00:00 +02:00,23093.04,18884.09
28.03.2023 07:00:00 +02:00,23283.20,19959.95
28.03.2023 08:00:00 +02:00,23476.26,20108.97
28.03.2023 09:00:00 +02:00,23206.65,19761.76
28.03.2023 10:00:00 +02:00,22612.47,19038.99
28.03.2023 11:00:00 +02:00,20685.46,18941.37
28.03.2023 12:00:00 +02:00,19090.19,18594.78
28.03.2023 13:00:00 +02:00,18379.22,18329.43
28.03.2023 14:00:00 +02:00,18408.18,18170.86
28.03.2023 15:00:00 +02:00,19146.32,18123.52
28.03.2023 16:00:00 +02:00,20453.03,18179.65
28.03.2023 17:00:00 +02:00,22178.55,18098.57
28.03.2023 18:00:00 +02:00,23739.28,18047.54
28.03.2023 19:00:00 +02:00,24499.09,18251.69
28.03.2023 20:00:00 +02:00,24147.58,18441.53
28.03.2023 21:00:00 +02:00,23801.08,18418.28
28.03.2023 22:00:00 +02:00,23243.82,18149.98
28.03.2023 23:00:00 +02:00,22146.95,17654.75
29.03.2023 00:00:00 +02:00,19992.24,17119.40
29.03.2023 01:00:00 +02:00,19125.30,16864.89
29.03.2023 02:00:00 +02:00,19464.08,16737.26
29.03.2023 03:00:00 +02:00,20216.41,16722.91
29.03.2023 04:00:00 +02:00,20331.09,16844.35
29.03.2023 05:00:00 +02:00,21226.21,17173.89
29.03.2023 06:00:00 +02:00,23633.32,18133.53
29.03.2023 07:00:00 +02:00,23535.15,19195.90
29.03.2023 08:00:00 +02:00,23441.64,19478.89
29.03.2023 09:00:00 +02:00,23427.18,19184.50
29.03.2023 10:00:00 +02:00,23212.69,18927.10
29.03.2023 11:00:00 +02:00,22400.48,18680.03
29.03.2023 12:00:00 +02:00,21744.31,17954.45
29.03.2023 13:00:00 +02:00,21344.74,18068.23
29.03.2023 14:00:00 +02:00,20337.14,18002.55
29.03.2023 15:00:00 +02:00,21171.37,17946.98
29.03.2023 16:00:00 +02:00,22423.20,18003.10
29.03.2023 17:00:00 +02:00,23094.73,17764.23
29.03.2023 18:00:00 +02:00,22862.50,17600.54
29.03.2023 19:00:00 +02:00,23833.40,17816.07
29.03.2023 20:00:00 +02:00,24924.30,18197.24
29.03.2023 21:00:00 +02:00,25123.67,18338.25
29.03.2023 22:00:00 +02:00,23916.65,18069.82
29.03.2023 23:00:00 +02:00,20760.19,17556.34
30.03.2023 00:00:00 +02:00,18636.68,17074.02
30.03.2023 01:00:00 +02:00,16807.75,16826.90
30.03.2023 02:00:00 +02:00,16590.01,16791.60
30.03.2023 03:00:00 +02:00,16194.11,16816.64
30.03.2023 04:00:00 +02:00,16111.85,16970.46
30.03.2023 05:00:00 +02:00,17384.14,17312.18
30.03.2023 06:00:00 +02:00,20421.18,18393.28
30.03.2023 07:00:00 +02:00,23371.53,19631.28
30.03.2023 08:00:00 +02:00,23445.96,19951.32
30.03.2023 09:00:00 +02:00,22732.82,19777.36
30.03.2023 10:00:00 +02:00,20479.22,19203.51
30.03.2023 11:00:00 +02:00,19266.91,19338.69
30.03.2023 12:00:00 +02:00,17649.90,19089.32
30.03.2023 13:00:00 +02:00,16341.96,18887.86
30.03.2023 14:00:00 +02:00,15862.89,18774.49
30.03.2023 15:00:00 +02:00,15427.62,18626.17
30.03.2023 16:00:00 +02:00,15541.84,18610.96
30.03.2023 17:00:00 +02:00,17278.63,18511.58
30.03.2023 18:00:00 +02:00,19268.04,18440.23
30.03.2023 19:00:00 +02:00,21300.54,18533.11
30.03.2023 20:00:00 +02:00,22270.23,18749.27
30.03.2023 21:00:00 +02:00,20998.35,18605.52
30.03.2023 22:00:00 +02:00,19979.82,18251.38
30.03.2023 23:00:00 +02:00,18143.04,17716.25
31.03.2023 00:00:00 +02:00,15969.66,17215.90
31.03.2023 01:00:00 +02:00,14808.29,16902.58
31.03.2023 02:00:00 +02:00,14297.62,16750.71
31.03.2023 03:00:00 +02:00,13923.88,16634.38
31.03.2023 04:00:00 +02:00,14560.81,16695.43
31.03.2023 05:00:00 +02:00,16503.97,17004.34
31.03.2023 06:00:00 +02:00,19494.33,18054.86
31.03.2023 07:00:00 +02:00,23193.17,19236.20
31.03.2023 08:00:00 +02:00,24126.69,19348.82
31.03.2023 09:00:00 +02:00,23996.16,19196.53
31.03.2023 10:00:00 +02:00,23063.59,18905.01
31.03.2023 11:00:00 +02:00,22121.23,18590.35
31.03.2023 12:00:00 +02:00,20250.77,18124.04
31.03.2023 13:00:00 +02:00,18661.93,17858.11
31.03.2023 14:00:00 +02:00,18140.78,17595.94
31.03.2023 15:00:00 +02:00,18678.64,17323.91
31.03.2023 16:00:00 +02:00,18982.14,17113.66
31.03.2023 17:00:00 +02:00,20183.22,16957.54
31.03.2023 18:00:00 +02:00,21564.67,17008.15
31.03.2023 19:00:00 +02:00,21816.88,17228.34
31.03.2023 20:00:00 +02:00,21213.95,17399.40
31.03.2023 21:00:00 +02:00,19669.44,17324.79
31.03.2023 22:00:00 +02:00,17570.23,17029.90
31.03.2023 23:00:00 +02:00,15357.73,16813.14
01.04.2023 00:00:00 +02:00,13266.88,16418.57
01.04.2023 01:00:00 +02:00,12681.37,16233.19
01.04.2023 02:00:00 +02:00,12688.75,16179.70
01.04.2023 03:00:00 +02:00,12487.62,16194.75
01.04.2023 04:00:00 +02:00,12488.49,16288.97
01.04.2023 05:00:00 +02:00,12430.90,16421.91
01.04.2023 06:00:00 +02:00,12536.84,16700.88
01.04.2023 07:00:00 +02:00,13400.31,16972.63
01.04.2023 08:00:00 +02:00,14905.52,17254.24
01.04.2023 09:00:00 +02:00,14707.40,17317.22
01.04.2023 10:00:00 +02:00,14049.37,17157.44
01.04.2023 11:00:00 +02:00,13457.93,16812.59
01.04.2023 12:00:00 +02:00,12396.81,16396.70
01.04.2023 13:00:00 +02:00,11662.20,16014.72
01.04.2023 14:00:00 +02:00,11569.10,15736.22
01.04.2023 15:00:00 +02:00,11204.96,15541.83
01.04.2023 16:00:00 +02:00,11584.87,15519.89
01.04.2023 17:00:00 +02:00,12478.68,15653.08
01.04.2023 18:00:00 +02:00,13348.68,15831.27
01.04.2023 19:00:00 +02:00,14896.23,16075.85
01.04.2023 20:00:00 +02:00,14679.04,16333.76
01.04.2023 21:00:00 +02:00,13847.13,16359.44
01.04.2023 22:00:00 +02:00,13727.53,16357.84
01.04.2023 23:00:00 +02:00,12899.51,16105.47
02.04.2023 00:00:00 +02:00,12234.23,15979.49
02.04.2023 01:00:00 +02:00,11718.68,15873.15
02.04.2023 02:00:00 +02:00,11834.56,15843.69
02.04.2023 03:00:00 +02:00,11933.00,15904.06
02.04.2023 04:00:00 +02:00,12060.58,15975.23
02.04.2023 05:00:00 +02:00,12010.37,16119.22
02.04.2023 06:00:00 +02:00,12572.69,16345.23
02.04.2023 07:00:00 +02:00,12823.33,16481.69
02.04.2023 08:00:00 +02:00,13530.45,16596.12
02.04.2023 09:00:00 +02:00,13575.59,16550.78
02.04.2023 10:00:00 +02:00,12946.66,16373.47
02.04.2023 11:00:00 +02:00,12606.01,16073.15
02.04.2023 12:00:00 +02:00,12510.00,15740.85
02.04.2023 13:00:00 +02:00,11282.95,15514.12
02.04.2023 14:00:00 +02:00,10464.74,15325.84
02.04.2023 15:00:00 +02:00,11063.22,15220.84
02.04.2023 16:00:00 +02:00,12140.96,15267.62
02.04.2023 17:00:00 +02:00,13447.69,15354.78
02.04.2023 18:00:00 +02:00,15323.92,15523.20
02.04.2023 19:00:00 +02:00,18008.76,15754.23
02.04.2023 20:00:00 +02:00,19918.02,16142.96
02.04.2023 21:00:00 +02:00,20754.07,16241.38
02.04.2023 22:00:00 +02:00,20067.24,16111.93
02.04.2023 23:00:00 +02:00,19351.20,15907.09
03.04.2023 00:00:00 +02:00,18733.08,15672.96
03.04.2023 01:00:00 +02:00,18373.23,15494.31
03.04.2023 02:00:00 +02:00,18240.23,15455.57
03.04.2023 03:00:00 +02:00,18457.75,15522.95
03.04.2023 04:00:00 +02:00,18345.77,15666.62
03.04.2023 05:00:00 +02:00,20502.03,16008.03
03.04.2023 06:00:00 +02:00,23041.67,16731.74
03.04.2023 07:00:00 +02:00,23646.54,17606.48
03.04.2023 08:00:00 +02:00,23761.11,17979.56
03.04.2023 09:00:00 +02:00,23869.44,17920.20
03.04.2023 10:00:00 +02:00,21039.35,17747.42
03.04.2023 11:00:00 +02:00,18183.14,17321.51
03.04.2023 12:00:00 +02:00,16721.02,16923.65
03.04.2023 13:00:00 +02:00,15503.72,16709.36
03.04.2023 14:00:00 +02:00,15157.40,16534.03
03.04.2023 15:00:00 +02:00,16338.83,16327.89
03.04.2023 16:00:00 +02:00,16826.02,16192.83
03.04.2023 17:00:00 +02:00,19351.81,16099.14
03.04.2023 18:00:00 +02:00,21886.95,16116.84
03.04.2023 19:00:00 +02:00,23201.43,16200.82
03.04.2023 20:00:00 +02:00,23700.22,16460.20
03.04.2023 21:00:00 +02:00,23332.61,16368.86
03.04.2023 22:00:00 +02:00,22366.81,16098.83
03.04.2023 23:00:00 +02:00,21598.81,15788.69
04.04.2023 00:00:00 +02:00,20828.01,15454.94
04.04.2023 01:00:00 +02:00,20406.48,15239.24
04.04.2023 02:00:00 +02:00,20665.08,15127.73
04.04.2023 03:00:00 +02:00,20412.38,15213.99
04.04.2023 04:00:00 +02:00,20401.26,15282.92
04.04.2023 05:00:00 +02:00,21382.79,15639.87
04.04.2023 06:00:00 +02:00,22900.61,16392.70
04.04.2023 07:00:00 +02:00,23313.55,17144.80
04.04.2023 08:00:00 +02:00,22843.00,17386.02
04.04.2023 09:00:00 +02:00,22359.41,17207.40
04.04.2023 10:00:00 +02:00,21381.35,16895.27
04.04.2023 11:00:00 +02:00,19748.66,16557.71
04.04.2023 12:00:00 +02:00,18979.07,16216.42
04.04.2023 13:00:00 +02:00,16910.23,15900.01
04.04.2023 14:00:00 +02:00,15587.08,15740.81
04.04.2023 15:00:00 +02:00,16985.43,15563.38
04.04.2023 16:00:00 +02:00,19282.25,15551.45
04.04.2023 17:00:00 +02:00,21327.21,15480.28
04.04.2023 18:00:00 +02:00,22375.29,15543.97
04.04.2023 19:00:00 +02:00,23314.56,15725.17
04.04.2023 20:00:00 +02:00,23525.24,16020.16
04.04.2023 21:00:00 +02:00,23032.89,16039.56
04.04.2023 22:00:00 +02:00,22231.43,15780.03
04.04.2023 23:00:00 +02:00,21371.11,15502.25
05.04.2023 00:00:00 +02:00,20781.39,15236.18
05.04.2023 01:00:00 +02:00,20391.20,15000.92
05.04.2023 02:00:00 +02:00,20408.83,14915.46
05.04.2023 03:00:00 +02:00,20323.13,14939.21
05.04.2023 04:00:00 +02:00,20726.57,14996.22
05.04.2023 05:00:00 +02:00,21732.95,15326.86
05.04.2023 06:00:00 +02:00,23166.96,15995.00
05.04.2023 07:00:00 +02:00,23965.10,16506.18
05.04.2023 08:00:00 +02:00,23733.83,16818.90
05.04.2023 09:00:00 +02:00,23528.32,16695.33
05.04.2023 10:00:00 +02:00,22448.67,16396.07
05.04.2023 11:00:00 +02:00,21206.83,16026.02
05.04.2023 12:00:00 +02:00,19900.07,15510.38
05.04.2023 13:00:00 +02:00,19631.32,15244.27
05.04.2023 14:00:00 +02:00,19428.87,14991.67
05.04.2023 15:00:00 +02:00,19925.35,14721.27
05.04.2023 16:00:00 +02:00,20437.30,14640.25
05.04.2023 17:00:00 +02:00,21033.69,14604.34
05.04.2023 18:00:00 +02:00,21568.10,14542.57
05.04.2023 19:00:00 +02:00,21768.71,14614.70
05.04.2023 20:00:00 +02:00,21401.16,14900.25
05.04.2023 21:00:00 +02:00,21332.55,14916.78
05.04.2023 22:00:00 +02:00,21088.01,14686.06
05.04.2023 23:00:00 +02:00,20792.01,14438.98
06.04.2023 00:00:00 +02:00,20726.01,14163.27
06.04.2023 01:00:00 +02:00,20190.95,13968.59
06.04.2023 02:00:00 +02:00,19871.14,13951.75
06.04.2023 03:00:00 +02:00,19721.58,13943.84
06.04.2023 04:00:00 +02:00,19891.46,14012.36
06.04.2023 05:00:00 +02:00,20779.08,14170.62
06.04.2023 06:00:00 +02:00,21386.74,14503.58
06.04.2023 07:00:00 +02:00,22420.70,14904.72
06.04.2023 08:00:00 +02:00,22899.96,15270.13
06.04.2023 09:00:00 +02:00,22620.55,15513.41
06.04.2023 10:00:00 +02:00,20817.51,15573.95
06.04.2023 11:00:00 +02:00,18742.57,15566.93
06.04.2023 12:00:00 +02:00,17210.03,15500.45
06.04.2023 13:00:00 +02:00,16520.64,15436.42
06.04.2023 14:00:00 +02:00,16853.43,15325.00
06.04.2023 15:00:00 +02:00,17768.14,15287.94
06.04.2023 16:00:00 +02:00,18714.61,15278.32
06.04.2023 17:00:00 +02:00,20541.87,15262.84
06.04.2023 18:00:00 +02:00,21061.74,15261.20
06.04.2023 19:00:00 +02:00,21197.19,15273.72
06.04.2023 20:00:00 +02:00,20567.20,15387.23
06.04.2023 21:00:00 +02:00,20068.74,15351.06
06.04.2023 22:00:00 +02:00,18782.64,15092.03
06.04.2023 23:00:00 +02:00,17916.40,14821.44
07.04.2023 00:00:00 +02:00,17292.38,14646.30
07.04.2023 01:00:00 +02:00,16829.31,14434.85
07.04.2023 02:00:00 +02:00,16651.98,14376.81
07.04.2023 03:00:00 +02:00,16593.21,14377.98
07.04.2023 04:00:00 +02:00,16775.73,14482.47
07.04.2023 05:00:00 +02:00,16987.19,14630.36
07.04.2023 06:00:00 +02:00,16903.32,14952.72
07.04.2023 07:00:00 +02:00,18052.73,15256.97
07.04.2023 08:00:00 +02:00,18924.21,15494.53
07.04.2023 09:00:00 +02:00,18521.47,15613.62
07.04.2023 10:00:00 +02:00,17488.41,15503.79
07.04.2023 11:00:00 +02:00,15738.98,15231.96
07.04.2023 12:00:00 +02:00,14263.71,14877.58
07.04.2023 13:00:00 +02:00,13514.14,14594.49
07.04.2023 14:00:00 +02:00,13010.21,14460.46
07.04.2023 15:00:00 +02:00,13933.87,14333.70
07.04.2023 16:00:00 +02:00,15441.94,14264.28
07.04.2023 17:00:00 +02:00,17709.74,14240.05
07.04.2023 18:00:00 +02:00,19394.46,14324.65
07.04.2023 19:00:00 +02:00,19624.90,14494.97
07.04.2023 20:00:00 +02:00,19679.46,14711.70
07.04.2023 21:00:00 +02:00,19795.37,14803.48
07.04.2023 22:00:00 +02:00,19374.96,14680.67
07.04.2023 23:00:00 +02:00,19120.74,14461.53
08.04.2023 00:00:00 +02:00,18691.00,14257.26
08.04.2023 01:00:00 +02:00,18514.74,14117.33
08.04.2023 02:00:00 +02:00,18249.40,14051.79
08.04.2023 03:00:00 +02:00,18107.18,14076.41
08.04.2023 04:00:00 +02:00,17903.91,14151.93
08.04.2023 05:00:00 +02:00,18151.59,14268.91
08.04.2023 06:00:00 +02:00,18431.28,14480.83
08.04.2023 07:00:00 +02:00,18533.67,14677.85
08.04.2023 08:00:00 +02:00,18787.61,14879.50
08.04.2023 09:00:00 +02:00,19032.73,14909.51
08.04.2023 10:00:00 +02:00,17855.72,14761.62
08.04.2023 11:00:00 +02:00,16294.95,14486.61
08.04.2023 12:00:00 +02:00,15152.60,14136.38
08.04.2023 13:00:00 +02:00,13725.62,13858.74
08.04.2023 14:00:00 +02:00,12930.66,13667.16
08.04.2023 15:00:00 +02:00,13346.33,13589.29
08.04.2023 16:00:00 +02:00,14864.88,13538.51
08.04.2023 17:00:00 +02:00,16728.10,13676.13
08.04.2023 18:00:00 +02:00,17796.32,13746.82
08.04.2023 19:00:00 +02:00,17927.07,13845.92
08.04.2023 20:00:00 +02:00,18093.52,14020.78
08.04.2023 21:00:00 +02:00,18144.88,14082.57
08.04.2023 22:00:00 +02:00,18020.81,13935.80
08.04.2023 23:00:00 +02:00,17685.17,13771.41
09.04.2023 00:00:00 +02:00,17438.02,13637.11
09.04.2023 01:00:00 +02:00,17309.30,13513.65
09.04.2023 02:00:00 +02:00,17471.56,13497.65
09.04.2023 03:00:00 +02:00,17230.81,13493.96
09.04.2023 04:00:00 +02:00,16851.73,13555.73
09.04.2023 05:00:00 +02:00,16983.19,13563.16
09.04.2023 06:00:00 +02:00,17165.72,13644.26
09.04.2023 07:00:00 +02:00,18017.18,13813.13
09.04.2023 08:00:00 +02:00,18718.71,14026.57
09.04.2023 09:00:00 +02:00,18057.33,14188.55
09.04.2023 10:00:00 +02:00,16073.48,14226.93
09.04.2023 11:00:00 +02:00,13941.15,14124.44
09.04.2023 12:00:00 +02:00,12918.27,13992.44
09.04.2023 13:00:00 +02:00,11072.61,13913.71
09.04.2023 14:00:00 +02:00,10275.06,13831.19
09.04.2023 15:00:00 +02:00,9476.15,13859.17
09.04.2023 16:00:00 +02:00,11751.32,13938.07
09.04.2023 17:00:00 +02:00,14902.06,14090.27
09.04.2023 18:00:00 +02:00,17382.43,14109.05
09.04.2023 19:00:00 +02:00,19072.66,14076.80
09.04.2023 20:00:00 +02:00,18993.33,14472.76
09.04.2023 21:00:00 +02:00,18459.21,14528.60
09.04.2023 22:00:00 +02:00,17288.55,14293.95
09.04.2023 23:00:00 +02:00,16177.30,13999.86
10.04.2023 00:00:00 +02:00,15239.94,13696.25
10.04.2023 01:00:00 +02:00,13622.74,13431.44
10.04.2023 02:00:00 +02:00,12644.84,13322.76
10.04.2023 03:00:00 +02:00,12458.82,13295.84
10.04.2023 04:00:00 +02:00,12267.19,13376.15
10.04.2023 05:00:00 +02:00,12863.92,13484.47
10.04.2023 06:00:00 +02:00,13057.36,13685.94
10.04.2023 07:00:00 +02:00,13193.93,13994.04
10.04.2023 08:00:00 +02:00,12973.89,14394.95
10.04.2023 09:00:00 +02:00,11790.64,14825.90
10.04.2023 10:00:00 +02:00,10044.96,15173.09
10.04.2023 11:00:00 +02:00,9058.87,15196.06
10.04.2023 12:00:00 +02:00,8948.00,14965.08
10.04.2023 13:00:00 +02:00,8490.14,14955.21
10.04.2023 14:00:00 +02:00,8717.02,14964.32
10.04.2023 15:00:00 +02:00,8891.10,14979.57
10.04.2023 16:00:00 +02:00,9081.09,14971.48
10.04.2023 17:00:00 +02:00,10134.88,14928.62
10.04.2023 18:00:00 +02:00,11999.32,14879.41
10.04.2023 19:00:00 +02:00,12674.81,14937.00
10.04.2023 20:00:00 +02:00,12590.93,15036.13
10.04.2023 21:00:00 +02:00,11420.09,14995.65
10.04.2023 22:00:00 +02:00,9870.15,14739.79
10.04.2023 23:00:00 +02:00,10045.45,14355.42
11.04.2023 00:00:00 +02:00,9833.84,13995.15
11.04.2023 01:00:00 +02:00,9173.05,13763.23
11.04.2023 02:00:00 +02:00,8799.96,13721.61
11.04.2023 03:00:00 +02:00,8590.94,13621.94
11.04.2023 04:00:00 +02:00,9256.94,13757.34
11.04.2023 05:00:00 +02:00,11635.45,14033.60
11.04.2023 06:00:00 +02:00,14870.33,15004.59
11.04.2023 07:00:00 +02:00,18228.81,16168.43
11.04.2023 08:00:00 +02:00,18945.38,16550.23
11.04.2023 09:00:00 +02:00,18041.95,16524.14
11.04.2023 10:00:00 +02:00,16456.24,16431.15
11.04.2023 11:00:00 +02:00,15348.82,16284.75
11.04.2023 12:00:00 +02:00,14102.05,16126.82
11.04.2023 13:00:00 +02:00,12665.82,15977.44
11.04.2023 14:00:00 +02:00,11966.85,16048.04
11.04.2023 15:00:00 +02:00,12949.28,16060.36
11.04.2023 16:00:00 +02:00,14779.65,16101.23
11.04.2023 17:00:00 +02:00,15933.47,15968.79
11.04.2023 18:00:00 +02:00,17162.23,15831.71
11.04.2023 19:00:00 +02:00,19734.60,15717.04
11.04.2023 20:00:00 +02:00,20908.61,15798.63
11.04.2023 21:00:00 +02:00,20777.55,15748.39
11.04.2023 22:00:00 +02:00,19630.87,15329.09
11.04.2023 23:00:00 +02:00,18210.04,14740.19
12.04.2023 00:00:00 +02:00,15554.45,14313.06
12.04.2023 01:00:00 +02:00,14673.56,13986.01
12.04.2023 02:00:00 +02:00,13767.05,13884.59
12.04.2023 03:00:00 +02:00,14024.33,13833.67
12.04.2023 04:00:00 +02:00,14475.28,13862.41
12.04.2023 05:00:00 +02:00,15903.72,14138.31
12.04.2023 06:00:00 +02:00,18003.39,15038.04
12.04.2023 07:00:00 +02:00,19905.67,16225.26
12.04.2023 08:00:00 +02:00,19380.36,16438.09
12.04.2023 09:00:00 +02:00,18099.92,16278.93
12.04.2023 10:00:00 +02:00,16526.42,16079.60
12.04.2023 11:00:00 +02:00,15611.77,15802.15
12.04.2023 12:00:00 +02:00,15393.41,15617.01
12.04.2023 13:00:00 +02:00,15447.37,15551.11
12.04.2023 14:00:00 +02:00,15348.34,15443.85
12.04.2023 15:00:00 +02:00,15951.78,15385.50
12.04.2023 16:00:00 +02:00,17639.27,15402.70
12.04.2023 17:00:00 +02:00,18984.61,15312.89
12.04.2023 18:00:00 +02:00,19566.08,15179.47
12.04.2023 19:00:00 +02:00,19807.37,15238.76
12.04.2023 20:00:00 +02:00,19573.85,15455.23
12.04.2023 21:00:00 +02:00,18693.30,15502.15
12.04.2023 22:00:00 +02:00,17115.73,15165.35
12.04.2023 23:00:00 +02:00,15063.06,14633.94
13.04.2023 00:00:00 +02:00,14798.10,14161.46
13.04.2023 01:00:00 +02:00,13555.74,13844.34
13.04.2023 02:00:00 +02:00,12632.24,13737.26
13.04.2023 03:00:00 +02:00,11853.36,13716.43
13.04.2023 04:00:00 +02:00,11292.61,13756.72
13.04.2023 05:00:00 +02:00,12805.13,13989.27
13.04.2023 06:00:00 +02:00,16013.33,14844.79
13.04.2023 07:00:00 +02:00,18757.68,16021.81
13.04.2023 08:00:00 +02:00,18634.76,16343.79
13.04.2023 09:00:00 +02:00,17597.31,16239.59
13.04.2023 10:00:00 +02:00,15888.49,15868.97
13.04.2023 11:00:00 +02:00,14617.24,16010.06
13.04.2023 12:00:00 +02:00,14051.99,15909.73
13.04.2023 13:00:00 +02:00,13571.58,15784.17
13.04.2023 14:00:00 +02:00,13182.47,15700.49
13.04.2023 15:00:00 +02:00,13043.40,15590.67
13.04.2023 16:00:00 +02:00,13494.01,15572.03
13.04.2023 17:00:00 +02:00,15098.92,15380.81
13.04.2023 18:00:00 +02:00,16860.63,15259.91
13.04.2023 19:00:00 +02:00,17737.02,15250.08
13.04.2023 20:00:00 +02:00,18483.94,15468.91
13.04.2023 21:00:00 +02:00,17973.75,15440.46
13.04.2023 22:00:00 +02:00,17339.85,15138.60
13.04.2023 23:00:00 +02:00,16243.31,14657.00
14.04.2023 00:00:00 +02:00,15457.18,14225.14
14.04.2023 01:00:00 +02:00,15850.85,13859.98
14.04.2023 02:00:00 +02:00,16123.29,13733.84
14.04.2023 03:00:00 +02:00,16372.41,13638.92
14.04.2023 04:00:00 +02:00,16948.37,13685.49
14.04.2023 05:00:00 +02:00,17667.90,13909.03
14.04.2023 06:00:00 +02:00,19436.34,14767.29
14.04.2023 07:00:00 +02:00,21281.99,15959.79
14.04.2023 08:00:00 +02:00,22204.07,16360.67
14.04.2023 09:00:00 +02:00,22292.39,16306.26
14.04.2023 10:00:00 +02:00,21963.20,16262.54
14.04.2023 11:00:00 +02:00,21545.26,16092.26
14.04.2023 12:00:00 +02:00,20723.12,15922.36
14.04.2023 13:00:00 +02:00,20400.07,15754.85
14.04.2023 14:00:00 +02:00,20298.15,15706.79
14.04.2023 15:00:00 +02:00,20573.29,15611.19
14.04.2023 16:00:00 +02:00,20221.98,15599.92
14.04.2023 17:00:00 +02:00,20747.64,15537.12
14.04.2023 18:00:00 +02:00,20880.86,15582.54
14.04.2023 19:00:00 +02:00,20376.44,15518.78
14.04.2023 20:00:00 +02:00,19494.38,15568.02
14.04.2023 21:00:00 +02:00,19177.88,15436.09
14.04.2023 22:00:00 +02:00,18608.43,15162.71
14.04.2023 23:00:00 +02:00,17804.56,14716.21
15.04.2023 00:00:00 +02:00,17842.43,14532.74
15.04.2023 01:00:00 +02:00,17811.00,14287.68
15.04.2023 02:00:00 +02:00,17909.75,14116.48
15.04.2023 03:00:00 +02:00,18300.51,14061.20
15.04.2023 04:00:00 +02:00,18627.00,14042.96
15.04.2023 05:00:00 +02:00,18659.29,14094.89
15.04.2023 06:00:00 +02:00,18749.48,14203.01
15.04.2023 07:00:00 +02:00,19044.90,14546.33
15.04.2023 08:00:00 +02:00,19240.47,15092.48
15.04.2023 09:00:00 +02:00,18786.43,15561.43
15.04.2023 10:00:00 +02:00,17733.58,15803.34
15.04.2023 11:00:00 +02:00,16896.16,15789.66
15.04.2023 12:00:00 +02:00,15996.27,15609.42
15.04.2023 13:00:00 +02:00,15331.94,15439.84
15.04.2023 14:00:00 +02:00,15357.10,15322.08
15.04.2023 15:00:00 +02:00,15557.55,15283.84
15.04.2023 16:00:00 +02:00,16167.16,15311.27
15.04.2023 17:00:00 +02:00,18134.02,15326.38
15.04.2023 18:00:00 +02:00,19395.54,15318.86
15.04.2023 19:00:00 +02:00,20065.44,15272.03
15.04.2023 20:00:00 +02:00,19971.35,15170.59
15.04.2023 21:00:00 +02:00,20018.42,15076.39
15.04.2023 22:00:00 +02:00,19501.58,14807.55
15.04.2023 23:00:00 +02:00,19184.12,14479.16
16.04.2023 00:00:00 +02:00,18940.34,14210.57
16.04.2023 01:00:00 +02:00,17712.22,13997.40
16.04.2023 02:00:00 +02:00,17244.78,13867.57
16.04.2023 03:00:00 +02:00,16974.87,13791.65
16.04.2023 04:00:00 +02:00,17248.59,13749.02
16.04.2023 05:00:00 +02:00,17394.96,13746.44
16.04.2023 06:00:00 +02:00,17259.46,13780.38
16.04.2023 07:00:00 +02:00,17813.37,13943.47
16.04.2023 08:00:00 +02:00,19224.37,14216.59
16.04.2023 09:00:00 +02:00,19628.76,14417.21
16.04.2023 10:00:00 +02:00,19702.32,14554.35
16.04.2023 11:00:00 +02:00,19643.61,14548.26
16.04.2023 12:00:00 +02:00,19361.55,14435.90
16.04.2023 13:00:00 +02:00,18572.85,14386.98
16.04.2023 14:00:00 +02:00,18254.88,14337.10
16.04.2023 15:00:00 +02:00,19020.93,14303.22
16.04.2023 16:00:00 +02:00,19432.68,14346.50
16.04.2023 17:00:00 +02:00,20020.49,14378.41
16.04.2023 18:00:00 +02:00,20298.61,14448.61
16.04.2023 19:00:00 +02:00,20202.75,14495.95
16.04.2023 20:00:00 +02:00,19953.36,14733.10
16.04.2023 21:00:00 +02:00,20339.54,14867.92
16.04.2023 22:00:00 +02:00,19813.28,14667.56
16.04.2023 23:00:00 +02:00,19143.10,14242.44
17.04.2023 00:00:00 +02:00,18865.32,13865.62
17.04.2023 01:00:00 +02:00,18622.30,13652.00
17.04.2023 02:00:00 +02:00,18255.66,13586.13
17.04.2023 03:00:00 +02:00,17801.44,13641.52
17.04.2023 04:00:00 +02:00,18036.66,13719.79
17.04.2023 05:00:00 +02:00,19118.26,14031.44
17.04.2023 06:00:00 +02:00,20851.18,14993.66
17.04.2023 07:00:00 +02:00,21785.42,16088.42
17.04.2023 08:00:00 +02:00,22180.55,16234.62
17.04.2023 09:00:00 +02:00,21728.40,15795.40
17.04.2023 10:00:00 +02:00,20961.72,15362.32
17.04.2023 11:00:00 +02:00,20112.18,15024.92
17.04.2023 12:00:00 +02:00,19136.62,14783.15
17.04.2023 13:00:00 +02:00,17830.87,14595.04
17.04.2023 14:00:00 +02:00,16736.42,14426.18
17.04.2023 15:00:00 +02:00,16201.27,14346.74
17.04.2023 16:00:00 +02:00,16415.73,14384.20
17.04.2023 17:00:00 +02:00,17816.00,14239.51
17.04.2023 18:00:00 +02:00,19190.69,14153.70
17.04.2023 19:00:00 +02:00,19802.24,14222.78
17.04.2023 20:00:00 +02:00,19625.68,14425.63
17.04.2023 21:00:00 +02:00,19076.88,14632.56
17.04.2023 22:00:00 +02:00,18565.03,14343.18
17.04.2023 23:00:00 +02:00,18157.96,13888.69
18.04.2023 00:00:00 +02:00,17210.69,13458.32
18.04.2023 01:00:00 +02:00,16080.20,13070.43
18.04.2023 02:00:00 +02:00,16096.77,13155.46
18.04.2023 03:00:00 +02:00,16437.15,13161.75
18.04.2023 04:00:00 +02:00,16630.69,13319.69
18.04.2023 05:00:00 +02:00,17166.85,13656.56
18.04.2023 06:00:00 +02:00,19313.57,14540.49
18.04.2023 07:00:00 +02:00,20843.33,15532.97
18.04.2023 08:00:00 +02:00,21569.80,15471.71
18.04.2023 09:00:00 +02:00,20440.12,15199.54
18.04.2023 10:00:00 +02:00,17447.43,14773.34
18.04.2023 11:00:00 +02:00,15209.23,14282.31
18.04.2023 12:00:00 +02:00,14632.85,14213.46
18.04.2023 13:00:00 +02:00,13943.11,14231.03
18.04.2023 14:00:00 +02:00,13220.22,13994.63
18.04.2023 15:00:00 +02:00,13816.49,13857.15
18.04.2023 16:00:00 +02:00,13962.80,13932.39
18.04.2023 17:00:00 +02:00,14916.77,13827.33
18.04.2023 18:00:00 +02:00,16356.78,13767.55
18.04.2023 19:00:00 +02:00,17479.81,13854.39
18.04.2023 20:00:00 +02:00,17683.07,14132.16
18.04.2023 21:00:00 +02:00,17697.66,14322.41
18.04.2023 22:00:00 +02:00,16767.27,14132.58
18.04.2023 23:00:00 +02:00,15953.02,13680.47
19.04.2023 00:00:00 +02:00,15341.10,13256.57
19.04.2023 01:00:00 +02:00,14731.51,12995.54
19.04.2023 02:00:00 +02:00,14991.77,12838.79
19.04.2023 03:00:00 +02:00,14711.36,12853.28
19.04.2023 04:00:00 +02:00,15255.59,12975.88
19.04.2023 05:00:00 +02:00,16043.06,13310.17
19.04.2023 06:00:00 +02:00,18139.65,14215.49
19.04.2023 07:00:00 +02:00,19796.12,15189.79
19.04.2023 08:00:00 +02:00,18425.44,15174.15
19.04.2023 09:00:00 +02:00,15897.37,14805.93
19.04.2023 10:00:00 +02:00,13342.92,14487.05
19.04.2023 11:00:00 +02:00,12062.23,14341.90
19.04.2023 12:00:00 +02:00,11388.81,14165.42
19.04.2023 13:00:00 +02:00,10885.39,14000.74
19.04.2023 14:00:00 +02:00,10946.04,13958.73
19.04.2023 15:00:00 +02:00,11052.99,13923.46
19.04.2023 16:00:00 +02:00,11823.43,13986.77
19.04.2023 17:00:00 +02:00,13068.89,13890.46
19.04.2023 18:00:00 +02:00,14989.39,13793.41
19.04.2023 19:00:00 +02:00,17290.98,13893.35
19.04.2023 20:00:00 +02:00,17774.22,14120.19
19.04.2023 21:00:00 +02:00,17784.43,14291.01
19.04.2023 22:00:00 +02:00,16489.12,14122.15
19.04.2023 23:00:00 +02:00,15805.44,13645.14
20.04.2023 00:00:00 +02:00,15380.51,13151.34
20.04.2023 01:00:00 +02:00,14980.22,12907.56
20.04.2023 02:00:00 +02:00,14837.36,12731.65
20.04.2023 03:00:00 +02:00,14429.75,12723.54
20.04.2023 04:00:00 +02:00,14799.10,12811.10
20.04.2023 05:00:00 +02:00,15339.44,13063.12
20.04.2023 06:00:00 +02:00,16641.49,13913.16
20.04.2023 07:00:00 +02:00,17853.66,14938.19
20.04.2023 08:00:00 +02:00,17637.33,14979.64
20.04.2023 09:00:00 +02:00,16533.21,14712.79
20.04.2023 10:00:00 +02:00,15193.55,14135.52
20.04.2023 11:00:00 +02:00,14509.44,14146.36
20.04.2023 12:00:00 +02:00,14335.28,14034.98
20.04.2023 13:00:00 +02:00,14079.82,13847.93
20.04.2023 14:00:00 +02:00,13755.17,13782.75
20.04.2023 15:00:00 +02:00,13617.50,13674.22
20.04.2023 16:00:00 +02:00,14006.08,13634.61
20.04.2023 17:00:00 +02:00,14990.17,13557.00
20.04.2023 18:00:00 +02:00,16240.02,13533.19
20.04.2023 19:00:00 +02:00,17122.66,13569.05
20.04.2023 20:00:00 +02:00,17101.70,13784.62
20.04.2023 21:00:00 +02:00,16899.45,13956.84
20.04.2023 22:00:00 +02:00,16398.27,13850.15
20.04.2023 23:00:00 +02:00,15713.57,13478.75
21.04.2023 00:00:00 +02:00,14889.84,13052.70
21.04.2023 01:00:00 +02:00,13996.75,12775.79
21.04.2023 02:00:00 +02:00,13865.46,12677.79
21.04.2023 03:00:00 +02:00,14417.66,12653.58
21.04.2023 04:00:00 +02:00,14848.87,12778.85
21.04.2023 05:00:00 +02:00,15865.05,13050.78
21.04.2023 06:00:00 +02:00,17930.04,13883.80
21.04.2023 07:00:00 +02:00,19559.09,15000.33
21.04.2023 08:00:00 +02:00,19663.94,15152.79
21.04.2023 09:00:00 +02:00,18110.93,14842.25
21.04.2023 10:00:00 +02:00,15995.00,14579.69
21.04.2023 11:00:00 +02:00,14330.50,14314.98
21.04.2023 12:00:00 +02:00,12819.02,14219.14
21.04.2023 13:00:00 +02:00,11609.42,14020.59
21.04.2023 14:00:00 +02:00,11474.12,13857.91
21.04.2023 15:00:00 +02:00,11624.08,13733.57
21.04.2023 16:00:00 +02:00,13533.34,13680.09
21.04.2023 17:00:00 +02:00,15133.54,13578.67
21.04.2023 18:00:00 +02:00,16274.32,13506.49
21.04.2023 19:00:00 +02:00,16564.17,13531.80
21.04.2023 20:00:00 +02:00,16315.93,13570.07
21.04.2023 21:00:00 +02:00,16174.02,13681.96
21.04.2023 22:00:00 +02:00,15685.97,13537.96
21.04.2023 23:00:00 +02:00,14449.02,13210.07
22.04.2023 00:00:00 +02:00,14061.90,13266.84
22.04.2023 01:00:00 +02:00,13596.35,12696.05
22.04.2023 02:00:00 +02:00,13569.08,12584.30
22.04.2023 03:00:00 +02:00,14003.56,12665.65
22.04.2023 04:00:00 +02:00,14177.64,12666.72
22.04.2023 05:00:00 +02:00,14643.93,12755.62
22.04.2023 06:00:00 +02:00,15797.09,12873.81
22.04.2023 07:00:00 +02:00,16607.92,13095.20
22.04.2023 08:00:00 +02:00,16026.21,13391.16
22.04.2023 09:00:00 +02:00,14482.32,13656.98
22.04.2023 10:00:00 +02:00,12948.15,13712.63
22.04.2023 11:00:00 +02:00,11547.41,13694.01
22.04.2023 12:00:00 +02:00,10564.24,13502.37
22.04.2023 13:00:00 +02:00,10140.63,13371.82
22.04.2023 14:00:00 +02:00,10259.70,13228.66
22.04.2023 15:00:00 +02:00,11690.77,13218.89
22.04.2023 16:00:00 +02:00,13300.55,13215.30
22.04.2023 17:00:00 +02:00,15312.88,13357.25
22.04.2023 18:00:00 +02:00,17280.35,13428.18
22.04.2023 19:00:00 +02:00,18098.64,13474.56
22.04.2023 20:00:00 +02:00,17987.85,13444.95
22.04.2023 21:00:00 +02:00,18084.58,13460.21
22.04.2023 22:00:00 +02:00,17347.73,13302.63
22.04.2023 23:00:00 +02:00,16526.00,13105.84
23.04.2023 00:00:00 +02:00,15801.00,12896.00
23.04.2023 01:00:00 +02:00,14919.94,12618.43
23.04.2023 02:00:00 +02:00,14467.49,12419.50
23.04.2023 03:00:00 +02:00,13750.89,12352.53
23.04.2023 04:00:00 +02:00,14077.47,12351.28
23.04.2023 05:00:00 +02:00,14359.18,12381.76
23.04.2023 06:00:00 +02:00,14146.47,12451.64
23.04.2023 07:00:00 +02:00,14366.12,12725.66
23.04.2023 08:00:00 +02:00,14528.11,13213.55
23.04.2023 09:00:00 +02:00,13961.15,13718.78
23.04.2023 10:00:00 +02:00,13045.62,14073.05
23.04.2023 11:00:00 +02:00,12360.07,14329.08
23.04.2023 12:00:00 +02:00,11641.75,14428.25
23.04.2023 13:00:00 +02:00,10247.62,14426.93
23.04.2023 14:00:00 +02:00,9989.83,14410.52
23.04.2023 15:00:00 +02:00,11547.42,14423.85
23.04.2023 16:00:00 +02:00,13208.01,14438.46
23.04.2023 17:00:00 +02:00,16185.17,14427.10
23.04.2023 18:00:00 +02:00,17799.14,14489.75
23.04.2023 19:00:00 +02:00,19355.57,14538.69
23.04.2023 20:00:00 +02:00,19499.59,14565.75
23.04.2023 21:00:00 +02:00,19062.97,14663.73
23.04.2023 22:00:00 +02:00,18597.05,14425.91
23.04.2023 23:00:00 +02:00,16926.29,14020.14
24.04.2023 00:00:00 +02:00,14983.38,13650.11
24.04.2023 01:00:00 +02:00,13506.22,13450.82
24.04.2023 02:00:00 +02:00,13320.14,13336.97
24.04.2023 03:00:00 +02:00,13217.05,13297.22
24.04.2023 04:00:00 +02:00,13533.05,13403.37
24.04.2023 05:00:00 +02:00,15103.25,13684.88
24.04.2023 06:00:00 +02:00,18069.76,14504.98
24.04.2023 07:00:00 +02:00,20442.06,15724.68
24.04.2023 08:00:00 +02:00,20565.46,16152.52
24.04.2023 09:00:00 +02:00,20064.13,16117.19
24.04.2023 10:00:00 +02:00,18474.38,16014.89
24.04.2023 11:00:00 +02:00,17131.34,15959.08
24.04.2023 12:00:00 +02:00,16135.84,15962.95
24.04.2023 13:00:00 +02:00,15745.33,15982.61
24.04.2023 14:00:00 +02:00,16297.18,16005.34
24.04.2023 15:00:00 +02:00,16566.16,16014.68
24.04.2023 16:00:00 +02:00,17561.08,16049.98
24.04.2023 17:00:00 +02:00,18317.38,15969.70
24.04.2023 18:00:00 +02:00,19410.98,15849.45
24.04.2023 19:00:00 +02:00,19656.95,15785.35
24.04.2023 20:00:00 +02:00,19374.50,15809.94
24.04.2023 21:00:00 +02:00,19159.92,15802.48
24.04.2023 22:00:00 +02:00,18145.15,15491.63
24.04.2023 23:00:00 +02:00,16738.63,14971.22
25.04.2023 00:00:00 +02:00,15631.99,14468.90
25.04.2023 01:00:00 +02:00,15193.05,14152.59
25.04.2023 02:00:00 +02:00,15073.97,14060.96
25.04.2023 03:00:00 +02:00,15025.45,14015.22
25.04.2023 04:00:00 +02:00,15008.52,14084.19
25.04.2023 05:00:00 +02:00,15662.63,14349.14
25.04.2023 06:00:00 +02:00,17269.63,15336.79
25.04.2023 07:00:00 +02:00,18868.40,16598.93
25.04.2023 08:00:00 +02:00,18804.70,16958.64
25.04.2023 09:00:00 +02:00,17447.30,16914.79
25.04.2023 10:00:00 +02:00,16774.59,16525.09
25.04.2023 11:00:00 +02:00,15427.03,16549.85
25.04.2023 12:00:00 +02:00,14691.61,16316.58
25.04.2023 13:00:00 +02:00,14144.11,16258.90
25.04.2023 14:00:00 +02:00,13923.44,16306.96
25.04.2023 15:00:00 +02:00,13608.03,16275.57
25.04.2023 16:00:00 +02:00,14042.33,16234.67
25.04.2023 17:00:00 +02:00,14845.49,16078.94
25.04.2023 18:00:00 +02:00,16014.64,15904.81
25.04.2023 19:00:00 +02:00,16592.44,15883.69
25.04.2023 20:00:00 +02:00,17005.69,16003.94
25.04.2023 21:00:00 +02:00,17318.58,16134.76
25.04.2023 22:00:00 +02:00,16753.28,15905.68
25.04.2023 23:00:00 +02:00,15959.18,15385.52
26.04.2023 00:00:00 +02:00,15030.87,14924.25
26.04.2023 01:00:00 +02:00,14949.91,14653.66
26.04.2023 02:00:00 +02:00,14887.27,14508.94
26.04.2023 03:00:00 +02:00,14713.65,14502.62
26.04.2023 04:00:00 +02:00,14972.96,14565.08
26.04.2023 05:00:00 +02:00,15886.96,14808.75
26.04.2023 06:00:00 +02:00,17821.62,15678.52
26.04.2023 07:00:00 +02:00,20103.32,16657.25
26.04.2023 08:00:00 +02:00,19059.07,16729.19
26.04.2023 09:00:00 +02:00,16966.18,16492.79
26.04.2023 10:00:00 +02:00,15779.55,16332.57
26.04.2023 11:00:00 +02:00,15343.08,16002.85
26.04.2023 12:00:00 +02:00,15134.01,15936.91
26.04.2023 13:00:00 +02:00,15030.86,15868.98
26.04.2023 14:00:00 +02:00,15043.57,15779.09
26.04.2023 15:00:00 +02:00,15614.34,15769.67
26.04.2023 16:00:00 +02:00,15813.95,15838.77
26.04.2023 17:00:00 +02:00,16300.96,15690.08
26.04.2023 18:00:00 +02:00,17763.53,15555.26
26.04.2023 19:00:00 +02:00,18469.17,15551.88
26.04.2023 20:00:00 +02:00,19618.69,15621.41
26.04.2023 21:00:00 +02:00,20152.59,15698.07
26.04.2023 22:00:00 +02:00,19603.98,15409.06
26.04.2023 23:00:00 +02:00,18594.35,15004.04
27.04.2023 00:00:00 +02:00,17425.97,14496.16
27.04.2023 01:00:00 +02:00,16215.81,14197.34
27.04.2023 02:00:00 +02:00,15683.64,14071.78
27.04.2023 03:00:00 +02:00,15808.72,14011.62
27.04.2023 04:00:00 +02:00,15863.88,14071.00
27.04.2023 05:00:00 +02:00,16991.29,14219.40
27.04.2023 06:00:00 +02:00,19395.30,15136.14
27.04.2023 07:00:00 +02:00,20891.33,16212.24
27.04.2023 08:00:00 +02:00,19936.35,16389.09
27.04.2023 09:00:00 +02:00,17790.09,16075.02
27.04.2023 10:00:00 +02:00,16359.23,15544.83
27.04.2023 11:00:00 +02:00,16062.86,15649.68
27.04.2023 12:00:00 +02:00,15812.23,15461.34
27.04.2023 13:00:00 +02:00,15938.69,15289.07
27.04.2023 14:00:00 +02:00,15660.13,15196.66
27.04.2023 15:00:00 +02:00,15437.10,15161.60
27.04.2023 16:00:00 +02:00,15645.32,15119.93
27.04.2023 17:00:00 +02:00,17147.88,15006.10
27.04.2023 18:00:00 +02:00,18347.16,14849.45
27.04.2023 19:00:00 +02:00,19149.04,14858.75
27.04.2023 20:00:00 +02:00,20256.66,15050.12
27.04.2023 21:00:00 +02:00,20835.52,15183.46
27.04.2023 22:00:00 +02:00,19702.57,15116.45
27.04.2023 23:00:00 +02:00,18235.81,14766.79
28.04.2023 00:00:00 +02:00,17444.45,14312.49
28.04.2023 01:00:00 +02:00,16191.57,14106.80
28.04.2023 02:00:00 +02:00,15831.92,13994.94
28.04.2023 03:00:00 +02:00,15796.85,13958.30
28.04.2023 04:00:00 +02:00,15890.17,14066.03
28.04.2023 05:00:00 +02:00,16791.21,14335.17
28.04.2023 06:00:00 +02:00,19244.48,15262.71
28.04.2023 07:00:00 +02:00,20621.21,16299.20
28.04.2023 08:00:00 +02:00,20091.29,16403.18
28.04.2023 09:00:00 +02:00,19408.99,16104.77
28.04.2023 10:00:00 +02:00,19057.74,15728.38
28.04.2023 11:00:00 +02:00,18617.78,15421.58
28.04.2023 12:00:00 +02:00,17585.41,15250.44
28.04.2023 13:00:00 +02:00,16595.02,15049.66
28.04.2023 14:00:00 +02:00,15985.49,14862.17
28.04.2023 15:00:00 +02:00,16081.50,14726.79
28.04.2023 16:00:00 +02:00,16090.76,14760.55
28.04.2023 17:00:00 +02:00,17718.48,14655.78
28.04.2023 18:00:00 +02:00,19442.01,14653.10
28.04.2023 19:00:00 +02:00,20641.58,14608.75
28.04.2023 20:00:00 +02:00,20806.91,14520.86
28.04.2023 21:00:00 +02:00,21067.74,14557.89
28.04.2023 22:00:00 +02:00,20161.65,14452.77
28.04.2023 23:00:00 +02:00,18467.52,14165.36
29.04.2023 00:00:00 +02:00,18237.88,13845.25
29.04.2023 01:00:00 +02:00,18180.14,13598.86
29.04.2023 02:00:00 +02:00,17834.14,13516.40
29.04.2023 03:00:00 +02:00,17580.66,13463.20
29.04.2023 04:00:00 +02:00,17360.33,13463.30
29.04.2023 05:00:00 +02:00,17713.47,13411.13
29.04.2023 06:00:00 +02:00,18096.84,13511.36
29.04.2023 07:00:00 +02:00,19267.86,13811.81
29.04.2023 08:00:00 +02:00,19842.81,14276.34
29.04.2023 09:00:00 +02:00,18657.05,14600.56
29.04.2023 10:00:00 +02:00,16833.01,14652.72
29.04.2023 11:00:00 +02:00,14723.21,14465.80
29.04.2023 12:00:00 +02:00,13658.79,14362.87
29.04.2023 13:00:00 +02:00,13037.56,14251.42
29.04.2023 14:00:00 +02:00,12096.84,14215.89
29.04.2023 15:00:00 +02:00,11889.90,14082.60
29.04.2023 16:00:00 +02:00,12783.06,14013.49
29.04.2023 17:00:00 +02:00,14023.87,14020.20
29.04.2023 18:00:00 +02:00,15324.74,14128.96
29.04.2023 19:00:00 +02:00,16379.49,14198.32
29.04.2023 20:00:00 +02:00,17207.88,14256.76
29.04.2023 21:00:00 +02:00,17435.30,14375.55
29.04.2023 22:00:00 +02:00,16937.62,14317.32
29.04.2023 23:00:00 +02:00,16485.39,14128.08
30.04.2023 00:00:00 +02:00,15388.58,13847.27
30.04.2023 01:00:00 +02:00,14553.27,13752.62
30.04.2023 02:00:00 +02:00,14320.51,13653.10
30.04.2023 03:00:00 +02:00,14114.10,13671.92
30.04.2023 04:00:00 +02:00,13442.62,13712.02
30.04.2023 05:00:00 +02:00,13223.99,13689.31
30.04.2023 06:00:00 +02:00,13283.95,13685.75
30.04.2023 07:00:00 +02:00,13815.01,13767.62
30.04.2023 08:00:00 +02:00,13581.95,13955.57
30.04.2023 09:00:00 +02:00,12623.86,14196.03
30.04.2023 10:00:00 +02:00,11218.13,14453.49
30.04.2023 11:00:00 +02:00,10502.09,14338.70
30.04.2023 12:00:00 +02:00,10362.51,14238.81
30.04.2023 13:00:00 +02:00,10161.64,14073.87
30.04.2023 14:00:00 +02:00,9932.82,13961.01
30.04.2023 15:00:00 +02:00,10395.76,13924.60
30.04.2023 16:00:00 +02:00,10530.32,13995.02
30.04.2023 17:00:00 +02:00,12763.62,13951.21
30.04.2023 18:00:00 +02:00,14456.58,14081.62
30.04.2023 19:00:00 +02:00,15807.42,14154.95
30.04.2023 20:00:00 +02:00,17641.35,14209.19
30.04.2023 21:00:00 +02:00,18435.00,14275.87
30.04.2023 22:00:00 +02:00,18063.09,14161.16
30.04.2023 23:00:00 +02:00,16943.99,13865.79
01.05.2023 00:00:00 +02:00,16390.44,13575.15
01.05.2023 01:00:00 +02:00,15118.59,13355.37
01.05.2023 02:00:00 +02:00,14381.01,13251.84
01.05.2023 03:00:00 +02:00,14069.75,13170.49
01.05.2023 04:00:00 +02:00,13649.59,13212.54
01.05.2023 05:00:00 +02:00,14263.57,13302.01
01.05.2023 06:00:00 +02:00,14491.40,13506.14
01.05.2023 07:00:00 +02:00,14961.98,13951.66
01.05.2023 08:00:00 +02:00,14247.17,14352.47
01.05.2023 09:00:00 +02:00,13838.04,14873.32
01.05.2023 10:00:00 +02:00,12442.24,15220.24
01.05.2023 11:00:00 +02:00,11442.19,15263.08
01.05.2023 12:00:00 +02:00,11353.74,15196.27
01.05.2023 13:00:00 +02:00,11280.04,15013.48
01.05.2023 14:00:00 +02:00,11312.18,14817.77
01.05.2023 15:00:00 +02:00,12220.06,14697.63
01.05.2023 16:00:00 +02:00,14044.89,14589.55
01.05.2023 17:00:00 +02:00,15483.52,14420.74
01.05.2023 18:00:00 +02:00,17246.45,14317.19
01.05.2023 19:00:00 +02:00,18872.38,14324.58
01.05.2023 20:00:00 +02:00,19619.08,14397.51
01.05.2023 21:00:00 +02:00,19985.49,14550.08
01.05.2023 22:00:00 +02:00,19192.64,14588.38
01.05.2023 23:00:00 +02:00,17623.63,14228.51
02.05.2023 00:00:00 +02:00,15111.50,13905.02
02.05.2023 01:00:00 +02:00,14198.17,13689.48
02.05.2023 02:00:00 +02:00,13315.00,13612.10
02.05.2023 03:00:00 +02:00,12824.27,13699.92
02.05.2023 04:00:00 +02:00,12605.65,13876.66
02.05.2023 05:00:00 +02:00,13132.24,14154.25
02.05.2023 06:00:00 +02:00,16273.22,15143.39
02.05.2023 07:00:00 +02:00,19047.99,16194.40
02.05.2023 08:00:00 +02:00,18581.39,16223.43
02.05.2023 09:00:00 +02:00,18345.90,15845.44
02.05.2023 10:00:00 +02:00,17208.43,15260.57
02.05.2023 11:00:00 +02:00,15466.57,15169.99
02.05.2023 12:00:00 +02:00,14446.74,14947.92
02.05.2023 13:00:00 +02:00,13362.90,14899.62
02.05.2023 14:00:00 +02:00,12915.55,14859.57
02.05.2023 15:00:00 +02:00,13066.43,14797.76
02.05.2023 16:00:00 +02:00,14155.97,14815.19
02.05.2023 17:00:00 +02:00,15492.90,14563.94
02.05.2023 18:00:00 +02:00,16658.03,14457.39
02.05.2023 19:00:00 +02:00,18233.95,14506.29
02.05.2023 20:00:00 +02:00,18241.35,14635.38
02.05.2023 21:00:00 +02:00,18282.93,14802.17
02.05.2023 22:00:00 +02:00,17809.97,14688.57
02.05.2023 23:00:00 +02:00,17015.56,14244.45
03.05.2023 00:00:00 +02:00,15778.21,13810.91
03.05.2023 01:00:00 +02:00,14717.62,13533.93
03.05.2023 02:00:00 +02:00,14129.19,13448.81
03.05.2023 03:00:00 +02:00,13822.06,13427.04
03.05.2023 04:00:00 +02:00,14556.96,13539.33
03.05.2023 05:00:00 +02:00,16232.25,13757.82
03.05.2023 06:00:00 +02:00,17839.05,14645.66
03.05.2023 07:00:00 +02:00,18454.68,15514.97
03.05.2023 08:00:00 +02:00,17547.21,15505.64
03.05.2023 09:00:00 +02:00,15711.81,15189.58
03.05.2023 10:00:00 +02:00,13513.75,14811.55
03.05.2023 11:00:00 +02:00,12377.79,14635.91
03.05.2023 12:00:00 +02:00,11823.67,14581.13
03.05.2023 13:00:00 +02:00,11725.49,14545.05
03.05.2023 14:00:00 +02:00,11834.11,14513.69
03.05.2023 15:00:00 +02:00,11720.65,14484.90
03.05.2023 16:00:00 +02:00,12499.12,14484.78
03.05.2023 17:00:00 +02:00,14567.50,14366.44
03.05.2023 18:00:00 +02:00,15988.78,14152.85
03.05.2023 19:00:00 +02:00,17711.60,14274.85
03.05.2023 20:00:00 +02:00,18239.13,14423.67
03.05.2023 21:00:00 +02:00,18643.40,14570.86
03.05.2023 22:00:00 +02:00,17820.14,14518.67
03.05.2023 23:00:00 +02:00,16371.94,14059.15
04.05.2023 00:00:00 +02:00,14874.91,13658.37
04.05.2023 01:00:00 +02:00,13720.46,13435.22
04.05.2023 02:00:00 +02:00,13517.42,13354.48
04.05.2023 03:00:00 +02:00,13725.70,13409.47
04.05.2023 04:00:00 +02:00,13828.82,13490.80
04.05.2023 05:00:00 +02:00,15168.09,13726.62
04.05.2023 06:00:00 +02:00,17474.46,14738.05
04.05.2023 07:00:00 +02:00,19455.09,15844.65
04.05.2023 08:00:00 +02:00,18861.98,15949.21
04.05.2023 09:00:00 +02:00,16559.08,15636.07
04.05.2023 10:00:00 +02:00,14305.92,15093.43
04.05.2023 11:00:00 +02:00,13291.02,15088.39
04.05.2023 12:00:00 +02:00,11778.35,14959.50
04.05.2023 13:00:00 +02:00,11257.47,14811.59
04.05.2023 14:00:00 +02:00,11498.59,14716.03
04.05.2023 15:00:00 +02:00,11808.48,14601.04
04.05.2023 16:00:00 +02:00,12944.49,14619.06
04.05.2023 17:00:00 +02:00,15009.63,14491.87
04.05.2023 18:00:00 +02:00,16599.02,14318.05
04.05.2023 19:00:00 +02:00,18064.17,14378.96
04.05.2023 20:00:00 +02:00,18742.53,14517.10
04.05.2023 21:00:00 +02:00,18831.32,14685.11
04.05.2023 22:00:00 +02:00,17142.20,14656.74
04.05.2023 23:00:00 +02:00,15102.49,14300.62
05.05.2023 00:00:00 +02:00,13804.52,13968.12
05.05.2023 01:00:00 +02:00,13473.79,13715.17
05.05.2023 02:00:00 +02:00,13635.31,13634.90
05.05.2023 03:00:00 +02:00,13847.40,13599.60
05.05.2023 04:00:00 +02:00,13745.18,13732.18
05.05.2023 05:00:00 +02:00,14875.54,13958.13
05.05.2023 06:00:00 +02:00,16798.48,14850.35
05.05.2023 07:00:00 +02:00,17210.04,15787.05
05.05.2023 08:00:00 +02:00,16679.19,15887.70
05.05.2023 09:00:00 +02:00,15087.58,15537.42
05.05.2023 10:00:00 +02:00,13677.47,15136.14
05.05.2023 11:00:00 +02:00,13582.17,14905.82
05.05.2023 12:00:00 +02:00,13280.28,14658.45
05.05.2023 13:00:00 +02:00,13255.86,14483.56
05.05.2023 14:00:00 +02:00,13591.90,14341.02
05.05.2023 15:00:00 +02:00,13430.84,14178.51
05.05.2023 16:00:00 +02:00,13719.00,14000.90
05.05.2023 17:00:00 +02:00,14190.47,13769.78
05.05.2023 18:00:00 +02:00,14506.04,13742.30
05.05.2023 19:00:00 +02:00,14761.40,13658.83
05.05.2023 20:00:00 +02:00,14625.71,13590.73
05.05.2023 21:00:00 +02:00,14506.23,13531.60
05.05.2023 22:00:00 +02:00,13708.03,13520.35
05.05.2023 23:00:00 +02:00,13255.17,13362.68
06.05.2023 00:00:00 +02:00,12607.66,13083.08
06.05.2023 01:00:00 +02:00,12589.14,12858.56
06.05.2023 02:00:00 +02:00,12644.61,12726.75
06.05.2023 03:00:00 +02:00,12848.27,12735.63
06.05.2023 04:00:00 +02:00,13082.90,12715.28
06.05.2023 05:00:00 +02:00,13259.45,12683.05
06.05.2023 06:00:00 +02:00,13808.68,12759.93
06.05.2023 07:00:00 +02:00,14604.68,12856.17
06.05.2023 08:00:00 +02:00,14386.85,13133.58
06.05.2023 09:00:00 +02:00,14664.48,13426.39
06.05.2023 10:00:00 +02:00,14192.60,13476.21
06.05.2023 11:00:00 +02:00,13352.04,13416.27
06.05.2023 12:00:00 +02:00,12291.46,13254.76
06.05.2023 13:00:00 +02:00,11156.31,13094.68
06.05.2023 14:00:00 +02:00,10826.79,12913.27
06.05.2023 15:00:00 +02:00,11108.55,12805.70
06.05.2023 16:00:00 +02:00,12161.51,12767.93
06.05.2023 17:00:00 +02:00,13517.95,12799.52
06.05.2023 18:00:00 +02:00,14788.10,12921.38
06.05.2023 19:00:00 +02:00,15528.95,12901.27
06.05.2023 20:00:00 +02:00,15588.25,12907.86
06.05.2023 21:00:00 +02:00,15682.71,12948.67
06.05.2023 22:00:00 +02:00,15362.09,12996.51
06.05.2023 23:00:00 +02:00,14947.08,12910.68
07.05.2023 00:00:00 +02:00,14483.41,12712.26
07.05.2023 01:00:00 +02:00,13713.57,12542.72
07.05.2023 02:00:00 +02:00,13407.49,12495.97
07.05.2023 03:00:00 +02:00,13413.26,12489.48
07.05.2023 04:00:00 +02:00,13339.99,12536.40
07.05.2023 05:00:00 +02:00,13397.89,12508.46
07.05.2023 06:00:00 +02:00,13669.30,12533.77
07.05.2023 07:00:00 +02:00,13402.16,12512.59
07.05.2023 08:00:00 +02:00,12768.63,12635.02
07.05.2023 09:00:00 +02:00,11952.23,12838.13
07.05.2023 10:00:00 +02:00,10967.55,12988.82
07.05.2023 11:00:00 +02:00,10200.40,12886.28
07.05.2023 12:00:00 +02:00,9974.85,12827.77
07.05.2023 13:00:00 +02:00,9553.92,12731.76
07.05.2023 14:00:00 +02:00,9763.43,12682.39
07.05.2023 15:00:00 +02:00,9640.11,12677.95
07.05.2023 16:00:00 +02:00,10423.80,12716.65
07.05.2023 17:00:00 +02:00,12697.15,12702.04
07.05.2023 18:00:00 +02:00,14880.78,12832.99
07.05.2023 19:00:00 +02:00,16375.92,12976.19
07.05.2023 20:00:00 +02:00,16387.43,13153.38
07.05.2023 21:00:00 +02:00,16530.16,13232.73
07.05.2023 22:00:00 +02:00,15732.18,13229.40
07.05.2023 23:00:00 +02:00,15004.75,12915.33
08.05.2023 00:00:00 +02:00,13891.06,12585.33
08.05.2023 01:00:00 +02:00,13947.29,12320.79
08.05.2023 02:00:00 +02:00,13872.79,12140.47
08.05.2023 03:00:00 +02:00,13950.93,12167.21
08.05.2023 04:00:00 +02:00,14141.85,12261.67
08.05.2023 05:00:00 +02:00,15342.05,12430.90
08.05.2023 06:00:00 +02:00,17838.45,13303.63
08.05.2023 07:00:00 +02:00,19282.30,14192.82
08.05.2023 08:00:00 +02:00,18845.69,14522.77
08.05.2023 09:00:00 +02:00,17660.51,14283.83
08.05.2023 10:00:00 +02:00,15404.96,14106.41
08.05.2023 11:00:00 +02:00,14215.14,13847.80
08.05.2023 12:00:00 +02:00,13233.36,13568.53
08.05.2023 13:00:00 +02:00,13137.53,13649.75
08.05.2023 14:00:00 +02:00,13258.82,13660.15
08.05.2023 15:00:00 +02:00,13131.98,13666.03
08.05.2023 16:00:00 +02:00,13679.88,13729.66
08.05.2023 17:00:00 +02:00,15474.64,13601.42
08.05.2023 18:00:00 +02:00,16682.06,13459.47
08.05.2023 19:00:00 +02:00,16887.30,13402.96
08.05.2023 20:00:00 +02:00,16982.59,13442.24
08.05.2023 21:00:00 +02:00,16640.85,13483.00
08.05.2023 22:00:00 +02:00,15592.73,13419.77
08.05.2023 23:00:00 +02:00,13985.26,12911.18
09.05.2023 00:00:00 +02:00,13301.31,12445.02
09.05.2023 01:00:00 +02:00,12469.82,12119.27
09.05.2023 02:00:00 +02:00,11942.92,11959.58
09.05.2023 03:00:00 +02:00,11669.93,11837.60
09.05.2023 04:00:00 +02:00,11874.43,11937.78
09.05.2023 05:00:00 +02:00,12310.17,12116.25
09.05.2023 06:00:00 +02:00,14884.76,12951.14
09.05.2023 07:00:00 +02:00,16516.22,13938.09
09.05.2023 08:00:00 +02:00,16710.59,14134.11
09.05.2023 09:00:00 +02:00,15799.12,14104.20
09.05.2023 10:00:00 +02:00,14297.02,13522.39
09.05.2023 11:00:00 +02:00,12750.59,13843.32
09.05.2023 12:00:00 +02:00,11697.34,13771.94
09.05.2023 13:00:00 +02:00,11430.08,13582.75
09.05.2023 14:00:00 +02:00,11903.75,13669.12
09.05.2023 15:00:00 +02:00,12819.83,13740.92
09.05.2023 16:00:00 +02:00,13406.48,13851.69
09.05.2023 17:00:00 +02:00,14915.21,13663.56
09.05.2023 18:00:00 +02:00,15665.95,13532.49
09.05.2023 19:00:00 +02:00,16287.91,13603.92
09.05.2023 20:00:00 +02:00,15984.82,13704.68
09.05.2023 21:00:00 +02:00,15843.44,13644.96
09.05.2023 22:00:00 +02:00,15071.78,13460.26
09.05.2023 23:00:00 +02:00,14061.66,12994.49
10.05.2023 00:00:00 +02:00,12538.09,12521.29
10.05.2023 01:00:00 +02:00,12120.30,12222.81
10.05.2023 02:00:00 +02:00,11997.14,11955.70
10.05.2023 03:00:00 +02:00,12000.38,11888.99
10.05.2023 04:00:00 +02:00,12129.59,11896.49
10.05.2023 05:00:00 +02:00,12584.52,12038.54
10.05.2023 06:00:00 +02:00,14166.31,12758.13
10.05.2023 07:00:00 +02:00,16007.67,13721.59
10.05.2023 08:00:00 +02:00,16840.57,14016.69
10.05.2023 09:00:00 +02:00,15981.00,13866.92
10.05.2023 10:00:00 +02:00,14927.35,13770.23
10.05.2023 11:00:00 +02:00,14587.61,13490.28
10.05.2023 12:00:00 +02:00,14558.23,13468.94
10.05.2023 13:00:00 +02:00,14355.32,13354.22
10.05.2023 14:00:00 +02:00,14495.49,13414.57
10.05.2023 15:00:00 +02:00,14582.64,13417.03
10.05.2023 16:00:00 +02:00,15276.02,13462.71
10.05.2023 17:00:00 +02:00,16526.44,13349.24
10.05.2023 18:00:00 +02:00,16785.37,13276.11
10.05.2023 19:00:00 +02:00,17476.76,13333.95
10.05.2023 20:00:00 +02:00,17420.79,13406.39
10.05.2023 21:00:00 +02:00,16712.83,13380.90
10.05.2023 22:00:00 +02:00,16342.83,13235.98
10.05.2023 23:00:00 +02:00,15903.74,12705.18
11.05.2023 00:00:00 +02:00,15093.21,12339.77
11.05.2023 01:00:00 +02:00,14527.76,12029.11
11.05.2023 02:00:00 +02:00,14500.81,11881.06
11.05.2023 03:00:00 +02:00,14363.27,11819.81
11.05.2023 04:00:00 +02:00,14479.84,11801.52
11.05.2023 05:00:00 +02:00,14901.57,11927.47
11.05.2023 06:00:00 +02:00,16844.12,12745.65
11.05.2023 07:00:00 +02:00,18634.09,13739.36
11.05.2023 08:00:00 +02:00,19719.44,14129.01
11.05.2023 09:00:00 +02:00,19026.70,14011.67
11.05.2023 10:00:00 +02:00,18206.14,13695.42
11.05.2023 11:00:00 +02:00,17448.65,13846.64
11.05.2023 12:00:00 +02:00,17303.66,13774.40
11.05.2023 13:00:00 +02:00,17348.59,13750.86
11.05.2023 14:00:00 +02:00,17430.91,13498.33
11.05.2023 15:00:00 +02:00,16974.17,13720.08
11.05.2023 16:00:00 +02:00,16799.79,13813.20
11.05.2023 17:00:00 +02:00,17212.08,13724.48
11.05.2023 18:00:00 +02:00,17778.43,13487.22
11.05.2023 19:00:00 +02:00,18029.52,13469.20
11.05.2023 20:00:00 +02:00,17793.17,13456.90
11.05.2023 21:00:00 +02:00,17145.19,13421.19
11.05.2023 22:00:00 +02:00,16413.72,13243.96
11.05.2023 23:00:00 +02:00,15721.12,12815.76
12.05.2023 00:00:00 +02:00,15023.12,12338.62
12.05.2023 01:00:00 +02:00,14518.15,12040.54
12.05.2023 02:00:00 +02:00,14394.09,11972.11
12.05.2023 03:00:00 +02:00,14305.74,11941.61
12.05.2023 04:00:00 +02:00,14436.60,11987.73
12.05.2023 05:00:00 +02:00,15289.26,12115.97
12.05.2023 06:00:00 +02:00,16928.67,12918.11
12.05.2023 07:00:00 +02:00,18439.46,13918.82
12.05.2023 08:00:00 +02:00,18879.91,14218.16
12.05.2023 09:00:00 +02:00,18378.02,14099.70
12.05.2023 10:00:00 +02:00,17687.17,13980.39
12.05.2023 11:00:00 +02:00,16682.94,13757.06
12.05.2023 12:00:00 +02:00,15656.68,13612.94
12.05.2023 13:00:00 +02:00,15210.68,13354.29
12.05.2023 14:00:00 +02:00,14758.52,13332.65
12.05.2023 15:00:00 +02:00,15392.58,13209.21
12.05.2023 16:00:00 +02:00,16326.64,13161.99
12.05.2023 17:00:00 +02:00,17042.59,13103.55
12.05.2023 18:00:00 +02:00,17687.81,13081.11
12.05.2023 19:00:00 +02:00,18201.25,13067.37
12.05.2023 20:00:00 +02:00,18175.13,12988.10
12.05.2023 21:00:00 +02:00,17851.37,12829.45
12.05.2023 22:00:00 +02:00,17674.62,12790.99
12.05.2023 23:00:00 +02:00,17006.01,12441.48
13.05.2023 00:00:00 +02:00,16165.53,12221.15
13.05.2023 01:00:00 +02:00,15892.54,11871.40
13.05.2023 02:00:00 +02:00,16091.14,11705.08
13.05.2023 03:00:00 +02:00,16262.05,11611.61
13.05.2023 04:00:00 +02:00,16282.91,11553.89
13.05.2023 05:00:00 +02:00,15772.98,11458.02
13.05.2023 06:00:00 +02:00,14871.10,11618.94
13.05.2023 07:00:00 +02:00,15086.15,11948.61
13.05.2023 08:00:00 +02:00,15775.66,12385.05
13.05.2023 09:00:00 +02:00,15706.00,12814.12
13.05.2023 10:00:00 +02:00,13814.23,12972.16
13.05.2023 11:00:00 +02:00,11454.04,12862.67
13.05.2023 12:00:00 +02:00,10508.30,12801.67
13.05.2023 13:00:00 +02:00,10150.47,12675.25
13.05.2023 14:00:00 +02:00,10548.79,12475.34
13.05.2023 15:00:00 +02:00,11049.38,12309.25
13.05.2023 16:00:00 +02:00,12046.63,12314.59
13.05.2023 17:00:00 +02:00,14428.33,12443.10
13.05.2023 18:00:00 +02:00,16554.20,12498.95
13.05.2023 19:00:00 +02:00,17700.10,12549.51
13.05.2023 20:00:00 +02:00,17723.87,12491.81
13.05.2023 21:00:00 +02:00,17314.19,12372.34
13.05.2023 22:00:00 +02:00,16416.90,12309.15
13.05.2023 23:00:00 +02:00,16227.48,12080.28
14.05.2023 00:00:00 +02:00,16209.34,11843.72
14.05.2023 01:00:00 +02:00,15688.02,11626.96
14.05.2023 02:00:00 +02:00,15709.81,11494.83
14.05.2023 03:00:00 +02:00,15240.36,11445.26
14.05.2023 04:00:00 +02:00,15179.09,11380.94
14.05.2023 05:00:00 +02:00,14638.29,11293.44
14.05.2023 06:00:00 +02:00,14024.79,11344.23
14.05.2023 07:00:00 +02:00,13925.54,11457.60
14.05.2023 08:00:00 +02:00,14009.09,11712.27
14.05.2023 09:00:00 +02:00,13039.79,12040.19
14.05.2023 10:00:00 +02:00,12719.82,12313.70
14.05.2023 11:00:00 +02:00,12427.60,12347.90
14.05.2023 12:00:00 +02:00,11981.86,12360.58
14.05.2023 13:00:00 +02:00,10823.04,12210.10
14.05.2023 14:00:00 +02:00,10601.25,12125.92
14.05.2023 15:00:00 +02:00,11217.22,12166.31
14.05.2023 16:00:00 +02:00,12487.82,12209.52
14.05.2023 17:00:00 +02:00,14372.38,12350.70
14.05.2023 18:00:00 +02:00,16332.53,12437.04
14.05.2023 19:00:00 +02:00,16988.53,12551.50
14.05.2023 20:00:00 +02:00,16948.29,12702.74
14.05.2023 21:00:00 +02:00,17109.80,12700.18
14.05.2023 22:00:00 +02:00,17183.42,12667.78
14.05.2023 23:00:00 +02:00,16491.94,12326.30
15.05.2023 00:00:00 +02:00,15719.60,11966.89
15.05.2023 01:00:00 +02:00,15575.43,11634.46
15.05.2023 02:00:00 +02:00,15191.25,11478.49
15.05.2023 03:00:00 +02:00,14778.04,11402.30
15.05.2023 04:00:00 +02:00,14555.17,11433.72
15.05.2023 05:00:00 +02:00,14896.39,11581.29
15.05.2023 06:00:00 +02:00,15785.83,12391.42
15.05.2023 07:00:00 +02:00,17703.36,13466.13
15.05.2023 08:00:00 +02:00,18993.14,13751.60
15.05.2023 09:00:00 +02:00,18597.44,13666.32
15.05.2023 10:00:00 +02:00,17818.70,13563.13
15.05.2023 11:00:00 +02:00,16840.22,13483.70
15.05.2023 12:00:00 +02:00,16533.21,13429.42
15.05.2023 13:00:00 +02:00,15848.33,13361.15
15.05.2023 14:00:00 +02:00,15963.75,13310.95
15.05.2023 15:00:00 +02:00,15361.01,13328.51
15.05.2023 16:00:00 +02:00,15429.99,13383.22
15.05.2023 17:00:00 +02:00,16764.19,13282.52
15.05.2023 18:00:00 +02:00,17546.49,13253.96
15.05.2023 19:00:00 +02:00,17757.24,13236.88
15.05.2023 20:00:00 +02:00,17448.51,13289.62
15.05.2023 21:00:00 +02:00,16623.37,13243.77
15.05.2023 22:00:00 +02:00,16543.62,13110.94
15.05.2023 23:00:00 +02:00,15715.87,12630.87
16.05.2023 00:00:00 +02:00,14662.14,12154.19
16.05.2023 01:00:00 +02:00,13943.56,11793.37
16.05.2023 02:00:00 +02:00,13700.20,11571.29
16.05.2023 03:00:00 +02:00,13433.92,11557.93
16.05.2023 04:00:00 +02:00,13745.21,11519.42
16.05.2023 05:00:00 +02:00,14243.93,11653.11
16.05.2023 06:00:00 +02:00,15854.01,12461.93
16.05.2023 07:00:00 +02:00,17037.71,13489.02
16.05.2023 08:00:00 +02:00,17569.31,13699.82
16.05.2023 09:00:00 +02:00,17023.29,13731.51
16.05.2023 10:00:00 +02:00,15813.57,13447.71
16.05.2023 11:00:00 +02:00,14648.92,13599.02
16.05.2023 12:00:00 +02:00,13200.08,13540.10
16.05.2023 13:00:00 +02:00,12368.58,13576.89
16.05.2023 14:00:00 +02:00,11945.16,13489.97
16.05.2023 15:00:00 +02:00,12288.56,13462.65
16.05.2023 16:00:00 +02:00,13301.49,13398.38
16.05.2023 17:00:00 +02:00,13887.62,13365.45
16.05.2023 18:00:00 +02:00,14558.19,13327.02
16.05.2023 19:00:00 +02:00,15007.36,13401.22
16.05.2023 20:00:00 +02:00,14733.19,13547.82
16.05.2023 21:00:00 +02:00,14740.57,13530.86
16.05.2023 22:00:00 +02:00,14134.96,13533.69
16.05.2023 23:00:00 +02:00,13297.21,13254.64
17.05.2023 00:00:00 +02:00,12423.60,12774.16
17.05.2023 01:00:00 +02:00,12072.62,12417.06
17.05.2023 02:00:00 +02:00,11620.55,12207.91
17.05.2023 03:00:00 +02:00,11468.14,12063.45
17.05.2023 04:00:00 +02:00,11535.73,11962.60
17.05.2023 05:00:00 +02:00,12068.80,11868.02
17.05.2023 06:00:00 +02:00,12472.27,12246.09
17.05.2023 07:00:00 +02:00,13296.28,12873.89
17.05.2023 08:00:00 +02:00,13569.13,13460.41
17.05.2023 09:00:00 +02:00,13219.22,13568.77
17.05.2023 10:00:00 +02:00,12714.59,13353.54
17.05.2023 11:00:00 +02:00,12441.92,13081.42
17.05.2023 12:00:00 +02:00,12033.14,12917.84
17.05.2023 13:00:00 +02:00,11561.49,12764.34
17.05.2023 14:00:00 +02:00,11660.22,12685.93
17.05.2023 15:00:00 +02:00,11860.09,12546.66
17.05.2023 16:00:00 +02:00,12325.72,12411.42
17.05.2023 17:00:00 +02:00,13796.31,12331.07
17.05.2023 18:00:00 +02:00,15069.29,12415.43
17.05.2023 19:00:00 +02:00,15533.30,12497.17
17.05.2023 20:00:00 +02:00,16357.97,12567.09
17.05.2023 21:00:00 +02:00,16651.18,12591.15
17.05.2023 22:00:00 +02:00,16617.05,12644.91
17.05.2023 23:00:00 +02:00,16407.48,12624.17
18.05.2023 00:00:00 +02:00,15739.98,12461.94
18.05.2023 01:00:00 +02:00,15196.95,12235.13
18.05.2023 02:00:00 +02:00,15040.08,12116.51
18.05.2023 03:00:00 +02:00,14826.38,11959.50
18.05.2023 04:00:00 +02:00,14595.34,11956.81
18.05.2023 05:00:00 +02:00,14780.85,12011.93
18.05.2023 06:00:00 +02:00,15556.29,12316.35
18.05.2023 07:00:00 +02:00,16051.43,12542.28
18.05.2023 08:00:00 +02:00,15863.51,12712.66
18.05.2023 09:00:00 +02:00,14592.99,12914.89
18.05.2023 10:00:00 +02:00,12992.10,13062.80
18.05.2023 11:00:00 +02:00,11716.47,12942.86
18.05.2023 12:00:00 +02:00,11081.29,12812.57
18.05.2023 13:00:00 +02:00,10138.37,12720.54
18.05.2023 14:00:00 +02:00,10134.10,12676.58
18.05.2023 15:00:00 +02:00,10824.67,12661.08
18.05.2023 16:00:00 +02:00,12403.49,12596.54
18.05.2023 17:00:00 +02:00,14359.20,12571.61
18.05.2023 18:00:00 +02:00,16789.87,12708.73
18.05.2023 19:00:00 +02:00,17497.62,12670.84
18.05.2023 20:00:00 +02:00,17959.66,12615.84
18.05.2023 21:00:00 +02:00,18139.60,12567.90
18.05.2023 22:00:00 +02:00,17755.73,12575.20
18.05.2023 23:00:00 +02:00,16850.21,12373.65
19.05.2023 00:00:00 +02:00,16166.99,12003.00
19.05.2023 01:00:00 +02:00,15469.47,11719.90
19.05.2023 02:00:00 +02:00,15305.51,11587.01
19.05.2023 03:00:00 +02:00,14658.43,11592.93
19.05.2023 04:00:00 +02:00,14820.44,11509.23
19.05.2023 05:00:00 +02:00,15475.57,11616.69
19.05.2023 06:00:00 +02:00,16469.48,12126.22
19.05.2023 07:00:00 +02:00,17810.17,12829.31
19.05.2023 08:00:00 +02:00,18010.47,13274.51
19.05.2023 09:00:00 +02:00,16487.07,13407.06
19.05.2023 10:00:00 +02:00,14364.23,13394.54
19.05.2023 11:00:00 +02:00,12226.76,13223.54
19.05.2023 12:00:00 +02:00,11907.41,13073.24
19.05.2023 13:00:00 +02:00,11706.62,12957.05
19.05.2023 14:00:00 +02:00,12188.90,12910.41
19.05.2023 15:00:00 +02:00,12884.40,12869.86
19.05.2023 16:00:00 +02:00,13909.30,12790.63
19.05.2023 17:00:00 +02:00,15683.11,12753.70
19.05.2023 18:00:00 +02:00,16922.21,12776.46
19.05.2023 19:00:00 +02:00,17360.97,12738.39
19.05.2023 20:00:00 +02:00,17433.59,12614.19
19.05.2023 21:00:00 +02:00,17132.34,12452.41
19.05.2023 22:00:00 +02:00,16822.62,12391.17
19.05.2023 23:00:00 +02:00,15726.40,12156.31
20.05.2023 00:00:00 +02:00,15251.01,11761.38
20.05.2023 01:00:00 +02:00,14480.17,11545.90
20.05.2023 02:00:00 +02:00,13648.81,11326.50
20.05.2023 03:00:00 +02:00,13282.22,11194.89
20.05.2023 04:00:00 +02:00,12978.24,11130.08
20.05.2023 05:00:00 +02:00,12578.10,11066.60
20.05.2023 06:00:00 +02:00,13016.79,11185.41
20.05.2023 07:00:00 +02:00,13129.44,11418.35
20.05.2023 08:00:00 +02:00,12218.27,11777.34
20.05.2023 09:00:00 +02:00,10591.98,12153.00
20.05.2023 10:00:00 +02:00,9421.51,12380.58
20.05.2023 11:00:00 +02:00,9048.96,12333.91
20.05.2023 12:00:00 +02:00,8596.22,12195.61
20.05.2023 13:00:00 +02:00,8278.69,12031.59
20.05.2023 14:00:00 +02:00,8143.67,11981.31
20.05.2023 15:00:00 +02:00,8392.53,11895.49
20.05.2023 16:00:00 +02:00,9188.86,11961.89
20.05.2023 17:00:00 +02:00,10573.32,12063.51
20.05.2023 18:00:00 +02:00,12432.20,12022.46
20.05.2023 19:00:00 +02:00,14403.79,12015.21
20.05.2023 20:00:00 +02:00,15540.73,11942.62
20.05.2023 21:00:00 +02:00,15287.39,11855.21
20.05.2023 22:00:00 +02:00,14983.85,11848.05
20.05.2023 23:00:00 +02:00,13987.33,11711.31
21.05.2023 00:00:00 +02:00,12153.99,11455.77
21.05.2023 01:00:00 +02:00,10508.61,11204.06
21.05.2023 02:00:00 +02:00,10212.34,11072.66
21.05.2023 03:00:00 +02:00,10136.98,11018.88
21.05.2023 04:00:00 +02:00,9986.32,10927.66
21.05.2023 05:00:00 +02:00,10012.13,10870.73
21.05.2023 06:00:00 +02:00,10176.18,10885.81
21.05.2023 07:00:00 +02:00,10413.69,10967.02
21.05.2023 08:00:00 +02:00,10279.49,11190.94
21.05.2023 09:00:00 +02:00,9473.32,11490.04
21.05.2023 10:00:00 +02:00,8811.30,11696.74
21.05.2023 11:00:00 +02:00,8950.94,11708.77
21.05.2023 12:00:00 +02:00,8644.47,11656.11
21.05.2023 13:00:00 +02:00,8294.29,11692.59
21.05.2023 14:00:00 +02:00,8360.16,11616.05
21.05.2023 15:00:00 +02:00,8414.65,11645.87
21.05.2023 16:00:00 +02:00,8949.85,11725.68
21.05.2023 17:00:00 +02:00,10516.67,11837.44
21.05.2023 18:00:00 +02:00,13089.40,11899.25
21.05.2023 19:00:00 +02:00,14318.53,11960.96
21.05.2023 20:00:00 +02:00,15173.96,12034.16
21.05.2023 21:00:00 +02:00,15427.23,12055.37
21.05.2023 22:00:00 +02:00,15224.85,12074.17
21.05.2023 23:00:00 +02:00,14522.00,11847.83
22.05.2023 00:00:00 +02:00,13506.78,11483.59
22.05.2023 01:00:00 +02:00,13205.02,11112.70
22.05.2023 02:00:00 +02:00,13187.20,10996.81
22.05.2023 03:00:00 +02:00,13197.02,10933.02
22.05.2023 04:00:00 +02:00,13477.24,10925.37
22.05.2023 05:00:00 +02:00,13977.94,11125.09
22.05.2023 06:00:00 +02:00,15295.75,11851.18
22.05.2023 07:00:00 +02:00,17226.13,12813.64
22.05.2023 08:00:00 +02:00,17877.30,13029.54
22.05.2023 09:00:00 +02:00,17129.75,12949.20
22.05.2023 10:00:00 +02:00,16488.27,12929.96
22.05.2023 11:00:00 +02:00,15096.14,12650.58
22.05.2023 12:00:00 +02:00,14406.17,12591.88
22.05.2023 13:00:00 +02:00,13560.11,12524.79
22.05.2023 14:00:00 +02:00,13687.06,12525.40
22.05.2023 15:00:00 +02:00,13838.93,12567.17
22.05.2023 16:00:00 +02:00,14219.71,12645.77
22.05.2023 17:00:00 +02:00,15218.38,12567.92
22.05.2023 18:00:00 +02:00,15724.03,12520.16
22.05.2023 19:00:00 +02:00,16134.08,12464.57
22.05.2023 20:00:00 +02:00,15724.58,12472.29
22.05.2023 21:00:00 +02:00,15394.11,12445.36
22.05.2023 22:00:00 +02:00,15337.60,12303.58
22.05.2023 23:00:00 +02:00,14958.33,11839.76
23.05.2023 00:00:00 +02:00,14823.03,11388.42
23.05.2023 01:00:00 +02:00,14467.86,11009.29
23.05.2023 02:00:00 +02:00,13955.66,10803.35
23.05.2023 03:00:00 +02:00,13517.84,10708.69
23.05.2023 04:00:00 +02:00,13554.02,10718.44
23.05.2023 05:00:00 +02:00,13552.67,10929.70
23.05.2023 06:00:00 +02:00,14889.59,11760.68
23.05.2023 07:00:00 +02:00,16942.63,12806.40
23.05.2023 08:00:00 +02:00,17524.14,13112.13
23.05.2023 09:00:00 +02:00,16562.61,13108.73
23.05.2023 10:00:00 +02:00,14807.09,12848.37
23.05.2023 11:00:00 +02:00,13614.25,12962.07
23.05.2023 12:00:00 +02:00,13213.24,12958.18
23.05.2023 13:00:00 +02:00,12578.91,13023.89
23.05.2023 14:00:00 +02:00,12719.79,13008.10
23.05.2023 15:00:00 +02:00,12368.93,12951.83
23.05.2023 16:00:00 +02:00,12472.81,13024.08
23.05.2023 17:00:00 +02:00,13578.95,12882.36
23.05.2023 18:00:00 +02:00,14686.72,12770.80
23.05.2023 19:00:00 +02:00,15156.91,12672.42
23.05.2023 20:00:00 +02:00,14795.71,12654.11
23.05.2023 21:00:00 +02:00,15095.44,12609.15
23.05.2023 22:00:00 +02:00,14983.29,12493.94
23.05.2023 23:00:00 +02:00,14524.86,12216.36
24.05.2023 00:00:00 +02:00,14397.68,11920.61
24.05.2023 01:00:00 +02:00,14598.86,11488.44
24.05.2023 02:00:00 +02:00,14521.66,11273.98
24.05.2023 03:00:00 +02:00,14395.20,11178.96
24.05.2023 04:00:00 +02:00,14173.62,11114.22
24.05.2023 05:00:00 +02:00,14543.16,11290.79
24.05.2023 06:00:00 +02:00,16017.21,12075.46
24.05.2023 07:00:00 +02:00,17438.03,13042.20
24.05.2023 08:00:00 +02:00,17644.34,13343.77
24.05.2023 09:00:00 +02:00,16494.05,13244.31
24.05.2023 10:00:00 +02:00,16467.29,13191.66
24.05.2023 11:00:00 +02:00,17101.96,12892.78
24.05.2023 12:00:00 +02:00,17265.31,13015.20
24.05.2023 13:00:00 +02:00,17154.03,12939.76
24.05.2023 14:00:00 +02:00,17312.03,13003.43
24.05.2023 15:00:00 +02:00,17061.49,13026.61
24.05.2023 16:00:00 +02:00,16752.91,13045.30
24.05.2023 17:00:00 +02:00,17443.18,12908.00
24.05.2023 18:00:00 +02:00,17731.08,12747.25
24.05.2023 19:00:00 +02:00,17935.62,12768.35
24.05.2023 20:00:00 +02:00,17699.61,12815.69
24.05.2023 21:00:00 +02:00,17534.24,12816.02
24.05.2023 22:00:00 +02:00,16929.81,12727.66
24.05.2023 23:00:00 +02:00,16464.66,12359.17
25.05.2023 00:00:00 +02:00,16121.28,11833.75
25.05.2023 01:00:00 +02:00,15453.06,11541.36
25.05.2023 02:00:00 +02:00,15282.05,11424.33
25.05.2023 03:00:00 +02:00,14922.54,11353.55
25.05.2023 04:00:00 +02:00,15040.09,11343.67
25.05.2023 05:00:00 +02:00,15637.44,11447.80
25.05.2023 06:00:00 +02:00,17209.22,12265.31
25.05.2023 07:00:00 +02:00,17282.28,13362.09
25.05.2023 08:00:00 +02:00,16567.80,13675.59
25.05.2023 09:00:00 +02:00,15817.06,13534.27
25.05.2023 10:00:00 +02:00,14840.24,13200.73
25.05.2023 11:00:00 +02:00,13873.91,13290.90
25.05.2023 12:00:00 +02:00,13356.81,13236.43
25.05.2023 13:00:00 +02:00,13043.75,13185.17
25.05.2023 14:00:00 +02:00,12631.62,13218.55
25.05.2023 15:00:00 +02:00,12959.78,13214.22
25.05.2023 16:00:00 +02:00,13402.82,13183.95
25.05.2023 17:00:00 +02:00,14432.95,13125.51
25.05.2023 18:00:00 +02:00,16017.56,13098.32
25.05.2023 19:00:00 +02:00,16448.93,13141.66
25.05.2023 20:00:00 +02:00,16563.75,13204.64
25.05.2023 21:00:00 +02:00,16063.98,13122.80
25.05.2023 22:00:00 +02:00,15695.87,13056.03
25.05.2023 23:00:00 +02:00,14638.11,12697.09
26.05.2023 00:00:00 +02:00,14251.52,12361.21
26.05.2023 01:00:00 +02:00,14076.27,12219.62
26.05.2023 02:00:00 +02:00,13496.71,11824.14
26.05.2023 03:00:00 +02:00,13496.71,11824.14
26.05.2023 04:00:00 +02:00,13496.71,11824.14
26.05.2023 05:00:00 +02:00,13496.71,11824.14
26.05.2023 06:00:00 +02:00,13496.71,11824.14
26.05.2023 07:00:00 +02:00,13496.71,11824.14
26.05.2023 08:00:00 +02:00,14137.33,12871.18
26.05.2023 09:00:00 +02:00,13888.77,13788.85
26.05.2023 10:00:00 +02:00,11944.41,13701.11
26.05.2023 11:00:00 +02:00,10667.17,13516.38
26.05.2023 12:00:00 +02:00,9843.50,13405.50
26.05.2023 13:00:00 +02:00,9407.94,13354.92
26.05.2023 14:00:00 +02:00,9044.50,13165.97
26.05.2023 15:00:00 +02:00,9352.55,12923.99
26.05.2023 16:00:00 +02:00,10572.34,12791.18
26.05.2023 17:00:00 +02:00,11969.89,12698.18
26.05.2023 18:00:00 +02:00,14055.31,12668.57
26.05.2023 19:00:00 +02:00,15287.08,12643.68
26.05.2023 20:00:00 +02:00,15836.36,12572.12
26.05.2023 21:00:00 +02:00,15323.97,12412.13
26.05.2023 22:00:00 +02:00,15089.65,12307.72
26.05.2023 23:00:00 +02:00,14589.35,12132.75
27.05.2023 00:00:00 +02:00,14717.95,11716.87
27.05.2023 01:00:00 +02:00,14544.22,11430.24
27.05.2023 02:00:00 +02:00,14630.53,11256.18
27.05.2023 03:00:00 +02:00,14488.09,11137.18
27.05.2023 04:00:00 +02:00,14400.93,11017.15
27.05.2023 05:00:00 +02:00,14563.04,10943.38
27.05.2023 06:00:00 +02:00,15236.99,11036.49
27.05.2023 07:00:00 +02:00,15418.07,11215.72
27.05.2023 08:00:00 +02:00,14646.27,11556.42
27.05.2023 09:00:00 +02:00,12944.27,11944.82
27.05.2023 10:00:00 +02:00,10793.17,12040.34
27.05.2023 11:00:00 +02:00,9628.86,12023.21
27.05.2023 12:00:00 +02:00,8771.07,12069.18
27.05.2023 13:00:00 +02:00,8276.75,12007.91
27.05.2023 14:00:00 +02:00,8779.64,12003.21
27.05.2023 15:00:00 +02:00,9459.97,12011.87
27.05.2023 16:00:00 +02:00,10169.19,12047.27
27.05.2023 17:00:00 +02:00,13609.82,12146.56
27.05.2023 18:00:00 +02:00,15125.41,12138.79
27.05.2023 19:00:00 +02:00,15459.71,12053.62
27.05.2023 20:00:00 +02:00,15659.60,11918.51
27.05.2023 21:00:00 +02:00,16023.47,11763.52
27.05.2023 22:00:00 +02:00,15690.67,11609.49
27.05.2023 23:00:00 +02:00,14493.57,11373.71
28.05.2023 00:00:00 +02:00,14204.30,11129.79
28.05.2023 01:00:00 +02:00,14143.34,10938.47
28.05.2023 02:00:00 +02:00,13813.12,10808.14
28.05.2023 03:00:00 +02:00,13635.86,10724.01
28.05.2023 04:00:00 +02:00,14069.89,10650.35
28.05.2023 05:00:00 +02:00,14630.69,10581.85
28.05.2023 06:00:00 +02:00,14490.55,10587.04
28.05.2023 07:00:00 +02:00,13789.14,10720.97
28.05.2023 08:00:00 +02:00,11957.56,11016.79
28.05.2023 09:00:00 +02:00,9650.79,11393.95
28.05.2023 10:00:00 +02:00,8178.16,11690.35
28.05.2023 11:00:00 +02:00,7773.02,11837.28
28.05.2023 12:00:00 +02:00,7756.68,11799.52
28.05.2023 13:00:00 +02:00,7834.73,11750.35
28.05.2023 14:00:00 +02:00,7671.99,11714.69
28.05.2023 15:00:00 +02:00,8332.60,11685.18
28.05.2023 16:00:00 +02:00,8412.32,11705.35
28.05.2023 17:00:00 +02:00,10972.37,11744.67
28.05.2023 18:00:00 +02:00,13338.04,11722.58
28.05.2023 19:00:00 +02:00,15146.25,11727.09
28.05.2023 20:00:00 +02:00,15801.41,11714.37
28.05.2023 21:00:00 +02:00,16080.13,11631.79
28.05.2023 22:00:00 +02:00,15573.56,11638.58
28.05.2023 23:00:00 +02:00,14546.90,11550.49
29.05.2023 00:00:00 +02:00,13958.91,11243.56
29.05.2023 01:00:00 +02:00,13026.87,11032.03
29.05.2023 02:00:00 +02:00,12505.02,10955.67
29.05.2023 03:00:00 +02:00,11910.42,10892.47
29.05.2023 04:00:00 +02:00,12417.75,10817.24
29.05.2023 05:00:00 +02:00,13718.52,10836.83
29.05.2023 06:00:00 +02:00,14545.11,11053.65
29.05.2023 07:00:00 +02:00,13889.49,11278.20
29.05.2023 08:00:00 +02:00,11845.87,11592.54
29.05.2023 09:00:00 +02:00,10710.97,11948.24
29.05.2023 10:00:00 +02:00,10488.41,12221.81
29.05.2023 11:00:00 +02:00,10505.41,12310.95
29.05.2023 12:00:00 +02:00,10438.03,12330.77
29.05.2023 13:00:00 +02:00,10305.67,12348.87
29.05.2023 14:00:00 +02:00,10119.25,12355.88
29.05.2023 15:00:00 +02:00,9802.96,12387.43
29.05.2023 16:00:00 +02:00,10223.17,12379.39
29.05.2023 17:00:00 +02:00,10451.33,12242.02
29.05.2023 18:00:00 +02:00,12197.24,12159.33
29.05.2023 19:00:00 +02:00,14363.49,12096.27
29.05.2023 20:00:00 +02:00,15329.08,12088.50
29.05.2023 21:00:00 +02:00,15519.03,11996.91
29.05.2023 22:00:00 +02:00,14980.58,11919.98
29.05.2023 23:00:00 +02:00,14326.09,11708.99
30.05.2023 00:00:00 +02:00,14214.50,11431.81
30.05.2023 01:00:00 +02:00,14252.88,11280.22
30.05.2023 02:00:00 +02:00,13974.84,11200.49
30.05.2023 03:00:00 +02:00,13313.13,11115.80
30.05.2023 04:00:00 +02:00,13176.66,11047.89
30.05.2023 05:00:00 +02:00,15103.13,11369.05
30.05.2023 06:00:00 +02:00,17645.76,12246.05
30.05.2023 07:00:00 +02:00,19195.46,13153.33
30.05.2023 08:00:00 +02:00,18651.69,13459.30
30.05.2023 09:00:00 +02:00,17949.92,13276.53
30.05.2023 10:00:00 +02:00,17771.24,12911.53
30.05.2023 11:00:00 +02:00,16595.45,13079.80
30.05.2023 12:00:00 +02:00,15187.21,13032.88
30.05.2023 13:00:00 +02:00,13858.50,12960.62
30.05.2023 14:00:00 +02:00,13817.79,12946.72
30.05.2023 15:00:00 +02:00,15517.54,12867.95
30.05.2023 16:00:00 +02:00,16166.32,12933.36
30.05.2023 17:00:00 +02:00,16841.83,12848.15
30.05.2023 18:00:00 +02:00,16925.67,12706.82
30.05.2023 19:00:00 +02:00,17201.05,12731.50
30.05.2023 20:00:00 +02:00,16836.99,12767.04
30.05.2023 21:00:00 +02:00,16502.96,12769.14
30.05.2023 22:00:00 +02:00,15893.89,12629.33
30.05.2023 23:00:00 +02:00,15309.63,12265.96
31.05.2023 00:00:00 +02:00,15431.84,11811.87
31.05.2023 01:00:00 +02:00,15011.59,11499.63
31.05.2023 02:00:00 +02:00,14558.25,11287.19
31.05.2023 03:00:00 +02:00,14324.25,11176.14
31.05.2023 04:00:00 +02:00,14151.90,11119.48
31.05.2023 05:00:00 +02:00,14966.23,11259.04
31.05.2023 06:00:00 +02:00,16489.53,12073.68
31.05.2023 07:00:00 +02:00,17709.47,13068.11
31.05.2023 08:00:00 +02:00,17106.36,13296.36
31.05.2023 09:00:00 +02:00,16195.46,13263.19
31.05.2023 10:00:00 +02:00,14364.05,13256.75
31.05.2023 11:00:00 +02:00,12461.47,13146.87
31.05.2023 12:00:00 +02:00,11543.08,13082.85
31.05.2023 13:00:00 +02:00,10487.83,13142.62
31.05.2023 14:00:00 +02:00,10090.95,13091.77
31.05.2023 15:00:00 +02:00,10779.48,13171.56
31.05.2023 16:00:00 +02:00,11565.73,13174.26
31.05.2023 17:00:00 +02:00,13780.78,13059.94
31.05.2023 18:00:00 +02:00,14684.05,12958.01
31.05.2023 19:00:00 +02:00,15374.46,13008.52
31.05.2023 20:00:00 +02:00,15986.62,13038.43
31.05.2023 21:00:00 +02:00,15123.97,13020.71
31.05.2023 22:00:00 +02:00,14753.70,12866.32
31.05.2023 23:00:00 +02:00,14727.99,12480.32
01.06.2023 00:00:00 +02:00,14452.74,11963.82
01.06.2023 01:00:00 +02:00,14335.47,11695.55
01.06.2023 02:00:00 +02:00,14238.65,11534.65
01.06.2023 03:00:00 +02:00,14201.96,11428.62
01.06.2023 04:00:00 +02:00,14530.08,11404.73
01.06.2023 05:00:00 +02:00,15344.72,11642.90
01.06.2023 06:00:00 +02:00,15660.27,12398.72
01.06.2023 07:00:00 +02:00,16471.06,13395.00
01.06.2023 08:00:00 +02:00,16669.16,13690.54
01.06.2023 09:00:00 +02:00,16232.76,13608.43
01.06.2023 10:00:00 +02:00,15230.71,13279.51
01.06.2023 11:00:00 +02:00,13677.53,13384.56
01.06.2023 12:00:00 +02:00,12225.69,13287.82
01.06.2023 13:00:00 +02:00,11285.96,13263.17
01.06.2023 14:00:00 +02:00,11474.68,13173.25
01.06.2023 15:00:00 +02:00,11802.15,13106.45
01.06.2023 16:00:00 +02:00,13662.89,13176.31
01.06.2023 17:00:00 +02:00,15368.84,12944.23
01.06.2023 18:00:00 +02:00,16379.59,12847.33
01.06.2023 19:00:00 +02:00,16950.88,12877.84
01.06.2023 20:00:00 +02:00,17063.08,12890.44
01.06.2023 21:00:00 +02:00,16601.93,12879.47
01.06.2023 22:00:00 +02:00,16358.60,12782.66
01.06.2023 23:00:00 +02:00,15265.79,12453.16
02.06.2023 00:00:00 +02:00,15218.65,11981.60
02.06.2023 01:00:00 +02:00,15017.66,11685.27
02.06.2023 02:00:00 +02:00,14634.55,11646.07
02.06.2023 03:00:00 +02:00,13799.43,11553.05
02.06.2023 04:00:00 +02:00,13644.78,11575.70
02.06.2023 05:00:00 +02:00,14643.86,11796.25
02.06.2023 06:00:00 +02:00,15861.30,12528.79
02.06.2023 07:00:00 +02:00,16648.30,13453.88
02.06.2023 08:00:00 +02:00,16709.42,13792.59
02.06.2023 09:00:00 +02:00,16207.23,13609.61
02.06.2023 10:00:00 +02:00,16043.91,13455.45
02.06.2023 11:00:00 +02:00,15594.80,13203.58
02.06.2023 12:00:00 +02:00,15258.54,13054.35
02.06.2023 13:00:00 +02:00,14699.10,12932.63
02.06.2023 14:00:00 +02:00,14026.87,12846.98
02.06.2023 15:00:00 +02:00,13872.00,12742.52
02.06.2023 16:00:00 +02:00,14927.00,12737.49
02.06.2023 17:00:00 +02:00,16711.35,12645.34
02.06.2023 18:00:00 +02:00,17695.71,12648.52
02.06.2023 19:00:00 +02:00,18154.33,12502.16
02.06.2023 20:00:00 +02:00,18259.73,12407.14
02.06.2023 21:00:00 +02:00,17800.58,12344.80
02.06.2023 22:00:00 +02:00,17151.22,12201.18
02.06.2023 23:00:00 +02:00,17588.97,11960.56
03.06.2023 00:00:00 +02:00,17383.37,11583.24
03.06.2023 01:00:00 +02:00,17162.00,11382.52
03.06.2023 02:00:00 +02:00,17130.16,11244.64
03.06.2023 03:00:00 +02:00,16742.98,11180.87
03.06.2023 04:00:00 +02:00,16478.28,11033.13
03.06.2023 05:00:00 +02:00,16045.70,10977.63
03.06.2023 06:00:00 +02:00,16111.60,11107.69
03.06.2023 07:00:00 +02:00,16273.87,11452.17
03.06.2023 08:00:00 +02:00,15037.20,11751.95
03.06.2023 09:00:00 +02:00,13996.23,12106.29
03.06.2023 10:00:00 +02:00,12032.40,12296.58
03.06.2023 11:00:00 +02:00,9843.22,12313.56
03.06.2023 12:00:00 +02:00,8960.15,12219.71
03.06.2023 13:00:00 +02:00,8524.61,12082.92
03.06.2023 14:00:00 +02:00,8816.44,12044.09
03.06.2023 15:00:00 +02:00,9120.02,11975.96
03.06.2023 16:00:00 +02:00,10046.08,11970.35
03.06.2023 17:00:00 +02:00,12807.88,12076.06
03.06.2023 18:00:00 +02:00,14957.35,12113.18
03.06.2023 19:00:00 +02:00,16254.55,12049.59
03.06.2023 20:00:00 +02:00,16383.04,11917.20
03.06.2023 21:00:00 +02:00,15842.77,11771.42
03.06.2023 22:00:00 +02:00,15293.82,11655.45
03.06.2023 23:00:00 +02:00,15147.59,11542.99
04.06.2023 00:00:00 +02:00,14789.28,11345.58
04.06.2023 01:00:00 +02:00,13872.69,11081.01
04.06.2023 02:00:00 +02:00,13512.99,10899.40
04.06.2023 03:00:00 +02:00,13245.25,10759.72
04.06.2023 04:00:00 +02:00,12869.48,10655.01
04.06.2023 05:00:00 +02:00,12631.02,10574.31
04.06.2023 06:00:00 +02:00,12394.89,10623.18
04.06.2023 07:00:00 +02:00,11778.83,10714.49
04.06.2023 08:00:00 +02:00,10935.18,10916.68
04.06.2023 09:00:00 +02:00,9565.84,11188.65
04.06.2023 10:00:00 +02:00,8137.74,11471.79
04.06.2023 11:00:00 +02:00,7986.83,11527.16
04.06.2023 12:00:00 +02:00,7597.97,11553.95
04.06.2023 13:00:00 +02:00,7568.91,11479.31
04.06.2023 14:00:00 +02:00,7410.74,11505.22
04.06.2023 15:00:00 +02:00,7649.20,11507.54
04.06.2023 16:00:00 +02:00,8852.27,11536.18
04.06.2023 17:00:00 +02:00,11851.09,11567.31
04.06.2023 18:00:00 +02:00,13608.53,11638.19
04.06.2023 19:00:00 +02:00,15509.13,11815.26
04.06.2023 20:00:00 +02:00,16676.99,11935.49
04.06.2023 21:00:00 +02:00,16226.92,11957.40
04.06.2023 22:00:00 +02:00,15506.92,11794.92
04.06.2023 23:00:00 +02:00,15526.40,11539.13
05.06.2023 00:00:00 +02:00,15185.45,11151.73
05.06.2023 01:00:00 +02:00,14282.78,10816.57
05.06.2023 02:00:00 +02:00,14064.55,10640.21
05.06.2023 03:00:00 +02:00,13442.10,10616.66
05.06.2023 04:00:00 +02:00,13136.16,10616.56
05.06.2023 05:00:00 +02:00,13830.85,10784.68
05.06.2023 06:00:00 +02:00,14833.27,11562.46
05.06.2023 07:00:00 +02:00,16157.54,12441.10
05.06.2023 08:00:00 +02:00,15996.47,12880.35
05.06.2023 09:00:00 +02:00,15771.46,12940.24
05.06.2023 10:00:00 +02:00,14977.50,12824.64
05.06.2023 11:00:00 +02:00,13832.42,12700.73
05.06.2023 12:00:00 +02:00,13465.40,12598.67
05.06.2023 13:00:00 +02:00,13791.11,12591.30
05.06.2023 14:00:00 +02:00,13807.89,12615.76
05.06.2023 15:00:00 +02:00,14018.42,12629.09
05.06.2023 16:00:00 +02:00,14646.50,12634.95
05.06.2023 17:00:00 +02:00,15029.97,12508.64
05.06.2023 18:00:00 +02:00,15911.45,12457.68
05.06.2023 19:00:00 +02:00,16374.74,12458.04
05.06.2023 20:00:00 +02:00,16676.78,12445.19
05.06.2023 21:00:00 +02:00,16669.12,12428.39
05.06.2023 22:00:00 +02:00,15977.49,12275.88
05.06.2023 23:00:00 +02:00,15423.48,11906.15
06.06.2023 00:00:00 +02:00,15220.27,11298.52
06.06.2023 01:00:00 +02:00,14289.87,10914.58
06.06.2023 02:00:00 +02:00,13813.26,10916.76
06.06.2023 03:00:00 +02:00,13881.94,10789.93
06.06.2023 04:00:00 +02:00,14008.55,10720.35
06.06.2023 05:00:00 +02:00,15540.17,10914.49
06.06.2023 06:00:00 +02:00,17235.44,11690.35
06.06.2023 07:00:00 +02:00,18447.38,12576.60
06.06.2023 08:00:00 +02:00,18715.54,12870.52
06.06.2023 09:00:00 +02:00,18240.47,12744.91
06.06.2023 10:00:00 +02:00,17452.14,12491.13
06.06.2023 11:00:00 +02:00,17341.42,12661.80
06.06.2023 12:00:00 +02:00,16619.54,12580.81
06.06.2023 13:00:00 +02:00,16648.93,12596.30
06.06.2023 14:00:00 +02:00,16400.53,12588.90
06.06.2023 15:00:00 +02:00,16069.71,12563.73
06.06.2023 16:00:00 +02:00,16096.82,12596.99
06.06.2023 17:00:00 +02:00,16650.29,12429.85
06.06.2023 18:00:00 +02:00,17161.16,12367.14
06.06.2023 19:00:00 +02:00,17647.94,12380.03
06.06.2023 20:00:00 +02:00,17708.54,12410.40
06.06.2023 21:00:00 +02:00,17550.93,12325.43
06.06.2023 22:00:00 +02:00,17297.85,12252.90
06.06.2023 23:00:00 +02:00,16353.99,11878.91
07.06.2023 00:00:00 +02:00,15725.13,11230.76
07.06.2023 01:00:00 +02:00,14873.89,10865.10
07.06.2023 02:00:00 +02:00,14570.27,10820.87
07.06.2023 03:00:00 +02:00,14802.50,10662.76
07.06.2023 04:00:00 +02:00,14416.53,10562.50
07.06.2023 05:00:00 +02:00,14734.18,10711.22
07.06.2023 06:00:00 +02:00,15996.81,11492.84
07.06.2023 07:00:00 +02:00,17032.11,12393.24
07.06.2023 08:00:00 +02:00,17769.58,12693.87
07.06.2023 09:00:00 +02:00,17741.20,12645.71
07.06.2023 10:00:00 +02:00,17708.63,12515.20
07.06.2023 11:00:00 +02:00,17559.67,12447.73
07.06.2023 12:00:00 +02:00,16987.81,12449.86
07.06.2023 13:00:00 +02:00,16396.63,12477.02
07.06.2023 14:00:00 +02:00,16391.48,12475.61
07.06.2023 15:00:00 +02:00,16736.59,12519.25
07.06.2023 16:00:00 +02:00,16892.25,12605.33
07.06.2023 17:00:00 +02:00,17280.35,12467.55
07.06.2023 18:00:00 +02:00,17696.16,12370.06
07.06.2023 19:00:00 +02:00,17804.03,12372.04
07.06.2023 20:00:00 +02:00,18066.52,12474.74
07.06.2023 21:00:00 +02:00,17920.14,12354.97
07.06.2023 22:00:00 +02:00,17514.62,12153.70
07.06.2023 23:00:00 +02:00,16305.03,11807.69
08.06.2023 00:00:00 +02:00,15829.17,11278.08
08.06.2023 01:00:00 +02:00,15273.66,10926.39
08.06.2023 02:00:00 +02:00,14896.82,10840.43
08.06.2023 03:00:00 +02:00,14688.13,10682.58
08.06.2023 04:00:00 +02:00,14443.03,10598.73
08.06.2023 05:00:00 +02:00,14932.38,10746.55
08.06.2023 06:00:00 +02:00,15824.00,11539.69
08.06.2023 07:00:00 +02:00,17617.47,12506.71
08.06.2023 08:00:00 +02:00,18318.35,12814.75
08.06.2023 09:00:00 +02:00,17331.47,12771.38
08.06.2023 10:00:00 +02:00,15723.17,12234.60
08.06.2023 11:00:00 +02:00,15062.01,12543.59
08.06.2023 12:00:00 +02:00,14147.27,12446.61
08.06.2023 13:00:00 +02:00,12741.17,12448.83
08.06.2023 14:00:00 +02:00,12818.70,12371.08
08.06.2023 15:00:00 +02:00,13295.31,12348.20
08.06.2023 16:00:00 +02:00,14121.95,12400.13
08.06.2023 17:00:00 +02:00,14913.02,12332.24
08.06.2023 18:00:00 +02:00,15832.38,12229.64
08.06.2023 19:00:00 +02:00,16631.73,12216.48
08.06.2023 20:00:00 +02:00,17142.63,12237.32
08.06.2023 21:00:00 +02:00,16900.27,12183.71
08.06.2023 22:00:00 +02:00,16730.89,12059.23
08.06.2023 23:00:00 +02:00,16343.51,11795.03
09.06.2023 00:00:00 +02:00,16123.50,11235.62
09.06.2023 01:00:00 +02:00,15268.94,10905.42
09.06.2023 02:00:00 +02:00,15136.57,10853.02
09.06.2023 03:00:00 +02:00,14798.25,10691.91
09.06.2023 04:00:00 +02:00,14864.85,10655.53
09.06.2023 05:00:00 +02:00,15562.80,10769.17
09.06.2023 06:00:00 +02:00,16182.94,11445.58
09.06.2023 07:00:00 +02:00,17267.80,12333.54
09.06.2023 08:00:00 +02:00,17103.08,12604.72
09.06.2023 09:00:00 +02:00,16330.38,12544.37
09.06.2023 10:00:00 +02:00,15340.93,12381.98
09.06.2023 11:00:00 +02:00,14217.04,12339.84
09.06.2023 12:00:00 +02:00,13584.95,12297.88
09.06.2023 13:00:00 +02:00,13508.74,12183.04
09.06.2023 14:00:00 +02:00,13286.69,12102.78
09.06.2023 15:00:00 +02:00,13914.61,12098.62
09.06.2023 16:00:00 +02:00,14711.40,11982.76
09.06.2023 17:00:00 +02:00,16015.68,11869.05
09.06.2023 18:00:00 +02:00,16247.84,11819.74
09.06.2023 19:00:00 +02:00,15888.36,11692.27
09.06.2023 20:00:00 +02:00,15998.48,11578.19
09.06.2023 21:00:00 +02:00,15942.90,11415.47
09.06.2023 22:00:00 +02:00,15645.95,11323.83
09.06.2023 23:00:00 +02:00,15184.34,11221.68
10.06.2023 00:00:00 +02:00,13970.04,10920.18
10.06.2023 01:00:00 +02:00,13469.44,10613.83
10.06.2023 02:00:00 +02:00,13294.01,10410.78
10.06.2023 03:00:00 +02:00,12872.74,10334.03
10.06.2023 04:00:00 +02:00,12830.98,10106.47
10.06.2023 05:00:00 +02:00,13106.15,10084.36
10.06.2023 06:00:00 +02:00,13669.67,10165.43
10.06.2023 07:00:00 +02:00,14159.89,10443.63
10.06.2023 08:00:00 +02:00,13652.71,10806.06
10.06.2023 09:00:00 +02:00,12510.10,11223.88
10.06.2023 10:00:00 +02:00,11002.38,11374.85
10.06.2023 11:00:00 +02:00,8942.28,11372.31
10.06.2023 12:00:00 +02:00,8131.49,11307.57
10.06.2023 13:00:00 +02:00,7943.34,11097.32
10.06.2023 14:00:00 +02:00,8161.01,11156.32
10.06.2023 15:00:00 +02:00,8145.85,11094.18
10.06.2023 16:00:00 +02:00,8283.09,11128.72
10.06.2023 17:00:00 +02:00,11482.88,11212.57
10.06.2023 18:00:00 +02:00,13385.58,11266.46
10.06.2023 19:00:00 +02:00,14101.70,11245.46
10.06.2023 20:00:00 +02:00,14212.68,11171.42
10.06.2023 21:00:00 +02:00,14172.85,11039.24
10.06.2023 22:00:00 +02:00,13838.18,10949.09
10.06.2023 23:00:00 +02:00,12644.69,10830.28
11.06.2023 00:00:00 +02:00,11740.24,10591.38
11.06.2023 01:00:00 +02:00,11164.72,10362.48
11.06.2023 02:00:00 +02:00,10487.73,10153.97
11.06.2023 03:00:00 +02:00,10410.16,10029.04
11.06.2023 04:00:00 +02:00,10468.21,9861.34
11.06.2023 05:00:00 +02:00,10537.91,9742.64
11.06.2023 06:00:00 +02:00,11444.08,9763.43
11.06.2023 07:00:00 +02:00,12212.49,9943.91
11.06.2023 08:00:00 +02:00,11449.07,10206.06
11.06.2023 09:00:00 +02:00,9445.71,10549.33
11.06.2023 10:00:00 +02:00,7936.14,10802.29
11.06.2023 11:00:00 +02:00,7589.21,10869.78
11.06.2023 12:00:00 +02:00,7215.52,10857.83
11.06.2023 13:00:00 +02:00,7066.04,10861.29
11.06.2023 14:00:00 +02:00,7100.37,10904.85
11.06.2023 15:00:00 +02:00,7622.37,11004.57
11.06.2023 16:00:00 +02:00,8932.94,11108.28
11.06.2023 17:00:00 +02:00,11024.38,11181.14
11.06.2023 18:00:00 +02:00,13070.10,11189.31
11.06.2023 19:00:00 +02:00,15625.40,11366.33
11.06.2023 20:00:00 +02:00,16701.62,11534.56
11.06.2023 21:00:00 +02:00,16556.21,11556.69
11.06.2023 22:00:00 +02:00,15737.99,11369.75
11.06.2023 23:00:00 +02:00,15125.32,11145.98
12.06.2023 00:00:00 +02:00,14776.09,10775.40
12.06.2023 01:00:00 +02:00,14418.37,10507.71
12.06.2023 02:00:00 +02:00,14248.56,10367.61
12.06.2023 03:00:00 +02:00,14057.13,10277.53
12.06.2023 04:00:00 +02:00,13907.97,10171.78
12.06.2023 05:00:00 +02:00,14905.76,10300.42
12.06.2023 06:00:00 +02:00,16440.60,11047.49
12.06.2023 07:00:00 +02:00,17547.80,11932.52
12.06.2023 08:00:00 +02:00,17810.57,12356.23
12.06.2023 09:00:00 +02:00,16981.67,12327.41
12.06.2023 10:00:00 +02:00,15727.58,12373.41
12.06.2023 11:00:00 +02:00,14896.47,12243.35
12.06.2023 12:00:00 +02:00,13641.39,12182.00
12.06.2023 13:00:00 +02:00,12901.01,12141.13
12.06.2023 14:00:00 +02:00,13894.62,12175.83
12.06.2023 15:00:00 +02:00,15299.55,12263.37
12.06.2023 16:00:00 +02:00,16739.05,12322.05
12.06.2023 17:00:00 +02:00,16886.91,12123.72
12.06.2023 18:00:00 +02:00,16857.84,12057.94
12.06.2023 19:00:00 +02:00,16934.19,12067.56
12.06.2023 20:00:00 +02:00,16774.06,12042.86
12.06.2023 21:00:00 +02:00,16544.77,11968.91
12.06.2023 22:00:00 +02:00,15624.74,11800.06
12.06.2023 23:00:00 +02:00,14348.70,11491.23
13.06.2023 00:00:00 +02:00,13317.25,10942.17
13.06.2023 01:00:00 +02:00,12462.79,10608.26
13.06.2023 02:00:00 +02:00,12631.85,10570.09
13.06.2023 03:00:00 +02:00,12824.21,10491.01
13.06.2023 04:00:00 +02:00,13037.58,10353.91
13.06.2023 05:00:00 +02:00,13876.36,10464.73
13.06.2023 06:00:00 +02:00,15661.33,11272.16
13.06.2023 07:00:00 +02:00,17585.19,12267.35
13.06.2023 08:00:00 +02:00,17088.33,12570.74
13.06.2023 09:00:00 +02:00,15834.16,12513.86
13.06.2023 10:00:00 +02:00,14858.95,12347.01
13.06.2023 11:00:00 +02:00,13100.36,12471.67
13.06.2023 12:00:00 +02:00,11759.48,12465.54
13.06.2023 13:00:00 +02:00,11694.01,12582.40
13.06.2023 14:00:00 +02:00,11401.56,12529.86
13.06.2023 15:00:00 +02:00,12395.78,12503.45
13.06.2023 16:00:00 +02:00,13844.18,12429.29
13.06.2023 17:00:00 +02:00,15208.64,12246.82
13.06.2023 18:00:00 +02:00,16262.58,12088.43
13.06.2023 19:00:00 +02:00,17252.28,12065.43
13.06.2023 20:00:00 +02:00,17180.07,12153.51
13.06.2023 21:00:00 +02:00,16987.16,12073.88
13.06.2023 22:00:00 +02:00,16965.32,11921.57
13.06.2023 23:00:00 +02:00,16218.93,11627.56
14.06.2023 00:00:00 +02:00,15476.70,11155.98
14.06.2023 01:00:00 +02:00,14683.64,10782.16
14.06.2023 02:00:00 +02:00,14441.06,10578.02
14.06.2023 03:00:00 +02:00,14359.40,10451.55
14.06.2023 04:00:00 +02:00,14303.87,10336.49
14.06.2023 05:00:00 +02:00,14746.03,10452.33
14.06.2023 06:00:00 +02:00,15475.06,11215.68
14.06.2023 07:00:00 +02:00,16604.10,12165.04
14.06.2023 08:00:00 +02:00,16963.46,12446.03
14.06.2023 09:00:00 +02:00,16284.06,12508.86
14.06.2023 10:00:00 +02:00,15373.47,12533.36
14.06.2023 11:00:00 +02:00,14731.89,12443.39
14.06.2023 12:00:00 +02:00,13882.41,12243.69
14.06.2023 13:00:00 +02:00,14329.22,12406.92
14.06.2023 14:00:00 +02:00,14224.45,12378.74
14.06.2023 15:00:00 +02:00,14320.21,12401.30
14.06.2023 16:00:00 +02:00,15129.20,12361.18
14.06.2023 17:00:00 +02:00,16418.69,12288.59
14.06.2023 18:00:00 +02:00,16504.44,12206.28
14.06.2023 19:00:00 +02:00,16649.70,12146.86
14.06.2023 20:00:00 +02:00,17044.41,12228.83
14.06.2023 21:00:00 +02:00,16614.30,12190.48
14.06.2023 22:00:00 +02:00,16375.71,12033.35
14.06.2023 23:00:00 +02:00,16157.29,11687.07
15.06.2023 00:00:00 +02:00,15786.09,11159.65
15.06.2023 01:00:00 +02:00,15130.97,10707.50
15.06.2023 02:00:00 +02:00,14742.04,10469.61
15.06.2023 03:00:00 +02:00,14330.26,10373.09
15.06.2023 04:00:00 +02:00,14228.45,10328.16
15.06.2023 05:00:00 +02:00,14503.89,10433.43
15.06.2023 06:00:00 +02:00,15367.99,11189.95
15.06.2023 07:00:00 +02:00,16962.03,12156.42
15.06.2023 08:00:00 +02:00,17674.89,12574.57
15.06.2023 09:00:00 +02:00,17319.96,12596.04
15.06.2023 10:00:00 +02:00,16645.92,12351.98
15.06.2023 11:00:00 +02:00,15607.17,12445.41
15.06.2023 12:00:00 +02:00,15385.18,12321.53
15.06.2023 13:00:00 +02:00,15570.52,12420.43
15.06.2023 14:00:00 +02:00,15432.88,12475.19
15.06.2023 15:00:00 +02:00,15391.82,12461.66
15.06.2023 16:00:00 +02:00,16017.79,12441.08
15.06.2023 17:00:00 +02:00,16660.67,12317.28
15.06.2023 18:00:00 +02:00,16954.46,12183.03
15.06.2023 19:00:00 +02:00,17347.07,12037.99
15.06.2023 20:00:00 +02:00,17420.45,12072.70
15.06.2023 21:00:00 +02:00,17512.27,11943.14
15.06.2023 22:00:00 +02:00,17669.40,11841.52
15.06.2023 23:00:00 +02:00,17424.58,11591.33
16.06.2023 00:00:00 +02:00,17269.31,11157.06
16.06.2023 01:00:00 +02:00,17061.77,10732.82
16.06.2023 02:00:00 +02:00,16841.60,10527.43
16.06.2023 03:00:00 +02:00,16508.42,10396.55
16.06.2023 04:00:00 +02:00,15628.33,10268.78
16.06.2023 05:00:00 +02:00,15637.10,10410.66
16.06.2023 06:00:00 +02:00,16691.39,11116.53
16.06.2023 07:00:00 +02:00,17721.41,12081.25
16.06.2023 08:00:00 +02:00,18136.53,12538.63
16.06.2023 09:00:00 +02:00,18083.10,12555.19
16.06.2023 10:00:00 +02:00,17197.67,12538.44
16.06.2023 11:00:00 +02:00,16984.69,12480.89
16.06.2023 12:00:00 +02:00,16376.58,12488.13
16.06.2023 13:00:00 +02:00,15500.98,12462.09
16.06.2023 14:00:00 +02:00,15196.48,12351.13
16.06.2023 15:00:00 +02:00,15461.54,12298.75
16.06.2023 16:00:00 +02:00,16443.99,12139.94
16.06.2023 17:00:00 +02:00,17150.25,12108.57
16.06.2023 18:00:00 +02:00,17184.61,12009.46
16.06.2023 19:00:00 +02:00,17008.35,11864.68
16.06.2023 20:00:00 +02:00,16797.01,11520.82
16.06.2023 21:00:00 +02:00,16371.24,11077.09
16.06.2023 22:00:00 +02:00,16007.40,10855.86
16.06.2023 23:00:00 +02:00,15830.88,10712.51
17.06.2023 00:00:00 +02:00,15538.06,10418.02
17.06.2023 01:00:00 +02:00,14861.34,10296.26
17.06.2023 02:00:00 +02:00,14376.81,10083.77
17.06.2023 03:00:00 +02:00,13954.18,9996.74
17.06.2023 04:00:00 +02:00,13447.17,9854.45
17.06.2023 05:00:00 +02:00,13451.14,9734.40
17.06.2023 06:00:00 +02:00,13728.42,9844.70
17.06.2023 07:00:00 +02:00,14880.09,10146.02
17.06.2023 08:00:00 +02:00,14599.75,10545.13
17.06.2023 09:00:00 +02:00,13987.25,10917.07
17.06.2023 10:00:00 +02:00,13743.32,11208.01
17.06.2023 11:00:00 +02:00,12519.24,11245.66
17.06.2023 12:00:00 +02:00,11450.75,11306.61
17.06.2023 13:00:00 +02:00,11222.72,11287.87
17.06.2023 14:00:00 +02:00,11251.43,11292.07
17.06.2023 15:00:00 +02:00,11612.20,11188.73
17.06.2023 16:00:00 +02:00,13093.95,11200.97
17.06.2023 17:00:00 +02:00,14205.03,11317.45
17.06.2023 18:00:00 +02:00,15747.22,11244.57
17.06.2023 19:00:00 +02:00,16843.15,11162.09
17.06.2023 20:00:00 +02:00,17172.07,11123.34
17.06.2023 21:00:00 +02:00,17146.41,11057.23
17.06.2023 22:00:00 +02:00,16920.02,10923.29
17.06.2023 23:00:00 +02:00,16153.07,10794.46
18.06.2023 00:00:00 +02:00,15509.19,10592.84
18.06.2023 01:00:00 +02:00,15258.98,10331.06
18.06.2023 02:00:00 +02:00,14432.58,10138.34
18.06.2023 03:00:00 +02:00,14171.32,9985.87
18.06.2023 04:00:00 +02:00,13705.87,9850.23
18.06.2023 05:00:00 +02:00,13762.68,9728.67
18.06.2023 06:00:00 +02:00,13889.93,9713.91
18.06.2023 07:00:00 +02:00,13616.56,9846.74
18.06.2023 08:00:00 +02:00,13008.54,10099.80
18.06.2023 09:00:00 +02:00,12595.09,10454.04
18.06.2023 10:00:00 +02:00,11259.57,10774.89
18.06.2023 11:00:00 +02:00,10961.65,10907.58
18.06.2023 12:00:00 +02:00,10734.45,11044.42
18.06.2023 13:00:00 +02:00,10490.85,11055.41
18.06.2023 14:00:00 +02:00,10797.75,11033.04
18.06.2023 15:00:00 +02:00,11355.39,11170.51
18.06.2023 16:00:00 +02:00,12745.95,11197.39
18.06.2023 17:00:00 +02:00,14563.17,11185.35
18.06.2023 18:00:00 +02:00,15710.81,11283.64
18.06.2023 19:00:00 +02:00,17019.44,11420.54
18.06.2023 20:00:00 +02:00,17262.88,11412.68
18.06.2023 21:00:00 +02:00,17458.23,11311.91
18.06.2023 22:00:00 +02:00,17291.60,11152.98
18.06.2023 23:00:00 +02:00,16403.25,10868.16
19.06.2023 00:00:00 +02:00,14847.07,10581.53
19.06.2023 01:00:00 +02:00,13861.00,10307.69
19.06.2023 02:00:00 +02:00,13471.26,10154.10
19.06.2023 03:00:00 +02:00,13433.60,10067.75
19.06.2023 04:00:00 +02:00,13366.45,9925.44
19.06.2023 05:00:00 +02:00,13674.23,10012.73
19.06.2023 06:00:00 +02:00,15534.14,10759.33
19.06.2023 07:00:00 +02:00,17681.26,11670.58
19.06.2023 08:00:00 +02:00,18716.31,12116.79
19.06.2023 09:00:00 +02:00,17696.54,12150.17
19.06.2023 10:00:00 +02:00,16969.30,12154.61
19.06.2023 11:00:00 +02:00,15996.78,12188.01
19.06.2023 12:00:00 +02:00,15331.08,12195.07
19.06.2023 13:00:00 +02:00,14282.95,12213.66
19.06.2023 14:00:00 +02:00,13819.01,12258.81
19.06.2023 15:00:00 +02:00,14365.72,12147.70
19.06.2023 16:00:00 +02:00,15302.12,12125.25
19.06.2023 17:00:00 +02:00,16563.19,12069.42
19.06.2023 18:00:00 +02:00,17576.49,11978.13
19.06.2023 19:00:00 +02:00,17442.88,11928.06
19.06.2023 20:00:00 +02:00,17248.11,11826.39
19.06.2023 21:00:00 +02:00,17120.47,11727.27
19.06.2023 22:00:00 +02:00,16570.20,11480.87
19.06.2023 23:00:00 +02:00,16098.72,11151.28
20.06.2023 00:00:00 +02:00,15921.55,10678.72
20.06.2023 01:00:00 +02:00,15528.64,10355.83
20.06.2023 02:00:00 +02:00,15056.97,10185.74
20.06.2023 03:00:00 +02:00,14877.69,10033.91
20.06.2023 04:00:00 +02:00,14600.68,9886.79
20.06.2023 05:00:00 +02:00,14594.68,10035.44
20.06.2023 06:00:00 +02:00,15362.83,10746.93
20.06.2023 07:00:00 +02:00,16386.93,11680.19
20.06.2023 08:00:00 +02:00,16836.83,12145.87
20.06.2023 09:00:00 +02:00,16440.66,12209.56
20.06.2023 10:00:00 +02:00,15715.02,12212.64
20.06.2023 11:00:00 +02:00,15191.58,12211.37
20.06.2023 12:00:00 +02:00,14976.44,12181.37
20.06.2023 13:00:00 +02:00,15166.31,9392.41
20.06.2023 14:00:00 +02:00,14593.18,12189.00
20.06.2023 15:00:00 +02:00,14794.21,12167.18
20.06.2023 16:00:00 +02:00,15068.12,12175.24
20.06.2023 17:00:00 +02:00,16275.24,12069.42
20.06.2023 18:00:00 +02:00,16576.41,11927.70
20.06.2023 19:00:00 +02:00,16916.09,11851.99
20.06.2023 20:00:00 +02:00,17076.14,11795.26
20.06.2023 21:00:00 +02:00,16954.49,11618.30
20.06.2023 22:00:00 +02:00,16841.94,11426.80
20.06.2023 23:00:00 +02:00,16298.13,11216.49
21.06.2023 00:00:00 +02:00,15905.45,10773.55
21.06.2023 01:00:00 +02:00,14667.32,10364.72
21.06.2023 02:00:00 +02:00,14151.54,10235.34
21.06.2023 03:00:00 +02:00,14258.38,10107.55
21.06.2023 04:00:00 +02:00,14344.21,9979.62
21.06.2023 05:00:00 +02:00,14752.72,10127.47
21.06.2023 06:00:00 +02:00,16178.51,10806.63
21.06.2023 07:00:00 +02:00,17422.06,11686.88
21.06.2023 08:00:00 +02:00,18379.09,12154.69
21.06.2023 09:00:00 +02:00,17611.80,12221.17
21.06.2023 10:00:00 +02:00,16552.81,12272.62
21.06.2023 11:00:00 +02:00,15355.64,12128.03
21.06.2023 12:00:00 +02:00,15318.06,12214.25
21.06.2023 13:00:00 +02:00,15070.19,12318.72
21.06.2023 14:00:00 +02:00,15875.31,12290.79
21.06.2023 15:00:00 +02:00,15702.37,12338.24
21.06.2023 16:00:00 +02:00,15644.88,12360.40
21.06.2023 17:00:00 +02:00,16818.21,12246.08
21.06.2023 18:00:00 +02:00,17294.91,12077.80
21.06.2023 19:00:00 +02:00,17259.04,11960.70
21.06.2023 20:00:00 +02:00,17062.45,11943.54
21.06.2023 21:00:00 +02:00,17603.15,11770.27
21.06.2023 22:00:00 +02:00,17730.10,11538.84
21.06.2023 23:00:00 +02:00,17626.51,11280.84
22.06.2023 00:00:00 +02:00,16570.08,10764.60
22.06.2023 01:00:00 +02:00,15539.91,10397.84
22.06.2023 02:00:00 +02:00,15107.13,10314.69
22.06.2023 03:00:00 +02:00,14744.79,10124.66
22.06.2023 04:00:00 +02:00,14728.01,9989.44
22.06.2023 05:00:00 +02:00,14859.08,10087.80
22.06.2023 06:00:00 +02:00,15789.41,10721.98
22.06.2023 07:00:00 +02:00,16743.77,11568.15
22.06.2023 08:00:00 +02:00,17497.64,11884.48
22.06.2023 09:00:00 +02:00,17370.76,11927.77
22.06.2023 10:00:00 +02:00,17006.84,11950.01
22.06.2023 11:00:00 +02:00,16438.84,11975.47
22.06.2023 12:00:00 +02:00,15914.49,11967.08
22.06.2023 13:00:00 +02:00,15803.14,12041.65
22.06.2023 14:00:00 +02:00,15678.53,12014.75
22.06.2023 15:00:00 +02:00,15756.03,12033.24
22.06.2023 16:00:00 +02:00,15992.16,12055.21
22.06.2023 17:00:00 +02:00,16739.48,11956.47
22.06.2023 18:00:00 +02:00,16514.74,11817.80
22.06.2023 19:00:00 +02:00,16389.60,11796.55
22.06.2023 20:00:00 +02:00,16730.65,11809.82
22.06.2023 21:00:00 +02:00,17442.47,11720.88
22.06.2023 22:00:00 +02:00,17185.67,11572.92
22.06.2023 23:00:00 +02:00,16414.52,11298.90
23.06.2023 00:00:00 +02:00,14663.89,10858.83
23.06.2023 01:00:00 +02:00,13299.76,10459.07
23.06.2023 02:00:00 +02:00,12998.25,10361.02
23.06.2023 03:00:00 +02:00,12671.38,10218.25
23.06.2023 04:00:00 +02:00,12422.92,10079.63
23.06.2023 05:00:00 +02:00,13028.90,10133.88
23.06.2023 06:00:00 +02:00,14854.23,10760.09
23.06.2023 07:00:00 +02:00,16341.18,11701.64
23.06.2023 08:00:00 +02:00,17230.54,12170.19
23.06.2023 09:00:00 +02:00,17211.99,12244.22
23.06.2023 10:00:00 +02:00,16625.75,12215.87
23.06.2023 11:00:00 +02:00,15668.29,12256.62
23.06.2023 12:00:00 +02:00,14876.05,12217.80
23.06.2023 13:00:00 +02:00,14126.92,12155.51
23.06.2023 14:00:00 +02:00,12920.75,12080.83
23.06.2023 15:00:00 +02:00,12557.30,11969.94
23.06.2023 16:00:00 +02:00,13030.95,11946.10
23.06.2023 17:00:00 +02:00,13361.36,11783.14
23.06.2023 18:00:00 +02:00,14620.19,11672.86
23.06.2023 19:00:00 +02:00,15950.97,11517.81
23.06.2023 20:00:00 +02:00,16518.73,11317.54
23.06.2023 21:00:00 +02:00,16138.46,11139.73
23.06.2023 22:00:00 +02:00,15361.81,11058.65
23.06.2023 23:00:00 +02:00,14647.69,10961.61
24.06.2023 00:00:00 +02:00,14496.72,10789.89
24.06.2023 01:00:00 +02:00,14235.65,10428.85
24.06.2023 02:00:00 +02:00,13260.92,10215.85
24.06.2023 03:00:00 +02:00,12560.83,10063.68
24.06.2023 04:00:00 +02:00,11938.46,9918.77
24.06.2023 05:00:00 +02:00,11748.52,9876.71
24.06.2023 06:00:00 +02:00,11911.94,9998.35
24.06.2023 07:00:00 +02:00,12551.32,10253.82
24.06.2023 08:00:00 +02:00,11848.85,10612.20
24.06.2023 09:00:00 +02:00,11841.91,11022.15
24.06.2023 10:00:00 +02:00,10622.55,11251.87
24.06.2023 11:00:00 +02:00,9105.83,11313.91
24.06.2023 12:00:00 +02:00,8362.85,11292.15
24.06.2023 13:00:00 +02:00,7539.87,11288.71
24.06.2023 14:00:00 +02:00,7500.17,11217.22
24.06.2023 15:00:00 +02:00,8050.50,11140.12
24.06.2023 16:00:00 +02:00,11262.50,11045.38
24.06.2023 17:00:00 +02:00,13074.51,11108.42
24.06.2023 18:00:00 +02:00,14541.05,11124.63
24.06.2023 19:00:00 +02:00,15567.55,11074.65
24.06.2023 20:00:00 +02:00,15693.87,11016.72
24.06.2023 21:00:00 +02:00,15822.20,10991.73
24.06.2023 22:00:00 +02:00,16251.89,10744.07
24.06.2023 23:00:00 +02:00,15459.20,10657.86
25.06.2023 00:00:00 +02:00,15780.19,10424.72
25.06.2023 01:00:00 +02:00,14897.89,10230.96
25.06.2023 02:00:00 +02:00,14811.00,9986.19
25.06.2023 03:00:00 +02:00,14399.52,9854.78
25.06.2023 04:00:00 +02:00,13981.77,9716.66
25.06.2023 05:00:00 +02:00,13790.06,9648.58
25.06.2023 06:00:00 +02:00,13411.57,9687.91
25.06.2023 07:00:00 +02:00,12458.29,9782.42
25.06.2023 08:00:00 +02:00,11428.89,10053.79
25.06.2023 09:00:00 +02:00,9956.31,10346.92
25.06.2023 10:00:00 +02:00,8133.35,10675.85
25.06.2023 11:00:00 +02:00,6981.60,10872.14
25.06.2023 12:00:00 +02:00,7150.15,10955.33
25.06.2023 13:00:00 +02:00,7180.25,10898.00
25.06.2023 14:00:00 +02:00,7547.05,10881.06
25.06.2023 15:00:00 +02:00,8055.02,10924.96
25.06.2023 16:00:00 +02:00,9791.53,10953.84
25.06.2023 17:00:00 +02:00,12994.63,11036.52
25.06.2023 18:00:00 +02:00,15688.03,11154.86
25.06.2023 19:00:00 +02:00,16821.83,11278.04
25.06.2023 20:00:00 +02:00,16388.50,11338.10
25.06.2023 21:00:00 +02:00,15709.00,11322.37
25.06.2023 22:00:00 +02:00,16084.65,11177.87
25.06.2023 23:00:00 +02:00,15422.26,11022.53
26.06.2023 00:00:00 +02:00,14759.53,10659.43
26.06.2023 01:00:00 +02:00,14475.61,10320.89
26.06.2023 02:00:00 +02:00,13984.03,10031.40
26.06.2023 03:00:00 +02:00,13475.62,10022.45
26.06.2023 04:00:00 +02:00,13321.09,9883.62
26.06.2023 05:00:00 +02:00,14271.58,9971.41
26.06.2023 06:00:00 +02:00,16035.35,10590.11
26.06.2023 07:00:00 +02:00,17172.52,11373.77
26.06.2023 08:00:00 +02:00,18363.04,11764.10
26.06.2023 09:00:00 +02:00,17475.34,11879.03
26.06.2023 10:00:00 +02:00,15278.33,12000.59
26.06.2023 11:00:00 +02:00,14515.65,12031.91
26.06.2023 12:00:00 +02:00,13448.03,11954.66
26.06.2023 13:00:00 +02:00,12614.28,12185.55
26.06.2023 14:00:00 +02:00,11693.55,12284.21
26.06.2023 15:00:00 +02:00,12006.85,12249.59
26.06.2023 16:00:00 +02:00,12993.20,12250.86
26.06.2023 17:00:00 +02:00,14558.99,12092.61
26.06.2023 18:00:00 +02:00,14984.08,11983.90
26.06.2023 19:00:00 +02:00,16044.54,11817.72
26.06.2023 20:00:00 +02:00,16327.57,11653.11
26.06.2023 21:00:00 +02:00,15645.45,11550.23
26.06.2023 22:00:00 +02:00,15536.80,11193.21
26.06.2023 23:00:00 +02:00,14799.29,11005.13
27.06.2023 00:00:00 +02:00,14300.33,10541.74
27.06.2023 01:00:00 +02:00,13688.73,10198.02
27.06.2023 02:00:00 +02:00,13303.57,10042.69
27.06.2023 03:00:00 +02:00,13207.82,9873.43
27.06.2023 04:00:00 +02:00,13289.46,9771.14
27.06.2023 05:00:00 +02:00,13780.01,9829.13
27.06.2023 06:00:00 +02:00,14879.32,10440.18
27.06.2023 07:00:00 +02:00,16008.21,11386.45
27.06.2023 08:00:00 +02:00,16216.54,11805.34
27.06.2023 09:00:00 +02:00,15658.85,11867.05
27.06.2023 10:00:00 +02:00,15389.23,11807.02
27.06.2023 11:00:00 +02:00,15117.32,11975.26
27.06.2023 12:00:00 +02:00,14397.38,11896.09
27.06.2023 13:00:00 +02:00,14248.66,11992.87
27.06.2023 14:00:00 +02:00,13788.49,11935.84
27.06.2023 15:00:00 +02:00,13926.52,11879.59
27.06.2023 16:00:00 +02:00,14347.83,11939.35
27.06.2023 17:00:00 +02:00,15167.88,11839.39
27.06.2023 18:00:00 +02:00,15492.66,11797.29
27.06.2023 19:00:00 +02:00,15950.71,11617.29
27.06.2023 20:00:00 +02:00,16649.77,11658.07
27.06.2023 21:00:00 +02:00,17407.11,11517.36
27.06.2023 22:00:00 +02:00,17946.09,11391.40
27.06.2023 23:00:00 +02:00,17578.12,11110.80
28.06.2023 00:00:00 +02:00,17118.09,10738.94
28.06.2023 01:00:00 +02:00,15968.99,10404.65
28.06.2023 02:00:00 +02:00,15014.83,10135.78
28.06.2023 03:00:00 +02:00,14750.11,10044.17
28.06.2023 04:00:00 +02:00,14804.33,9966.72
28.06.2023 05:00:00 +02:00,15375.04,10039.66
28.06.2023 06:00:00 +02:00,16188.49,10621.19
28.06.2023 07:00:00 +02:00,17426.87,11459.22
28.06.2023 08:00:00 +02:00,17760.83,11885.19
28.06.2023 09:00:00 +02:00,17804.68,11914.35
28.06.2023 10:00:00 +02:00,18232.33,11963.28
28.06.2023 11:00:00 +02:00,17976.44,11976.99
28.06.2023 12:00:00 +02:00,17284.49,12014.52
28.06.2023 13:00:00 +02:00,17136.67,12048.46
28.06.2023 14:00:00 +02:00,16766.72,12036.35
28.06.2023 15:00:00 +02:00,17082.03,12057.73
28.06.2023 16:00:00 +02:00,17195.60,12022.44
28.06.2023 17:00:00 +02:00,17198.25,11939.91
28.06.2023 18:00:00 +02:00,17152.91,11885.03
28.06.2023 19:00:00 +02:00,17606.80,11805.33
28.06.2023 20:00:00 +02:00,17481.89,11750.16
28.06.2023 21:00:00 +02:00,17655.59,11610.03
28.06.2023 22:00:00 +02:00,17354.67,11535.67
28.06.2023 23:00:00 +02:00,16829.32,11236.33
29.06.2023 00:00:00 +02:00,17161.87,10755.10
29.06.2023 01:00:00 +02:00,16496.31,10399.03
29.06.2023 02:00:00 +02:00,15906.65,10177.50
29.06.2023 03:00:00 +02:00,15682.38,10054.91
29.06.2023 04:00:00 +02:00,15119.67,9873.80
29.06.2023 05:00:00 +02:00,15285.38,10006.76
29.06.2023 06:00:00 +02:00,16439.64,10644.48
29.06.2023 07:00:00 +02:00,17505.80,11505.98
29.06.2023 08:00:00 +02:00,17919.38,11960.25
29.06.2023 09:00:00 +02:00,18096.38,12055.84
29.06.2023 10:00:00 +02:00,17955.64,11899.43
29.06.2023 11:00:00 +02:00,17630.46,12096.25
29.06.2023 12:00:00 +02:00,17422.91,12149.99
29.06.2023 13:00:00 +02:00,16609.29,12268.98
29.06.2023 14:00:00 +02:00,16522.54,12243.08
29.06.2023 15:00:00 +02:00,17332.48,12251.81
29.06.2023 16:00:00 +02:00,17223.59,12285.06
29.06.2023 17:00:00 +02:00,17906.12,12173.21
29.06.2023 18:00:00 +02:00,18760.35,12081.03
29.06.2023 19:00:00 +02:00,18654.47,11909.41
29.06.2023 20:00:00 +02:00,18821.54,11809.86
29.06.2023 21:00:00 +02:00,19088.93,11620.18
29.06.2023 22:00:00 +02:00,18734.43,11469.34
29.06.2023 23:00:00 +02:00,18230.36,11137.59
30.06.2023 00:00:00 +02:00,17429.74,10671.59
30.06.2023 01:00:00 +02:00,16996.07,10366.28
30.06.2023 02:00:00 +02:00,15598.92,10207.05
30.06.2023 03:00:00 +02:00,15149.72,10093.04
30.06.2023 04:00:00 +02:00,14968.82,9983.69
30.06.2023 05:00:00 +02:00,15459.27,10124.36
30.06.2023 06:00:00 +02:00,16729.95,10680.88
30.06.2023 07:00:00 +02:00,17932.26,11437.40
30.06.2023 08:00:00 +02:00,18289.36,11935.59
30.06.2023 09:00:00 +02:00,17272.79,11993.98
30.06.2023 10:00:00 +02:00,17416.73,11967.52
30.06.2023 11:00:00 +02:00,16910.48,11952.01
30.06.2023 12:00:00 +02:00,16119.06,11887.27
30.06.2023 13:00:00 +02:00,15964.77,11909.86
30.06.2023 14:00:00 +02:00,15094.17,11891.79
30.06.2023 15:00:00 +02:00,14740.34,11788.60
30.06.2023 16:00:00 +02:00,15135.54,11741.70
30.06.2023 17:00:00 +02:00,16276.00,11720.78
30.06.2023 18:00:00 +02:00,17384.06,11576.44
30.06.2023 19:00:00 +02:00,17883.18,11487.04
30.06.2023 20:00:00 +02:00,17674.88,11351.44
30.06.2023 21:00:00 +02:00,17321.76,11131.12
30.06.2023 22:00:00 +02:00,16933.19,11014.47
30.06.2023 23:00:00 +02:00,15758.93,10775.92
01.07.2023 00:00:00 +02:00,15107.09,10545.89
01.07.2023 01:00:00 +02:00,13610.62,10267.59
01.07.2023 02:00:00 +02:00,11964.39,10002.16
01.07.2023 03:00:00 +02:00,11123.94,9934.58
01.07.2023 04:00:00 +02:00,9811.13,9708.66
01.07.2023 05:00:00 +02:00,9540.49,9672.94
01.07.2023 06:00:00 +02:00,9980.72,9795.11
01.07.2023 07:00:00 +02:00,10897.12,9986.20
01.07.2023 08:00:00 +02:00,11594.34,10302.84
01.07.2023 09:00:00 +02:00,11204.46,10655.41
01.07.2023 10:00:00 +02:00,10562.53,10905.51
01.07.2023 11:00:00 +02:00,10159.61,10990.58
01.07.2023 12:00:00 +02:00,9330.88,10955.27
01.07.2023 13:00:00 +02:00,8921.29,11063.29
01.07.2023 14:00:00 +02:00,7963.46,11094.28
01.07.2023 15:00:00 +02:00,8343.63,11065.91
01.07.2023 16:00:00 +02:00,9101.49,11057.45
01.07.2023 17:00:00 +02:00,10604.04,11065.10
01.07.2023 18:00:00 +02:00,11930.74,11110.41
01.07.2023 19:00:00 +02:00,13176.27,11056.23
01.07.2023 20:00:00 +02:00,13780.94,10908.95
01.07.2023 21:00:00 +02:00,13770.42,10803.03
01.07.2023 22:00:00 +02:00,13578.50,10699.20
01.07.2023 23:00:00 +02:00,11614.61,10564.95
02.07.2023 00:00:00 +02:00,9629.55,10278.61
02.07.2023 01:00:00 +02:00,8806.30,10062.03
02.07.2023 02:00:00 +02:00,8450.76,9910.15
02.07.2023 03:00:00 +02:00,8038.09,9810.84
02.07.2023 04:00:00 +02:00,8070.07,9694.02
02.07.2023 05:00:00 +02:00,8894.44,9632.11
02.07.2023 06:00:00 +02:00,8819.72,9734.87
02.07.2023 07:00:00 +02:00,7931.97,9892.21
02.07.2023 08:00:00 +02:00,7202.32,10175.44
02.07.2023 09:00:00 +02:00,6833.57,10557.96
02.07.2023 10:00:00 +02:00,7083.45,10813.37
02.07.2023 11:00:00 +02:00,7576.85,10959.93
02.07.2023 12:00:00 +02:00,7653.74,11068.73
02.07.2023 13:00:00 +02:00,7559.26,11144.74
02.07.2023 14:00:00 +02:00,7180.79,11189.90
02.07.2023 15:00:00 +02:00,7307.72,11219.18
02.07.2023 16:00:00 +02:00,7804.21,11219.46
02.07.2023 17:00:00 +02:00,8335.72,11275.49
02.07.2023 18:00:00 +02:00,8975.62,11316.12
02.07.2023 19:00:00 +02:00,10342.86,11304.96
02.07.2023 20:00:00 +02:00,11562.03,11146.25
02.07.2023 21:00:00 +02:00,12905.70,11061.89
02.07.2023 22:00:00 +02:00,12665.76,10979.59
02.07.2023 23:00:00 +02:00,11432.09,10849.29
03.07.2023 00:00:00 +02:00,10839.18,10495.30
03.07.2023 01:00:00 +02:00,9734.69,10303.65
03.07.2023 02:00:00 +02:00,8990.22,10142.41
03.07.2023 03:00:00 +02:00,8010.49,9960.74
03.07.2023 04:00:00 +02:00,8093.69,9947.24
03.07.2023 05:00:00 +02:00,9619.20,10021.40
03.07.2023 06:00:00 +02:00,12107.85,10579.25
03.07.2023 07:00:00 +02:00,13745.78,11318.39
03.07.2023 08:00:00 +02:00,13465.48,11814.60
03.07.2023 09:00:00 +02:00,11996.06,11874.63
03.07.2023 10:00:00 +02:00,11469.74,12174.75
03.07.2023 11:00:00 +02:00,11074.55,12124.19
03.07.2023 12:00:00 +02:00,10789.24,12142.26
03.07.2023 13:00:00 +02:00,10815.35,12184.57
03.07.2023 14:00:00 +02:00,9607.23,12320.39
03.07.2023 15:00:00 +02:00,9774.63,12242.85
03.07.2023 16:00:00 +02:00,10475.16,12180.92
03.07.2023 17:00:00 +02:00,12321.23,12064.60
03.07.2023 18:00:00 +02:00,13447.85,11991.25
03.07.2023 19:00:00 +02:00,13941.60,11972.59
03.07.2023 20:00:00 +02:00,14086.23,11805.30
03.07.2023 21:00:00 +02:00,14492.97,11631.90
03.07.2023 22:00:00 +02:00,14508.93,11421.48
03.07.2023 23:00:00 +02:00,13901.53,11165.69
04.07.2023 00:00:00 +02:00,13145.57,10707.40
04.07.2023 01:00:00 +02:00,12083.05,10432.58
04.07.2023 02:00:00 +02:00,10490.06,10297.25
04.07.2023 03:00:00 +02:00,9943.43,10183.41
04.07.2023 04:00:00 +02:00,10142.82,10063.39
04.07.2023 05:00:00 +02:00,11725.86,10203.28
04.07.2023 06:00:00 +02:00,13310.21,10767.04
04.07.2023 07:00:00 +02:00,14434.84,11591.67
04.07.2023 08:00:00 +02:00,14130.03,12081.17
04.07.2023 09:00:00 +02:00,13181.76,12184.76
04.07.2023 10:00:00 +02:00,11815.17,12072.98
04.07.2023 11:00:00 +02:00,9780.71,12271.74
04.07.2023 12:00:00 +02:00,9438.50,12200.41
04.07.2023 13:00:00 +02:00,9432.77,12261.44
04.07.2023 14:00:00 +02:00,9527.05,12212.84
04.07.2023 15:00:00 +02:00,10463.37,12129.06
04.07.2023 16:00:00 +02:00,11578.22,11835.77
04.07.2023 17:00:00 +02:00,13470.08,11782.63
04.07.2023 18:00:00 +02:00,15104.15,11691.80
04.07.2023 19:00:00 +02:00,16390.65,11689.32
04.07.2023 20:00:00 +02:00,16879.80,11690.15
04.07.2023 21:00:00 +02:00,17306.39,11495.05
04.07.2023 22:00:00 +02:00,17505.58,11321.50
04.07.2023 23:00:00 +02:00,17331.76,11121.73
05.07.2023 00:00:00 +02:00,16773.34,10750.17
05.07.2023 01:00:00 +02:00,16190.67,10413.97
05.07.2023 02:00:00 +02:00,14876.08,10325.44
05.07.2023 03:00:00 +02:00,13502.38,10214.37
05.07.2023 04:00:00 +02:00,12010.88,10157.39
05.07.2023 05:00:00 +02:00,12538.68,10267.13
05.07.2023 06:00:00 +02:00,13455.49,10872.56
05.07.2023 07:00:00 +02:00,15073.08,11569.15
05.07.2023 08:00:00 +02:00,14830.14,11910.17
05.07.2023 09:00:00 +02:00,14051.47,11976.29
05.07.2023 10:00:00 +02:00,12822.52,12064.58
05.07.2023 11:00:00 +02:00,11414.91,11908.94
05.07.2023 12:00:00 +02:00,10712.71,12056.36
05.07.2023 13:00:00 +02:00,10182.48,12067.17
05.07.2023 14:00:00 +02:00,10564.03,11991.56
05.07.2023 15:00:00 +02:00,10789.39,11954.27
05.07.2023 16:00:00 +02:00,10891.38,11982.08
05.07.2023 17:00:00 +02:00,11810.41,11931.25
05.07.2023 18:00:00 +02:00,13189.57,11895.98
05.07.2023 19:00:00 +02:00,15186.32,11870.84
05.07.2023 20:00:00 +02:00,15284.05,11865.62
05.07.2023 21:00:00 +02:00,15078.04,11759.80
05.07.2023 22:00:00 +02:00,14834.81,11580.63
05.07.2023 23:00:00 +02:00,14210.20,11253.47
06.07.2023 00:00:00 +02:00,13205.82,10788.09
06.07.2023 01:00:00 +02:00,12793.22,10540.42
06.07.2023 02:00:00 +02:00,12588.10,10449.02
06.07.2023 03:00:00 +02:00,12377.77,10370.44
06.07.2023 04:00:00 +02:00,12472.23,10284.91
06.07.2023 05:00:00 +02:00,13351.57,10398.67
06.07.2023 06:00:00 +02:00,14216.50,10958.83
06.07.2023 07:00:00 +02:00,15341.90,11680.48
06.07.2023 08:00:00 +02:00,15546.12,12055.24
06.07.2023 09:00:00 +02:00,14630.15,12162.23
06.07.2023 10:00:00 +02:00,14243.88,12048.22
06.07.2023 11:00:00 +02:00,14121.13,12302.56
06.07.2023 12:00:00 +02:00,13686.33,12254.86
06.07.2023 13:00:00 +02:00,13776.36,12197.50
06.07.2023 14:00:00 +02:00,13871.82,12184.59
06.07.2023 15:00:00 +02:00,14981.83,12137.78
06.07.2023 16:00:00 +02:00,15543.69,12057.14
06.07.2023 17:00:00 +02:00,16960.66,11933.77
06.07.2023 18:00:00 +02:00,17435.34,11880.77
06.07.2023 19:00:00 +02:00,17962.56,11812.53
06.07.2023 20:00:00 +02:00,18584.29,11789.20
06.07.2023 21:00:00 +02:00,18759.96,11675.98
06.07.2023 22:00:00 +02:00,18141.74,11562.75
06.07.2023 23:00:00 +02:00,16999.40,11382.17
07.07.2023 00:00:00 +02:00,15694.42,10930.60
07.07.2023 01:00:00 +02:00,14750.79,10646.84
07.07.2023 02:00:00 +02:00,14598.87,10471.86
07.07.2023 03:00:00 +02:00,14505.05,10359.19
07.07.2023 04:00:00 +02:00,14447.91,10240.42
07.07.2023 05:00:00 +02:00,15105.91,10300.06
07.07.2023 06:00:00 +02:00,16527.43,10801.73
07.07.2023 07:00:00 +02:00,18020.02,11488.00
07.07.2023 08:00:00 +02:00,18441.77,11913.21
07.07.2023 09:00:00 +02:00,17403.51,12050.04
07.07.2023 10:00:00 +02:00,16579.62,12103.01
07.07.2023 11:00:00 +02:00,15516.29,12070.77
07.07.2023 12:00:00 +02:00,14494.70,12053.68
07.07.2023 13:00:00 +02:00,13416.24,11989.52
07.07.2023 14:00:00 +02:00,12831.96,11938.21
07.07.2023 15:00:00 +02:00,13590.31,11745.96
07.07.2023 16:00:00 +02:00,14477.37,11719.23
07.07.2023 17:00:00 +02:00,16031.09,11578.61
07.07.2023 18:00:00 +02:00,18035.10,11482.94
07.07.2023 19:00:00 +02:00,19081.84,11374.40
07.07.2023 20:00:00 +02:00,19009.31,11268.67
07.07.2023 21:00:00 +02:00,18380.17,11071.15
07.07.2023 22:00:00 +02:00,17385.92,10951.60
07.07.2023 23:00:00 +02:00,16393.91,10815.53
08.07.2023 00:00:00 +02:00,15163.28,10545.68
08.07.2023 01:00:00 +02:00,14471.22,10307.90
08.07.2023 02:00:00 +02:00,13903.54,10100.15
08.07.2023 03:00:00 +02:00,13223.37,10046.03
08.07.2023 04:00:00 +02:00,12607.02,9886.06
08.07.2023 05:00:00 +02:00,12578.99,9805.48
08.07.2023 06:00:00 +02:00,13115.17,9846.68
08.07.2023 07:00:00 +02:00,13638.47,10047.75
08.07.2023 08:00:00 +02:00,13695.35,10325.39
08.07.2023 09:00:00 +02:00,13043.31,10684.38
08.07.2023 10:00:00 +02:00,12353.91,10903.05
08.07.2023 11:00:00 +02:00,10682.34,10946.69
08.07.2023 12:00:00 +02:00,9741.84,11018.28
08.07.2023 13:00:00 +02:00,9215.68,10957.19
08.07.2023 14:00:00 +02:00,8991.28,10898.18
08.07.2023 15:00:00 +02:00,10438.63,10835.05
08.07.2023 16:00:00 +02:00,12554.57,10799.11
08.07.2023 17:00:00 +02:00,14177.20,10848.33
08.07.2023 18:00:00 +02:00,15741.93,10866.38
08.07.2023 19:00:00 +02:00,17127.09,10807.49
08.07.2023 20:00:00 +02:00,17753.49,10704.95
08.07.2023 21:00:00 +02:00,17747.37,10604.09
08.07.2023 22:00:00 +02:00,17413.42,10542.03
08.07.2023 23:00:00 +02:00,16563.11,10426.23
09.07.2023 00:00:00 +02:00,16003.43,10203.76
09.07.2023 01:00:00 +02:00,15479.50,9966.80
09.07.2023 02:00:00 +02:00,15836.08,9835.27
09.07.2023 03:00:00 +02:00,15583.81,9699.44
09.07.2023 04:00:00 +02:00,15415.23,9606.14
09.07.2023 05:00:00 +02:00,15360.59,9531.07
09.07.2023 06:00:00 +02:00,15065.72,9548.27
09.07.2023 07:00:00 +02:00,15049.75,9672.74
09.07.2023 08:00:00 +02:00,14822.08,9889.50
09.07.2023 09:00:00 +02:00,13929.26,10157.10
09.07.2023 10:00:00 +02:00,12570.76,10347.72
09.07.2023 11:00:00 +02:00,10987.04,10473.00
09.07.2023 12:00:00 +02:00,10986.64,10562.09
09.07.2023 13:00:00 +02:00,10429.04,10523.18
09.07.2023 14:00:00 +02:00,10584.67,10524.03
09.07.2023 15:00:00 +02:00,12530.71,10440.38
09.07.2023 16:00:00 +02:00,14458.10,10453.81
09.07.2023 17:00:00 +02:00,16621.14,10634.75
09.07.2023 18:00:00 +02:00,17660.57,10774.60
09.07.2023 19:00:00 +02:00,18629.62,10901.24
09.07.2023 20:00:00 +02:00,18630.15,10951.99
09.07.2023 21:00:00 +02:00,18323.40,10933.92
09.07.2023 22:00:00 +02:00,18057.10,10835.28
09.07.2023 23:00:00 +02:00,17512.87,10683.76
10.07.2023 00:00:00 +02:00,16589.93,10359.84
10.07.2023 01:00:00 +02:00,15619.24,10077.01
10.07.2023 02:00:00 +02:00,14729.89,9893.30
10.07.2023 03:00:00 +02:00,14481.49,9819.38
10.07.2023 04:00:00 +02:00,14485.35,9684.41
10.07.2023 05:00:00 +02:00,15182.87,9789.28
10.07.2023 06:00:00 +02:00,16461.80,10247.56
10.07.2023 07:00:00 +02:00,17465.24,10902.82
10.07.2023 08:00:00 +02:00,18222.25,11400.17
10.07.2023 09:00:00 +02:00,18532.99,11695.79
10.07.2023 10:00:00 +02:00,18420.17,11861.65
10.07.2023 11:00:00 +02:00,17867.41,11966.80
10.07.2023 12:00:00 +02:00,17301.33,12026.33
10.07.2023 13:00:00 +02:00,16979.52,12025.49
10.07.2023 14:00:00 +02:00,16308.21,12058.75
10.07.2023 15:00:00 +02:00,15754.90,11996.12
10.07.2023 16:00:00 +02:00,16221.69,11875.43
10.07.2023 17:00:00 +02:00,16839.88,11715.71
10.07.2023 18:00:00 +02:00,18170.35,11545.33
10.07.2023 19:00:00 +02:00,18313.92,11399.42
10.07.2023 20:00:00 +02:00,18837.60,11338.30
10.07.2023 21:00:00 +02:00,18384.23,11177.34
10.07.2023 22:00:00 +02:00,17673.15,11065.23
10.07.2023 23:00:00 +02:00,17040.47,10721.70
11.07.2023 00:00:00 +02:00,16497.04,10346.37
11.07.2023 01:00:00 +02:00,15844.38,10053.16
11.07.2023 02:00:00 +02:00,15306.60,9907.53
11.07.2023 03:00:00 +02:00,14735.23,9805.52
11.07.2023 04:00:00 +02:00,14526.50,9675.77
11.07.2023 05:00:00 +02:00,15020.61,9715.63
11.07.2023 06:00:00 +02:00,15955.64,10141.70
11.07.2023 07:00:00 +02:00,17126.92,10793.54
11.07.2023 08:00:00 +02:00,17812.92,11198.26
11.07.2023 09:00:00 +02:00,17534.18,11430.63
11.07.2023 10:00:00 +02:00,16853.67,11396.38
11.07.2023 11:00:00 +02:00,15332.59,11671.43
11.07.2023 12:00:00 +02:00,13922.48,11737.26
11.07.2023 13:00:00 +02:00,12515.99,11826.89
11.07.2023 14:00:00 +02:00,12727.38,11804.50
11.07.2023 15:00:00 +02:00,14237.61,11730.89
11.07.2023 16:00:00 +02:00,15330.06,11737.28
11.07.2023 17:00:00 +02:00,16987.20,11632.61
11.07.2023 18:00:00 +02:00,18624.60,11612.56
11.07.2023 19:00:00 +02:00,18483.53,11518.47
11.07.2023 20:00:00 +02:00,18506.95,11404.95
11.07.2023 21:00:00 +02:00,18176.27,11225.48
11.07.2023 22:00:00 +02:00,17894.72,11081.72
11.07.2023 23:00:00 +02:00,16888.95,10784.58
12.07.2023 00:00:00 +02:00,16378.14,10382.96
12.07.2023 01:00:00 +02:00,15517.80,10072.56
12.07.2023 02:00:00 +02:00,15019.80,9936.59
12.07.2023 03:00:00 +02:00,14287.49,9764.84
12.07.2023 04:00:00 +02:00,14223.21,9670.48
12.07.2023 05:00:00 +02:00,14498.00,9695.07
12.07.2023 06:00:00 +02:00,15971.22,10167.54
12.07.2023 07:00:00 +02:00,16473.99,10752.50
12.07.2023 08:00:00 +02:00,16243.47,11085.19
12.07.2023 09:00:00 +02:00,16575.55,11358.82
12.07.2023 10:00:00 +02:00,16414.28,11459.93
12.07.2023 11:00:00 +02:00,15708.90,11587.81
12.07.2023 12:00:00 +02:00,13566.76,11634.79
12.07.2023 13:00:00 +02:00,10951.90,11692.86
12.07.2023 14:00:00 +02:00,10719.77,11647.18
12.07.2023 15:00:00 +02:00,12433.66,11611.69
12.07.2023 16:00:00 +02:00,14012.61,11609.83
12.07.2023 17:00:00 +02:00,15217.05,11573.02
12.07.2023 18:00:00 +02:00,16699.72,11493.84
12.07.2023 19:00:00 +02:00,17737.75,11393.83
12.07.2023 20:00:00 +02:00,17967.17,11342.71
12.07.2023 21:00:00 +02:00,17996.30,11194.52
12.07.2023 22:00:00 +02:00,17665.66,11080.54
12.07.2023 23:00:00 +02:00,17435.32,10834.40
13.07.2023 00:00:00 +02:00,16768.49,10517.17
13.07.2023 01:00:00 +02:00,16388.93,10238.86
13.07.2023 02:00:00 +02:00,15679.76,10127.37
13.07.2023 03:00:00 +02:00,15241.80,9976.35
13.07.2023 04:00:00 +02:00,14729.18,9886.84
13.07.2023 05:00:00 +02:00,15202.81,9931.85
13.07.2023 06:00:00 +02:00,16287.28,10403.43
13.07.2023 07:00:00 +02:00,16814.44,10967.39
13.07.2023 08:00:00 +02:00,16684.84,11387.52
13.07.2023 09:00:00 +02:00,16031.80,11589.81
13.07.2023 10:00:00 +02:00,14990.27,11483.93
13.07.2023 11:00:00 +02:00,14790.54,11750.70
13.07.2023 12:00:00 +02:00,14189.84,11750.98
13.07.2023 13:00:00 +02:00,13279.76,11677.60
13.07.2023 14:00:00 +02:00,13079.22,11708.97
13.07.2023 15:00:00 +02:00,13036.81,11663.18
13.07.2023 16:00:00 +02:00,14106.23,11678.92
13.07.2023 17:00:00 +02:00,15412.33,11616.88
13.07.2023 18:00:00 +02:00,16413.28,11539.01
13.07.2023 19:00:00 +02:00,17453.28,11441.10
13.07.2023 20:00:00 +02:00,18162.94,11406.00
13.07.2023 21:00:00 +02:00,18124.81,11291.34
13.07.2023 22:00:00 +02:00,17686.68,11190.82
13.07.2023 23:00:00 +02:00,17042.60,10980.73
14.07.2023 00:00:00 +02:00,16886.81,10634.78
14.07.2023 01:00:00 +02:00,16806.23,10399.25
14.07.2023 02:00:00 +02:00,16311.87,10228.53
14.07.2023 03:00:00 +02:00,15707.78,10128.09
14.07.2023 04:00:00 +02:00,15176.07,10072.04
14.07.2023 05:00:00 +02:00,15849.33,10142.40
14.07.2023 06:00:00 +02:00,17413.37,10536.99
14.07.2023 07:00:00 +02:00,18442.74,11066.21
14.07.2023 08:00:00 +02:00,18554.54,11419.37
14.07.2023 09:00:00 +02:00,18281.82,11564.84
14.07.2023 10:00:00 +02:00,17538.33,11651.31
14.07.2023 11:00:00 +02:00,16908.55,11719.89
14.07.2023 12:00:00 +02:00,16919.61,11593.97
14.07.2023 13:00:00 +02:00,16463.74,11600.07
14.07.2023 14:00:00 +02:00,16695.90,11506.91
14.07.2023 15:00:00 +02:00,16571.53,11446.97
14.07.2023 16:00:00 +02:00,16960.98,11367.66
14.07.2023 17:00:00 +02:00,17549.54,11358.02
14.07.2023 18:00:00 +02:00,18076.53,11318.29
14.07.2023 19:00:00 +02:00,18455.81,11263.88
14.07.2023 20:00:00 +02:00,18752.04,11166.89
14.07.2023 21:00:00 +02:00,17971.78,10830.06
14.07.2023 22:00:00 +02:00,17180.15,10868.01
14.07.2023 23:00:00 +02:00,15952.87,10805.04
15.07.2023 00:00:00 +02:00,14411.27,10523.27
15.07.2023 01:00:00 +02:00,12357.55,10321.42
15.07.2023 02:00:00 +02:00,10949.47,10167.25
15.07.2023 03:00:00 +02:00,9756.54,9947.58
15.07.2023 04:00:00 +02:00,9743.43,9929.86
15.07.2023 05:00:00 +02:00,9885.92,9868.32
15.07.2023 06:00:00 +02:00,10430.80,9884.94
15.07.2023 07:00:00 +02:00,11975.00,10164.68
15.07.2023 08:00:00 +02:00,12762.49,10573.09
15.07.2023 09:00:00 +02:00,10900.06,11023.43
15.07.2023 10:00:00 +02:00,9636.46,11393.85
15.07.2023 11:00:00 +02:00,8962.18,11575.38
15.07.2023 12:00:00 +02:00,8427.82,11674.81
15.07.2023 13:00:00 +02:00,8176.74,11681.31
15.07.2023 14:00:00 +02:00,8119.16,11694.50
15.07.2023 15:00:00 +02:00,8826.09,11683.64
15.07.2023 16:00:00 +02:00,10661.55,11662.10
15.07.2023 17:00:00 +02:00,12338.88,11627.50
15.07.2023 18:00:00 +02:00,15075.82,11627.28
15.07.2023 19:00:00 +02:00,16356.63,11487.42
15.07.2023 20:00:00 +02:00,16664.92,11291.29
15.07.2023 21:00:00 +02:00,15965.36,11127.99
15.07.2023 22:00:00 +02:00,14866.07,10974.36
15.07.2023 23:00:00 +02:00,13527.98,10820.78
16.07.2023 00:00:00 +02:00,11529.31,10544.80
16.07.2023 01:00:00 +02:00,10323.80,10346.63
16.07.2023 02:00:00 +02:00,8791.74,10156.85
16.07.2023 03:00:00 +02:00,8435.11,10023.20
16.07.2023 04:00:00 +02:00,8206.08,9929.16
16.07.2023 05:00:00 +02:00,8518.85,9820.55
16.07.2023 06:00:00 +02:00,8248.75,9885.19
16.07.2023 07:00:00 +02:00,8432.93,10070.79
16.07.2023 08:00:00 +02:00,8594.52,10357.88
16.07.2023 09:00:00 +02:00,7641.76,10726.52
16.07.2023 10:00:00 +02:00,7532.71,11046.78
16.07.2023 11:00:00 +02:00,7615.33,11237.49
16.07.2023 12:00:00 +02:00,7599.13,11412.49
16.07.2023 13:00:00 +02:00,7554.23,11504.42
16.07.2023 14:00:00 +02:00,7132.10,11568.30
16.07.2023 15:00:00 +02:00,7471.99,11612.12
16.07.2023 16:00:00 +02:00,7912.58,11572.16
16.07.2023 17:00:00 +02:00,8919.18,11486.45
16.07.2023 18:00:00 +02:00,10514.77,11409.36
16.07.2023 19:00:00 +02:00,11572.32,11363.11
16.07.2023 20:00:00 +02:00,12269.41,11304.94
16.07.2023 21:00:00 +02:00,12312.36,11280.76
16.07.2023 22:00:00 +02:00,12248.65,11213.16
16.07.2023 23:00:00 +02:00,12368.87,11026.06
17.07.2023 00:00:00 +02:00,12103.10,10717.24
17.07.2023 01:00:00 +02:00,11258.11,10457.09
17.07.2023 02:00:00 +02:00,10921.49,10244.07
17.07.2023 03:00:00 +02:00,10664.52,10162.90
17.07.2023 04:00:00 +02:00,10617.68,10107.18
17.07.2023 05:00:00 +02:00,11551.20,10160.71
17.07.2023 06:00:00 +02:00,13158.36,10551.85
17.07.2023 07:00:00 +02:00,13541.26,11099.37
17.07.2023 08:00:00 +02:00,13593.43,11573.38
17.07.2023 09:00:00 +02:00,13264.53,11858.63
17.07.2023 10:00:00 +02:00,12565.52,12050.51
17.07.2023 11:00:00 +02:00,11096.52,12134.46
17.07.2023 12:00:00 +02:00,9550.89,12163.43
17.07.2023 13:00:00 +02:00,9437.80,12176.64
17.07.2023 14:00:00 +02:00,9091.15,12215.53
17.07.2023 15:00:00 +02:00,10033.64,12174.37
17.07.2023 16:00:00 +02:00,10576.53,12099.61
17.07.2023 17:00:00 +02:00,11396.83,11994.97
17.07.2023 18:00:00 +02:00,12185.51,11925.18
17.07.2023 19:00:00 +02:00,12767.22,11836.01
17.07.2023 20:00:00 +02:00,12798.25,11697.76
17.07.2023 21:00:00 +02:00,13738.19,11553.89
17.07.2023 22:00:00 +02:00,13619.75,11453.42
17.07.2023 23:00:00 +02:00,13346.11,11208.03
18.07.2023 00:00:00 +02:00,13194.28,10949.97
18.07.2023 01:00:00 +02:00,12851.79,10732.89
18.07.2023 02:00:00 +02:00,12232.87,10348.23
18.07.2023 03:00:00 +02:00,12494.81,10286.77
18.07.2023 04:00:00 +02:00,12954.87,10248.31
18.07.2023 05:00:00 +02:00,13727.56,10312.71
18.07.2023 06:00:00 +02:00,15737.03,10802.64
18.07.2023 07:00:00 +02:00,16411.11,11370.59
18.07.2023 08:00:00 +02:00,16262.16,11731.48
18.07.2023 09:00:00 +02:00,14779.35,11903.50
18.07.2023 10:00:00 +02:00,13772.33,12009.05
18.07.2023 11:00:00 +02:00,13656.98,12044.70
18.07.2023 12:00:00 +02:00,13923.22,11885.95
18.07.2023 13:00:00 +02:00,14058.96,11947.36
18.07.2023 14:00:00 +02:00,14483.15,11889.97
18.07.2023 15:00:00 +02:00,15488.57,11904.52
18.07.2023 16:00:00 +02:00,16739.95,11892.49
18.07.2023 17:00:00 +02:00,18243.71,11850.77
18.07.2023 18:00:00 +02:00,19002.07,11828.76
18.07.2023 19:00:00 +02:00,19573.64,11777.63
18.07.2023 20:00:00 +02:00,19550.15,11715.52
18.07.2023 21:00:00 +02:00,19129.11,11603.89
18.07.2023 22:00:00 +02:00,18627.05,11539.54
18.07.2023 23:00:00 +02:00,17618.19,11324.42
19.07.2023 00:00:00 +02:00,17388.53,11013.90
19.07.2023 01:00:00 +02:00,16592.56,10736.87
19.07.2023 02:00:00 +02:00,16527.42,10637.32
19.07.2023 03:00:00 +02:00,16272.20,10563.30
19.07.2023 04:00:00 +02:00,15987.20,10481.15
19.07.2023 05:00:00 +02:00,16836.68,10492.64
19.07.2023 06:00:00 +02:00,17964.88,10801.34
19.07.2023 07:00:00 +02:00,18292.49,11339.59
19.07.2023 08:00:00 +02:00,18299.04,11674.85
19.07.2023 09:00:00 +02:00,18507.15,11848.78
19.07.2023 10:00:00 +02:00,18601.03,12005.92
19.07.2023 11:00:00 +02:00,18782.12,12015.64
19.07.2023 12:00:00 +02:00,19001.02,12062.20
19.07.2023 13:00:00 +02:00,18919.06,12082.90
19.07.2023 14:00:00 +02:00,17973.42,12082.49
19.07.2023 15:00:00 +02:00,17890.01,12088.23
19.07.2023 16:00:00 +02:00,18484.74,12074.41
19.07.2023 17:00:00 +02:00,18920.56,12026.95
19.07.2023 18:00:00 +02:00,19029.07,11990.98
19.07.2023 19:00:00 +02:00,19107.86,11989.19
19.07.2023 20:00:00 +02:00,19098.98,11877.78
19.07.2023 21:00:00 +02:00,19049.00,11757.80
19.07.2023 22:00:00 +02:00,18764.03,11685.80
19.07.2023 23:00:00 +02:00,18535.79,11470.62
20.07.2023 00:00:00 +02:00,18840.10,11077.36
20.07.2023 01:00:00 +02:00,18621.11,10839.19
20.07.2023 02:00:00 +02:00,18259.47,10707.13
20.07.2023 03:00:00 +02:00,18053.04,10590.30
20.07.2023 04:00:00 +02:00,17901.23,10503.74
20.07.2023 05:00:00 +02:00,17878.04,10552.97
20.07.2023 06:00:00 +02:00,18437.49,10910.34
20.07.2023 07:00:00 +02:00,18445.86,11399.02
20.07.2023 08:00:00 +02:00,17839.63,11794.17
20.07.2023 09:00:00 +02:00,16575.35,12011.35
20.07.2023 10:00:00 +02:00,16033.44,12090.58
20.07.2023 11:00:00 +02:00,15652.17,12118.47
20.07.2023 12:00:00 +02:00,15453.96,12097.28
20.07.2023 13:00:00 +02:00,15218.29,12076.11
20.07.2023 14:00:00 +02:00,15268.77,12105.80
20.07.2023 15:00:00 +02:00,15253.84,12098.77
20.07.2023 16:00:00 +02:00,15523.79,12089.48
20.07.2023 17:00:00 +02:00,16107.69,11989.93
20.07.2023 18:00:00 +02:00,17600.62,12017.43
20.07.2023 19:00:00 +02:00,18123.06,11946.44
20.07.2023 20:00:00 +02:00,18613.53,11858.29
20.07.2023 21:00:00 +02:00,19115.39,11711.65
20.07.2023 22:00:00 +02:00,19608.06,11674.70
20.07.2023 23:00:00 +02:00,19019.26,11498.77
21.07.2023 00:00:00 +02:00,18854.55,11107.21
21.07.2023 01:00:00 +02:00,18391.22,10826.53
21.07.2023 02:00:00 +02:00,17870.25,10711.81
21.07.2023 03:00:00 +02:00,17251.11,10607.54
21.07.2023 04:00:00 +02:00,16718.68,10558.16
21.07.2023 05:00:00 +02:00,16850.54,10605.86
21.07.2023 06:00:00 +02:00,17910.60,10979.11
21.07.2023 07:00:00 +02:00,18784.22,11479.27
21.07.2023 08:00:00 +02:00,19281.05,11854.20
21.07.2023 09:00:00 +02:00,19699.12,12185.62
21.07.2023 10:00:00 +02:00,20072.93,12362.86
21.07.2023 11:00:00 +02:00,20255.23,12325.80
21.07.2023 12:00:00 +02:00,20165.18,12287.00
21.07.2023 13:00:00 +02:00,19758.93,12292.57
21.07.2023 14:00:00 +02:00,19513.73,12257.13
21.07.2023 15:00:00 +02:00,19222.02,12190.20
21.07.2023 16:00:00 +02:00,19208.29,12137.28
21.07.2023 17:00:00 +02:00,19377.02,12124.06
21.07.2023 18:00:00 +02:00,19843.29,12107.04
21.07.2023 19:00:00 +02:00,19915.54,11966.59
21.07.2023 20:00:00 +02:00,19520.04,11870.61
21.07.2023 21:00:00 +02:00,19090.81,11711.28
21.07.2023 22:00:00 +02:00,18934.06,11608.71
21.07.2023 23:00:00 +02:00,18816.70,11453.54
22.07.2023 00:00:00 +02:00,18676.42,11175.38
22.07.2023 01:00:00 +02:00,17979.22,10905.40
22.07.2023 02:00:00 +02:00,17391.68,10709.19
22.07.2023 03:00:00 +02:00,17080.04,10645.95
22.07.2023 04:00:00 +02:00,16874.09,10498.31
22.07.2023 05:00:00 +02:00,16914.16,10447.60
22.07.2023 06:00:00 +02:00,17527.37,10569.46
22.07.2023 07:00:00 +02:00,17784.51,10764.12
22.07.2023 08:00:00 +02:00,17584.04,11083.16
22.07.2023 09:00:00 +02:00,16732.16,11409.03
22.07.2023 10:00:00 +02:00,15657.50,11676.42
22.07.2023 11:00:00 +02:00,14685.85,11730.35
22.07.2023 12:00:00 +02:00,13625.81,11728.50
22.07.2023 13:00:00 +02:00,13272.03,11698.62
22.07.2023 14:00:00 +02:00,12616.52,11650.93
22.07.2023 15:00:00 +02:00,13111.75,11619.29
22.07.2023 16:00:00 +02:00,15287.19,11617.71
22.07.2023 17:00:00 +02:00,16864.11,11640.05
22.07.2023 18:00:00 +02:00,18393.27,11660.25
22.07.2023 19:00:00 +02:00,18635.03,11637.33
22.07.2023 20:00:00 +02:00,18849.54,11534.42
22.07.2023 21:00:00 +02:00,19251.88,11444.60
22.07.2023 22:00:00 +02:00,19196.87,11422.92
22.07.2023 23:00:00 +02:00,18591.52,11297.69
23.07.2023 00:00:00 +02:00,16929.97,10994.48
23.07.2023 01:00:00 +02:00,16205.69,10740.46
23.07.2023 02:00:00 +02:00,15029.22,10608.92
23.07.2023 03:00:00 +02:00,13384.59,10556.30
23.07.2023 04:00:00 +02:00,11124.55,10527.99
23.07.2023 05:00:00 +02:00,9822.02,10437.09
23.07.2023 06:00:00 +02:00,9264.22,10486.84
23.07.2023 07:00:00 +02:00,8674.95,10613.20
23.07.2023 08:00:00 +02:00,8209.36,10805.62
23.07.2023 09:00:00 +02:00,7933.15,11018.47
23.07.2023 10:00:00 +02:00,8262.32,11167.76
23.07.2023 11:00:00 +02:00,8332.12,11158.22
23.07.2023 12:00:00 +02:00,8067.72,11204.00
23.07.2023 13:00:00 +02:00,7546.92,11152.86
23.07.2023 14:00:00 +02:00,8175.55,11112.79
23.07.2023 15:00:00 +02:00,8491.38,11182.42
23.07.2023 16:00:00 +02:00,10047.78,11229.59
23.07.2023 17:00:00 +02:00,11721.39,11316.47
23.07.2023 18:00:00 +02:00,14290.53,11350.68
23.07.2023 19:00:00 +02:00,15554.67,11473.35
23.07.2023 20:00:00 +02:00,16503.90,11487.90
23.07.2023 21:00:00 +02:00,16531.14,11487.13
23.07.2023 22:00:00 +02:00,16410.09,11493.64
23.07.2023 23:00:00 +02:00,15996.77,11343.26
24.07.2023 00:00:00 +02:00,15070.26,11005.60
24.07.2023 01:00:00 +02:00,14599.15,10716.65
24.07.2023 02:00:00 +02:00,14309.32,10513.14
24.07.2023 03:00:00 +02:00,14001.89,10476.18
24.07.2023 04:00:00 +02:00,13662.36,10406.77
24.07.2023 05:00:00 +02:00,14310.81,10447.01
24.07.2023 06:00:00 +02:00,15594.24,10801.10
24.07.2023 07:00:00 +02:00,16259.48,11360.06
24.07.2023 08:00:00 +02:00,17348.01,11813.54
24.07.2023 09:00:00 +02:00,17966.44,12063.14
24.07.2023 10:00:00 +02:00,18138.19,12244.25
24.07.2023 11:00:00 +02:00,17959.27,12311.41
24.07.2023 12:00:00 +02:00,17834.96,12292.12
24.07.2023 13:00:00 +02:00,17026.13,12317.79
24.07.2023 14:00:00 +02:00,17141.81,12302.44
24.07.2023 15:00:00 +02:00,17185.92,12319.50
24.07.2023 16:00:00 +02:00,17611.78,12310.44
24.07.2023 17:00:00 +02:00,18537.31,12091.58
24.07.2023 18:00:00 +02:00,19215.79,12069.02
24.07.2023 19:00:00 +02:00,19554.50,12049.17
24.07.2023 20:00:00 +02:00,19223.84,11908.57
24.07.2023 21:00:00 +02:00,18963.27,11755.19
24.07.2023 22:00:00 +02:00,18769.04,11625.97
24.07.2023 23:00:00 +02:00,17968.46,11356.85
25.07.2023 00:00:00 +02:00,17131.67,10937.41
25.07.2023 01:00:00 +02:00,16210.06,10581.86
25.07.2023 02:00:00 +02:00,15687.10,10458.90
25.07.2023 03:00:00 +02:00,15482.19,10414.15
25.07.2023 04:00:00 +02:00,15131.55,10376.05
25.07.2023 05:00:00 +02:00,15635.04,10397.64
25.07.2023 06:00:00 +02:00,16188.83,10809.50
25.07.2023 07:00:00 +02:00,17061.64,11307.53
25.07.2023 08:00:00 +02:00,17292.60,11730.82
25.07.2023 09:00:00 +02:00,16857.90,11989.82
25.07.2023 10:00:00 +02:00,15922.04,11960.50
25.07.2023 11:00:00 +02:00,15174.90,12212.85
25.07.2023 12:00:00 +02:00,15142.21,12248.41
25.07.2023 13:00:00 +02:00,14906.80,12240.59
25.07.2023 14:00:00 +02:00,13883.34,12154.48
25.07.2023 15:00:00 +02:00,13502.21,12125.93
25.07.2023 16:00:00 +02:00,14336.03,12107.02
25.07.2023 17:00:00 +02:00,15899.30,12075.70
25.07.2023 18:00:00 +02:00,16851.64,12030.81
25.07.2023 19:00:00 +02:00,17444.69,11965.82
25.07.2023 20:00:00 +02:00,18080.76,11881.10
25.07.2023 21:00:00 +02:00,18390.78,11772.90
25.07.2023 22:00:00 +02:00,18375.51,11714.57
25.07.2023 23:00:00 +02:00,17619.07,11424.41
26.07.2023 00:00:00 +02:00,15661.38,11033.48
26.07.2023 01:00:00 +02:00,15150.94,10740.81
26.07.2023 02:00:00 +02:00,14790.13,10611.28
26.07.2023 03:00:00 +02:00,14700.40,10497.35
26.07.2023 04:00:00 +02:00,14860.93,10410.06
26.07.2023 05:00:00 +02:00,15521.94,10474.42
26.07.2023 06:00:00 +02:00,17002.25,10847.45
26.07.2023 07:00:00 +02:00,18237.55,11377.49
26.07.2023 08:00:00 +02:00,17938.81,11743.64
26.07.2023 09:00:00 +02:00,17113.91,11951.71
26.07.2023 10:00:00 +02:00,16646.50,12111.94
26.07.2023 11:00:00 +02:00,15991.13,12068.53
26.07.2023 12:00:00 +02:00,15216.09,12049.40
26.07.2023 13:00:00 +02:00,14960.79,12016.46
26.07.2023 14:00:00 +02:00,14355.92,12000.33
26.07.2023 15:00:00 +02:00,14518.06,12000.83
26.07.2023 16:00:00 +02:00,14757.74,11961.84
26.07.2023 17:00:00 +02:00,15332.47,11975.59
26.07.2023 18:00:00 +02:00,16108.14,11951.79
26.07.2023 19:00:00 +02:00,16784.40,11518.76
26.07.2023 20:00:00 +02:00,17239.02,11392.08
26.07.2023 21:00:00 +02:00,18329.44,11536.17
26.07.2023 22:00:00 +02:00,18271.75,11606.20
26.07.2023 23:00:00 +02:00,17873.48,11365.20
27.07.2023 00:00:00 +02:00,16785.84,10999.98
27.07.2023 01:00:00 +02:00,16111.25,10703.81
27.07.2023 02:00:00 +02:00,15717.14,10584.11
27.07.2023 03:00:00 +02:00,15478.12,10497.52
27.07.2023 04:00:00 +02:00,15364.56,10417.41
27.07.2023 05:00:00 +02:00,16263.79,10445.01
27.07.2023 06:00:00 +02:00,17664.06,10839.20
27.07.2023 07:00:00 +02:00,18234.70,11376.45
27.07.2023 08:00:00 +02:00,18537.17,11765.46
27.07.2023 09:00:00 +02:00,18690.26,12028.14
27.07.2023 10:00:00 +02:00,18234.85,11947.48
27.07.2023 11:00:00 +02:00,18031.39,12172.36
27.07.2023 12:00:00 +02:00,18159.85,12036.68
27.07.2023 13:00:00 +02:00,18004.43,11984.59
27.07.2023 14:00:00 +02:00,17940.28,11936.78
27.07.2023 15:00:00 +02:00,18309.08,11860.39
27.07.2023 16:00:00 +02:00,18504.44,11889.41
27.07.2023 17:00:00 +02:00,18679.67,11827.82
27.07.2023 18:00:00 +02:00,18962.81,11800.97
27.07.2023 19:00:00 +02:00,19244.73,11688.27
27.07.2023 20:00:00 +02:00,19323.05,11727.06
27.07.2023 21:00:00 +02:00,19270.75,11670.92
27.07.2023 22:00:00 +02:00,19076.73,11668.89
27.07.2023 23:00:00 +02:00,18478.39,11394.19
28.07.2023 00:00:00 +02:00,18181.52,10983.74
28.07.2023 01:00:00 +02:00,17698.25,10715.67
28.07.2023 02:00:00 +02:00,17488.84,10571.18
28.07.2023 03:00:00 +02:00,17200.96,10402.27
28.07.2023 04:00:00 +02:00,16809.29,10361.89
28.07.2023 05:00:00 +02:00,17218.97,10377.57
28.07.2023 06:00:00 +02:00,18088.35,10746.71
28.07.2023 07:00:00 +02:00,18456.00,11314.49
28.07.2023 08:00:00 +02:00,18780.29,11737.53
28.07.2023 09:00:00 +02:00,19086.24,11992.56
28.07.2023 10:00:00 +02:00,19531.15,12122.52
28.07.2023 11:00:00 +02:00,19500.59,12109.40
28.07.2023 12:00:00 +02:00,19326.52,12044.33
28.07.2023 13:00:00 +02:00,19016.05,11961.29
28.07.2023 14:00:00 +02:00,17953.82,11880.04
28.07.2023 15:00:00 +02:00,17772.96,11839.37
28.07.2023 16:00:00 +02:00,17756.10,11822.51
28.07.2023 17:00:00 +02:00,18404.84,11781.46
28.07.2023 18:00:00 +02:00,18630.09,11775.03
28.07.2023 19:00:00 +02:00,18528.15,11700.61
28.07.2023 20:00:00 +02:00,18148.00,11642.52
28.07.2023 21:00:00 +02:00,17666.66,11489.75
28.07.2023 22:00:00 +02:00,17291.88,11486.52
28.07.2023 23:00:00 +02:00,16126.66,11329.89
29.07.2023 00:00:00 +02:00,14801.61,10971.31
29.07.2023 01:00:00 +02:00,13972.32,10739.89
29.07.2023 02:00:00 +02:00,13475.40,10529.91
29.07.2023 03:00:00 +02:00,13311.97,10469.97
29.07.2023 04:00:00 +02:00,12645.01,10426.41
29.07.2023 05:00:00 +02:00,12931.90,10303.72
29.07.2023 06:00:00 +02:00,13367.53,10405.05
29.07.2023 07:00:00 +02:00,13982.02,10547.84
29.07.2023 08:00:00 +02:00,15325.19,10901.99
29.07.2023 09:00:00 +02:00,16146.37,11244.78
29.07.2023 10:00:00 +02:00,15209.65,11483.37
29.07.2023 11:00:00 +02:00,14122.18,11483.16
29.07.2023 12:00:00 +02:00,13435.91,11449.03
29.07.2023 13:00:00 +02:00,11999.16,11416.53
29.07.2023 14:00:00 +02:00,9296.87,11371.54
29.07.2023 15:00:00 +02:00,9155.16,11335.00
29.07.2023 16:00:00 +02:00,10705.33,11372.51
29.07.2023 17:00:00 +02:00,13713.88,11520.49
29.07.2023 18:00:00 +02:00,16294.27,11535.83
29.07.2023 19:00:00 +02:00,17784.50,11497.94
29.07.2023 20:00:00 +02:00,17681.34,11365.13
29.07.2023 21:00:00 +02:00,17460.63,11305.15
29.07.2023 22:00:00 +02:00,17224.83,11248.90
29.07.2023 23:00:00 +02:00,16452.60,11036.72
30.07.2023 00:00:00 +02:00,15319.15,10753.00
30.07.2023 01:00:00 +02:00,14600.33,10515.48
30.07.2023 02:00:00 +02:00,13870.99,10375.86
30.07.2023 03:00:00 +02:00,12640.92,10259.23
30.07.2023 04:00:00 +02:00,11983.47,10180.54
30.07.2023 05:00:00 +02:00,12181.60,10068.39
30.07.2023 06:00:00 +02:00,12204.99,10126.57
30.07.2023 07:00:00 +02:00,12168.67,10249.98
30.07.2023 08:00:00 +02:00,11747.55,10524.85
30.07.2023 09:00:00 +02:00,8965.40,10860.36
30.07.2023 10:00:00 +02:00,8246.54,11183.02
30.07.2023 11:00:00 +02:00,7884.26,11316.53
30.07.2023 12:00:00 +02:00,7913.80,11437.26
30.07.2023 13:00:00 +02:00,7946.95,11412.47
30.07.2023 14:00:00 +02:00,8190.95,11446.70
30.07.2023 15:00:00 +02:00,8277.01,11456.26
30.07.2023 16:00:00 +02:00,8520.56,11462.51
30.07.2023 17:00:00 +02:00,9108.11,11448.35
30.07.2023 18:00:00 +02:00,12197.02,11319.06
30.07.2023 19:00:00 +02:00,14788.44,11496.98
30.07.2023 20:00:00 +02:00,16253.11,11449.89
30.07.2023 21:00:00 +02:00,16613.98,11427.89
30.07.2023 22:00:00 +02:00,16001.54,11339.79
30.07.2023 23:00:00 +02:00,15072.23,11154.85
31.07.2023 00:00:00 +02:00,13667.24,10781.47
31.07.2023 01:00:00 +02:00,12169.72,10511.37
31.07.2023 02:00:00 +02:00,11918.77,10306.79
31.07.2023 03:00:00 +02:00,11970.17,10269.82
31.07.2023 04:00:00 +02:00,12291.79,10241.71
31.07.2023 05:00:00 +02:00,13792.58,10253.83
31.07.2023 06:00:00 +02:00,16106.79,10766.30
31.07.2023 07:00:00 +02:00,17126.56,11416.65
31.07.2023 08:00:00 +02:00,18010.45,11880.44
31.07.2023 09:00:00 +02:00,18096.11,12128.41
31.07.2023 10:00:00 +02:00,18026.14,12244.51
31.07.2023 11:00:00 +02:00,17055.07,12192.57
31.07.2023 12:00:00 +02:00,16155.23,12193.87
31.07.2023 13:00:00 +02:00,15412.77,12181.85
31.07.2023 14:00:00 +02:00,15197.84,12131.24
31.07.2023 15:00:00 +02:00,15596.78,12080.56
31.07.2023 16:00:00 +02:00,15961.89,12106.83
31.07.2023 17:00:00 +02:00,17385.33,11976.08
31.07.2023 18:00:00 +02:00,18015.28,11937.74
31.07.2023 19:00:00 +02:00,17606.08,11790.24
31.07.2023 20:00:00 +02:00,17484.67,11772.84
31.07.2023 21:00:00 +02:00,17230.27,11697.72
31.07.2023 22:00:00 +02:00,17023.29,11619.54
31.07.2023 23:00:00 +02:00,16044.19,11359.52
01.08.2023 00:00:00 +02:00,14529.32,10889.73
01.08.2023 01:00:00 +02:00,12921.98,10578.30
01.08.2023 02:00:00 +02:00,12568.25,10411.18
01.08.2023 03:00:00 +02:00,12851.05,10346.86
01.08.2023 04:00:00 +02:00,13231.99,10337.83
01.08.2023 05:00:00 +02:00,14432.44,10370.54
01.08.2023 06:00:00 +02:00,16068.58,10821.72
01.08.2023 07:00:00 +02:00,17351.64,11475.48
01.08.2023 08:00:00 +02:00,17406.82,11817.54
01.08.2023 09:00:00 +02:00,17363.24,11955.89
01.08.2023 10:00:00 +02:00,16989.22,11671.91
01.08.2023 11:00:00 +02:00,17003.64,12031.81
01.08.2023 12:00:00 +02:00,16010.20,12021.17
01.08.2023 13:00:00 +02:00,14388.19,12064.68
01.08.2023 14:00:00 +02:00,12033.46,12019.37
01.08.2023 15:00:00 +02:00,11487.39,11946.06
01.08.2023 16:00:00 +02:00,13476.04,11935.86
01.08.2023 17:00:00 +02:00,16028.49,11867.73
01.08.2023 18:00:00 +02:00,17922.18,11815.81
01.08.2023 19:00:00 +02:00,18253.79,11742.46
01.08.2023 20:00:00 +02:00,18004.94,11663.39
01.08.2023 21:00:00 +02:00,17730.61,11543.25
01.08.2023 22:00:00 +02:00,17365.60,11533.34
01.08.2023 23:00:00 +02:00,16711.34,11167.22
02.08.2023 00:00:00 +02:00,15387.98,10728.62
02.08.2023 01:00:00 +02:00,15108.53,10397.82
02.08.2023 02:00:00 +02:00,15114.59,10243.98
02.08.2023 03:00:00 +02:00,15220.68,10162.31
02.08.2023 04:00:00 +02:00,14740.74,10135.41
02.08.2023 05:00:00 +02:00,14532.66,10146.30
02.08.2023 06:00:00 +02:00,14842.42,10576.85
02.08.2023 07:00:00 +02:00,16174.72,11268.58
02.08.2023 08:00:00 +02:00,17408.28,11657.31
02.08.2023 09:00:00 +02:00,17329.56,11801.35
02.08.2023 10:00:00 +02:00,16735.31,11945.21
02.08.2023 11:00:00 +02:00,15241.08,11873.14
02.08.2023 12:00:00 +02:00,13729.40,11795.81
02.08.2023 13:00:00 +02:00,12336.92,11820.55
02.08.2023 14:00:00 +02:00,10776.73,11850.86
02.08.2023 15:00:00 +02:00,10606.59,11861.87
02.08.2023 16:00:00 +02:00,11665.52,11862.65
02.08.2023 17:00:00 +02:00,13782.07,11823.75
02.08.2023 18:00:00 +02:00,14992.73,11744.85
02.08.2023 19:00:00 +02:00,15779.21,11714.05
02.08.2023 20:00:00 +02:00,15376.65,11677.01
02.08.2023 21:00:00 +02:00,15022.78,11521.42
02.08.2023 22:00:00 +02:00,14627.23,11506.75
02.08.2023 23:00:00 +02:00,12209.99,11182.86
03.08.2023 00:00:00 +02:00,10326.22,10739.85
03.08.2023 01:00:00 +02:00,8927.42,10472.44
03.08.2023 02:00:00 +02:00,8501.49,10382.18
03.08.2023 03:00:00 +02:00,8258.53,10246.72
03.08.2023 04:00:00 +02:00,8587.60,10200.86
03.08.2023 05:00:00 +02:00,9886.38,10176.86
03.08.2023 06:00:00 +02:00,11954.02,10604.30
03.08.2023 07:00:00 +02:00,14148.32,11311.26
03.08.2023 08:00:00 +02:00,14944.19,11791.13
03.08.2023 09:00:00 +02:00,14336.54,11993.40
03.08.2023 10:00:00 +02:00,13889.15,11892.01
03.08.2023 11:00:00 +02:00,13488.80,12042.94
03.08.2023 12:00:00 +02:00,13301.39,12054.95
03.08.2023 13:00:00 +02:00,12756.28,12098.28
03.08.2023 14:00:00 +02:00,12357.63,12071.18
03.08.2023 15:00:00 +02:00,11926.13,12027.81
03.08.2023 16:00:00 +02:00,12774.44,12027.24
03.08.2023 17:00:00 +02:00,15167.16,11943.07
03.08.2023 18:00:00 +02:00,15715.33,11900.10
03.08.2023 19:00:00 +02:00,15890.82,11785.66
03.08.2023 20:00:00 +02:00,16296.43,11634.37
03.08.2023 21:00:00 +02:00,16237.02,11493.79
03.08.2023 22:00:00 +02:00,15847.07,11467.88
03.08.2023 23:00:00 +02:00,14880.21,11119.80
04.08.2023 00:00:00 +02:00,13965.16,10665.26
04.08.2023 01:00:00 +02:00,13229.90,10344.34
04.08.2023 02:00:00 +02:00,12845.53,10168.66
04.08.2023 03:00:00 +02:00,12558.64,10060.37
04.08.2023 04:00:00 +02:00,12287.57,10032.35
04.08.2023 05:00:00 +02:00,13029.36,10079.64
04.08.2023 06:00:00 +02:00,14344.11,10517.60
04.08.2023 07:00:00 +02:00,16311.99,11174.55
04.08.2023 08:00:00 +02:00,16595.92,11720.25
04.08.2023 09:00:00 +02:00,16370.63,11949.54
04.08.2023 10:00:00 +02:00,15834.95,12102.84
04.08.2023 11:00:00 +02:00,15532.31,12130.31
04.08.2023 12:00:00 +02:00,14898.41,12047.74
04.08.2023 13:00:00 +02:00,14661.53,12026.15
04.08.2023 14:00:00 +02:00,14473.30,11950.48
04.08.2023 15:00:00 +02:00,14118.57,11910.24
04.08.2023 16:00:00 +02:00,13963.50,11928.98
04.08.2023 17:00:00 +02:00,14507.63,11866.18
04.08.2023 18:00:00 +02:00,15443.84,11745.96
04.08.2023 19:00:00 +02:00,16220.42,11722.50
04.08.2023 20:00:00 +02:00,16580.71,11660.74
04.08.2023 21:00:00 +02:00,16562.99,11548.92
04.08.2023 22:00:00 +02:00,15822.53,11464.92
04.08.2023 23:00:00 +02:00,14073.43,11106.46
05.08.2023 00:00:00 +02:00,13402.65,10787.70
05.08.2023 01:00:00 +02:00,12826.87,10476.42
05.08.2023 02:00:00 +02:00,12589.12,10209.97
05.08.2023 03:00:00 +02:00,12489.56,10147.29
05.08.2023 04:00:00 +02:00,12343.54,10124.93
05.08.2023 05:00:00 +02:00,11930.02,10050.78
05.08.2023 06:00:00 +02:00,12747.86,10149.97
05.08.2023 07:00:00 +02:00,13771.36,10392.88
05.08.2023 08:00:00 +02:00,14151.68,10817.87
05.08.2023 09:00:00 +02:00,14600.91,11232.37
05.08.2023 10:00:00 +02:00,14805.12,11529.61
05.08.2023 11:00:00 +02:00,14566.71,11589.68
05.08.2023 12:00:00 +02:00,13529.64,11579.93
05.08.2023 13:00:00 +02:00,12485.64,11449.68
05.08.2023 14:00:00 +02:00,12395.37,11319.57
05.08.2023 15:00:00 +02:00,14032.77,11388.01
05.08.2023 16:00:00 +02:00,15378.10,11479.97
05.08.2023 17:00:00 +02:00,15988.55,11573.04
05.08.2023 18:00:00 +02:00,16497.70,11572.46
05.08.2023 19:00:00 +02:00,16756.97,11590.48
05.08.2023 20:00:00 +02:00,16594.17,11459.03
05.08.2023 21:00:00 +02:00,16679.44,11339.82
05.08.2023 22:00:00 +02:00,16376.51,11340.94
05.08.2023 23:00:00 +02:00,15506.00,11092.25
06.08.2023 00:00:00 +02:00,14653.62,10822.33
06.08.2023 01:00:00 +02:00,14183.20,10597.30
06.08.2023 02:00:00 +02:00,14088.52,10441.39
06.08.2023 03:00:00 +02:00,13609.88,10359.94
06.08.2023 04:00:00 +02:00,13075.00,10344.36
06.08.2023 05:00:00 +02:00,12059.87,10221.48
06.08.2023 06:00:00 +02:00,11530.33,10256.18
06.08.2023 07:00:00 +02:00,11701.33,10407.18
06.08.2023 08:00:00 +02:00,12176.71,10628.52
06.08.2023 09:00:00 +02:00,12065.26,10966.29
06.08.2023 10:00:00 +02:00,11885.94,11198.99
06.08.2023 11:00:00 +02:00,11372.28,11344.99
06.08.2023 12:00:00 +02:00,10940.32,11372.03
06.08.2023 13:00:00 +02:00,9124.29,11351.83
06.08.2023 14:00:00 +02:00,8641.89,11353.32
06.08.2023 15:00:00 +02:00,8140.08,11390.85
06.08.2023 16:00:00 +02:00,8939.54,11447.65
06.08.2023 17:00:00 +02:00,10594.34,11486.74
06.08.2023 18:00:00 +02:00,12083.76,11576.61
06.08.2023 19:00:00 +02:00,13199.04,11660.73
06.08.2023 20:00:00 +02:00,14263.59,11684.05
06.08.2023 21:00:00 +02:00,14003.43,11694.14
06.08.2023 22:00:00 +02:00,13215.10,11584.10
06.08.2023 23:00:00 +02:00,11709.91,11237.20
07.08.2023 00:00:00 +02:00,11172.42,10834.86
07.08.2023 01:00:00 +02:00,9900.39,10574.11
07.08.2023 02:00:00 +02:00,8903.69,10408.33
07.08.2023 03:00:00 +02:00,8331.16,10395.59
07.08.2023 04:00:00 +02:00,8280.87,10414.61
07.08.2023 05:00:00 +02:00,8782.13,10565.96
07.08.2023 06:00:00 +02:00,10044.49,11134.39
07.08.2023 07:00:00 +02:00,11611.28,11970.53
07.08.2023 08:00:00 +02:00,12077.56,12516.99
07.08.2023 09:00:00 +02:00,12141.50,12793.55
07.08.2023 10:00:00 +02:00,12205.42,12919.33
07.08.2023 11:00:00 +02:00,12176.67,13095.76
07.08.2023 12:00:00 +02:00,12055.30,13147.21
07.08.2023 13:00:00 +02:00,11361.76,13180.38
07.08.2023 14:00:00 +02:00,10414.68,13169.12
07.08.2023 15:00:00 +02:00,10570.05,13249.49
07.08.2023 16:00:00 +02:00,10994.22,13308.94
07.08.2023 17:00:00 +02:00,11413.74,13131.91
07.08.2023 18:00:00 +02:00,12487.88,13027.14
07.08.2023 19:00:00 +02:00,12687.27,12873.15
07.08.2023 20:00:00 +02:00,12437.77,12754.02
07.08.2023 21:00:00 +02:00,11865.68,12581.63
07.08.2023 22:00:00 +02:00,10618.49,12344.75
07.08.2023 23:00:00 +02:00,10301.91,11823.01
08.08.2023 00:00:00 +02:00,10363.12,11330.58
08.08.2023 01:00:00 +02:00,9481.79,11061.23
08.08.2023 02:00:00 +02:00,8929.17,10906.73
08.08.2023 03:00:00 +02:00,9129.58,10813.78
08.08.2023 04:00:00 +02:00,9347.04,10792.72
08.08.2023 05:00:00 +02:00,10116.66,10874.34
08.08.2023 06:00:00 +02:00,11050.19,11440.19
08.08.2023 07:00:00 +02:00,11422.70,12235.73
08.08.2023 08:00:00 +02:00,11387.90,12737.31
08.08.2023 09:00:00 +02:00,11764.47,12910.63
08.08.2023 10:00:00 +02:00,10935.29,12909.74
08.08.2023 11:00:00 +02:00,10449.61,13148.45
08.08.2023 12:00:00 +02:00,10379.99,13174.09
08.08.2023 13:00:00 +02:00,10446.01,13251.97
08.08.2023 14:00:00 +02:00,10420.30,13216.47
08.08.2023 15:00:00 +02:00,10445.63,13187.74
08.08.2023 16:00:00 +02:00,11083.59,13262.38
08.08.2023 17:00:00 +02:00,12173.72,13183.91
08.08.2023 18:00:00 +02:00,12370.03,13090.66
08.08.2023 19:00:00 +02:00,12566.38,13008.05
08.08.2023 20:00:00 +02:00,12481.40,12960.42
08.08.2023 21:00:00 +02:00,12275.96,12830.68
08.08.2023 22:00:00 +02:00,11845.97,12703.05
08.08.2023 23:00:00 +02:00,11386.11,12196.24
09.08.2023 00:00:00 +02:00,10742.70,11603.25
09.08.2023 01:00:00 +02:00,10355.49,11224.64
09.08.2023 02:00:00 +02:00,10246.12,11049.00
09.08.2023 03:00:00 +02:00,10296.27,10979.24
09.08.2023 04:00:00 +02:00,10316.28,10940.39
09.08.2023 05:00:00 +02:00,11247.26,11034.12
09.08.2023 06:00:00 +02:00,11802.05,11696.05
09.08.2023 07:00:00 +02:00,12995.21,12533.23
09.08.2023 08:00:00 +02:00,14671.78,12930.81
09.08.2023 09:00:00 +02:00,14836.33,13152.72
09.08.2023 10:00:00 +02:00,14379.64,13263.07
09.08.2023 11:00:00 +02:00,13585.62,13233.89
09.08.2023 12:00:00 +02:00,12892.55,13214.72
09.08.2023 13:00:00 +02:00,13337.32,13148.88
09.08.2023 14:00:00 +02:00,13241.30,13084.61
09.08.2023 15:00:00 +02:00,13464.51,13059.59
09.08.2023 16:00:00 +02:00,13614.63,13008.65
09.08.2023 17:00:00 +02:00,14686.19,13027.91
09.08.2023 18:00:00 +02:00,15572.92,12932.64
09.08.2023 19:00:00 +02:00,16187.16,12848.37
09.08.2023 20:00:00 +02:00,16166.63,12738.74
09.08.2023 21:00:00 +02:00,16176.06,12699.24
09.08.2023 22:00:00 +02:00,15615.82,12511.91
09.08.2023 23:00:00 +02:00,14998.87,12071.30
10.08.2023 00:00:00 +02:00,14113.36,11569.89
10.08.2023 01:00:00 +02:00,13761.21,11288.65
10.08.2023 02:00:00 +02:00,13799.27,11165.05
10.08.2023 03:00:00 +02:00,13626.21,11104.47
10.08.2023 04:00:00 +02:00,13596.46,11076.93
10.08.2023 05:00:00 +02:00,14187.52,11187.21
10.08.2023 06:00:00 +02:00,15279.01,11719.00
10.08.2023 07:00:00 +02:00,16950.94,12503.24
10.08.2023 08:00:00 +02:00,17030.58,12920.29
10.08.2023 09:00:00 +02:00,16543.56,12954.81
10.08.2023 10:00:00 +02:00,16137.04,12782.19
10.08.2023 11:00:00 +02:00,15905.28,12919.08
10.08.2023 12:00:00 +02:00,15229.34,12863.57
10.08.2023 13:00:00 +02:00,14411.69,12867.43
10.08.2023 14:00:00 +02:00,13436.09,12836.45
10.08.2023 15:00:00 +02:00,13706.48,12809.44
10.08.2023 16:00:00 +02:00,15043.24,12811.17
10.08.2023 17:00:00 +02:00,16593.18,12751.68
10.08.2023 18:00:00 +02:00,18008.44,12638.46
10.08.2023 19:00:00 +02:00,18054.45,12395.98
10.08.2023 20:00:00 +02:00,18064.88,12510.02
10.08.2023 21:00:00 +02:00,17802.63,12581.99
10.08.2023 22:00:00 +02:00,16865.99,12463.23
10.08.2023 23:00:00 +02:00,15668.34,12053.06
11.08.2023 00:00:00 +02:00,15522.73,11456.51
11.08.2023 01:00:00 +02:00,15272.98,11188.14
11.08.2023 02:00:00 +02:00,15222.87,11010.51
11.08.2023 03:00:00 +02:00,15225.20,10937.18
11.08.2023 04:00:00 +02:00,15164.67,10882.82
11.08.2023 05:00:00 +02:00,15413.75,10991.15
11.08.2023 06:00:00 +02:00,16576.38,11585.85
11.08.2023 07:00:00 +02:00,18433.06,12405.46
11.08.2023 08:00:00 +02:00,19310.50,12872.10
11.08.2023 09:00:00 +02:00,19257.48,12906.70
11.08.2023 10:00:00 +02:00,18503.83,12876.53
11.08.2023 11:00:00 +02:00,17115.58,12818.12
11.08.2023 12:00:00 +02:00,15585.20,12717.30
11.08.2023 13:00:00 +02:00,13669.47,12700.68
11.08.2023 14:00:00 +02:00,13637.06,12589.28
11.08.2023 15:00:00 +02:00,14565.14,12480.22
11.08.2023 16:00:00 +02:00,16325.82,12413.55
11.08.2023 17:00:00 +02:00,17630.60,12349.41
11.08.2023 18:00:00 +02:00,18399.47,12355.43
11.08.2023 19:00:00 +02:00,18316.84,12254.29
11.08.2023 20:00:00 +02:00,17676.72,12129.57
11.08.2023 21:00:00 +02:00,17294.99,12027.41
11.08.2023 22:00:00 +02:00,16683.19,11880.94
11.08.2023 23:00:00 +02:00,15903.37,11607.75
12.08.2023 00:00:00 +02:00,14975.41,11308.60
12.08.2023 01:00:00 +02:00,14604.42,10966.62
12.08.2023 02:00:00 +02:00,14342.78,10705.43
12.08.2023 03:00:00 +02:00,14309.35,10637.99
12.08.2023 04:00:00 +02:00,14246.02,10548.65
12.08.2023 05:00:00 +02:00,14306.21,10489.29
12.08.2023 06:00:00 +02:00,14222.37,10501.00
12.08.2023 07:00:00 +02:00,14934.96,10750.41
12.08.2023 08:00:00 +02:00,15329.29,11191.32
12.08.2023 09:00:00 +02:00,15702.06,11597.68
12.08.2023 10:00:00 +02:00,15279.39,11837.57
12.08.2023 11:00:00 +02:00,14463.46,11842.63
12.08.2023 12:00:00 +02:00,13099.86,11808.79
12.08.2023 13:00:00 +02:00,12027.81,11744.64
12.08.2023 14:00:00 +02:00,11311.67,11701.06
12.08.2023 15:00:00 +02:00,11725.15,11660.72
12.08.2023 16:00:00 +02:00,13092.40,11738.38
12.08.2023 17:00:00 +02:00,15479.08,11867.16
12.08.2023 18:00:00 +02:00,17009.28,11873.61
12.08.2023 19:00:00 +02:00,17647.96,11856.58
12.08.2023 20:00:00 +02:00,16698.46,11679.36
12.08.2023 21:00:00 +02:00,16152.22,11558.74
12.08.2023 22:00:00 +02:00,15956.84,11464.44
12.08.2023 23:00:00 +02:00,15375.90,11164.88
13.08.2023 00:00:00 +02:00,15155.10,10915.91
13.08.2023 01:00:00 +02:00,15250.56,10651.32
13.08.2023 02:00:00 +02:00,14971.83,10469.14
13.08.2023 03:00:00 +02:00,14029.52,10368.53
13.08.2023 04:00:00 +02:00,13799.33,10304.28
13.08.2023 05:00:00 +02:00,14387.15,10234.43
13.08.2023 06:00:00 +02:00,14840.18,10213.65
13.08.2023 07:00:00 +02:00,14564.63,10359.04
13.08.2023 08:00:00 +02:00,14063.47,10702.65
13.08.2023 09:00:00 +02:00,13046.28,11138.12
13.08.2023 10:00:00 +02:00,11653.68,11478.72
13.08.2023 11:00:00 +02:00,10484.88,11666.01
13.08.2023 12:00:00 +02:00,9810.57,11754.40
13.08.2023 13:00:00 +02:00,9683.74,11726.44
13.08.2023 14:00:00 +02:00,9396.73,11680.10
13.08.2023 15:00:00 +02:00,10149.19,11692.00
13.08.2023 16:00:00 +02:00,12896.66,11793.34
13.08.2023 17:00:00 +02:00,15980.84,11857.14
13.08.2023 18:00:00 +02:00,17602.83,11850.79
13.08.2023 19:00:00 +02:00,18626.39,11893.09
13.08.2023 20:00:00 +02:00,18323.12,11906.98
13.08.2023 21:00:00 +02:00,18230.95,11941.53
13.08.2023 22:00:00 +02:00,17487.02,11811.24
13.08.2023 23:00:00 +02:00,16888.77,11410.68
14.08.2023 00:00:00 +02:00,16145.03,10975.50
14.08.2023 01:00:00 +02:00,15773.26,10732.77
14.08.2023 02:00:00 +02:00,15652.75,10566.97
14.08.2023 03:00:00 +02:00,15543.57,10494.45
14.08.2023 04:00:00 +02:00,15555.25,10484.62
14.08.2023 05:00:00 +02:00,16447.38,10573.05
14.08.2023 06:00:00 +02:00,18218.51,11223.52
14.08.2023 07:00:00 +02:00,19682.85,12133.31
14.08.2023 08:00:00 +02:00,19977.57,12612.05
14.08.2023 09:00:00 +02:00,19442.40,12734.32
14.08.2023 10:00:00 +02:00,18839.62,12750.87
14.08.2023 11:00:00 +02:00,18003.44,12752.50
14.08.2023 12:00:00 +02:00,17056.28,12709.81
14.08.2023 13:00:00 +02:00,16150.55,12660.90
14.08.2023 14:00:00 +02:00,17114.03,12724.79
14.08.2023 15:00:00 +02:00,18588.45,12661.86
14.08.2023 16:00:00 +02:00,19170.34,12756.05
14.08.2023 17:00:00 +02:00,19644.29,12710.36
14.08.2023 18:00:00 +02:00,19738.09,12658.32
14.08.2023 19:00:00 +02:00,19693.98,12565.83
14.08.2023 20:00:00 +02:00,19487.38,12530.80
14.08.2023 21:00:00 +02:00,19466.69,12489.86
14.08.2023 22:00:00 +02:00,18539.40,12252.15
14.08.2023 23:00:00 +02:00,17036.84,11747.72
15.08.2023 00:00:00 +02:00,16551.91,11224.44
15.08.2023 01:00:00 +02:00,16029.13,10941.82
15.08.2023 02:00:00 +02:00,15961.82,10787.13
15.08.2023 03:00:00 +02:00,15931.64,10665.19
15.08.2023 04:00:00 +02:00,16077.59,10637.60
15.08.2023 05:00:00 +02:00,16883.54,10800.90
15.08.2023 06:00:00 +02:00,18252.28,11446.17
15.08.2023 07:00:00 +02:00,18877.16,12339.72
15.08.2023 08:00:00 +02:00,18889.72,12742.84
15.08.2023 09:00:00 +02:00,18579.99,12854.61
15.08.2023 10:00:00 +02:00,18663.44,12722.54
15.08.2023 11:00:00 +02:00,18119.64,12900.16
15.08.2023 12:00:00 +02:00,17531.35,12898.81
15.08.2023 13:00:00 +02:00,17474.09,12958.96
15.08.2023 14:00:00 +02:00,16558.82,12974.35
15.08.2023 15:00:00 +02:00,16491.51,12974.94
15.08.2023 16:00:00 +02:00,16265.93,13032.55
15.08.2023 17:00:00 +02:00,18369.71,12976.13
15.08.2023 18:00:00 +02:00,19037.86,12869.46
15.08.2023 19:00:00 +02:00,18883.72,12737.20
15.08.2023 20:00:00 +02:00,19351.86,12677.90
15.08.2023 21:00:00 +02:00,19306.48,12601.12
15.08.2023 22:00:00 +02:00,18282.21,12391.91
15.08.2023 23:00:00 +02:00,17193.67,11862.06
16.08.2023 00:00:00 +02:00,16005.51,11230.00
16.08.2023 01:00:00 +02:00,15866.02,10914.15
16.08.2023 02:00:00 +02:00,15909.67,10795.85
16.08.2023 03:00:00 +02:00,15931.73,10707.45
16.08.2023 04:00:00 +02:00,16176.73,10668.70
16.08.2023 05:00:00 +02:00,16459.34,10823.04
16.08.2023 06:00:00 +02:00,17369.95,11422.69
16.08.2023 07:00:00 +02:00,18655.51,12330.85
16.08.2023 08:00:00 +02:00,19325.81,12659.35
16.08.2023 09:00:00 +02:00,19243.77,12764.88
16.08.2023 10:00:00 +02:00,19241.02,12778.81
16.08.2023 11:00:00 +02:00,18881.60,12785.48
16.08.2023 12:00:00 +02:00,18812.31,12736.57
16.08.2023 13:00:00 +02:00,18273.65,12778.06
16.08.2023 14:00:00 +02:00,17929.32,12827.97
16.08.2023 15:00:00 +02:00,18087.61,12856.82
16.08.2023 16:00:00 +02:00,18847.82,12959.44
16.08.2023 17:00:00 +02:00,18917.49,12871.80
16.08.2023 18:00:00 +02:00,18789.21,12782.99
16.08.2023 19:00:00 +02:00,18720.23,12801.37
16.08.2023 20:00:00 +02:00,18598.65,12800.35
16.08.2023 21:00:00 +02:00,18017.39,12868.64
16.08.2023 22:00:00 +02:00,16833.71,12701.43
16.08.2023 23:00:00 +02:00,16255.09,12118.34
17.08.2023 00:00:00 +02:00,14746.28,11575.36
17.08.2023 01:00:00 +02:00,14651.52,11193.10
17.08.2023 02:00:00 +02:00,14602.70,11080.79
17.08.2023 03:00:00 +02:00,14281.05,11006.76
17.08.2023 04:00:00 +02:00,14020.84,10874.73
17.08.2023 05:00:00 +02:00,14788.51,11000.53
17.08.2023 06:00:00 +02:00,15598.32,11646.39
17.08.2023 07:00:00 +02:00,17539.10,12599.26
17.08.2023 08:00:00 +02:00,18762.39,12932.51
17.08.2023 09:00:00 +02:00,19053.64,12905.94
17.08.2023 10:00:00 +02:00,19224.74,12722.00
17.08.2023 11:00:00 +02:00,18924.63,12789.99
17.08.2023 12:00:00 +02:00,18730.16,12804.78
17.08.2023 13:00:00 +02:00,18672.84,12756.22
17.08.2023 14:00:00 +02:00,18521.93,12739.61
17.08.2023 15:00:00 +02:00,18430.47,12719.16
17.08.2023 16:00:00 +02:00,18873.49,12762.51
17.08.2023 17:00:00 +02:00,19780.67,12720.97
17.08.2023 18:00:00 +02:00,19866.57,12661.76
17.08.2023 19:00:00 +02:00,19588.99,12609.95
17.08.2023 20:00:00 +02:00,19741.55,12596.56
17.08.2023 21:00:00 +02:00,19846.59,12625.32
17.08.2023 22:00:00 +02:00,19432.79,12482.22
17.08.2023 23:00:00 +02:00,18458.27,11998.11
18.08.2023 00:00:00 +02:00,18028.08,11465.88
18.08.2023 01:00:00 +02:00,17636.40,11065.85
18.08.2023 02:00:00 +02:00,17501.76,11033.45
18.08.2023 03:00:00 +02:00,17196.53,10947.91
18.08.2023 04:00:00 +02:00,16694.09,10919.81
18.08.2023 05:00:00 +02:00,16938.11,11016.89
18.08.2023 06:00:00 +02:00,17919.30,11656.76
18.08.2023 07:00:00 +02:00,19152.74,12578.89
18.08.2023 08:00:00 +02:00,19815.27,12933.39
18.08.2023 09:00:00 +02:00,19802.20,12919.44
18.08.2023 10:00:00 +02:00,19545.97,12881.47
18.08.2023 11:00:00 +02:00,19226.06,12819.84
18.08.2023 12:00:00 +02:00,18873.91,12795.50
18.08.2023 13:00:00 +02:00,18293.68,12735.05
18.08.2023 14:00:00 +02:00,17808.06,12617.98
18.08.2023 15:00:00 +02:00,18282.87,12561.80
18.08.2023 16:00:00 +02:00,18627.98,12566.57
18.08.2023 17:00:00 +02:00,18762.04,12461.99
18.08.2023 18:00:00 +02:00,18374.08,12410.41
18.08.2023 19:00:00 +02:00,18048.40,12348.57
18.08.2023 20:00:00 +02:00,17691.66,12273.96
18.08.2023 21:00:00 +02:00,17221.15,12213.05
18.08.2023 22:00:00 +02:00,16201.87,11971.55
18.08.2023 23:00:00 +02:00,15228.10,11522.96
19.08.2023 00:00:00 +02:00,15588.19,11150.81
19.08.2023 01:00:00 +02:00,15022.49,10879.55
19.08.2023 02:00:00 +02:00,14594.78,10675.65
19.08.2023 03:00:00 +02:00,13982.31,10650.38
19.08.2023 04:00:00 +02:00,13478.50,10617.49
19.08.2023 05:00:00 +02:00,13865.68,10620.99
19.08.2023 06:00:00 +02:00,13851.57,10646.35
19.08.2023 07:00:00 +02:00,14289.55,10856.26
19.08.2023 08:00:00 +02:00,15004.58,11229.86
19.08.2023 09:00:00 +02:00,15593.77,11663.37
19.08.2023 10:00:00 +02:00,15727.09,11919.51
19.08.2023 11:00:00 +02:00,15553.10,11970.21
19.08.2023 12:00:00 +02:00,14408.30,12011.76
19.08.2023 13:00:00 +02:00,13202.69,11967.77
19.08.2023 14:00:00 +02:00,13572.09,11903.40
19.08.2023 15:00:00 +02:00,15125.22,11890.58
19.08.2023 16:00:00 +02:00,17182.38,11949.47
19.08.2023 17:00:00 +02:00,18248.13,12062.78
19.08.2023 18:00:00 +02:00,18667.19,12024.94
19.08.2023 19:00:00 +02:00,18254.41,11955.14
19.08.2023 20:00:00 +02:00,17764.02,11749.97
19.08.2023 21:00:00 +02:00,17143.40,11740.00
19.08.2023 22:00:00 +02:00,16542.26,11535.58
19.08.2023 23:00:00 +02:00,16774.20,11262.93
20.08.2023 00:00:00 +02:00,16708.35,10941.15
20.08.2023 01:00:00 +02:00,16349.52,10620.39
20.08.2023 02:00:00 +02:00,16227.51,10502.21
20.08.2023 03:00:00 +02:00,16247.48,10391.78
20.08.2023 04:00:00 +02:00,16149.77,10358.25
20.08.2023 05:00:00 +02:00,16436.33,10327.27
20.08.2023 06:00:00 +02:00,16538.59,10319.04
20.08.2023 07:00:00 +02:00,16665.37,10448.10
20.08.2023 08:00:00 +02:00,17425.21,10798.08
20.08.2023 09:00:00 +02:00,17485.26,11157.96
20.08.2023 10:00:00 +02:00,16471.29,11469.11
20.08.2023 11:00:00 +02:00,15049.06,11582.30
20.08.2023 12:00:00 +02:00,13430.98,11712.26
20.08.2023 13:00:00 +02:00,11607.56,11730.61
20.08.2023 14:00:00 +02:00,11760.18,11609.73
20.08.2023 15:00:00 +02:00,14402.08,11754.79
20.08.2023 16:00:00 +02:00,16881.87,11816.01
20.08.2023 17:00:00 +02:00,18672.79,11914.26
20.08.2023 18:00:00 +02:00,18763.03,12045.79
20.08.2023 19:00:00 +02:00,18803.03,12087.20
20.08.2023 20:00:00 +02:00,18754.64,12117.40
20.08.2023 21:00:00 +02:00,18515.53,12161.62
20.08.2023 22:00:00 +02:00,17939.26,11893.91
20.08.2023 23:00:00 +02:00,17075.55,11398.46
21.08.2023 00:00:00 +02:00,17033.03,10991.05
21.08.2023 01:00:00 +02:00,16803.18,10667.89
21.08.2023 02:00:00 +02:00,16672.34,10534.25
21.08.2023 03:00:00 +02:00,16726.13,10490.25
21.08.2023 04:00:00 +02:00,16734.67,10508.88
21.08.2023 05:00:00 +02:00,17287.15,10734.81
21.08.2023 06:00:00 +02:00,18502.87,11464.65
21.08.2023 07:00:00 +02:00,19786.95,12529.27
21.08.2023 08:00:00 +02:00,20283.41,12861.64
21.08.2023 09:00:00 +02:00,19644.30,12929.48
21.08.2023 10:00:00 +02:00,19009.90,12844.78
21.08.2023 11:00:00 +02:00,18533.74,12734.74
21.08.2023 12:00:00 +02:00,18502.82,12743.70
21.08.2023 13:00:00 +02:00,17857.92,12710.59
21.08.2023 14:00:00 +02:00,18442.36,12788.63
21.08.2023 15:00:00 +02:00,18773.29,12786.40
21.08.2023 16:00:00 +02:00,18909.76,12818.00
21.08.2023 17:00:00 +02:00,19049.53,12660.25
21.08.2023 18:00:00 +02:00,19004.58,12536.50
21.08.2023 19:00:00 +02:00,19166.12,12513.05
21.08.2023 20:00:00 +02:00,19243.21,12565.60
21.08.2023 21:00:00 +02:00,19110.90,12651.07
21.08.2023 22:00:00 +02:00,18379.39,12338.61
21.08.2023 23:00:00 +02:00,17584.70,11758.14
22.08.2023 00:00:00 +02:00,16749.36,11144.15
22.08.2023 01:00:00 +02:00,16181.47,10918.33
22.08.2023 02:00:00 +02:00,15999.70,10751.35
22.08.2023 03:00:00 +02:00,16047.13,10701.20
22.08.2023 04:00:00 +02:00,16105.71,10727.31
22.08.2023 05:00:00 +02:00,16523.31,10850.10
22.08.2023 06:00:00 +02:00,17625.63,11601.52
22.08.2023 07:00:00 +02:00,18454.91,12590.89
22.08.2023 08:00:00 +02:00,18791.26,12755.96
22.08.2023 09:00:00 +02:00,18864.71,12723.69
22.08.2023 10:00:00 +02:00,18738.41,12771.16
22.08.2023 11:00:00 +02:00,18364.06,12643.65
22.08.2023 12:00:00 +02:00,18472.55,12608.79
22.08.2023 13:00:00 +02:00,18416.00,12604.36
22.08.2023 14:00:00 +02:00,18349.41,12544.34
22.08.2023 15:00:00 +02:00,18644.82,12638.59
22.08.2023 16:00:00 +02:00,18819.78,12749.68
22.08.2023 17:00:00 +02:00,18919.68,12722.48
22.08.2023 18:00:00 +02:00,19187.30,12644.63
22.08.2023 19:00:00 +02:00,19417.12,12614.06
22.08.2023 20:00:00 +02:00,19355.83,12608.75
22.08.2023 21:00:00 +02:00,19362.05,12713.63
22.08.2023 22:00:00 +02:00,18558.69,12375.70
22.08.2023 23:00:00 +02:00,17580.43,11738.84
23.08.2023 00:00:00 +02:00,17480.63,11148.55
23.08.2023 01:00:00 +02:00,17212.72,10877.07
23.08.2023 02:00:00 +02:00,17441.23,10782.61
23.08.2023 03:00:00 +02:00,17541.04,10685.00
23.08.2023 04:00:00 +02:00,17505.05,10681.93
23.08.2023 05:00:00 +02:00,17625.09,10881.95
23.08.2023 06:00:00 +02:00,18255.34,11533.92
23.08.2023 07:00:00 +02:00,18646.62,12533.89
23.08.2023 08:00:00 +02:00,18982.91,12789.29
23.08.2023 09:00:00 +02:00,18776.68,12775.76
23.08.2023 10:00:00 +02:00,18738.27,12785.61
23.08.2023 11:00:00 +02:00,18549.17,12645.08
23.08.2023 12:00:00 +02:00,18154.40,12694.57
23.08.2023 13:00:00 +02:00,18214.47,12743.43
23.08.2023 14:00:00 +02:00,18365.90,12807.77
23.08.2023 15:00:00 +02:00,18689.96,12828.20
23.08.2023 16:00:00 +02:00,19197.43,12886.06
23.08.2023 17:00:00 +02:00,19096.22,12767.94
23.08.2023 18:00:00 +02:00,19048.33,12618.66
23.08.2023 19:00:00 +02:00,19334.45,12564.00
23.08.2023 20:00:00 +02:00,19653.11,12659.52
23.08.2023 21:00:00 +02:00,19732.11,12723.84
23.08.2023 22:00:00 +02:00,19294.78,12451.95
23.08.2023 23:00:00 +02:00,18757.67,11911.73
24.08.2023 00:00:00 +02:00,18641.86,11312.17
24.08.2023 01:00:00 +02:00,18200.42,11019.58
24.08.2023 02:00:00 +02:00,17966.14,10912.72
24.08.2023 03:00:00 +02:00,17970.93,10749.90
24.08.2023 04:00:00 +02:00,17949.14,10696.61
24.08.2023 05:00:00 +02:00,18079.33,10892.23
24.08.2023 06:00:00 +02:00,19002.80,11631.11
24.08.2023 07:00:00 +02:00,20054.78,12659.52
24.08.2023 08:00:00 +02:00,20025.93,12858.67
24.08.2023 09:00:00 +02:00,19566.03,12854.43
24.08.2023 10:00:00 +02:00,19527.91,12602.37
24.08.2023 11:00:00 +02:00,19279.50,12682.75
24.08.2023 12:00:00 +02:00,19112.38,12625.79
24.08.2023 13:00:00 +02:00,19136.64,12591.59
24.08.2023 14:00:00 +02:00,19226.04,12686.63
24.08.2023 15:00:00 +02:00,19664.79,12751.63
24.08.2023 16:00:00 +02:00,20000.99,12842.20
24.08.2023 17:00:00 +02:00,20143.70,12763.54
24.08.2023 18:00:00 +02:00,19908.39,12670.23
24.08.2023 19:00:00 +02:00,19808.60,12613.86
24.08.2023 20:00:00 +02:00,19797.71,12675.81
24.08.2023 21:00:00 +02:00,19853.05,12644.55
24.08.2023 22:00:00 +02:00,19599.04,12340.74
24.08.2023 23:00:00 +02:00,18947.21,11731.10
25.08.2023 00:00:00 +02:00,18522.54,11260.89
25.08.2023 01:00:00 +02:00,18531.00,10827.62
25.08.2023 02:00:00 +02:00,17995.90,10740.43
25.08.2023 03:00:00 +02:00,17405.55,10691.82
25.08.2023 04:00:00 +02:00,16854.34,10671.04
25.08.2023 05:00:00 +02:00,17535.02,10881.52
25.08.2023 06:00:00 +02:00,18796.18,11553.35
25.08.2023 07:00:00 +02:00,19925.51,12564.83
25.08.2023 08:00:00 +02:00,20230.56,12950.11
25.08.2023 09:00:00 +02:00,20327.24,12955.69
25.08.2023 10:00:00 +02:00,20286.50,12959.74
25.08.2023 11:00:00 +02:00,20382.25,12877.07
25.08.2023 12:00:00 +02:00,20396.27,12914.10
25.08.2023 13:00:00 +02:00,19915.27,12826.85
25.08.2023 14:00:00 +02:00,20048.51,12769.06
25.08.2023 15:00:00 +02:00,19905.02,12725.12
25.08.2023 16:00:00 +02:00,19936.59,12761.37
25.08.2023 17:00:00 +02:00,19916.60,12731.70
25.08.2023 18:00:00 +02:00,19858.07,12707.35
25.08.2023 19:00:00 +02:00,19536.37,12558.38
25.08.2023 20:00:00 +02:00,19550.63,12386.76
25.08.2023 21:00:00 +02:00,19543.81,12267.90
25.08.2023 22:00:00 +02:00,19487.28,12005.73
25.08.2023 23:00:00 +02:00,19072.14,11660.19
26.08.2023 00:00:00 +02:00,18355.33,11241.30
26.08.2023 01:00:00 +02:00,18189.11,10937.98
26.08.2023 02:00:00 +02:00,17846.78,10739.90
26.08.2023 03:00:00 +02:00,17944.47,10633.05
26.08.2023 04:00:00 +02:00,18051.22,10552.55
26.08.2023 05:00:00 +02:00,17675.16,10486.63
26.08.2023 06:00:00 +02:00,17581.98,10461.54
26.08.2023 07:00:00 +02:00,18378.14,10768.49
26.08.2023 08:00:00 +02:00,18892.94,11246.12
26.08.2023 09:00:00 +02:00,19241.55,11694.64
26.08.2023 10:00:00 +02:00,18819.81,11957.34
26.08.2023 11:00:00 +02:00,17489.87,11932.38
26.08.2023 12:00:00 +02:00,15545.00,11876.13
26.08.2023 13:00:00 +02:00,14483.41,11871.77
26.08.2023 14:00:00 +02:00,15387.09,11809.59
26.08.2023 15:00:00 +02:00,17400.95,11776.09
26.08.2023 16:00:00 +02:00,18515.38,11816.63
26.08.2023 17:00:00 +02:00,18823.42,11977.18
26.08.2023 18:00:00 +02:00,18734.56,11971.37
26.08.2023 19:00:00 +02:00,18389.35,11941.40
26.08.2023 20:00:00 +02:00,18068.18,11781.30
26.08.2023 21:00:00 +02:00,17614.02,11741.54
26.08.2023 22:00:00 +02:00,16824.39,11486.20
26.08.2023 23:00:00 +02:00,16722.31,11198.69
27.08.2023 00:00:00 +02:00,16508.56,10884.96
27.08.2023 01:00:00 +02:00,16194.82,10657.64
27.08.2023 02:00:00 +02:00,16072.88,10470.93
27.08.2023 03:00:00 +02:00,16079.98,10417.31
27.08.2023 04:00:00 +02:00,16021.22,10372.35
27.08.2023 05:00:00 +02:00,15879.77,10361.24
27.08.2023 06:00:00 +02:00,15751.29,10365.71
27.08.2023 07:00:00 +02:00,16165.41,10522.25
27.08.2023 08:00:00 +02:00,16789.29,10851.19
27.08.2023 09:00:00 +02:00,17015.39,11198.33
27.08.2023 10:00:00 +02:00,16885.42,11420.44
27.08.2023 11:00:00 +02:00,16853.22,11509.16
27.08.2023 12:00:00 +02:00,16368.11,11554.22
27.08.2023 13:00:00 +02:00,15899.78,11561.48
27.08.2023 14:00:00 +02:00,16178.88,11576.40
27.08.2023 15:00:00 +02:00,16823.34,11662.31
27.08.2023 16:00:00 +02:00,18255.91,11655.79
27.08.2023 17:00:00 +02:00,18896.17,11753.61
27.08.2023 18:00:00 +02:00,18891.21,11928.37
27.08.2023 19:00:00 +02:00,19051.78,12067.66
27.08.2023 20:00:00 +02:00,19031.21,12168.54
27.08.2023 21:00:00 +02:00,18998.65,12255.47
27.08.2023 22:00:00 +02:00,19016.98,11938.43
27.08.2023 23:00:00 +02:00,18456.55,11483.58
28.08.2023 00:00:00 +02:00,18120.97,11002.58
28.08.2023 01:00:00 +02:00,18190.96,10784.46
28.08.2023 02:00:00 +02:00,18033.40,10607.07
28.08.2023 03:00:00 +02:00,17797.86,10563.78
28.08.2023 04:00:00 +02:00,17627.92,10530.40
28.08.2023 05:00:00 +02:00,18028.63,10779.25
28.08.2023 06:00:00 +02:00,18664.52,11449.54
28.08.2023 07:00:00 +02:00,19132.24,12486.56
28.08.2023 08:00:00 +02:00,19608.97,12871.19
28.08.2023 09:00:00 +02:00,19670.93,12941.23
28.08.2023 10:00:00 +02:00,18799.15,12858.84
28.08.2023 11:00:00 +02:00,18119.37,12721.87
28.08.2023 12:00:00 +02:00,18300.55,12662.23
28.08.2023 13:00:00 +02:00,18311.43,12539.66
28.08.2023 14:00:00 +02:00,18698.68,12576.44
28.08.2023 15:00:00 +02:00,18687.53,12595.29
28.08.2023 16:00:00 +02:00,18673.79,12704.52
28.08.2023 17:00:00 +02:00,18208.64,12605.10
28.08.2023 18:00:00 +02:00,18050.73,12518.36
28.08.2023 19:00:00 +02:00,18362.32,12482.70
28.08.2023 20:00:00 +02:00,18438.65,12548.09
28.08.2023 21:00:00 +02:00,18256.25,12612.91
28.08.2023 22:00:00 +02:00,17654.30,12151.28
28.08.2023 23:00:00 +02:00,16921.92,11627.10
29.08.2023 00:00:00 +02:00,16502.23,11156.75
29.08.2023 01:00:00 +02:00,16368.35,10849.58
29.08.2023 02:00:00 +02:00,16359.78,10773.98
29.08.2023 03:00:00 +02:00,16570.57,10683.74
29.08.2023 04:00:00 +02:00,17262.42,10639.31
29.08.2023 05:00:00 +02:00,17720.90,10953.64
29.08.2023 06:00:00 +02:00,18330.98,11695.24
29.08.2023 07:00:00 +02:00,18833.48,12717.09
29.08.2023 08:00:00 +02:00,19022.30,12896.24
29.08.2023 09:00:00 +02:00,18900.54,12845.11
29.08.2023 10:00:00 +02:00,18905.31,12645.27
29.08.2023 11:00:00 +02:00,18852.23,12645.19
29.08.2023 12:00:00 +02:00,18741.59,12599.00
29.08.2023 13:00:00 +02:00,18316.77,12518.75
29.08.2023 14:00:00 +02:00,18167.41,12430.76
29.08.2023 15:00:00 +02:00,19104.58,12404.47
29.08.2023 16:00:00 +02:00,19393.83,12512.52
29.08.2023 17:00:00 +02:00,18945.22,12429.56
29.08.2023 18:00:00 +02:00,19136.85,12365.76
29.08.2023 19:00:00 +02:00,19244.75,12319.50
29.08.2023 20:00:00 +02:00,19532.02,12474.95
29.08.2023 21:00:00 +02:00,19465.23,12523.30
29.08.2023 22:00:00 +02:00,19435.38,12157.43
29.08.2023 23:00:00 +02:00,18999.62,11570.45
30.08.2023 00:00:00 +02:00,18155.06,10962.57
30.08.2023 01:00:00 +02:00,18180.08,10626.10
30.08.2023 02:00:00 +02:00,18120.22,10670.07
30.08.2023 03:00:00 +02:00,17726.84,10557.59
30.08.2023 04:00:00 +02:00,17403.47,10550.07
30.08.2023 05:00:00 +02:00,17454.16,10757.71
30.08.2023 06:00:00 +02:00,18508.94,11461.49
30.08.2023 07:00:00 +02:00,19311.58,12486.67
30.08.2023 08:00:00 +02:00,19326.25,12787.29
30.08.2023 09:00:00 +02:00,19401.36,12741.48
30.08.2023 10:00:00 +02:00,19400.91,12600.44
30.08.2023 11:00:00 +02:00,19457.25,12427.32
30.08.2023 12:00:00 +02:00,19268.70,12411.93
30.08.2023 13:00:00 +02:00,19384.69,12315.70
30.08.2023 14:00:00 +02:00,19439.83,12248.97
30.08.2023 15:00:00 +02:00,19254.64,12412.96
30.08.2023 16:00:00 +02:00,19155.71,12501.06
30.08.2023 17:00:00 +02:00,19282.97,12433.06
30.08.2023 18:00:00 +02:00,19452.60,12337.16
30.08.2023 19:00:00 +02:00,19696.01,12319.00
30.08.2023 20:00:00 +02:00,19489.37,12445.11
30.08.2023 21:00:00 +02:00,19411.41,12408.92
30.08.2023 22:00:00 +02:00,19368.86,12086.69
30.08.2023 23:00:00 +02:00,19160.40,11477.99
31.08.2023 00:00:00 +02:00,18176.34,10850.52
31.08.2023 01:00:00 +02:00,17913.46,10616.44
31.08.2023 02:00:00 +02:00,17632.22,10663.22
31.08.2023 03:00:00 +02:00,17183.05,10611.92
31.08.2023 04:00:00 +02:00,17151.82,10656.59
31.08.2023 05:00:00 +02:00,17589.18,10878.97
31.08.2023 06:00:00 +02:00,18457.73,11555.06
31.08.2023 07:00:00 +02:00,18793.99,12464.90
31.08.2023 08:00:00 +02:00,18881.56,12735.14
31.08.2023 09:00:00 +02:00,18846.56,12655.74
31.08.2023 10:00:00 +02:00,18611.09,12384.46
31.08.2023 11:00:00 +02:00,17908.01,12479.00
31.08.2023 12:00:00 +02:00,17470.26,12422.06
31.08.2023 13:00:00 +02:00,16802.51,12345.66
31.08.2023 14:00:00 +02:00,16723.13,12334.61
31.08.2023 15:00:00 +02:00,16869.59,12373.16
31.08.2023 16:00:00 +02:00,17150.27,12443.28
31.08.2023 17:00:00 +02:00,18083.83,12354.28
31.08.2023 18:00:00 +02:00,18538.69,12349.84
31.08.2023 19:00:00 +02:00,18746.24,12284.39
31.08.2023 20:00:00 +02:00,18809.44,12472.77
31.08.2023 21:00:00 +02:00,18482.86,12647.70
31.08.2023 22:00:00 +02:00,17825.49,12270.10
31.08.2023 23:00:00 +02:00,17289.58,11670.07
01.09.2023 00:00:00 +02:00,17199.68,11181.52
01.09.2023 01:00:00 +02:00,17182.90,10847.29
01.09.2023 02:00:00 +02:00,16813.29,10663.75
01.09.2023 03:00:00 +02:00,16546.50,10565.03
01.09.2023 04:00:00 +02:00,16785.69,10657.97
01.09.2023 05:00:00 +02:00,16964.87,10911.80
01.09.2023 06:00:00 +02:00,17708.86,11598.22
01.09.2023 07:00:00 +02:00,19081.64,12590.85
01.09.2023 08:00:00 +02:00,19133.46,12676.94
01.09.2023 09:00:00 +02:00,19227.90,12575.19
01.09.2023 10:00:00 +02:00,19176.27,12481.65
01.09.2023 11:00:00 +02:00,19191.06,12432.52
01.09.2023 12:00:00 +02:00,19149.65,12497.52
01.09.2023 13:00:00 +02:00,19075.32,12342.28
01.09.2023 14:00:00 +02:00,18700.81,12321.78
01.09.2023 15:00:00 +02:00,18633.24,12286.97
01.09.2023 16:00:00 +02:00,18721.94,12283.80
01.09.2023 17:00:00 +02:00,19080.24,12234.48
01.09.2023 18:00:00 +02:00,19236.70,12229.65
01.09.2023 19:00:00 +02:00,19237.85,12201.47
01.09.2023 20:00:00 +02:00,19191.72,12210.26
01.09.2023 21:00:00 +02:00,18864.50,12109.59
01.09.2023 22:00:00 +02:00,18194.77,11772.57
01.09.2023 23:00:00 +02:00,17433.56,11288.42
02.09.2023 00:00:00 +02:00,17112.39,10964.68
02.09.2023 01:00:00 +02:00,16715.69,10687.55
02.09.2023 02:00:00 +02:00,16469.29,10494.37
02.09.2023 03:00:00 +02:00,16411.06,10458.99
02.09.2023 04:00:00 +02:00,16267.57,10478.67
02.09.2023 05:00:00 +02:00,16006.80,10537.77
02.09.2023 06:00:00 +02:00,16203.34,10608.22
02.09.2023 07:00:00 +02:00,16876.75,10871.89
02.09.2023 08:00:00 +02:00,17190.27,11307.22
02.09.2023 09:00:00 +02:00,17648.27,11637.05
02.09.2023 10:00:00 +02:00,17451.78,11810.70
02.09.2023 11:00:00 +02:00,16868.50,11775.38
02.09.2023 12:00:00 +02:00,16149.01,11649.48
02.09.2023 13:00:00 +02:00,14845.69,11557.78
02.09.2023 14:00:00 +02:00,14577.16,11521.99
02.09.2023 15:00:00 +02:00,15241.05,11505.42
02.09.2023 16:00:00 +02:00,16605.61,11575.29
02.09.2023 17:00:00 +02:00,17026.18,11721.38
02.09.2023 18:00:00 +02:00,18094.15,11810.39
02.09.2023 19:00:00 +02:00,18350.26,11762.03
02.09.2023 20:00:00 +02:00,18128.21,11782.21
02.09.2023 21:00:00 +02:00,17577.58,11685.35
02.09.2023 22:00:00 +02:00,17215.61,11429.15
02.09.2023 23:00:00 +02:00,16748.42,11124.85
03.09.2023 00:00:00 +02:00,16252.56,10796.57
03.09.2023 01:00:00 +02:00,16007.52,10551.50
03.09.2023 02:00:00 +02:00,16389.94,10359.59
03.09.2023 03:00:00 +02:00,16497.22,10284.88
03.09.2023 04:00:00 +02:00,16173.05,10257.21
03.09.2023 05:00:00 +02:00,16009.64,10244.42
03.09.2023 06:00:00 +02:00,16094.98,10259.48
03.09.2023 07:00:00 +02:00,16857.48,10454.22
03.09.2023 08:00:00 +02:00,17468.21,10789.71
03.09.2023 09:00:00 +02:00,16713.83,11187.18
03.09.2023 10:00:00 +02:00,15364.16,11494.69
03.09.2023 11:00:00 +02:00,14348.66,11619.99
03.09.2023 12:00:00 +02:00,13603.74,11722.02
03.09.2023 13:00:00 +02:00,11875.42,11687.85
03.09.2023 14:00:00 +02:00,11779.00,11715.78
03.09.2023 15:00:00 +02:00,13199.79,11834.17
03.09.2023 16:00:00 +02:00,15963.22,11964.44
03.09.2023 17:00:00 +02:00,17042.76,12013.87
03.09.2023 18:00:00 +02:00,18317.13,12026.08
03.09.2023 19:00:00 +02:00,18468.70,12094.89
03.09.2023 20:00:00 +02:00,18495.60,12166.53
03.09.2023 21:00:00 +02:00,18016.11,12111.18
03.09.2023 22:00:00 +02:00,17241.34,11721.89
03.09.2023 23:00:00 +02:00,16509.64,11175.33
04.09.2023 00:00:00 +02:00,16113.54,10775.47
04.09.2023 01:00:00 +02:00,15950.91,10563.56
04.09.2023 02:00:00 +02:00,15839.76,10421.38
04.09.2023 03:00:00 +02:00,15460.67,10412.04
04.09.2023 04:00:00 +02:00,15544.79,10476.31
04.09.2023 05:00:00 +02:00,15563.52,10781.30
04.09.2023 06:00:00 +02:00,15557.19,11519.27
04.09.2023 07:00:00 +02:00,17231.52,12427.83
04.09.2023 08:00:00 +02:00,18105.04,12718.84
04.09.2023 09:00:00 +02:00,18192.28,12755.73
04.09.2023 10:00:00 +02:00,17531.57,12592.83
04.09.2023 11:00:00 +02:00,17132.72,12396.54
04.09.2023 12:00:00 +02:00,16446.65,12333.47
04.09.2023 13:00:00 +02:00,15653.84,12275.92
04.09.2023 14:00:00 +02:00,15667.13,12347.92
04.09.2023 15:00:00 +02:00,16593.95,12422.98
04.09.2023 16:00:00 +02:00,16555.42,12506.11
04.09.2023 17:00:00 +02:00,16216.66,12423.22
04.09.2023 18:00:00 +02:00,16204.27,12327.08
04.09.2023 19:00:00 +02:00,15829.13,12398.69
04.09.2023 20:00:00 +02:00,15559.93,12513.81
04.09.2023 21:00:00 +02:00,15111.36,12452.76
04.09.2023 22:00:00 +02:00,14907.02,12007.13
04.09.2023 23:00:00 +02:00,14429.42,11416.15
05.09.2023 00:00:00 +02:00,13882.57,10892.64
05.09.2023 01:00:00 +02:00,13816.47,10569.01
05.09.2023 02:00:00 +02:00,13769.36,10434.11
05.09.2023 03:00:00 +02:00,13441.90,10367.10
05.09.2023 04:00:00 +02:00,13680.60,10373.78
05.09.2023 05:00:00 +02:00,14515.76,10599.30
05.09.2023 06:00:00 +02:00,15839.34,11442.80
05.09.2023 07:00:00 +02:00,17132.14,12381.10
05.09.2023 08:00:00 +02:00,17784.01,12673.82
05.09.2023 09:00:00 +02:00,17781.15,12659.80
05.09.2023 10:00:00 +02:00,16706.88,12173.89
05.09.2023 11:00:00 +02:00,15456.21,12501.39
05.09.2023 12:00:00 +02:00,14906.40,12543.85
05.09.2023 13:00:00 +02:00,14772.81,12538.95
05.09.2023 14:00:00 +02:00,15258.68,12639.63
05.09.2023 15:00:00 +02:00,15982.24,12681.36
05.09.2023 16:00:00 +02:00,16660.46,12738.95
05.09.2023 17:00:00 +02:00,17709.20,12639.99
05.09.2023 18:00:00 +02:00,17585.24,12538.80
05.09.2023 19:00:00 +02:00,17264.88,12528.84
05.09.2023 20:00:00 +02:00,16955.95,12728.85
05.09.2023 21:00:00 +02:00,16445.05,12640.43
05.09.2023 22:00:00 +02:00,15269.54,12247.45
05.09.2023 23:00:00 +02:00,14546.85,11641.35
06.09.2023 00:00:00 +02:00,14415.98,11142.16
06.09.2023 01:00:00 +02:00,13358.58,10806.09
06.09.2023 02:00:00 +02:00,12738.56,10704.67
06.09.2023 03:00:00 +02:00,12722.37,10617.34
06.09.2023 04:00:00 +02:00,12685.60,10525.08
06.09.2023 05:00:00 +02:00,12927.09,10734.02
06.09.2023 06:00:00 +02:00,14444.32,11681.41
06.09.2023 07:00:00 +02:00,16374.95,12655.97
06.09.2023 08:00:00 +02:00,17537.58,12868.69
06.09.2023 09:00:00 +02:00,17562.63,12799.59
06.09.2023 10:00:00 +02:00,17395.56,12645.88
06.09.2023 11:00:00 +02:00,16779.15,12505.75
06.09.2023 12:00:00 +02:00,16780.95,12402.31
06.09.2023 13:00:00 +02:00,17040.63,12364.53
06.09.2023 14:00:00 +02:00,17020.21,12357.80
06.09.2023 15:00:00 +02:00,17014.91,12436.34
06.09.2023 16:00:00 +02:00,17145.37,12462.54
06.09.2023 17:00:00 +02:00,17852.61,12312.49
06.09.2023 18:00:00 +02:00,18226.99,12219.67
06.09.2023 19:00:00 +02:00,17694.57,12356.40
06.09.2023 20:00:00 +02:00,17576.59,12621.19
06.09.2023 21:00:00 +02:00,17313.67,12585.25
06.09.2023 22:00:00 +02:00,16961.73,12192.74
06.09.2023 23:00:00 +02:00,16034.50,11604.33
07.09.2023 00:00:00 +02:00,15585.59,11011.26
07.09.2023 01:00:00 +02:00,15400.13,10636.52
07.09.2023 02:00:00 +02:00,15334.62,10535.45
07.09.2023 03:00:00 +02:00,15508.97,10472.76
07.09.2023 04:00:00 +02:00,15693.65,10468.49
07.09.2023 05:00:00 +02:00,16313.81,10686.29
07.09.2023 06:00:00 +02:00,17230.40,11413.77
07.09.2023 07:00:00 +02:00,17589.88,12382.28
07.09.2023 08:00:00 +02:00,17858.99,12671.11
07.09.2023 09:00:00 +02:00,18115.99,12609.06
07.09.2023 10:00:00 +02:00,17528.83,12070.48
07.09.2023 11:00:00 +02:00,17540.27,12399.40
07.09.2023 12:00:00 +02:00,16449.63,12300.41
07.09.2023 13:00:00 +02:00,15311.13,12159.35
07.09.2023 14:00:00 +02:00,15428.10,12151.04
07.09.2023 15:00:00 +02:00,16863.83,12288.86
07.09.2023 16:00:00 +02:00,17713.25,12446.65
07.09.2023 17:00:00 +02:00,17960.33,12207.91
07.09.2023 18:00:00 +02:00,17874.58,12184.14
07.09.2023 19:00:00 +02:00,17951.51,12144.85
07.09.2023 20:00:00 +02:00,17628.72,12333.73
07.09.2023 21:00:00 +02:00,17179.97,12204.62
07.09.2023 22:00:00 +02:00,17118.81,11774.78
07.09.2023 23:00:00 +02:00,16162.77,11180.87
08.09.2023 00:00:00 +02:00,15619.29,10635.54
08.09.2023 01:00:00 +02:00,15581.87,10322.36
08.09.2023 02:00:00 +02:00,15441.97,10182.69
08.09.2023 03:00:00 +02:00,15337.73,10083.16
08.09.2023 04:00:00 +02:00,15435.69,10024.43
08.09.2023 05:00:00 +02:00,15761.87,10164.43
08.09.2023 06:00:00 +02:00,16766.07,10922.15
08.09.2023 07:00:00 +02:00,17627.58,11899.20
08.09.2023 08:00:00 +02:00,18147.45,12279.15
08.09.2023 09:00:00 +02:00,18129.06,12321.90
08.09.2023 10:00:00 +02:00,17927.74,12262.54
08.09.2023 11:00:00 +02:00,17887.10,12188.13
08.09.2023 12:00:00 +02:00,17759.45,12152.97
08.09.2023 13:00:00 +02:00,17076.75,12043.55
08.09.2023 14:00:00 +02:00,17186.86,11973.31
08.09.2023 15:00:00 +02:00,17544.76,11955.91
08.09.2023 16:00:00 +02:00,17759.56,11963.72
08.09.2023 17:00:00 +02:00,17999.67,11880.55
08.09.2023 18:00:00 +02:00,17744.98,11880.70
08.09.2023 19:00:00 +02:00,17579.59,11814.19
08.09.2023 20:00:00 +02:00,17560.84,11752.34
08.09.2023 21:00:00 +02:00,17416.23,11474.82
08.09.2023 22:00:00 +02:00,17027.76,11140.18
08.09.2023 23:00:00 +02:00,16180.90,10732.06
09.09.2023 00:00:00 +02:00,15754.35,10370.74
09.09.2023 01:00:00 +02:00,15312.73,10054.09
09.09.2023 02:00:00 +02:00,14864.75,9836.74
09.09.2023 03:00:00 +02:00,14545.71,9704.48
09.09.2023 04:00:00 +02:00,14233.41,9700.23
09.09.2023 05:00:00 +02:00,14062.73,9748.72
09.09.2023 06:00:00 +02:00,13910.11,9826.51
09.09.2023 07:00:00 +02:00,14293.34,10032.75
09.09.2023 08:00:00 +02:00,15555.55,10512.68
09.09.2023 09:00:00 +02:00,16487.85,10975.21
09.09.2023 10:00:00 +02:00,15838.13,11234.14
09.09.2023 11:00:00 +02:00,14727.18,11254.78
09.09.2023 12:00:00 +02:00,13440.22,11226.79
09.09.2023 13:00:00 +02:00,11892.27,11113.45
09.09.2023 14:00:00 +02:00,12228.20,10994.48
09.09.2023 15:00:00 +02:00,13230.39,10996.22
09.09.2023 16:00:00 +02:00,14776.63,11051.36
09.09.2023 17:00:00 +02:00,16283.28,11186.18
09.09.2023 18:00:00 +02:00,16186.88,11234.92
09.09.2023 19:00:00 +02:00,15359.35,11282.59
09.09.2023 20:00:00 +02:00,15107.01,11283.93
09.09.2023 21:00:00 +02:00,14519.90,11050.46
09.09.2023 22:00:00 +02:00,14312.88,10803.07
09.09.2023 23:00:00 +02:00,13927.01,10493.19
10.09.2023 00:00:00 +02:00,13513.82,10200.79
10.09.2023 01:00:00 +02:00,13520.40,9939.36
10.09.2023 02:00:00 +02:00,13857.76,9764.28
10.09.2023 03:00:00 +02:00,13800.46,9684.06
10.09.2023 04:00:00 +02:00,13715.02,9626.70
10.09.2023 05:00:00 +02:00,14048.26,9635.59
10.09.2023 06:00:00 +02:00,14045.79,9652.44
10.09.2023 07:00:00 +02:00,14050.93,9764.96
10.09.2023 08:00:00 +02:00,13976.20,10085.43
10.09.2023 09:00:00 +02:00,14194.16,10522.79
10.09.2023 10:00:00 +02:00,13594.23,10736.41
10.09.2023 11:00:00 +02:00,12973.56,10889.01
10.09.2023 12:00:00 +02:00,12296.70,10985.86
10.09.2023 13:00:00 +02:00,10792.40,11006.22
10.09.2023 14:00:00 +02:00,11555.70,10995.07
10.09.2023 15:00:00 +02:00,13543.12,11098.70
10.09.2023 16:00:00 +02:00,14669.22,11227.18
10.09.2023 17:00:00 +02:00,16065.36,11364.19
10.09.2023 18:00:00 +02:00,17085.14,11539.90
10.09.2023 19:00:00 +02:00,17430.11,11691.15
10.09.2023 20:00:00 +02:00,17457.28,11909.53
10.09.2023 21:00:00 +02:00,17527.12,11745.35
10.09.2023 22:00:00 +02:00,17495.45,11380.85
10.09.2023 23:00:00 +02:00,16996.30,10877.90
11.09.2023 00:00:00 +02:00,16569.56,10474.56
11.09.2023 01:00:00 +02:00,16221.92,10193.92
11.09.2023 02:00:00 +02:00,16046.73,10016.57
11.09.2023 03:00:00 +02:00,16050.80,9982.68
11.09.2023 04:00:00 +02:00,15702.15,9989.16
11.09.2023 05:00:00 +02:00,15640.92,10223.14
11.09.2023 06:00:00 +02:00,16377.50,10971.65
11.09.2023 07:00:00 +02:00,17233.99,11988.54
11.09.2023 08:00:00 +02:00,17503.74,12417.83
11.09.2023 09:00:00 +02:00,18040.74,12538.91
11.09.2023 10:00:00 +02:00,18115.86,12510.87
11.09.2023 11:00:00 +02:00,18196.89,12559.93
11.09.2023 12:00:00 +02:00,18053.69,12618.78
11.09.2023 13:00:00 +02:00,17658.92,12633.16
11.09.2023 14:00:00 +02:00,17536.57,12667.48
11.09.2023 15:00:00 +02:00,17381.01,12715.62
11.09.2023 16:00:00 +02:00,17542.17,12787.92
11.09.2023 17:00:00 +02:00,17903.06,12705.28
11.09.2023 18:00:00 +02:00,17486.12,12598.49
11.09.2023 19:00:00 +02:00,17513.97,12635.25
11.09.2023 20:00:00 +02:00,16809.46,12677.79
11.09.2023 21:00:00 +02:00,16419.24,12408.69
11.09.2023 22:00:00 +02:00,16146.36,11909.91
11.09.2023 23:00:00 +02:00,15549.71,11326.18
12.09.2023 00:00:00 +02:00,15145.08,10780.83
12.09.2023 01:00:00 +02:00,14925.05,10420.62
12.09.2023 02:00:00 +02:00,14744.38,10281.53
12.09.2023 03:00:00 +02:00,14859.80,10240.87
12.09.2023 04:00:00 +02:00,14776.78,10275.19
12.09.2023 05:00:00 +02:00,15087.94,10483.83
12.09.2023 06:00:00 +02:00,16503.70,11287.60
12.09.2023 07:00:00 +02:00,17916.37,12250.09
12.09.2023 08:00:00 +02:00,18417.64,12574.10
12.09.2023 09:00:00 +02:00,18531.36,12483.40
12.09.2023 10:00:00 +02:00,18696.46,12402.55
12.09.2023 11:00:00 +02:00,18625.03,12288.66
12.09.2023 12:00:00 +02:00,18413.91,12189.01
12.09.2023 13:00:00 +02:00,18581.55,12183.55
12.09.2023 14:00:00 +02:00,18387.00,12184.25
12.09.2023 15:00:00 +02:00,18686.79,12282.46
12.09.2023 16:00:00 +02:00,18963.24,12421.29
12.09.2023 17:00:00 +02:00,18759.83,12394.65
12.09.2023 18:00:00 +02:00,18483.73,12322.30
12.09.2023 19:00:00 +02:00,18672.96,12353.52
12.09.2023 20:00:00 +02:00,18770.19,12647.48
12.09.2023 21:00:00 +02:00,18330.43,12481.41
12.09.2023 22:00:00 +02:00,17927.69,12152.81
12.09.2023 23:00:00 +02:00,17058.69,11524.66
13.09.2023 00:00:00 +02:00,16450.99,11026.80
13.09.2023 01:00:00 +02:00,16014.11,10728.67
13.09.2023 02:00:00 +02:00,15937.16,10672.19
13.09.2023 03:00:00 +02:00,15702.18,10643.36
13.09.2023 04:00:00 +02:00,15673.30,10666.94
13.09.2023 05:00:00 +02:00,16018.10,10965.23
13.09.2023 06:00:00 +02:00,16874.41,11921.71
13.09.2023 07:00:00 +02:00,17618.21,12887.70
13.09.2023 08:00:00 +02:00,18443.88,13134.63
13.09.2023 09:00:00 +02:00,19136.08,12997.81
13.09.2023 10:00:00 +02:00,18279.00,12830.72
13.09.2023 11:00:00 +02:00,17909.28,12600.94
13.09.2023 12:00:00 +02:00,17636.67,12532.10
13.09.2023 13:00:00 +02:00,17463.02,12505.33
13.09.2023 14:00:00 +02:00,17248.26,12466.16
13.09.2023 15:00:00 +02:00,17239.07,12478.26
13.09.2023 16:00:00 +02:00,17280.69,12595.42
13.09.2023 17:00:00 +02:00,17133.28,12533.28
13.09.2023 18:00:00 +02:00,16965.79,12535.65
13.09.2023 19:00:00 +02:00,17219.63,12693.98
13.09.2023 20:00:00 +02:00,17103.26,12980.27
13.09.2023 21:00:00 +02:00,16770.90,12881.29
13.09.2023 22:00:00 +02:00,16051.22,12513.16
13.09.2023 23:00:00 +02:00,15549.68,11809.63
14.09.2023 00:00:00 +02:00,15317.71,11435.16
14.09.2023 01:00:00 +02:00,15208.37,11185.63
14.09.2023 02:00:00 +02:00,15134.82,11173.10
14.09.2023 03:00:00 +02:00,14919.95,11206.57
14.09.2023 04:00:00 +02:00,14613.72,11215.90
14.09.2023 05:00:00 +02:00,15567.78,11432.20
14.09.2023 06:00:00 +02:00,16972.06,12364.96
14.09.2023 07:00:00 +02:00,18275.86,13391.19
14.09.2023 08:00:00 +02:00,19467.30,13702.80
14.09.2023 09:00:00 +02:00,19179.59,13572.53
14.09.2023 10:00:00 +02:00,18728.22,13436.28
14.09.2023 11:00:00 +02:00,18881.80,13175.19
14.09.2023 12:00:00 +02:00,19084.29,13173.43
14.09.2023 13:00:00 +02:00,18874.17,13075.22
14.09.2023 14:00:00 +02:00,18903.82,13014.45
14.09.2023 15:00:00 +02:00,19029.77,13086.30
14.09.2023 16:00:00 +02:00,18983.32,13185.94
14.09.2023 17:00:00 +02:00,18855.46,13130.68
14.09.2023 18:00:00 +02:00,18856.92,13181.28
14.09.2023 19:00:00 +02:00,19259.96,13345.71
14.09.2023 20:00:00 +02:00,19188.63,13499.84
14.09.2023 21:00:00 +02:00,18933.20,13279.35
14.09.2023 22:00:00 +02:00,18400.78,12863.93
14.09.2023 23:00:00 +02:00,17713.70,12305.42
15.09.2023 00:00:00 +02:00,17220.24,11707.73
15.09.2023 01:00:00 +02:00,16971.59,11391.41
15.09.2023 02:00:00 +02:00,16692.15,11275.12
15.09.2023 03:00:00 +02:00,16463.72,11191.67
15.09.2023 04:00:00 +02:00,16403.24,11244.48
15.09.2023 05:00:00 +02:00,16522.92,11482.18
15.09.2023 06:00:00 +02:00,17662.21,12292.60
15.09.2023 07:00:00 +02:00,18533.13,13247.59
15.09.2023 08:00:00 +02:00,18553.58,13619.32
15.09.2023 09:00:00 +02:00,18396.45,13471.53
15.09.2023 10:00:00 +02:00,18302.94,13292.81
15.09.2023 11:00:00 +02:00,18043.73,13109.09
15.09.2023 12:00:00 +02:00,17716.15,13023.50
15.09.2023 13:00:00 +02:00,16096.80,12932.93
15.09.2023 14:00:00 +02:00,17580.90,12858.05
15.09.2023 15:00:00 +02:00,17946.90,12918.12
15.09.2023 16:00:00 +02:00,18183.15,13029.93
15.09.2023 17:00:00 +02:00,18384.05,13013.32
15.09.2023 18:00:00 +02:00,18354.73,12987.10
15.09.2023 19:00:00 +02:00,18093.99,12993.80
15.09.2023 20:00:00 +02:00,17735.64,12916.38
15.09.2023 21:00:00 +02:00,17123.71,12544.03
15.09.2023 22:00:00 +02:00,16313.12,12228.22
15.09.2023 23:00:00 +02:00,15644.80,11821.87
16.09.2023 00:00:00 +02:00,14772.51,11455.07
16.09.2023 01:00:00 +02:00,14569.65,11232.24
16.09.2023 02:00:00 +02:00,14851.46,11047.79
16.09.2023 03:00:00 +02:00,15227.29,10972.00
16.09.2023 04:00:00 +02:00,15356.44,10928.96
16.09.2023 05:00:00 +02:00,15641.17,10957.58
16.09.2023 06:00:00 +02:00,15765.93,11113.11
16.09.2023 07:00:00 +02:00,16591.35,11330.68
16.09.2023 08:00:00 +02:00,17282.03,11816.16
16.09.2023 09:00:00 +02:00,18233.62,12279.22
16.09.2023 10:00:00 +02:00,18369.73,12537.63
16.09.2023 11:00:00 +02:00,16779.86,12583.82
16.09.2023 12:00:00 +02:00,14707.29,12571.83
16.09.2023 13:00:00 +02:00,13484.73,12473.04
16.09.2023 14:00:00 +02:00,14128.98,12369.63
16.09.2023 15:00:00 +02:00,15872.88,12396.92
16.09.2023 16:00:00 +02:00,17518.50,12452.84
16.09.2023 17:00:00 +02:00,18180.94,12600.75
16.09.2023 18:00:00 +02:00,18233.10,12695.22
16.09.2023 19:00:00 +02:00,18113.65,12760.48
16.09.2023 20:00:00 +02:00,17601.65,12712.66
16.09.2023 21:00:00 +02:00,17209.34,12483.91
16.09.2023 22:00:00 +02:00,16574.27,12198.88
16.09.2023 23:00:00 +02:00,16075.51,11871.71
17.09.2023 00:00:00 +02:00,16444.62,11583.26
17.09.2023 01:00:00 +02:00,15920.33,11388.31
17.09.2023 02:00:00 +02:00,15357.41,11253.01
17.09.2023 03:00:00 +02:00,14837.95,11224.33
17.09.2023 04:00:00 +02:00,14968.56,11030.29
17.09.2023 05:00:00 +02:00,15044.83,11274.00
17.09.2023 06:00:00 +02:00,14916.97,11351.01
17.09.2023 07:00:00 +02:00,14911.63,11501.87
17.09.2023 08:00:00 +02:00,15510.62,11774.02
17.09.2023 09:00:00 +02:00,15848.07,11962.58
17.09.2023 10:00:00 +02:00,14657.70,12093.43
17.09.2023 11:00:00 +02:00,13482.72,11973.55
17.09.2023 12:00:00 +02:00,13031.27,11896.74
17.09.2023 13:00:00 +02:00,11577.00,11833.36
17.09.2023 14:00:00 +02:00,12143.74,11765.64
17.09.2023 15:00:00 +02:00,14178.84,11832.99
17.09.2023 16:00:00 +02:00,15788.04,11907.49
17.09.2023 17:00:00 +02:00,17328.03,12000.18
17.09.2023 18:00:00 +02:00,17523.09,12177.75
17.09.2023 19:00:00 +02:00,17383.77,12572.39
17.09.2023 20:00:00 +02:00,16676.76,12836.75
17.09.2023 21:00:00 +02:00,16016.27,12676.30
17.09.2023 22:00:00 +02:00,15221.16,12388.07
17.09.2023 23:00:00 +02:00,14093.66,11908.71
18.09.2023 00:00:00 +02:00,13614.07,11522.34
18.09.2023 01:00:00 +02:00,13346.40,11258.41
18.09.2023 02:00:00 +02:00,13436.57,11079.66
18.09.2023 03:00:00 +02:00,13449.97,11060.35
18.09.2023 04:00:00 +02:00,13527.51,11084.34
18.09.2023 05:00:00 +02:00,13678.06,11340.71
18.09.2023 06:00:00 +02:00,13819.64,12280.48
18.09.2023 07:00:00 +02:00,14328.49,13304.98
18.09.2023 08:00:00 +02:00,14912.16,13680.38
18.09.2023 09:00:00 +02:00,14948.10,13715.98
18.09.2023 10:00:00 +02:00,15236.14,13715.64
18.09.2023 11:00:00 +02:00,15043.65,13653.96
18.09.2023 12:00:00 +02:00,15147.43,13647.52
18.09.2023 13:00:00 +02:00,15280.86,13604.02
18.09.2023 14:00:00 +02:00,15592.82,13657.72
18.09.2023 15:00:00 +02:00,15722.70,13744.95
18.09.2023 16:00:00 +02:00,16499.64,13807.18
18.09.2023 17:00:00 +02:00,16689.11,13633.22
18.09.2023 18:00:00 +02:00,16621.22,13489.33
18.09.2023 19:00:00 +02:00,16464.57,13604.80
18.09.2023 20:00:00 +02:00,16245.45,13617.54
18.09.2023 21:00:00 +02:00,15443.94,13288.86
18.09.2023 22:00:00 +02:00,14780.00,12804.52
18.09.2023 23:00:00 +02:00,14351.86,12159.76
19.09.2023 00:00:00 +02:00,13817.80,11614.99
19.09.2023 01:00:00 +02:00,13190.02,11332.69
19.09.2023 02:00:00 +02:00,12663.61,11262.41
19.09.2023 03:00:00 +02:00,12376.56,11226.58
19.09.2023 04:00:00 +02:00,12474.00,11271.47
19.09.2023 05:00:00 +02:00,13372.06,11480.29
19.09.2023 06:00:00 +02:00,14819.92,12337.08
19.09.2023 07:00:00 +02:00,15651.31,13236.12
19.09.2023 08:00:00 +02:00,15805.36,13577.18
19.09.2023 09:00:00 +02:00,15126.41,13532.04
19.09.2023 10:00:00 +02:00,14806.36,13243.53
19.09.2023 11:00:00 +02:00,13962.79,13346.96
19.09.2023 12:00:00 +02:00,13427.77,13285.39
19.09.2023 13:00:00 +02:00,13059.47,13254.14
19.09.2023 14:00:00 +02:00,13596.70,13247.26
19.09.2023 15:00:00 +02:00,14435.33,13373.65
19.09.2023 16:00:00 +02:00,15587.13,13511.87
19.09.2023 17:00:00 +02:00,15917.57,13432.19
19.09.2023 18:00:00 +02:00,15658.46,13461.77
19.09.2023 19:00:00 +02:00,15494.86,13618.81
19.09.2023 20:00:00 +02:00,14940.34,13776.10
19.09.2023 21:00:00 +02:00,14774.14,13530.18
19.09.2023 22:00:00 +02:00,14399.67,13064.41
19.09.2023 23:00:00 +02:00,13921.57,12467.50
20.09.2023 00:00:00 +02:00,12959.51,11888.15
20.09.2023 01:00:00 +02:00,12424.72,11654.38
20.09.2023 02:00:00 +02:00,12002.01,11487.44
20.09.2023 03:00:00 +02:00,12345.89,11427.28
20.09.2023 04:00:00 +02:00,12830.77,11471.43
20.09.2023 05:00:00 +02:00,13920.93,11736.62
20.09.2023 06:00:00 +02:00,14776.51,12703.91
20.09.2023 07:00:00 +02:00,16053.09,13730.59
20.09.2023 08:00:00 +02:00,16566.79,13982.77
20.09.2023 09:00:00 +02:00,16728.60,13942.79
20.09.2023 10:00:00 +02:00,16383.14,13775.88
20.09.2023 11:00:00 +02:00,15626.34,13881.38
20.09.2023 12:00:00 +02:00,14915.88,13826.70
20.09.2023 13:00:00 +02:00,14659.73,13902.97
20.09.2023 14:00:00 +02:00,15101.17,13896.44
20.09.2023 15:00:00 +02:00,15696.19,13887.48
20.09.2023 16:00:00 +02:00,16975.07,13994.17
20.09.2023 17:00:00 +02:00,17568.33,13918.73
20.09.2023 18:00:00 +02:00,17541.72,13839.67
20.09.2023 19:00:00 +02:00,17918.72,13959.92
20.09.2023 20:00:00 +02:00,17037.37,13956.91
20.09.2023 21:00:00 +02:00,16375.51,13638.86
20.09.2023 22:00:00 +02:00,15956.07,13213.83
20.09.2023 23:00:00 +02:00,15354.96,12617.81
21.09.2023 00:00:00 +02:00,14807.57,12032.86
21.09.2023 01:00:00 +02:00,14484.55,11674.60
21.09.2023 02:00:00 +02:00,14515.02,11483.37
21.09.2023 03:00:00 +02:00,14483.52,11408.27
21.09.2023 04:00:00 +02:00,14108.33,11453.27
21.09.2023 05:00:00 +02:00,14360.72,11693.44
21.09.2023 06:00:00 +02:00,15401.83,12510.95
21.09.2023 07:00:00 +02:00,16125.20,13496.30
21.09.2023 08:00:00 +02:00,16180.37,13724.12
21.09.2023 09:00:00 +02:00,15874.26,13705.74
21.09.2023 10:00:00 +02:00,15738.06,13445.01
21.09.2023 11:00:00 +02:00,15452.15,13641.47
21.09.2023 12:00:00 +02:00,15688.85,13542.50
21.09.2023 13:00:00 +02:00,15996.52,13480.17
21.09.2023 14:00:00 +02:00,16404.96,13567.23
21.09.2023 15:00:00 +02:00,17287.48,13578.64
21.09.2023 16:00:00 +02:00,17745.87,13610.21
21.09.2023 17:00:00 +02:00,17736.15,13571.72
21.09.2023 18:00:00 +02:00,17019.26,13516.08
21.09.2023 19:00:00 +02:00,16898.52,13577.99
21.09.2023 20:00:00 +02:00,16739.60,13565.56
21.09.2023 21:00:00 +02:00,16915.21,13302.81
21.09.2023 22:00:00 +02:00,16203.49,12917.38
21.09.2023 23:00:00 +02:00,15241.92,12307.43
22.09.2023 00:00:00 +02:00,15118.69,11833.19
22.09.2023 01:00:00 +02:00,14785.89,11569.08
22.09.2023 02:00:00 +02:00,14449.35,11403.11
22.09.2023 03:00:00 +02:00,14248.22,11273.57
22.09.2023 04:00:00 +02:00,14324.82,11294.01
22.09.2023 05:00:00 +02:00,15223.34,11541.47
22.09.2023 06:00:00 +02:00,16291.70,12392.92
22.09.2023 07:00:00 +02:00,17343.92,13445.78
22.09.2023 08:00:00 +02:00,17755.44,13839.97
22.09.2023 09:00:00 +02:00,17856.35,13890.36
22.09.2023 10:00:00 +02:00,17733.80,13867.32
22.09.2023 11:00:00 +02:00,17571.77,13728.49
22.09.2023 12:00:00 +02:00,17318.03,13540.80
22.09.2023 13:00:00 +02:00,16656.64,13369.28
22.09.2023 14:00:00 +02:00,16600.23,13281.90
22.09.2023 15:00:00 +02:00,16445.52,13175.65
22.09.2023 16:00:00 +02:00,16291.61,13198.06
22.09.2023 17:00:00 +02:00,16306.50,13203.37
22.09.2023 18:00:00 +02:00,16735.78,13262.45
22.09.2023 19:00:00 +02:00,17205.03,13325.05
22.09.2023 20:00:00 +02:00,16707.53,13271.09
22.09.2023 21:00:00 +02:00,17039.99,12963.45
22.09.2023 22:00:00 +02:00,17244.42,12630.37
22.09.2023 23:00:00 +02:00,17179.68,12273.11
23.09.2023 00:00:00 +02:00,16881.57,11956.06
23.09.2023 01:00:00 +02:00,16916.13,11631.83
23.09.2023 02:00:00 +02:00,16790.66,11524.17
23.09.2023 03:00:00 +02:00,16571.70,11426.32
23.09.2023 04:00:00 +02:00,16662.69,11359.60
23.09.2023 05:00:00 +02:00,16895.75,11414.51
23.09.2023 06:00:00 +02:00,16835.24,11638.15
23.09.2023 07:00:00 +02:00,17328.05,11897.67
23.09.2023 08:00:00 +02:00,17739.58,12359.01
23.09.2023 09:00:00 +02:00,17892.92,12846.13
23.09.2023 10:00:00 +02:00,17947.22,12953.51
23.09.2023 11:00:00 +02:00,17929.90,12828.04
23.09.2023 12:00:00 +02:00,17260.64,12693.80
23.09.2023 13:00:00 +02:00,17224.34,12542.54
23.09.2023 14:00:00 +02:00,17109.20,12480.61
23.09.2023 15:00:00 +02:00,16886.66,12510.10
23.09.2023 16:00:00 +02:00,18101.01,12573.45
23.09.2023 17:00:00 +02:00,19139.17,12806.35
23.09.2023 18:00:00 +02:00,19191.87,12996.76
23.09.2023 19:00:00 +02:00,19107.62,13193.85
23.09.2023 20:00:00 +02:00,18318.89,13072.14
23.09.2023 21:00:00 +02:00,18193.27,12811.67
23.09.2023 22:00:00 +02:00,18100.56,12559.46
23.09.2023 23:00:00 +02:00,18022.25,12263.59
24.09.2023 00:00:00 +02:00,18519.79,11954.79
24.09.2023 01:00:00 +02:00,18468.62,11770.74
24.09.2023 02:00:00 +02:00,18359.33,11606.54
24.09.2023 03:00:00 +02:00,17609.45,11592.83
24.09.2023 04:00:00 +02:00,17114.70,11594.18
24.09.2023 05:00:00 +02:00,16728.51,11658.34
24.09.2023 06:00:00 +02:00,17167.52,11791.87
24.09.2023 07:00:00 +02:00,17468.21,11907.86
24.09.2023 08:00:00 +02:00,18477.07,12258.36
24.09.2023 09:00:00 +02:00,18805.58,12593.09
24.09.2023 10:00:00 +02:00,16799.70,12733.32
24.09.2023 11:00:00 +02:00,15065.31,12707.81
24.09.2023 12:00:00 +02:00,13796.31,12684.50
24.09.2023 13:00:00 +02:00,12605.39,12677.53
24.09.2023 14:00:00 +02:00,12530.43,12730.38
24.09.2023 15:00:00 +02:00,14249.07,12705.72
24.09.2023 16:00:00 +02:00,16941.32,12789.40
24.09.2023 17:00:00 +02:00,19442.30,12936.36
24.09.2023 18:00:00 +02:00,20321.66,13091.70
24.09.2023 19:00:00 +02:00,20270.96,13393.40
24.09.2023 20:00:00 +02:00,18891.23,13411.18
24.09.2023 21:00:00 +02:00,17505.13,13139.25
24.09.2023 22:00:00 +02:00,16946.32,12791.79
24.09.2023 23:00:00 +02:00,15660.34,12314.36
25.09.2023 00:00:00 +02:00,14700.09,11863.88
25.09.2023 01:00:00 +02:00,13429.23,11566.10
25.09.2023 02:00:00 +02:00,12520.51,11463.47
25.09.2023 03:00:00 +02:00,12593.79,11378.03
25.09.2023 04:00:00 +02:00,12689.55,11420.13
25.09.2023 05:00:00 +02:00,13498.76,11672.98
25.09.2023 06:00:00 +02:00,14362.21,12539.73
25.09.2023 07:00:00 +02:00,15545.77,13463.63
25.09.2023 08:00:00 +02:00,15904.89,13826.46
25.09.2023 09:00:00 +02:00,15785.57,13868.36
25.09.2023 10:00:00 +02:00,15873.05,13829.22
25.09.2023 11:00:00 +02:00,15512.12,13723.13
25.09.2023 12:00:00 +02:00,14788.43,13621.25
25.09.2023 13:00:00 +02:00,14169.79,13569.11
25.09.2023 14:00:00 +02:00,13925.93,13586.48
25.09.2023 15:00:00 +02:00,14449.82,13626.60
25.09.2023 16:00:00 +02:00,15747.45,13738.31
25.09.2023 17:00:00 +02:00,16238.50,13554.07
25.09.2023 18:00:00 +02:00,16335.98,13509.19
25.09.2023 19:00:00 +02:00,16483.41,13651.63
25.09.2023 20:00:00 +02:00,16469.58,13631.28
25.09.2023 21:00:00 +02:00,16240.56,13331.80
25.09.2023 22:00:00 +02:00,15736.03,12886.26
25.09.2023 23:00:00 +02:00,15288.44,12307.35
26.09.2023 00:00:00 +02:00,15805.62,11809.11
26.09.2023 01:00:00 +02:00,15700.26,11488.79
26.09.2023 02:00:00 +02:00,15843.75,11348.66
26.09.2023 03:00:00 +02:00,15821.89,11306.51
26.09.2023 04:00:00 +02:00,16096.95,11362.18
26.09.2023 05:00:00 +02:00,16788.66,11651.09
26.09.2023 06:00:00 +02:00,17450.37,12543.05
26.09.2023 07:00:00 +02:00,18237.64,13450.02
26.09.2023 08:00:00 +02:00,18752.40,13685.76
26.09.2023 09:00:00 +02:00,18815.10,13580.66
26.09.2023 10:00:00 +02:00,18933.36,13258.77
26.09.2023 11:00:00 +02:00,18264.06,13234.00
26.09.2023 12:00:00 +02:00,17791.88,13133.99
26.09.2023 13:00:00 +02:00,17789.29,13129.36
26.09.2023 14:00:00 +02:00,17985.18,13136.81
26.09.2023 15:00:00 +02:00,18112.34,13226.51
26.09.2023 16:00:00 +02:00,18101.65,13353.06
26.09.2023 17:00:00 +02:00,18036.64,13305.53
26.09.2023 18:00:00 +02:00,18468.02,13267.06
26.09.2023 19:00:00 +02:00,18891.84,13471.67
26.09.2023 20:00:00 +02:00,18155.69,13541.81
26.09.2023 21:00:00 +02:00,17718.36,13248.22
26.09.2023 22:00:00 +02:00,17448.71,12875.99
26.09.2023 23:00:00 +02:00,17086.22,12238.44
27.09.2023 00:00:00 +02:00,16590.01,11798.89
27.09.2023 01:00:00 +02:00,16807.82,11433.01
27.09.2023 02:00:00 +02:00,16829.58,11265.85
27.09.2023 03:00:00 +02:00,16632.01,11141.68
27.09.2023 04:00:00 +02:00,16493.56,11166.92
27.09.2023 05:00:00 +02:00,16569.54,11466.14
27.09.2023 06:00:00 +02:00,17967.93,12340.32
27.09.2023 07:00:00 +02:00,18939.20,13235.45
27.09.2023 08:00:00 +02:00,19009.43,13521.00
27.09.2023 09:00:00 +02:00,18439.40,13476.94
27.09.2023 10:00:00 +02:00,18601.67,13432.22
27.09.2023 11:00:00 +02:00,18595.91,13365.93
27.09.2023 12:00:00 +02:00,18468.85,13200.53
27.09.2023 13:00:00 +02:00,18619.43,13146.50
27.09.2023 14:00:00 +02:00,18807.03,13130.15
27.09.2023 15:00:00 +02:00,18860.32,13167.51
27.09.2023 16:00:00 +02:00,18721.06,13242.62
27.09.2023 17:00:00 +02:00,18794.27,13159.29
27.09.2023 18:00:00 +02:00,18680.36,13231.52
27.09.2023 19:00:00 +02:00,18826.22,13483.41
27.09.2023 20:00:00 +02:00,18407.11,13538.31
27.09.2023 21:00:00 +02:00,17824.55,13263.56
27.09.2023 22:00:00 +02:00,17595.76,12887.31
27.09.2023 23:00:00 +02:00,16240.45,12341.31
28.09.2023 00:00:00 +02:00,14406.51,11759.41
28.09.2023 01:00:00 +02:00,13394.12,11388.17
28.09.2023 02:00:00 +02:00,13032.63,11311.04
28.09.2023 03:00:00 +02:00,12912.23,11237.29
28.09.2023 04:00:00 +02:00,13453.69,11222.21
28.09.2023 05:00:00 +02:00,14277.48,11480.80
28.09.2023 06:00:00 +02:00,16322.27,12389.85
28.09.2023 07:00:00 +02:00,18443.91,13444.14
28.09.2023 08:00:00 +02:00,18984.81,13751.74
28.09.2023 09:00:00 +02:00,18645.33,13734.24
28.09.2023 10:00:00 +02:00,18665.77,10254.61
28.09.2023 11:00:00 +02:00,18638.38,13568.90
28.09.2023 12:00:00 +02:00,17835.05,13434.71
28.09.2023 13:00:00 +02:00,17756.30,13414.16
28.09.2023 14:00:00 +02:00,18088.54,13438.01
28.09.2023 15:00:00 +02:00,18692.02,13534.18
28.09.2023 16:00:00 +02:00,18868.05,13601.42
28.09.2023 17:00:00 +02:00,19038.45,13543.93
28.09.2023 18:00:00 +02:00,18816.75,13478.57
28.09.2023 19:00:00 +02:00,18653.48,13589.30
28.09.2023 20:00:00 +02:00,17981.13,13539.43
28.09.2023 21:00:00 +02:00,17398.28,13258.98
28.09.2023 22:00:00 +02:00,16693.76,12806.39
28.09.2023 23:00:00 +02:00,16475.41,12380.09
29.09.2023 00:00:00 +02:00,15620.23,11891.10
29.09.2023 01:00:00 +02:00,15409.32,11591.02
29.09.2023 02:00:00 +02:00,15525.84,11417.84
29.09.2023 03:00:00 +02:00,15190.11,11315.36
29.09.2023 04:00:00 +02:00,15315.64,11332.38
29.09.2023 05:00:00 +02:00,16461.24,11557.66
29.09.2023 06:00:00 +02:00,17752.29,12335.36
29.09.2023 07:00:00 +02:00,18731.36,13454.15
29.09.2023 08:00:00 +02:00,19021.59,13790.58
29.09.2023 09:00:00 +02:00,19156.43,13828.67
29.09.2023 10:00:00 +02:00,19159.57,13683.58
29.09.2023 11:00:00 +02:00,19413.31,13761.46
29.09.2023 12:00:00 +02:00,18659.33,13654.66
29.09.2023 13:00:00 +02:00,18360.73,13560.98
29.09.2023 14:00:00 +02:00,17611.62,13481.06
29.09.2023 15:00:00 +02:00,17598.08,13432.64
29.09.2023 16:00:00 +02:00,18037.66,13472.65
29.09.2023 17:00:00 +02:00,18498.32,13507.58
29.09.2023 18:00:00 +02:00,18623.04,13627.38
29.09.2023 19:00:00 +02:00,17663.89,13702.37
29.09.2023 20:00:00 +02:00,16696.64,13491.21
29.09.2023 21:00:00 +02:00,16201.27,13118.77
29.09.2023 22:00:00 +02:00,15631.94,12766.61
29.09.2023 23:00:00 +02:00,15100.18,12342.41
30.09.2023 00:00:00 +02:00,14355.94,12066.78
30.09.2023 01:00:00 +02:00,13984.41,11874.03
30.09.2023 02:00:00 +02:00,13824.01,11689.34
30.09.2023 03:00:00 +02:00,13889.91,11614.53
30.09.2023 04:00:00 +02:00,13741.85,11558.37
30.09.2023 05:00:00 +02:00,13971.79,11622.94
30.09.2023 06:00:00 +02:00,14401.93,11789.38
30.09.2023 07:00:00 +02:00,14816.29,12048.20
30.09.2023 08:00:00 +02:00,14757.60,12462.05
30.09.2023 09:00:00 +02:00,14719.85,12892.68
30.09.2023 10:00:00 +02:00,14698.46,13097.41
30.09.2023 11:00:00 +02:00,14096.25,13078.38
30.09.2023 12:00:00 +02:00,13915.35,12971.52
30.09.2023 13:00:00 +02:00,13402.57,12910.46
30.09.2023 14:00:00 +02:00,13803.59,12825.92
30.09.2023 15:00:00 +02:00,14650.94,12822.15
30.09.2023 16:00:00 +02:00,15931.14,12917.10
30.09.2023 17:00:00 +02:00,17149.95,13128.88
30.09.2023 18:00:00 +02:00,18742.60,13317.61
30.09.2023 19:00:00 +02:00,18661.81,13429.92
30.09.2023 20:00:00 +02:00,17799.04,13200.25
30.09.2023 21:00:00 +02:00,17839.90,12870.59
30.09.2023 22:00:00 +02:00,17289.70,12592.57
30.09.2023 23:00:00 +02:00,16813.35,12331.27
01.10.2023 00:00:00 +02:00,16753.40,12047.59
01.10.2023 01:00:00 +02:00,16417.22,11836.73
01.10.2023 02:00:00 +02:00,16331.76,11705.94
01.10.2023 03:00:00 +02:00,16168.62,11614.52
01.10.2023 04:00:00 +02:00,15681.19,11626.42
01.10.2023 05:00:00 +02:00,15959.98,11685.81
01.10.2023 06:00:00 +02:00,16227.26,11878.57
01.10.2023 07:00:00 +02:00,16294.79,12110.59
01.10.2023 08:00:00 +02:00,16751.95,12408.99
01.10.2023 09:00:00 +02:00,17186.34,12763.91
01.10.2023 10:00:00 +02:00,16424.15,12989.68
01.10.2023 11:00:00 +02:00,14759.92,12980.21
01.10.2023 12:00:00 +02:00,13771.58,12933.00
01.10.2023 13:00:00 +02:00,13682.92,12873.02
01.10.2023 14:00:00 +02:00,14446.45,12913.18
01.10.2023 15:00:00 +02:00,15587.25,13016.94
01.10.2023 16:00:00 +02:00,17449.07,13126.10
01.10.2023 17:00:00 +02:00,18843.57,13249.99
01.10.2023 18:00:00 +02:00,19265.71,13423.74
01.10.2023 19:00:00 +02:00,18924.73,13723.20
01.10.2023 20:00:00 +02:00,18626.12,13664.68
01.10.2023 21:00:00 +02:00,18728.43,13341.90
01.10.2023 22:00:00 +02:00,18664.78,12977.78
01.10.2023 23:00:00 +02:00,18040.67,12573.34
02.10.2023 00:00:00 +02:00,17604.47,12087.21
02.10.2023 01:00:00 +02:00,17429.95,11814.54
02.10.2023 02:00:00 +02:00,17283.40,11661.57
02.10.2023 03:00:00 +02:00,17016.63,11642.21
02.10.2023 04:00:00 +02:00,16801.94,11701.28
02.10.2023 05:00:00 +02:00,17441.87,11964.40
02.10.2023 06:00:00 +02:00,18771.97,12870.86
02.10.2023 07:00:00 +02:00,19668.54,13917.59
02.10.2023 08:00:00 +02:00,20086.56,14200.66
02.10.2023 09:00:00 +02:00,20205.99,14183.68
02.10.2023 10:00:00 +02:00,20556.43,14110.40
02.10.2023 11:00:00 +02:00,20433.13,13963.60
02.10.2023 12:00:00 +02:00,20383.07,13789.29
02.10.2023 13:00:00 +02:00,20358.77,13700.98
02.10.2023 14:00:00 +02:00,20139.07,13682.57
02.10.2023 15:00:00 +02:00,19915.63,13616.23
02.10.2023 16:00:00 +02:00,20092.51,13692.47
02.10.2023 17:00:00 +02:00,20054.60,13691.87
02.10.2023 18:00:00 +02:00,20079.80,13822.92
02.10.2023 19:00:00 +02:00,20335.89,14107.40
02.10.2023 20:00:00 +02:00,19632.94,14046.74
02.10.2023 21:00:00 +02:00,19179.40,13777.04
02.10.2023 22:00:00 +02:00,18435.44,13413.73
02.10.2023 23:00:00 +02:00,17702.31,12847.43
03.10.2023 00:00:00 +02:00,17772.16,12335.71
03.10.2023 01:00:00 +02:00,17652.62,12099.84
03.10.2023 02:00:00 +02:00,17530.12,12013.83
03.10.2023 03:00:00 +02:00,16220.66,11974.19
03.10.2023 04:00:00 +02:00,15154.92,12051.82
03.10.2023 05:00:00 +02:00,15176.72,12297.50
03.10.2023 06:00:00 +02:00,16506.57,13197.78
03.10.2023 07:00:00 +02:00,18435.26,14309.29
03.10.2023 08:00:00 +02:00,17902.19,14552.76
03.10.2023 09:00:00 +02:00,16484.06,14561.28
03.10.2023 10:00:00 +02:00,15706.84,14007.02
03.10.2023 11:00:00 +02:00,15385.77,14379.72
03.10.2023 12:00:00 +02:00,14599.72,14114.24
03.10.2023 13:00:00 +02:00,14409.93,13950.02
03.10.2023 14:00:00 +02:00,14126.62,13937.17
03.10.2023 15:00:00 +02:00,14646.19,13972.69
03.10.2023 16:00:00 +02:00,16196.95,14110.92
03.10.2023 17:00:00 +02:00,17376.01,14066.53
03.10.2023 18:00:00 +02:00,17868.15,14112.04
03.10.2023 19:00:00 +02:00,17602.05,14356.33
03.10.2023 20:00:00 +02:00,17055.45,14308.20
03.10.2023 21:00:00 +02:00,17028.34,14024.44
03.10.2023 22:00:00 +02:00,16430.12,13622.13
03.10.2023 23:00:00 +02:00,15875.28,13075.85
04.10.2023 00:00:00 +02:00,15340.20,12596.82
04.10.2023 01:00:00 +02:00,15149.42,12222.89
04.10.2023 02:00:00 +02:00,15147.01,12070.61
04.10.2023 03:00:00 +02:00,15214.16,12048.84
04.10.2023 04:00:00 +02:00,15246.17,12049.28
04.10.2023 05:00:00 +02:00,15971.77,12375.54
04.10.2023 06:00:00 +02:00,16308.30,13311.98
04.10.2023 07:00:00 +02:00,16890.00,14360.81
04.10.2023 08:00:00 +02:00,16577.50,14521.72
04.10.2023 09:00:00 +02:00,16049.63,14455.79
04.10.2023 10:00:00 +02:00,15557.25,14329.88
04.10.2023 11:00:00 +02:00,15141.88,14223.08
04.10.2023 12:00:00 +02:00,14951.28,14084.70
04.10.2023 13:00:00 +02:00,15066.69,14028.29
04.10.2023 14:00:00 +02:00,14972.99,14076.54
04.10.2023 15:00:00 +02:00,15915.56,14131.27
04.10.2023 16:00:00 +02:00,16356.48,14267.13
04.10.2023 17:00:00 +02:00,16756.54,14234.99
04.10.2023 18:00:00 +02:00,16581.86,14377.67
04.10.2023 19:00:00 +02:00,16065.82,14623.79
04.10.2023 20:00:00 +02:00,15400.66,14518.44
04.10.2023 21:00:00 +02:00,15353.38,14276.22
04.10.2023 22:00:00 +02:00,15280.28,13846.97
04.10.2023 23:00:00 +02:00,14672.39,13298.43
05.10.2023 00:00:00 +02:00,13697.69,12788.71
05.10.2023 01:00:00 +02:00,13520.52,12525.81
05.10.2023 02:00:00 +02:00,13671.56,12389.37
05.10.2023 03:00:00 +02:00,13694.26,12266.64
05.10.2023 04:00:00 +02:00,13801.54,12366.08
05.10.2023 05:00:00 +02:00,14414.79,12682.86
05.10.2023 06:00:00 +02:00,15807.43,13584.02
05.10.2023 07:00:00 +02:00,16769.32,14678.11
05.10.2023 08:00:00 +02:00,16696.53,15013.99
05.10.2023 09:00:00 +02:00,16795.77,15011.74
05.10.2023 10:00:00 +02:00,16602.36,14226.76
05.10.2023 11:00:00 +02:00,16075.84,14580.15
05.10.2023 12:00:00 +02:00,15457.06,14422.52
05.10.2023 13:00:00 +02:00,15611.12,14382.29
05.10.2023 14:00:00 +02:00,15681.70,14337.34
05.10.2023 15:00:00 +02:00,16268.67,14295.52
05.10.2023 16:00:00 +02:00,17801.48,14318.49
05.10.2023 17:00:00 +02:00,19861.93,14408.95
05.10.2023 18:00:00 +02:00,20461.38,14544.20
05.10.2023 19:00:00 +02:00,20256.31,14836.54
05.10.2023 20:00:00 +02:00,19824.89,14750.08
05.10.2023 21:00:00 +02:00,19717.42,14492.24
05.10.2023 22:00:00 +02:00,19353.70,14089.39
05.10.2023 23:00:00 +02:00,18407.00,13576.44
06.10.2023 00:00:00 +02:00,17687.88,13097.70
06.10.2023 01:00:00 +02:00,16994.57,12799.33
06.10.2023 02:00:00 +02:00,16265.87,12600.32
06.10.2023 03:00:00 +02:00,16333.98,12504.27
06.10.2023 04:00:00 +02:00,15988.84,12557.90
06.10.2023 05:00:00 +02:00,16554.69,12850.86
06.10.2023 06:00:00 +02:00,17304.29,13598.77
06.10.2023 07:00:00 +02:00,18066.24,14641.23
06.10.2023 08:00:00 +02:00,17889.06,14965.14
06.10.2023 09:00:00 +02:00,17240.12,14941.72
06.10.2023 10:00:00 +02:00,16773.12,14965.22
06.10.2023 11:00:00 +02:00,16167.35,14953.61
06.10.2023 12:00:00 +02:00,16043.59,14964.19
06.10.2023 13:00:00 +02:00,15719.34,14814.99
06.10.2023 14:00:00 +02:00,15460.42,14707.03
06.10.2023 15:00:00 +02:00,16184.86,14622.75
06.10.2023 16:00:00 +02:00,16415.83,14613.54
06.10.2023 17:00:00 +02:00,16670.97,14642.47
06.10.2023 18:00:00 +02:00,16826.80,14737.69
06.10.2023 19:00:00 +02:00,16019.02,14747.86
06.10.2023 20:00:00 +02:00,14778.80,14463.76
06.10.2023 21:00:00 +02:00,13767.88,14167.32
06.10.2023 22:00:00 +02:00,13150.94,13845.79
06.10.2023 23:00:00 +02:00,12883.02,13486.94
07.10.2023 00:00:00 +02:00,13438.06,13294.22
07.10.2023 01:00:00 +02:00,13306.76,13126.04
07.10.2023 02:00:00 +02:00,13244.49,12918.43
07.10.2023 03:00:00 +02:00,13559.23,12821.76
07.10.2023 04:00:00 +02:00,13843.54,12828.22
07.10.2023 05:00:00 +02:00,13984.37,12857.82
07.10.2023 06:00:00 +02:00,14140.16,13171.77
07.10.2023 07:00:00 +02:00,14584.25,13573.23
07.10.2023 08:00:00 +02:00,15578.62,14050.96
07.10.2023 09:00:00 +02:00,16476.04,14463.22
07.10.2023 10:00:00 +02:00,16339.82,14634.81
07.10.2023 11:00:00 +02:00,16256.82,14454.36
07.10.2023 12:00:00 +02:00,15279.28,14242.76
07.10.2023 13:00:00 +02:00,14556.46,14073.26
07.10.2023 14:00:00 +02:00,14821.74,14019.83
07.10.2023 15:00:00 +02:00,16683.30,14031.16
07.10.2023 16:00:00 +02:00,18028.09,14193.10
07.10.2023 17:00:00 +02:00,19185.28,14464.34
07.10.2023 18:00:00 +02:00,20012.05,14768.14
07.10.2023 19:00:00 +02:00,19696.81,14965.48
07.10.2023 20:00:00 +02:00,18749.84,14751.67
07.10.2023 21:00:00 +02:00,18467.36,14451.71
07.10.2023 22:00:00 +02:00,18002.06,14198.77
07.10.2023 23:00:00 +02:00,17274.30,13943.65
08.10.2023 00:00:00 +02:00,17083.77,13690.51
08.10.2023 01:00:00 +02:00,16777.68,13477.98
08.10.2023 02:00:00 +02:00,16457.69,13385.78
08.10.2023 03:00:00 +02:00,16254.37,13283.36
08.10.2023 04:00:00 +02:00,16205.30,13239.02
08.10.2023 05:00:00 +02:00,16647.76,13347.37
08.10.2023 06:00:00 +02:00,17160.69,13528.73
08.10.2023 07:00:00 +02:00,17473.50,13761.54
08.10.2023 08:00:00 +02:00,17838.32,14033.78
08.10.2023 09:00:00 +02:00,18533.92,14272.61
08.10.2023 10:00:00 +02:00,18620.36,14339.17
08.10.2023 11:00:00 +02:00,18095.53,14243.17
08.10.2023 12:00:00 +02:00,17871.09,14111.30
08.10.2023 13:00:00 +02:00,18015.08,13997.62
08.10.2023 14:00:00 +02:00,18173.42,13970.76
08.10.2023 15:00:00 +02:00,18927.43,14049.42
08.10.2023 16:00:00 +02:00,19578.49,14243.40
08.10.2023 17:00:00 +02:00,20298.19,14531.51
08.10.2023 18:00:00 +02:00,20987.88,14840.97
08.10.2023 19:00:00 +02:00,21075.19,15154.67
08.10.2023 20:00:00 +02:00,20537.74,15120.60
08.10.2023 21:00:00 +02:00,20792.46,14887.99
08.10.2023 22:00:00 +02:00,20098.84,14593.82
08.10.2023 23:00:00 +02:00,19480.30,14188.38
09.10.2023 00:00:00 +02:00,19107.94,13724.15
09.10.2023 01:00:00 +02:00,18695.18,13510.56
09.10.2023 02:00:00 +02:00,18400.05,13407.41
09.10.2023 03:00:00 +02:00,18614.31,13421.66
09.10.2023 04:00:00 +02:00,18905.30,13507.84
09.10.2023 05:00:00 +02:00,20035.45,13877.00
09.10.2023 06:00:00 +02:00,21469.58,14904.30
09.10.2023 07:00:00 +02:00,22709.18,16172.81
09.10.2023 08:00:00 +02:00,23140.37,16585.76
09.10.2023 09:00:00 +02:00,23279.02,16428.94
09.10.2023 10:00:00 +02:00,23059.05,16115.83
09.10.2023 11:00:00 +02:00,22628.92,15808.91
09.10.2023 12:00:00 +02:00,22327.19,15564.23
09.10.2023 13:00:00 +02:00,22319.35,15422.20
09.10.2023 14:00:00 +02:00,22333.56,15352.31
09.10.2023 15:00:00 +02:00,22409.66,15438.78
09.10.2023 16:00:00 +02:00,22392.07,15610.92
09.10.2023 17:00:00 +02:00,22356.56,15711.41
09.10.2023 18:00:00 +02:00,22844.84,15844.21
09.10.2023 19:00:00 +02:00,22296.31,16026.50
09.10.2023 20:00:00 +02:00,22072.55,15908.52
09.10.2023 21:00:00 +02:00,21976.18,15609.42
09.10.2023 22:00:00 +02:00,21161.39,15188.10
09.10.2023 23:00:00 +02:00,20129.51,14624.21
10.10.2023 00:00:00 +02:00,19439.40,14157.75
10.10.2023 01:00:00 +02:00,19027.91,13803.40
10.10.2023 02:00:00 +02:00,18918.50,13727.35
10.10.2023 03:00:00 +02:00,18935.63,13685.61
10.10.2023 04:00:00 +02:00,19157.20,13756.22
10.10.2023 05:00:00 +02:00,19902.00,14036.31
10.10.2023 06:00:00 +02:00,21423.90,15060.52
10.10.2023 07:00:00 +02:00,21743.72,16284.02
10.10.2023 08:00:00 +02:00,21508.32,16592.35
10.10.2023 09:00:00 +02:00,22243.10,16341.67
10.10.2023 10:00:00 +02:00,22670.67,15821.36
10.10.2023 11:00:00 +02:00,21980.61,15747.62
10.10.2023 12:00:00 +02:00,21443.68,15554.73
10.10.2023 13:00:00 +02:00,20504.84,15428.82
10.10.2023 14:00:00 +02:00,19376.30,15441.49
10.10.2023 15:00:00 +02:00,19027.44,15557.14
10.10.2023 16:00:00 +02:00,19606.51,15750.16
10.10.2023 17:00:00 +02:00,19947.20,15749.83
10.10.2023 18:00:00 +02:00,19178.31,15726.37
10.10.2023 19:00:00 +02:00,17409.17,15613.24
10.10.2023 20:00:00 +02:00,15977.46,15394.81
10.10.2023 21:00:00 +02:00,15340.35,15094.74
10.10.2023 22:00:00 +02:00,14680.56,14639.10
10.10.2023 23:00:00 +02:00,13634.01,14032.09
11.10.2023 00:00:00 +02:00,13416.59,13445.03
11.10.2023 01:00:00 +02:00,13111.16,13100.80
11.10.2023 02:00:00 +02:00,12765.32,12873.10
11.10.2023 03:00:00 +02:00,11948.98,12793.47
11.10.2023 04:00:00 +02:00,11870.85,12801.70
11.10.2023 05:00:00 +02:00,12936.68,13049.78
11.10.2023 06:00:00 +02:00,14962.41,13903.90
11.10.2023 07:00:00 +02:00,15882.98,14972.81
11.10.2023 08:00:00 +02:00,16261.34,15128.55
11.10.2023 09:00:00 +02:00,16168.82,15082.53
11.10.2023 10:00:00 +02:00,16038.09,15060.85
11.10.2023 11:00:00 +02:00,14584.18,14982.70
11.10.2023 12:00:00 +02:00,14365.17,14900.63
11.10.2023 13:00:00 +02:00,14197.57,14811.55
11.10.2023 14:00:00 +02:00,14428.34,14883.45
11.10.2023 15:00:00 +02:00,14550.02,14912.36
11.10.2023 16:00:00 +02:00,16073.35,15093.28
11.10.2023 17:00:00 +02:00,16242.50,15224.61
11.10.2023 18:00:00 +02:00,16354.62,15414.74
11.10.2023 19:00:00 +02:00,16086.40,15556.78
11.10.2023 20:00:00 +02:00,15577.67,15355.23
11.10.2023 21:00:00 +02:00,15485.85,15137.45
11.10.2023 22:00:00 +02:00,15063.20,14749.69
11.10.2023 23:00:00 +02:00,14392.36,14270.13
12.10.2023 00:00:00 +02:00,13675.23,13743.94
12.10.2023 01:00:00 +02:00,12869.75,13460.70
12.10.2023 02:00:00 +02:00,12607.70,13313.54
12.10.2023 03:00:00 +02:00,12399.18,13234.55
12.10.2023 04:00:00 +02:00,12811.53,13301.44
12.10.2023 05:00:00 +02:00,13302.70,13578.86
12.10.2023 06:00:00 +02:00,15328.30,14535.09
12.10.2023 07:00:00 +02:00,16272.42,15654.57
12.10.2023 08:00:00 +02:00,16555.72,15977.63
12.10.2023 09:00:00 +02:00,16023.34,15683.39
12.10.2023 10:00:00 +02:00,15935.72,15294.60
12.10.2023 11:00:00 +02:00,15819.17,15438.93
12.10.2023 12:00:00 +02:00,15477.47,15219.64
12.10.2023 13:00:00 +02:00,15388.39,15148.33
12.10.2023 14:00:00 +02:00,15770.22,15067.71
12.10.2023 15:00:00 +02:00,16717.79,15057.26
12.10.2023 16:00:00 +02:00,17920.69,15253.99
12.10.2023 17:00:00 +02:00,18542.30,15342.60
12.10.2023 18:00:00 +02:00,19157.19,15558.86
12.10.2023 19:00:00 +02:00,19071.96,15679.05
12.10.2023 20:00:00 +02:00,18591.04,15456.39
12.10.2023 21:00:00 +02:00,18737.99,15206.72
12.10.2023 22:00:00 +02:00,18112.58,14792.78
12.10.2023 23:00:00 +02:00,17800.26,14267.54
13.10.2023 00:00:00 +02:00,17164.73,13840.05
13.10.2023 01:00:00 +02:00,16659.69,13538.20
13.10.2023 02:00:00 +02:00,16172.12,13417.71
13.10.2023 03:00:00 +02:00,15799.10,13362.14
13.10.2023 04:00:00 +02:00,15771.10,13374.59
13.10.2023 05:00:00 +02:00,17309.64,13549.29
13.10.2023 06:00:00 +02:00,19391.51,14487.50
13.10.2023 07:00:00 +02:00,20558.26,15585.62
13.10.2023 08:00:00 +02:00,20707.54,15841.51
13.10.2023 09:00:00 +02:00,20002.67,15853.14
13.10.2023 10:00:00 +02:00,19633.77,15922.10
13.10.2023 11:00:00 +02:00,18196.86,15748.11
13.10.2023 12:00:00 +02:00,16644.76,15755.41
13.10.2023 13:00:00 +02:00,15067.77,15671.88
13.10.2023 14:00:00 +02:00,14457.24,15592.91
13.10.2023 15:00:00 +02:00,14666.23,15572.31
13.10.2023 16:00:00 +02:00,15751.18,15601.10
13.10.2023 17:00:00 +02:00,16731.29,15569.01
13.10.2023 18:00:00 +02:00,17525.79,15646.08
13.10.2023 19:00:00 +02:00,17386.86,15483.87
13.10.2023 20:00:00 +02:00,16923.93,15138.22
13.10.2023 21:00:00 +02:00,16276.87,14773.19
13.10.2023 22:00:00 +02:00,15192.52,14479.68
13.10.2023 23:00:00 +02:00,13729.70,14118.47
14.10.2023 00:00:00 +02:00,12689.46,13845.31
14.10.2023 01:00:00 +02:00,11914.57,13584.87
14.10.2023 02:00:00 +02:00,11703.86,13415.61
14.10.2023 03:00:00 +02:00,11277.45,13350.53
14.10.2023 04:00:00 +02:00,11130.03,13335.45
14.10.2023 05:00:00 +02:00,11403.59,13368.38
14.10.2023 06:00:00 +02:00,11743.57,13558.18
14.10.2023 07:00:00 +02:00,12761.45,13905.15
14.10.2023 08:00:00 +02:00,13921.23,14301.10
14.10.2023 09:00:00 +02:00,14479.51,14755.50
14.10.2023 10:00:00 +02:00,14145.51,14999.40
14.10.2023 11:00:00 +02:00,13398.31,15033.98
14.10.2023 12:00:00 +02:00,13008.49,14901.74
14.10.2023 13:00:00 +02:00,12889.93,14733.51
14.10.2023 14:00:00 +02:00,13125.18,14637.58
14.10.2023 15:00:00 +02:00,13449.64,14706.99
14.10.2023 16:00:00 +02:00,13770.63,14840.15
14.10.2023 17:00:00 +02:00,14965.34,15046.04
14.10.2023 18:00:00 +02:00,15707.72,15330.90
14.10.2023 19:00:00 +02:00,15171.18,15223.32
14.10.2023 20:00:00 +02:00,14848.57,14903.28
14.10.2023 21:00:00 +02:00,14665.33,14540.33
14.10.2023 22:00:00 +02:00,14420.89,14263.13
14.10.2023 23:00:00 +02:00,13871.38,13989.93
15.10.2023 00:00:00 +02:00,13360.00,13658.67
15.10.2023 01:00:00 +02:00,12746.14,13465.50
15.10.2023 02:00:00 +02:00,12296.77,13299.18
15.10.2023 03:00:00 +02:00,12255.37,13247.61
15.10.2023 04:00:00 +02:00,12344.60,13265.81
15.10.2023 05:00:00 +02:00,12824.88,13326.46
15.10.2023 06:00:00 +02:00,13319.41,13483.19
15.10.2023 07:00:00 +02:00,14351.66,13702.59
15.10.2023 08:00:00 +02:00,14737.38,14034.65
15.10.2023 09:00:00 +02:00,15017.59,14457.13
15.10.2023 10:00:00 +02:00,14951.49,14677.80
15.10.2023 11:00:00 +02:00,14424.48,14727.40
15.10.2023 12:00:00 +02:00,14030.82,14721.38
15.10.2023 13:00:00 +02:00,13621.07,14738.24
15.10.2023 14:00:00 +02:00,13253.43,14668.41
15.10.2023 15:00:00 +02:00,14494.19,14642.31
15.10.2023 16:00:00 +02:00,15236.90,14760.56
15.10.2023 17:00:00 +02:00,16061.62,14973.28
15.10.2023 18:00:00 +02:00,16935.39,15365.62
15.10.2023 19:00:00 +02:00,17093.07,15562.57
15.10.2023 20:00:00 +02:00,16081.72,15551.23
15.10.2023 21:00:00 +02:00,16166.52,15311.87
15.10.2023 22:00:00 +02:00,16067.23,14962.26
15.10.2023 23:00:00 +02:00,15850.82,14560.33
16.10.2023 00:00:00 +02:00,15250.40,14126.47
16.10.2023 01:00:00 +02:00,14942.35,13858.01
16.10.2023 02:00:00 +02:00,15148.15,13779.07
16.10.2023 03:00:00 +02:00,15184.77,13720.65
16.10.2023 04:00:00 +02:00,15563.30,13871.98
16.10.2023 05:00:00 +02:00,16130.89,14245.26
16.10.2023 06:00:00 +02:00,17673.47,15344.87
16.10.2023 07:00:00 +02:00,19720.55,16702.56
16.10.2023 08:00:00 +02:00,20394.73,17041.31
16.10.2023 09:00:00 +02:00,19818.93,16885.12
16.10.2023 10:00:00 +02:00,18899.01,16476.97
16.10.2023 11:00:00 +02:00,18174.87,16166.94
16.10.2023 12:00:00 +02:00,17774.48,16012.67
16.10.2023 13:00:00 +02:00,17850.64,15857.67
16.10.2023 14:00:00 +02:00,17607.65,15807.63
16.10.2023 15:00:00 +02:00,17683.94,15842.63
16.10.2023 16:00:00 +02:00,17893.01,15996.46
16.10.2023 17:00:00 +02:00,18425.87,16009.38
16.10.2023 18:00:00 +02:00,18443.83,16155.86
16.10.2023 19:00:00 +02:00,18033.33,16081.19
16.10.2023 20:00:00 +02:00,17663.04,15945.50
16.10.2023 21:00:00 +02:00,17871.57,15634.71
16.10.2023 22:00:00 +02:00,17770.53,15154.54
16.10.2023 23:00:00 +02:00,17084.24,14441.06
17.10.2023 00:00:00 +02:00,16337.06,13921.53
17.10.2023 01:00:00 +02:00,16067.36,13557.30
17.10.2023 02:00:00 +02:00,16088.88,13422.63
17.10.2023 03:00:00 +02:00,16128.73,13384.91
17.10.2023 04:00:00 +02:00,16156.68,13386.23
17.10.2023 05:00:00 +02:00,16668.20,13694.97
17.10.2023 06:00:00 +02:00,18259.49,14705.11
17.10.2023 07:00:00 +02:00,20092.47,15872.13
17.10.2023 08:00:00 +02:00,20201.22,16015.63
17.10.2023 09:00:00 +02:00,19883.50,15863.45
17.10.2023 10:00:00 +02:00,19425.24,15551.63
17.10.2023 11:00:00 +02:00,19148.81,15739.90
17.10.2023 12:00:00 +02:00,18504.79,15597.41
17.10.2023 13:00:00 +02:00,17491.41,15512.73
17.10.2023 14:00:00 +02:00,17626.09,15351.95
17.10.2023 15:00:00 +02:00,17936.78,15306.05
17.10.2023 16:00:00 +02:00,18203.83,15461.46
17.10.2023 17:00:00 +02:00,18915.38,15465.70
17.10.2023 18:00:00 +02:00,19211.75,15716.30
17.10.2023 19:00:00 +02:00,18791.85,15883.48
17.10.2023 20:00:00 +02:00,18318.84,15908.19
17.10.2023 21:00:00 +02:00,17830.33,15646.35
17.10.2023 22:00:00 +02:00,17699.12,15183.12
17.10.2023 23:00:00 +02:00,16720.98,14586.57
18.10.2023 00:00:00 +02:00,16496.83,14106.70
18.10.2023 01:00:00 +02:00,16165.65,13791.86
18.10.2023 02:00:00 +02:00,15749.64,13723.46
18.10.2023 03:00:00 +02:00,15367.81,13737.99
18.10.2023 04:00:00 +02:00,14857.59,13885.90
18.10.2023 05:00:00 +02:00,16106.19,14239.54
18.10.2023 06:00:00 +02:00,18194.23,15304.52
18.10.2023 07:00:00 +02:00,20533.16,16639.18
18.10.2023 08:00:00 +02:00,21174.85,16890.35
18.10.2023 09:00:00 +02:00,21442.58,16636.09
18.10.2023 10:00:00 +02:00,21037.23,16326.04
18.10.2023 11:00:00 +02:00,20692.29,15987.94
18.10.2023 12:00:00 +02:00,19654.97,15783.31
18.10.2023 13:00:00 +02:00,19436.66,15648.60
18.10.2023 14:00:00 +02:00,19492.10,15647.85
18.10.2023 15:00:00 +02:00,19273.24,15715.40
18.10.2023 16:00:00 +02:00,19705.31,15929.98
18.10.2023 17:00:00 +02:00,20068.54,16015.19
18.10.2023 18:00:00 +02:00,20074.61,16246.94
18.10.2023 19:00:00 +02:00,19249.38,16409.82
18.10.2023 20:00:00 +02:00,17621.21,16346.10
18.10.2023 21:00:00 +02:00,16542.79,16171.54
18.10.2023 22:00:00 +02:00,15605.81,15711.93
18.10.2023 23:00:00 +02:00,14475.35,15180.81
19.10.2023 00:00:00 +02:00,13540.99,14798.76
19.10.2023 01:00:00 +02:00,12846.84,14594.68
19.10.2023 02:00:00 +02:00,11938.22,14505.98
19.10.2023 03:00:00 +02:00,11649.59,14434.64
19.10.2023 04:00:00 +02:00,12001.06,14503.66
19.10.2023 05:00:00 +02:00,12601.99,14842.38
19.10.2023 06:00:00 +02:00,14345.12,15982.10
19.10.2023 07:00:00 +02:00,16560.87,17371.05
19.10.2023 08:00:00 +02:00,17442.99,17706.59
19.10.2023 09:00:00 +02:00,17544.95,17503.96
19.10.2023 10:00:00 +02:00,18295.84,17087.04
19.10.2023 11:00:00 +02:00,18423.44,17003.21
19.10.2023 12:00:00 +02:00,17380.90,16678.09
19.10.2023 13:00:00 +02:00,16978.26,16477.96
19.10.2023 14:00:00 +02:00,16204.61,16392.32
19.10.2023 15:00:00 +02:00,16938.37,16495.62
19.10.2023 16:00:00 +02:00,16886.36,16771.06
19.10.2023 17:00:00 +02:00,17380.48,16964.44
19.10.2023 18:00:00 +02:00,17630.97,17246.05
19.10.2023 19:00:00 +02:00,17195.90,17372.03
19.10.2023 20:00:00 +02:00,16738.63,17322.12
19.10.2023 21:00:00 +02:00,16408.07,17102.68
19.10.2023 22:00:00 +02:00,15640.20,16690.98
19.10.2023 23:00:00 +02:00,14805.13,16116.97
20.10.2023 00:00:00 +02:00,14062.78,15667.94
20.10.2023 01:00:00 +02:00,13766.88,15380.98
20.10.2023 02:00:00 +02:00,13558.00,15226.31
20.10.2023 03:00:00 +02:00,13465.99,15172.72
20.10.2023 04:00:00 +02:00,13371.22,15253.12
20.10.2023 05:00:00 +02:00,14271.19,15542.27
20.10.2023 06:00:00 +02:00,16030.29,16553.11
20.10.2023 07:00:00 +02:00,18211.68,17932.10
20.10.2023 08:00:00 +02:00,19133.67,18319.34
20.10.2023 09:00:00 +02:00,18736.67,18264.51
20.10.2023 10:00:00 +02:00,18938.91,18121.94
20.10.2023 11:00:00 +02:00,18595.41,17770.46
20.10.2023 12:00:00 +02:00,17755.07,17459.13
20.10.2023 13:00:00 +02:00,17111.19,17269.22
20.10.2023 14:00:00 +02:00,17365.93,17159.56
20.10.2023 15:00:00 +02:00,17172.38,17095.10
20.10.2023 16:00:00 +02:00,17525.53,17155.45
20.10.2023 17:00:00 +02:00,18136.57,17272.59
20.10.2023 18:00:00 +02:00,18560.65,17431.50
20.10.2023 19:00:00 +02:00,18277.82,17408.73
20.10.2023 20:00:00 +02:00,17519.69,17096.17
20.10.2023 21:00:00 +02:00,16696.70,16741.25
20.10.2023 22:00:00 +02:00,15893.15,16434.75
20.10.2023 23:00:00 +02:00,15025.55,16015.65
21.10.2023 00:00:00 +02:00,14473.35,15374.64
21.10.2023 01:00:00 +02:00,13907.71,15171.76
21.10.2023 02:00:00 +02:00,13230.37,14908.57
21.10.2023 03:00:00 +02:00,13394.91,14833.49
21.10.2023 04:00:00 +02:00,13300.60,14807.81
21.10.2023 05:00:00 +02:00,13372.24,14853.09
21.10.2023 06:00:00 +02:00,14498.76,15179.08
21.10.2023 07:00:00 +02:00,15633.48,15545.64
21.10.2023 08:00:00 +02:00,16170.56,16046.61
21.10.2023 09:00:00 +02:00,16546.26,16560.25
21.10.2023 10:00:00 +02:00,16145.63,16855.19
21.10.2023 11:00:00 +02:00,14929.48,16914.54
21.10.2023 12:00:00 +02:00,13603.48,16844.81
21.10.2023 13:00:00 +02:00,13099.19,16811.79
21.10.2023 14:00:00 +02:00,14032.18,16727.40
21.10.2023 15:00:00 +02:00,16459.88,16705.00
21.10.2023 16:00:00 +02:00,18479.31,16708.83
21.10.2023 17:00:00 +02:00,20376.76,16917.95
21.10.2023 18:00:00 +02:00,20915.01,17073.90
21.10.2023 19:00:00 +02:00,20451.54,16882.97
21.10.2023 20:00:00 +02:00,19939.19,16474.81
21.10.2023 21:00:00 +02:00,19189.34,16062.35
21.10.2023 22:00:00 +02:00,18196.18,15675.40
21.10.2023 23:00:00 +02:00,17144.51,15316.50
22.10.2023 00:00:00 +02:00,15449.69,14997.56
22.10.2023 01:00:00 +02:00,14364.55,14753.70
22.10.2023 02:00:00 +02:00,13698.21,14575.67
22.10.2023 03:00:00 +02:00,13228.58,14476.11
22.10.2023 04:00:00 +02:00,13181.11,14391.74
22.10.2023 05:00:00 +02:00,13854.16,14351.13
22.10.2023 06:00:00 +02:00,14935.14,14480.60
22.10.2023 07:00:00 +02:00,16952.62,14773.22
22.10.2023 08:00:00 +02:00,18109.84,15111.48
22.10.2023 09:00:00 +02:00,18846.81,15522.81
22.10.2023 10:00:00 +02:00,19112.74,15792.80
22.10.2023 11:00:00 +02:00,19202.28,15863.19
22.10.2023 12:00:00 +02:00,18323.03,15811.60
22.10.2023 13:00:00 +02:00,16593.92,15783.35
22.10.2023 14:00:00 +02:00,16960.14,15776.40
22.10.2023 15:00:00 +02:00,19023.54,15822.54
22.10.2023 16:00:00 +02:00,20342.59,15913.29
22.10.2023 17:00:00 +02:00,21932.92,16024.75
22.10.2023 18:00:00 +02:00,22697.90,16308.05
22.10.2023 19:00:00 +02:00,22480.23,16317.79
22.10.2023 20:00:00 +02:00,21678.36,16241.18
22.10.2023 21:00:00 +02:00,20854.20,15949.38
22.10.2023 22:00:00 +02:00,20100.30,15522.88
22.10.2023 23:00:00 +02:00,19501.00,15013.91
23.10.2023 00:00:00 +02:00,19259.48,14534.03
23.10.2023 01:00:00 +02:00,18970.32,14194.28
23.10.2023 02:00:00 +02:00,18762.78,14030.55
23.10.2023 03:00:00 +02:00,18523.57,13939.85
23.10.2023 04:00:00 +02:00,18588.89,14007.66
23.10.2023 05:00:00 +02:00,19045.43,14380.16
23.10.2023 06:00:00 +02:00,21117.90,15405.75
23.10.2023 07:00:00 +02:00,23019.13,16595.29
23.10.2023 08:00:00 +02:00,23196.72,16912.92
23.10.2023 09:00:00 +02:00,23207.85,16831.56
23.10.2023 10:00:00 +02:00,23008.70,16668.35
23.10.2023 11:00:00 +02:00,22476.25,16472.90
23.10.2023 12:00:00 +02:00,22547.75,16391.72
23.10.2023 13:00:00 +02:00,22469.64,16207.45
23.10.2023 14:00:00 +02:00,22489.87,16150.77
23.10.2023 15:00:00 +02:00,22445.95,16235.14
23.10.2023 16:00:00 +02:00,22873.77,16322.73
23.10.2023 17:00:00 +02:00,23145.40,16333.07
23.10.2023 18:00:00 +02:00,23203.81,16421.76
23.10.2023 19:00:00 +02:00,22507.54,16376.35
23.10.2023 20:00:00 +02:00,21445.38,16220.00
23.10.2023 21:00:00 +02:00,21043.40,15952.36
23.10.2023 22:00:00 +02:00,20604.72,15555.83
23.10.2023 23:00:00 +02:00,20095.30,15012.19
24.10.2023 00:00:00 +02:00,19471.81,14439.80
24.10.2023 01:00:00 +02:00,19135.58,14098.10
24.10.2023 02:00:00 +02:00,18964.49,13850.00
24.10.2023 03:00:00 +02:00,18505.26,13767.69
24.10.2023 04:00:00 +02:00,18142.45,13899.64
24.10.2023 05:00:00 +02:00,18381.37,14238.82
24.10.2023 06:00:00 +02:00,19736.49,15222.69
24.10.2023 07:00:00 +02:00,21198.97,16412.36
24.10.2023 08:00:00 +02:00,21215.33,16681.54
24.10.2023 09:00:00 +02:00,20715.94,16514.49
24.10.2023 10:00:00 +02:00,19964.96,16113.33
24.10.2023 11:00:00 +02:00,19217.26,16224.48
24.10.2023 12:00:00 +02:00,18477.55,16072.69
24.10.2023 13:00:00 +02:00,19052.74,16009.32
24.10.2023 14:00:00 +02:00,19136.11,15967.22
24.10.2023 15:00:00 +02:00,19119.83,16022.21
24.10.2023 16:00:00 +02:00,19382.50,16235.06
24.10.2023 17:00:00 +02:00,20562.69,16295.46
24.10.2023 18:00:00 +02:00,20621.65,16394.91
24.10.2023 19:00:00 +02:00,20275.83,16307.90
24.10.2023 20:00:00 +02:00,19687.86,16179.98
24.10.2023 21:00:00 +02:00,19137.97,15910.05
24.10.2023 22:00:00 +02:00,19048.90,15473.12
24.10.2023 23:00:00 +02:00,18372.47,14881.53
25.10.2023 00:00:00 +02:00,16805.73,14382.97
25.10.2023 01:00:00 +02:00,16399.63,14125.59
25.10.2023 02:00:00 +02:00,16194.44,14060.22
25.10.2023 03:00:00 +02:00,16104.07,14051.85
25.10.2023 04:00:00 +02:00,16364.84,14091.74
25.10.2023 05:00:00 +02:00,17305.47,14460.44
25.10.2023 06:00:00 +02:00,19423.13,15503.70
25.10.2023 07:00:00 +02:00,21893.23,16895.91
25.10.2023 08:00:00 +02:00,21839.59,17278.67
25.10.2023 09:00:00 +02:00,21622.17,17167.62
25.10.2023 10:00:00 +02:00,21323.75,16936.82
25.10.2023 11:00:00 +02:00,21273.21,16744.54
25.10.2023 12:00:00 +02:00,21365.48,16656.20
25.10.2023 13:00:00 +02:00,21346.30,16607.76
25.10.2023 14:00:00 +02:00,21225.10,16583.33
25.10.2023 15:00:00 +02:00,21693.00,16777.38
25.10.2023 16:00:00 +02:00,21442.00,16982.39
25.10.2023 17:00:00 +02:00,22094.09,17002.74
25.10.2023 18:00:00 +02:00,22038.12,17103.92
25.10.2023 19:00:00 +02:00,21345.50,17013.27
25.10.2023 20:00:00 +02:00,20984.19,16918.95
25.10.2023 21:00:00 +02:00,21193.54,16592.36
25.10.2023 22:00:00 +02:00,20795.95,16149.24
25.10.2023 23:00:00 +02:00,19176.06,15558.38
26.10.2023 00:00:00 +02:00,17852.88,15053.79
26.10.2023 01:00:00 +02:00,17554.59,14744.79
26.10.2023 02:00:00 +02:00,17388.32,14571.61
26.10.2023 03:00:00 +02:00,16848.84,14456.92
26.10.2023 04:00:00 +02:00,17117.12,14538.49
26.10.2023 05:00:00 +02:00,17994.64,14808.63
26.10.2023 06:00:00 +02:00,19872.30,15949.25
26.10.2023 07:00:00 +02:00,21474.24,17226.89
26.10.2023 08:00:00 +02:00,21300.73,17577.73
26.10.2023 09:00:00 +02:00,21658.21,17378.67
26.10.2023 10:00:00 +02:00,22757.44,16993.28
26.10.2023 11:00:00 +02:00,23156.80,16998.04
26.10.2023 12:00:00 +02:00,23090.05,16873.42
26.10.2023 13:00:00 +02:00,23127.57,16801.12
26.10.2023 14:00:00 +02:00,22494.67,16780.23
26.10.2023 15:00:00 +02:00,23299.10,16949.23
26.10.2023 16:00:00 +02:00,23255.57,17108.43
26.10.2023 17:00:00 +02:00,23789.77,17223.37
26.10.2023 18:00:00 +02:00,23668.94,17399.32
26.10.2023 19:00:00 +02:00,23202.03,17334.01
26.10.2023 20:00:00 +02:00,22703.95,17224.02
26.10.2023 21:00:00 +02:00,22463.50,17003.60
26.10.2023 22:00:00 +02:00,21519.74,16596.69
26.10.2023 23:00:00 +02:00,20764.38,16013.74
27.10.2023 00:00:00 +02:00,20606.46,15443.78
27.10.2023 01:00:00 +02:00,20195.12,15086.88
27.10.2023 02:00:00 +02:00,19906.99,14946.31
27.10.2023 03:00:00 +02:00,19733.81,14855.44
27.10.2023 04:00:00 +02:00,19825.59,14941.98
27.10.2023 05:00:00 +02:00,20664.21,15273.95
27.10.2023 06:00:00 +02:00,22203.97,16348.87
27.10.2023 07:00:00 +02:00,23989.88,17646.85
27.10.2023 08:00:00 +02:00,24190.09,18094.89
27.10.2023 09:00:00 +02:00,24200.83,17936.39
27.10.2023 10:00:00 +02:00,24330.06,17927.73
27.10.2023 11:00:00 +02:00,23943.36,17737.76
27.10.2023 12:00:00 +02:00,23802.29,17549.48
27.10.2023 13:00:00 +02:00,23852.05,17401.43
27.10.2023 14:00:00 +02:00,23782.50,17392.62
27.10.2023 15:00:00 +02:00,23939.05,17379.94
27.10.2023 16:00:00 +02:00,24206.22,17438.19
27.10.2023 17:00:00 +02:00,24322.14,17421.12
27.10.2023 18:00:00 +02:00,24506.95,17466.74
27.10.2023 19:00:00 +02:00,23892.64,17346.10
27.10.2023 20:00:00 +02:00,23224.10,17075.54
27.10.2023 21:00:00 +02:00,22511.74,16659.64
27.10.2023 22:00:00 +02:00,21865.63,16248.87
27.10.2023 23:00:00 +02:00,20980.92,15844.99
28.10.2023 00:00:00 +02:00,20431.79,15463.66
28.10.2023 01:00:00 +02:00,19596.35,15152.10
28.10.2023 02:00:00 +02:00,18400.73,14985.38
28.10.2023 03:00:00 +02:00,16772.71,14893.81
28.10.2023 04:00:00 +02:00,17514.95,14827.64
28.10.2023 05:00:00 +02:00,17960.34,14871.63
28.10.2023 06:00:00 +02:00,18901.38,15109.12
28.10.2023 07:00:00 +02:00,20656.37,15510.67
28.10.2023 08:00:00 +02:00,21305.98,16069.71
28.10.2023 09:00:00 +02:00,21792.08,16564.75
28.10.2023 10:00:00 +02:00,21997.15,16865.42
28.10.2023 11:00:00 +02:00,20813.13,16835.14
28.10.2023 12:00:00 +02:00,19394.74,16622.50
28.10.2023 13:00:00 +02:00,19026.77,16560.37
28.10.2023 14:00:00 +02:00,20143.64,16472.21
28.10.2023 15:00:00 +02:00,21588.68,16428.51
28.10.2023 16:00:00 +02:00,22325.94,16652.38
28.10.2023 17:00:00 +02:00,22164.49,16932.16
28.10.2023 18:00:00 +02:00,22365.55,17131.14
28.10.2023 19:00:00 +02:00,22920.60,16975.72
28.10.2023 20:00:00 +02:00,21898.83,16689.81
28.10.2023 21:00:00 +02:00,19837.92,16375.20
28.10.2023 22:00:00 +02:00,17301.63,16048.36
28.10.2023 23:00:00 +02:00,14486.41,15742.17
29.10.2023 00:00:00 +02:00,12667.83,15525.78
29.10.2023 01:00:00 +02:00,11107.96,15321.65
29.10.2023 02:00:00 +02:00,9900.30,15224.20
29.10.2023 02:00:00 +01:00,9646.86,15176.95
29.10.2023 03:00:00 +01:00,9297.29,15201.30
29.10.2023 04:00:00 +01:00,9310.79,15243.69
29.10.2023 05:00:00 +01:00,9630.28,15303.36
29.10.2023 06:00:00 +01:00,9689.41,15488.93
29.10.2023 07:00:00 +01:00,9943.23,15835.44
29.10.2023 08:00:00 +01:00,10834.32,16235.54
29.10.2023 09:00:00 +01:00,11312.87,16619.68
29.10.2023 10:00:00 +01:00,11476.16,16750.18
29.10.2023 11:00:00 +01:00,11500.51,16700.12
29.10.2023 12:00:00 +01:00,11722.37,16613.72
29.10.2023 13:00:00 +01:00,11689.30,16587.55
29.10.2023 14:00:00 +01:00,12161.66,16611.41
29.10.2023 15:00:00 +01:00,14331.25,16692.42
29.10.2023 16:00:00 +01:00,16638.64,16978.64
29.10.2023 17:00:00 +01:00,18445.26,17287.34
29.10.2023 18:00:00 +01:00,18145.13,17346.49
29.10.2023 19:00:00 +01:00,17637.82,17372.99
29.10.2023 20:00:00 +01:00,16171.19,17266.06
29.10.2023 21:00:00 +01:00,14614.84,17017.51
29.10.2023 22:00:00 +01:00,14040.60,16629.29
29.10.2023 23:00:00 +01:00,12977.49,16241.02
30.10.2023 00:00:00 +01:00,11647.31,15956.04
30.10.2023 01:00:00 +01:00,10619.66,15787.96
30.10.2023 02:00:00 +01:00,10397.29,15726.31
30.10.2023 03:00:00 +01:00,10231.17,15712.15
30.10.2023 04:00:00 +01:00,11273.01,15806.30
30.10.2023 05:00:00 +01:00,13545.40,16202.89
30.10.2023 06:00:00 +01:00,17554.73,17306.80
30.10.2023 07:00:00 +01:00,21331.43,18613.31
30.10.2023 08:00:00 +01:00,21864.69,18906.10
30.10.2023 09:00:00 +01:00,21709.08,18865.87
30.10.2023 10:00:00 +01:00,20785.48,18618.33
30.10.2023 11:00:00 +01:00,20468.15,18482.39
30.10.2023 12:00:00 +01:00,20210.77,18479.48
30.10.2023 13:00:00 +01:00,20319.27,18441.09
30.10.2023 14:00:00 +01:00,21426.37,18450.34
30.10.2023 15:00:00 +01:00,22589.97,18501.15
30.10.2023 16:00:00 +01:00,23719.69,18726.63
30.10.2023 17:00:00 +01:00,24477.79,18825.62
30.10.2023 18:00:00 +01:00,24172.99,18660.13
30.10.2023 19:00:00 +01:00,23848.03,18548.42
30.10.2023 20:00:00 +01:00,22751.14,18399.82
30.10.2023 21:00:00 +01:00,22103.45,18040.57
30.10.2023 22:00:00 +01:00,21698.08,17553.18
30.10.2023 23:00:00 +01:00,21184.29,17020.54
31.10.2023 00:00:00 +01:00,20941.04,16559.67
31.10.2023 01:00:00 +01:00,20460.47,16252.59
31.10.2023 02:00:00 +01:00,19619.82,16146.05
31.10.2023 03:00:00 +01:00,18710.16,16110.40
31.10.2023 04:00:00 +01:00,18686.02,16195.84
31.10.2023 05:00:00 +01:00,19433.37,16638.66
31.10.2023 06:00:00 +01:00,20700.33,17778.22
31.10.2023 07:00:00 +01:00,22115.84,18867.94
31.10.2023 08:00:00 +01:00,21912.37,18933.70
31.10.2023 09:00:00 +01:00,21567.60,18640.37
31.10.2023 10:00:00 +01:00,20466.26,17871.69
31.10.2023 11:00:00 +01:00,19856.83,18266.48
31.10.2023 12:00:00 +01:00,19640.56,18257.55
31.10.2023 13:00:00 +01:00,19570.35,18264.24
31.10.2023 14:00:00 +01:00,20085.13,18293.39
31.10.2023 15:00:00 +01:00,20281.97,18383.18
31.10.2023 16:00:00 +01:00,20744.58,18484.51
31.10.2023 17:00:00 +01:00,21505.25,18484.76
31.10.2023 18:00:00 +01:00,22062.28,18446.92
31.10.2023 19:00:00 +01:00,22258.88,18456.05
31.10.2023 20:00:00 +01:00,22364.23,18354.11
31.10.2023 21:00:00 +01:00,21452.64,17988.94
31.10.2023 22:00:00 +01:00,20729.26,17441.18
31.10.2023 23:00:00 +01:00,20120.61,16985.70
01.11.2023 00:00:00 +01:00,18796.28,16484.18
01.11.2023 01:00:00 +01:00,17318.25,16127.04
01.11.2023 02:00:00 +01:00,16002.94,15958.00
01.11.2023 03:00:00 +01:00,15843.75,15987.26
01.11.2023 04:00:00 +01:00,16045.76,16040.48
01.11.2023 05:00:00 +01:00,17209.50,16410.74
01.11.2023 06:00:00 +01:00,19986.03,17596.33
01.11.2023 07:00:00 +01:00,22175.64,18802.43
01.11.2023 08:00:00 +01:00,21707.33,18846.47
01.11.2023 09:00:00 +01:00,19597.88,18639.06
01.11.2023 10:00:00 +01:00,17956.71,18416.87
01.11.2023 11:00:00 +01:00,16802.20,18329.34
01.11.2023 12:00:00 +01:00,17111.12,18274.32
01.11.2023 13:00:00 +01:00,17561.71,18338.24
01.11.2023 14:00:00 +01:00,18728.23,18354.46
01.11.2023 15:00:00 +01:00,20700.49,18532.52
01.11.2023 16:00:00 +01:00,21692.45,18872.66
01.11.2023 17:00:00 +01:00,22148.95,18959.56
01.11.2023 18:00:00 +01:00,21569.20,18942.43
01.11.2023 19:00:00 +01:00,19972.17,18866.22
01.11.2023 20:00:00 +01:00,17745.29,18696.02
01.11.2023 21:00:00 +01:00,16471.52,18437.38
01.11.2023 22:00:00 +01:00,15787.31,17939.15
01.11.2023 23:00:00 +01:00,13996.14,17339.20
02.11.2023 00:00:00 +01:00,12717.07,16885.94
02.11.2023 01:00:00 +01:00,11821.36,16540.81
02.11.2023 02:00:00 +01:00,10812.57,16342.31
02.11.2023 03:00:00 +01:00,9990.87,16297.30
02.11.2023 04:00:00 +01:00,9892.54,16290.44
02.11.2023 05:00:00 +01:00,12538.04,16610.43
02.11.2023 06:00:00 +01:00,16082.68,17532.17
02.11.2023 07:00:00 +01:00,19479.84,18732.43
02.11.2023 08:00:00 +01:00,20688.93,18771.57
02.11.2023 09:00:00 +01:00,19546.80,18690.77
02.11.2023 10:00:00 +01:00,18300.44,18586.91
02.11.2023 11:00:00 +01:00,18662.76,18622.35
02.11.2023 12:00:00 +01:00,18678.93,18221.80
02.11.2023 13:00:00 +01:00,18987.43,18501.31
02.11.2023 14:00:00 +01:00,19801.82,18465.27
02.11.2023 15:00:00 +01:00,19969.08,18539.31
02.11.2023 16:00:00 +01:00,20279.13,18807.07
02.11.2023 17:00:00 +01:00,20401.81,18714.57
02.11.2023 18:00:00 +01:00,19283.48,18401.61
02.11.2023 19:00:00 +01:00,18710.30,18301.75
02.11.2023 20:00:00 +01:00,17267.37,18066.27
02.11.2023 21:00:00 +01:00,16309.56,17611.25
02.11.2023 22:00:00 +01:00,15971.60,17047.74
02.11.2023 23:00:00 +01:00,14626.79,16414.56
03.11.2023 00:00:00 +01:00,13069.12,15899.95
03.11.2023 01:00:00 +01:00,10448.30,15650.42
03.11.2023 02:00:00 +01:00,9625.97,15452.79
03.11.2023 03:00:00 +01:00,9436.26,15378.80
03.11.2023 04:00:00 +01:00,9627.46,15348.76
03.11.2023 05:00:00 +01:00,12685.78,15590.57
03.11.2023 06:00:00 +01:00,15988.14,16466.88
03.11.2023 07:00:00 +01:00,18419.77,17636.08
03.11.2023 08:00:00 +01:00,19335.53,17934.02
03.11.2023 09:00:00 +01:00,19551.77,17952.92
03.11.2023 10:00:00 +01:00,19604.28,18019.70
03.11.2023 11:00:00 +01:00,18919.58,17970.75
03.11.2023 12:00:00 +01:00,18833.17,17889.22
03.11.2023 13:00:00 +01:00,18835.59,17802.80
03.11.2023 14:00:00 +01:00,19039.04,17813.67
03.11.2023 15:00:00 +01:00,19472.47,17812.23
03.11.2023 16:00:00 +01:00,20795.98,17975.73
03.11.2023 17:00:00 +01:00,21229.01,17866.75
03.11.2023 18:00:00 +01:00,21618.28,17675.06
03.11.2023 19:00:00 +01:00,20480.08,17313.07
03.11.2023 20:00:00 +01:00,19545.57,16901.28
03.11.2023 21:00:00 +01:00,18797.82,16456.32
03.11.2023 22:00:00 +01:00,16966.23,15923.57
03.11.2023 23:00:00 +01:00,14798.00,15590.41
04.11.2023 00:00:00 +01:00,11851.22,15119.47
04.11.2023 01:00:00 +01:00,10798.09,14827.84
04.11.2023 02:00:00 +01:00,10607.85,14687.92
04.11.2023 03:00:00 +01:00,10394.24,14619.58
04.11.2023 04:00:00 +01:00,10055.59,14631.58
04.11.2023 05:00:00 +01:00,9769.12,14656.12
04.11.2023 06:00:00 +01:00,10241.70,14804.84
04.11.2023 07:00:00 +01:00,10756.26,15183.59
04.11.2023 08:00:00 +01:00,11489.74,15602.64
04.11.2023 09:00:00 +01:00,12239.35,16120.97
04.11.2023 10:00:00 +01:00,12973.62,16435.11
04.11.2023 11:00:00 +01:00,12828.21,16483.65
04.11.2023 12:00:00 +01:00,12841.85,16440.16
04.11.2023 13:00:00 +01:00,13068.41,16424.38
04.11.2023 14:00:00 +01:00,13017.75,16383.02
04.11.2023 15:00:00 +01:00,13415.40,16467.07
04.11.2023 16:00:00 +01:00,13606.96,16716.58
04.11.2023 17:00:00 +01:00,14577.66,16902.46
04.11.2023 18:00:00 +01:00,14632.98,16783.47
04.11.2023 19:00:00 +01:00,13516.70,16534.66
04.11.2023 20:00:00 +01:00,12445.74,16155.04
04.11.2023 21:00:00 +01:00,12181.06,15848.34
04.11.2023 22:00:00 +01:00,12144.11,15531.04
04.11.2023 23:00:00 +01:00,11247.89,15247.58
05.11.2023 00:00:00 +01:00,10873.24,14898.11
05.11.2023 01:00:00 +01:00,10300.84,14664.41
05.11.2023 02:00:00 +01:00,9918.90,14531.83
05.11.2023 03:00:00 +01:00,9885.37,14452.14
05.11.2023 04:00:00 +01:00,10134.15,14404.60
05.11.2023 05:00:00 +01:00,10179.25,14428.27
05.11.2023 06:00:00 +01:00,10334.37,14574.46
05.11.2023 07:00:00 +01:00,10793.34,14787.72
05.11.2023 08:00:00 +01:00,11901.95,15089.21
05.11.2023 09:00:00 +01:00,12876.08,15564.57
05.11.2023 10:00:00 +01:00,13481.24,15892.17
05.11.2023 11:00:00 +01:00,13782.38,15964.48
05.11.2023 12:00:00 +01:00,13684.72,15998.95
05.11.2023 13:00:00 +01:00,13858.40,16042.99
05.11.2023 14:00:00 +01:00,14601.37,16109.90
05.11.2023 15:00:00 +01:00,16144.25,16279.92
05.11.2023 16:00:00 +01:00,18181.51,16569.05
05.11.2023 17:00:00 +01:00,20344.48,16632.02
05.11.2023 18:00:00 +01:00,19858.91,16574.20
05.11.2023 19:00:00 +01:00,18713.08,16500.24
05.11.2023 20:00:00 +01:00,16504.83,16392.15
05.11.2023 21:00:00 +01:00,14965.40,16146.30
05.11.2023 22:00:00 +01:00,13958.67,15783.62
05.11.2023 23:00:00 +01:00,12951.30,15339.66
06.11.2023 00:00:00 +01:00,12015.72,14896.48
06.11.2023 01:00:00 +01:00,11063.54,14714.42
06.11.2023 02:00:00 +01:00,10469.06,14553.40
06.11.2023 03:00:00 +01:00,9978.64,14414.33
06.11.2023 04:00:00 +01:00,10648.73,14413.05
06.11.2023 05:00:00 +01:00,12984.16,14816.98
06.11.2023 06:00:00 +01:00,17213.37,15912.61
06.11.2023 07:00:00 +01:00,20815.58,17193.19
06.11.2023 08:00:00 +01:00,21617.73,17543.31
06.11.2023 09:00:00 +01:00,20166.52,17449.19
06.11.2023 10:00:00 +01:00,17411.55,17322.14
06.11.2023 11:00:00 +01:00,16393.05,17181.32
06.11.2023 12:00:00 +01:00,16647.27,16985.42
06.11.2023 13:00:00 +01:00,19030.12,17010.62
06.11.2023 14:00:00 +01:00,20830.52,17024.93
06.11.2023 15:00:00 +01:00,21856.50,17183.81
06.11.2023 16:00:00 +01:00,21959.52,17470.17
06.11.2023 17:00:00 +01:00,22231.94,17435.58
06.11.2023 18:00:00 +01:00,22295.36,17276.64
06.11.2023 19:00:00 +01:00,21688.94,17091.78
06.11.2023 20:00:00 +01:00,20884.09,16972.69
06.11.2023 21:00:00 +01:00,20137.20,16662.06
06.11.2023 22:00:00 +01:00,19192.81,16326.10
06.11.2023 23:00:00 +01:00,18301.25,15753.57
07.11.2023 00:00:00 +01:00,17397.31,15196.11
07.11.2023 01:00:00 +01:00,17058.70,14901.31
07.11.2023 02:00:00 +01:00,16312.16,14769.76
07.11.2023 03:00:00 +01:00,15831.90,14698.25
07.11.2023 04:00:00 +01:00,16179.21,14706.63
07.11.2023 05:00:00 +01:00,17661.95,15011.47
07.11.2023 06:00:00 +01:00,19573.83,15974.47
07.11.2023 07:00:00 +01:00,21175.90,17151.76
07.11.2023 08:00:00 +01:00,21371.10,17364.69
07.11.2023 09:00:00 +01:00,21412.76,17213.22
07.11.2023 10:00:00 +01:00,20840.40,16559.00
07.11.2023 11:00:00 +01:00,20504.43,16722.68
07.11.2023 12:00:00 +01:00,20356.19,16791.67
07.11.2023 13:00:00 +01:00,20790.40,16835.28
07.11.2023 14:00:00 +01:00,20943.18,16810.06
07.11.2023 15:00:00 +01:00,21743.61,17000.01
07.11.2023 16:00:00 +01:00,22746.26,17477.97
07.11.2023 17:00:00 +01:00,23357.07,17528.18
07.11.2023 18:00:00 +01:00,22795.81,17351.74
07.11.2023 19:00:00 +01:00,22178.92,17243.13
07.11.2023 20:00:00 +01:00,21603.73,17124.56
07.11.2023 21:00:00 +01:00,20849.77,16906.76
07.11.2023 22:00:00 +01:00,19753.48,16563.74
07.11.2023 23:00:00 +01:00,18492.42,16032.30
08.11.2023 00:00:00 +01:00,17252.93,15632.73
08.11.2023 01:00:00 +01:00,17142.03,15303.21
08.11.2023 02:00:00 +01:00,16411.05,15188.37
08.11.2023 03:00:00 +01:00,15393.43,15104.58
08.11.2023 04:00:00 +01:00,15787.10,15154.18
08.11.2023 05:00:00 +01:00,17227.16,15414.29
08.11.2023 06:00:00 +01:00,20016.05,16426.67
08.11.2023 07:00:00 +01:00,21762.40,17673.33
08.11.2023 08:00:00 +01:00,22309.95,17745.62
08.11.2023 09:00:00 +01:00,22236.45,17690.25
08.11.2023 10:00:00 +01:00,21709.48,17611.34
08.11.2023 11:00:00 +01:00,20654.99,17570.38
08.11.2023 12:00:00 +01:00,20460.52,17404.26
08.11.2023 13:00:00 +01:00,20195.70,17348.80
08.11.2023 14:00:00 +01:00,21627.05,17263.67
08.11.2023 15:00:00 +01:00,22850.14,17453.32
08.11.2023 16:00:00 +01:00,23777.12,17840.56
08.11.2023 17:00:00 +01:00,23803.38,17673.86
08.11.2023 18:00:00 +01:00,23342.72,17725.82
08.11.2023 19:00:00 +01:00,21882.12,17549.08
08.11.2023 20:00:00 +01:00,20164.96,17496.15
08.11.2023 21:00:00 +01:00,19219.08,17268.65
08.11.2023 22:00:00 +01:00,18640.24,16857.73
08.11.2023 23:00:00 +01:00,17397.70,16246.54
09.11.2023 00:00:00 +01:00,17065.21,15731.31
09.11.2023 01:00:00 +01:00,17156.02,15406.34
09.11.2023 02:00:00 +01:00,17597.99,15249.39
09.11.2023 03:00:00 +01:00,17836.88,15189.27
09.11.2023 04:00:00 +01:00,18555.58,15261.52
09.11.2023 05:00:00 +01:00,19674.57,15587.13
09.11.2023 06:00:00 +01:00,21461.99,16556.54
09.11.2023 07:00:00 +01:00,23066.48,17828.23
09.11.2023 08:00:00 +01:00,22824.41,18124.35
09.11.2023 09:00:00 +01:00,22417.94,18059.27
09.11.2023 10:00:00 +01:00,22524.75,17605.33
09.11.2023 11:00:00 +01:00,22093.53,17762.77
09.11.2023 12:00:00 +01:00,22226.26,17639.38
09.11.2023 13:00:00 +01:00,22559.41,17540.43
09.11.2023 14:00:00 +01:00,23390.35,17552.88
09.11.2023 15:00:00 +01:00,24340.49,17721.22
09.11.2023 16:00:00 +01:00,24665.86,18065.01
09.11.2023 17:00:00 +01:00,25127.92,18026.77
09.11.2023 18:00:00 +01:00,24725.64,17900.36
09.11.2023 19:00:00 +01:00,24169.84,17716.67
09.11.2023 20:00:00 +01:00,23596.73,17582.56
09.11.2023 21:00:00 +01:00,22652.50,17284.70
09.11.2023 22:00:00 +01:00,21323.20,16797.92
09.11.2023 23:00:00 +01:00,19618.56,16226.04
10.11.2023 00:00:00 +01:00,17403.88,15710.36
10.11.2023 01:00:00 +01:00,16328.70,15392.25
10.11.2023 02:00:00 +01:00,15080.66,15209.06
10.11.2023 03:00:00 +01:00,14888.87,15116.17
10.11.2023 04:00:00 +01:00,15785.66,15182.64
10.11.2023 05:00:00 +01:00,17677.98,15481.52
10.11.2023 06:00:00 +01:00,20968.20,16487.63
10.11.2023 07:00:00 +01:00,23053.72,17759.67
10.11.2023 08:00:00 +01:00,23630.22,18090.28
10.11.2023 09:00:00 +01:00,23489.31,18077.62
10.11.2023 10:00:00 +01:00,23132.45,17978.46
10.11.2023 11:00:00 +01:00,23011.92,17789.73
10.11.2023 12:00:00 +01:00,22718.40,17791.51
10.11.2023 13:00:00 +01:00,22658.23,17765.27
10.11.2023 14:00:00 +01:00,23473.78,17725.62
10.11.2023 15:00:00 +01:00,24086.27,17815.10
10.11.2023 16:00:00 +01:00,24182.55,18046.25
10.11.2023 17:00:00 +01:00,23941.32,18080.86
10.11.2023 18:00:00 +01:00,23666.49,17896.83
10.11.2023 19:00:00 +01:00,23011.98,17629.70
10.11.2023 20:00:00 +01:00,22553.98,17305.68
10.11.2023 21:00:00 +01:00,22435.49,16876.49
10.11.2023 22:00:00 +01:00,21833.35,16492.66
10.11.2023 23:00:00 +01:00,21059.15,16117.15
11.11.2023 00:00:00 +01:00,20261.44,15710.76
11.11.2023 01:00:00 +01:00,20197.74,15436.01
11.11.2023 02:00:00 +01:00,19889.56,15235.97
11.11.2023 03:00:00 +01:00,19822.63,15179.26
11.11.2023 04:00:00 +01:00,19795.32,15169.75
11.11.2023 05:00:00 +01:00,19937.76,15180.23
11.11.2023 06:00:00 +01:00,20504.33,15399.48
11.11.2023 07:00:00 +01:00,20882.03,15842.09
11.11.2023 08:00:00 +01:00,21326.97,16345.04
11.11.2023 09:00:00 +01:00,21720.82,16866.43
11.11.2023 10:00:00 +01:00,21741.81,17138.37
11.11.2023 11:00:00 +01:00,21759.04,17114.65
11.11.2023 12:00:00 +01:00,21774.15,17040.97
11.11.2023 13:00:00 +01:00,21477.01,17007.98
11.11.2023 14:00:00 +01:00,21401.53,17010.85
11.11.2023 15:00:00 +01:00,22265.17,17183.16
11.11.2023 16:00:00 +01:00,22689.81,17554.02
11.11.2023 17:00:00 +01:00,23058.49,17759.45
11.11.2023 18:00:00 +01:00,22898.81,17640.69
11.11.2023 19:00:00 +01:00,22505.29,17394.83
11.11.2023 20:00:00 +01:00,21780.86,16994.04
11.11.2023 21:00:00 +01:00,21641.76,16707.71
11.11.2023 22:00:00 +01:00,21206.87,16370.22
11.11.2023 23:00:00 +01:00,20942.03,16161.69
12.11.2023 00:00:00 +01:00,20394.49,15864.12
12.11.2023 01:00:00 +01:00,19853.13,15695.92
12.11.2023 02:00:00 +01:00,19630.83,15513.70
12.11.2023 03:00:00 +01:00,19371.83,15452.39
12.11.2023 04:00:00 +01:00,19550.18,15433.98
12.11.2023 05:00:00 +01:00,19709.07,15454.49
12.11.2023 06:00:00 +01:00,19744.52,15659.75
12.11.2023 07:00:00 +01:00,19726.96,15981.69
12.11.2023 08:00:00 +01:00,20573.60,16372.05
12.11.2023 09:00:00 +01:00,21128.41,16803.96
12.11.2023 10:00:00 +01:00,21045.86,17042.58
12.11.2023 11:00:00 +01:00,20769.13,17087.90
12.11.2023 12:00:00 +01:00,20972.84,17037.96
12.11.2023 13:00:00 +01:00,21509.73,17127.53
12.11.2023 14:00:00 +01:00,22518.10,17253.14
12.11.2023 15:00:00 +01:00,22990.27,17401.41
12.11.2023 16:00:00 +01:00,23290.17,17720.20
12.11.2023 17:00:00 +01:00,23272.02,17757.41
12.11.2023 18:00:00 +01:00,23083.84,17724.74
12.11.2023 19:00:00 +01:00,23122.49,17737.27
12.11.2023 20:00:00 +01:00,22960.53,17730.77
12.11.2023 21:00:00 +01:00,22697.99,17531.35
12.11.2023 22:00:00 +01:00,22215.48,17143.44
12.11.2023 23:00:00 +01:00,21273.82,16710.91
13.11.2023 00:00:00 +01:00,20848.63,16346.28
13.11.2023 01:00:00 +01:00,20230.76,16094.03
13.11.2023 02:00:00 +01:00,19573.30,15978.78
13.11.2023 03:00:00 +01:00,19308.74,15981.99
13.11.2023 04:00:00 +01:00,19111.68,16121.24
13.11.2023 05:00:00 +01:00,19883.79,16599.20
13.11.2023 06:00:00 +01:00,21744.17,17748.57
13.11.2023 07:00:00 +01:00,24375.29,19037.95
13.11.2023 08:00:00 +01:00,24603.62,19224.12
13.11.2023 09:00:00 +01:00,24547.54,19156.37
13.11.2023 10:00:00 +01:00,24617.65,18954.81
13.11.2023 11:00:00 +01:00,24683.38,18696.75
13.11.2023 12:00:00 +01:00,24309.93,18588.80
13.11.2023 13:00:00 +01:00,23298.01,18707.14
13.11.2023 14:00:00 +01:00,22733.40,18769.98
13.11.2023 15:00:00 +01:00,22618.53,19018.29
13.11.2023 16:00:00 +01:00,22870.99,19448.96
13.11.2023 17:00:00 +01:00,22926.31,19510.18
13.11.2023 18:00:00 +01:00,22369.38,19325.82
13.11.2023 19:00:00 +01:00,21454.80,19150.13
13.11.2023 20:00:00 +01:00,20252.69,18986.72
13.11.2023 21:00:00 +01:00,18780.35,18676.07
13.11.2023 22:00:00 +01:00,17224.41,18228.90
13.11.2023 23:00:00 +01:00,15089.80,17715.29
14.11.2023 00:00:00 +01:00,13368.31,17182.40
14.11.2023 01:00:00 +01:00,13153.37,16855.28
14.11.2023 02:00:00 +01:00,12709.36,16621.06
14.11.2023 03:00:00 +01:00,12553.10,16564.57
14.11.2023 04:00:00 +01:00,12662.31,16594.85
14.11.2023 05:00:00 +01:00,13397.93,16902.88
14.11.2023 06:00:00 +01:00,15098.73,18069.55
14.11.2023 07:00:00 +01:00,19014.95,19340.86
14.11.2023 08:00:00 +01:00,20304.91,19625.96
14.11.2023 09:00:00 +01:00,20340.28,19532.22
14.11.2023 10:00:00 +01:00,20051.74,18909.03
14.11.2023 11:00:00 +01:00,20218.72,19261.27
14.11.2023 12:00:00 +01:00,20249.98,19088.34
14.11.2023 13:00:00 +01:00,20009.38,18990.62
14.11.2023 14:00:00 +01:00,20631.17,18974.60
14.11.2023 15:00:00 +01:00,21374.44,19175.52
14.11.2023 16:00:00 +01:00,22028.01,19591.21
14.11.2023 17:00:00 +01:00,22518.42,19510.30
14.11.2023 18:00:00 +01:00,22613.14,19359.62
14.11.2023 19:00:00 +01:00,22275.69,19193.25
14.11.2023 20:00:00 +01:00,22003.06,19048.42
14.11.2023 21:00:00 +01:00,22000.47,18709.27
14.11.2023 22:00:00 +01:00,21600.09,18258.56
14.11.2023 23:00:00 +01:00,20195.15,17592.59
15.11.2023 00:00:00 +01:00,19089.16,17196.46
15.11.2023 01:00:00 +01:00,18303.78,16901.63
15.11.2023 02:00:00 +01:00,18043.40,16764.87
15.11.2023 03:00:00 +01:00,17128.51,16672.54
15.11.2023 04:00:00 +01:00,18007.71,16684.89
15.11.2023 05:00:00 +01:00,19113.22,17029.29
15.11.2023 06:00:00 +01:00,22129.93,18059.42
15.11.2023 07:00:00 +01:00,23345.29,19315.96
15.11.2023 08:00:00 +01:00,22903.75,19639.72
15.11.2023 09:00:00 +01:00,22011.81,19576.18
15.11.2023 10:00:00 +01:00,22564.76,19358.89
15.11.2023 11:00:00 +01:00,22495.91,19296.61
15.11.2023 12:00:00 +01:00,22018.44,19295.53
15.11.2023 13:00:00 +01:00,22241.52,19258.96
15.11.2023 14:00:00 +01:00,22588.57,19326.63
15.11.2023 15:00:00 +01:00,22621.13,19344.82
15.11.2023 16:00:00 +01:00,22445.15,19718.61
15.11.2023 17:00:00 +01:00,22495.20,19581.30
15.11.2023 18:00:00 +01:00,22640.56,19269.30
15.11.2023 19:00:00 +01:00,23094.34,19143.49
15.11.2023 20:00:00 +01:00,23314.43,19031.36
15.11.2023 21:00:00 +01:00,22452.19,18924.09
15.11.2023 22:00:00 +01:00,22026.24,18538.00
15.11.2023 23:00:00 +01:00,21001.63,17975.19
16.11.2023 00:00:00 +01:00,20580.59,17512.76
16.11.2023 01:00:00 +01:00,19759.10,17258.30
16.11.2023 02:00:00 +01:00,18715.73,17139.52
16.11.2023 03:00:00 +01:00,18571.55,17082.58
16.11.2023 04:00:00 +01:00,19409.47,17085.55
16.11.2023 05:00:00 +01:00,20160.74,17465.64
16.11.2023 06:00:00 +01:00,22528.00,18450.75
16.11.2023 07:00:00 +01:00,23679.82,19642.94
16.11.2023 08:00:00 +01:00,23303.59,19978.70
16.11.2023 09:00:00 +01:00,23206.86,19899.97
16.11.2023 10:00:00 +01:00,23599.44,19843.88
16.11.2023 11:00:00 +01:00,23887.89,19637.17
16.11.2023 12:00:00 +01:00,23893.48,19423.92
16.11.2023 13:00:00 +01:00,23003.94,19418.68
16.11.2023 14:00:00 +01:00,22891.38,19508.37
16.11.2023 15:00:00 +01:00,23533.65,19653.47
16.11.2023 16:00:00 +01:00,24484.50,19928.56
16.11.2023 17:00:00 +01:00,24532.88,19815.33
16.11.2023 18:00:00 +01:00,24360.27,19587.88
16.11.2023 19:00:00 +01:00,25032.89,19397.25
16.11.2023 20:00:00 +01:00,25114.51,19249.41
16.11.2023 21:00:00 +01:00,24909.47,18945.00
16.11.2023 22:00:00 +01:00,23817.51,18440.83
16.11.2023 23:00:00 +01:00,23467.56,18022.97
17.11.2023 00:00:00 +01:00,23180.43,17627.22
17.11.2023 01:00:00 +01:00,22524.01,17322.02
17.11.2023 02:00:00 +01:00,22108.48,17185.61
17.11.2023 03:00:00 +01:00,21576.64,17074.43
17.11.2023 04:00:00 +01:00,21933.70,17100.50
17.11.2023 05:00:00 +01:00,22121.31,17396.94
17.11.2023 06:00:00 +01:00,23646.03,18289.78
17.11.2023 07:00:00 +01:00,24394.93,19597.82
17.11.2023 08:00:00 +01:00,24326.99,20041.91
17.11.2023 09:00:00 +01:00,24486.00,20005.99
17.11.2023 10:00:00 +01:00,24655.30,20017.22
17.11.2023 11:00:00 +01:00,24031.85,19864.23
17.11.2023 12:00:00 +01:00,23449.22,19705.77
17.11.2023 13:00:00 +01:00,23555.23,19607.68
17.11.2023 14:00:00 +01:00,23727.69,19594.55
17.11.2023 15:00:00 +01:00,24625.11,19648.74
17.11.2023 16:00:00 +01:00,25272.90,19838.44
17.11.2023 17:00:00 +01:00,25445.48,19831.44
17.11.2023 18:00:00 +01:00,25382.98,19592.83
17.11.2023 19:00:00 +01:00,25374.68,19285.64
17.11.2023 20:00:00 +01:00,25163.03,18969.86
17.11.2023 21:00:00 +01:00,24405.64,18600.43
17.11.2023 22:00:00 +01:00,23514.80,18305.44
17.11.2023 23:00:00 +01:00,23292.88,17976.99
18.11.2023 00:00:00 +01:00,23419.38,17699.98
18.11.2023 01:00:00 +01:00,23424.30,17473.29
18.11.2023 02:00:00 +01:00,22907.58,17297.59
18.11.2023 03:00:00 +01:00,22059.77,17270.87
18.11.2023 04:00:00 +01:00,21591.11,17301.09
18.11.2023 05:00:00 +01:00,21478.61,17342.43
18.11.2023 06:00:00 +01:00,21712.48,17603.48
18.11.2023 07:00:00 +01:00,22641.62,17971.43
18.11.2023 08:00:00 +01:00,23671.72,18478.75
18.11.2023 09:00:00 +01:00,24398.65,18991.52
18.11.2023 10:00:00 +01:00,24147.28,19286.24
18.11.2023 11:00:00 +01:00,23410.70,19278.75
18.11.2023 12:00:00 +01:00,23399.02,19140.13
18.11.2023 13:00:00 +01:00,23396.13,19027.58
18.11.2023 14:00:00 +01:00,23819.76,19027.76
18.11.2023 15:00:00 +01:00,24730.54,19236.96
18.11.2023 16:00:00 +01:00,24461.30,19596.89
18.11.2023 17:00:00 +01:00,24561.73,19593.71
18.11.2023 18:00:00 +01:00,23843.92,19399.41
18.11.2023 19:00:00 +01:00,22861.77,19295.15
18.11.2023 20:00:00 +01:00,21339.21,19028.64
18.11.2023 21:00:00 +01:00,19929.27,18659.06
18.11.2023 22:00:00 +01:00,19035.20,18366.74
18.11.2023 23:00:00 +01:00,16411.72,18072.32
19.11.2023 00:00:00 +01:00,14376.40,17853.55
19.11.2023 01:00:00 +01:00,13204.08,17617.87
19.11.2023 02:00:00 +01:00,12558.58,17479.28
19.11.2023 03:00:00 +01:00,12179.13,17422.49
19.11.2023 04:00:00 +01:00,12043.44,17408.58
19.11.2023 05:00:00 +01:00,12072.41,17441.39
19.11.2023 06:00:00 +01:00,12472.52,17591.94
19.11.2023 07:00:00 +01:00,13050.95,17785.49
19.11.2023 08:00:00 +01:00,13703.72,18096.63
19.11.2023 09:00:00 +01:00,15038.67,18539.85
19.11.2023 10:00:00 +01:00,15791.65,18865.47
19.11.2023 11:00:00 +01:00,16262.84,18942.19
19.11.2023 12:00:00 +01:00,16509.15,18931.25
19.11.2023 13:00:00 +01:00,16785.21,18982.53
19.11.2023 14:00:00 +01:00,17472.06,19096.41
19.11.2023 15:00:00 +01:00,18701.61,19316.72
19.11.2023 16:00:00 +01:00,20895.72,19544.17
19.11.2023 17:00:00 +01:00,22495.53,19478.03
19.11.2023 18:00:00 +01:00,22912.38,19311.46
19.11.2023 19:00:00 +01:00,22443.69,19262.08
19.11.2023 20:00:00 +01:00,20624.48,19107.97
19.11.2023 21:00:00 +01:00,20654.78,18777.49
19.11.2023 22:00:00 +01:00,21158.35,18417.90
19.11.2023 23:00:00 +01:00,20498.12,17952.58
20.11.2023 00:00:00 +01:00,18601.04,17555.28
20.11.2023 01:00:00 +01:00,17138.20,17268.94
20.11.2023 02:00:00 +01:00,16786.65,17139.42
20.11.2023 03:00:00 +01:00,16736.66,17065.25
20.11.2023 04:00:00 +01:00,18105.84,17180.25
20.11.2023 05:00:00 +01:00,21276.79,17527.54
20.11.2023 06:00:00 +01:00,24166.03,18707.72
20.11.2023 07:00:00 +01:00,24200.75,19861.79
20.11.2023 08:00:00 +01:00,23695.27,20263.46
20.11.2023 09:00:00 +01:00,23650.12,20175.65
20.11.2023 10:00:00 +01:00,23918.23,20098.36
20.11.2023 11:00:00 +01:00,23875.90,20022.99
20.11.2023 12:00:00 +01:00,23624.48,19879.56
20.11.2023 13:00:00 +01:00,23239.08,19727.50
20.11.2023 14:00:00 +01:00,23278.87,19775.12
20.11.2023 15:00:00 +01:00,23928.09,19981.42
20.11.2023 16:00:00 +01:00,24136.54,20156.55
20.11.2023 17:00:00 +01:00,24353.74,19612.52
20.11.2023 18:00:00 +01:00,24177.84,19662.28
20.11.2023 19:00:00 +01:00,24030.60,19554.61
20.11.2023 20:00:00 +01:00,23355.50,19374.33
20.11.2023 21:00:00 +01:00,23717.10,19088.91
20.11.2023 22:00:00 +01:00,23253.00,18588.35
20.11.2023 23:00:00 +01:00,22429.32,18041.53
21.11.2023 00:00:00 +01:00,21573.25,17514.35
21.11.2023 01:00:00 +01:00,21021.30,17243.16
21.11.2023 02:00:00 +01:00,20995.52,17087.85
21.11.2023 03:00:00 +01:00,20724.71,16976.06
21.11.2023 04:00:00 +01:00,21282.05,17034.57
21.11.2023 05:00:00 +01:00,21786.39,17462.83
21.11.2023 06:00:00 +01:00,22662.02,18534.54
21.11.2023 07:00:00 +01:00,23221.08,19960.73
21.11.2023 08:00:00 +01:00,23272.78,20349.43
21.11.2023 09:00:00 +01:00,23330.10,20240.85
21.11.2023 10:00:00 +01:00,23812.68,20144.46
21.11.2023 11:00:00 +01:00,24221.85,19964.60
21.11.2023 12:00:00 +01:00,23917.97,19805.17
21.11.2023 13:00:00 +01:00,23756.68,19795.56
21.11.2023 14:00:00 +01:00,23675.52,19897.13
21.11.2023 15:00:00 +01:00,23959.19,20056.51
21.11.2023 16:00:00 +01:00,24650.00,20262.53
21.11.2023 17:00:00 +01:00,24914.07,20124.68
21.11.2023 18:00:00 +01:00,24716.27,19862.45
21.11.2023 19:00:00 +01:00,24073.97,19657.84
21.11.2023 20:00:00 +01:00,23685.13,19446.68
21.11.2023 21:00:00 +01:00,24376.19,19232.71
21.11.2023 22:00:00 +01:00,24017.46,18728.34
21.11.2023 23:00:00 +01:00,23360.97,17952.68
22.11.2023 00:00:00 +01:00,22365.30,17407.69
22.11.2023 01:00:00 +01:00,21529.84,17030.89
22.11.2023 02:00:00 +01:00,21427.87,16836.95
22.11.2023 03:00:00 +01:00,21214.05,16728.14
22.11.2023 04:00:00 +01:00,21566.07,16770.74
22.11.2023 05:00:00 +01:00,22489.62,17062.59
22.11.2023 06:00:00 +01:00,23546.45,18011.05
22.11.2023 07:00:00 +01:00,24115.37,19287.48
22.11.2023 08:00:00 +01:00,23879.00,19432.04
22.11.2023 09:00:00 +01:00,23116.01,19228.17
22.11.2023 10:00:00 +01:00,21996.59,19099.14
22.11.2023 11:00:00 +01:00,19867.68,19023.50
22.11.2023 12:00:00 +01:00,18767.02,18882.33
22.11.2023 13:00:00 +01:00,18071.97,18814.72
22.11.2023 14:00:00 +01:00,18071.97,18748.76
22.11.2023 15:00:00 +01:00,18660.44,18852.72
22.11.2023 16:00:00 +01:00,18961.98,18934.74
22.11.2023 17:00:00 +01:00,19601.14,18800.72
22.11.2023 18:00:00 +01:00,18595.91,18510.39
22.11.2023 19:00:00 +01:00,18232.56,18332.66
22.11.2023 20:00:00 +01:00,17587.10,18075.89
22.11.2023 21:00:00 +01:00,17354.75,17932.21
22.11.2023 22:00:00 +01:00,16319.02,17486.06
22.11.2023 23:00:00 +01:00,14933.99,16961.83
23.11.2023 00:00:00 +01:00,13660.68,16448.61
23.11.2023 01:00:00 +01:00,12138.20,16101.73
23.11.2023 02:00:00 +01:00,11007.64,15975.58
23.11.2023 03:00:00 +01:00,10280.59,15851.88
23.11.2023 04:00:00 +01:00,10496.15,15906.12
23.11.2023 05:00:00 +01:00,12305.61,16209.65
23.11.2023 06:00:00 +01:00,15292.77,17176.73
23.11.2023 07:00:00 +01:00,17591.66,18429.61
23.11.2023 08:00:00 +01:00,18107.38,18835.46
23.11.2023 09:00:00 +01:00,18206.46,18741.12
23.11.2023 10:00:00 +01:00,17876.56,18200.26
23.11.2023 11:00:00 +01:00,17389.78,18392.96
23.11.2023 12:00:00 +01:00,16995.29,18254.12
23.11.2023 13:00:00 +01:00,16766.07,18369.82
23.11.2023 14:00:00 +01:00,17096.96,18530.05
23.11.2023 15:00:00 +01:00,17793.36,18757.15
23.11.2023 16:00:00 +01:00,18137.73,19130.49
23.11.2023 17:00:00 +01:00,18088.88,19146.72
23.11.2023 18:00:00 +01:00,17283.45,19061.25
23.11.2023 19:00:00 +01:00,16611.48,18998.64
23.11.2023 20:00:00 +01:00,15527.33,18802.94
23.11.2023 21:00:00 +01:00,15078.19,18485.85
23.11.2023 22:00:00 +01:00,14298.06,18033.06
23.11.2023 23:00:00 +01:00,13337.02,17513.02
24.11.2023 00:00:00 +01:00,12212.13,17028.04
24.11.2023 01:00:00 +01:00,11222.43,16681.49
24.11.2023 02:00:00 +01:00,10933.52,16472.62
24.11.2023 03:00:00 +01:00,10590.45,16375.34
24.11.2023 04:00:00 +01:00,10546.69,16503.28
24.11.2023 05:00:00 +01:00,12053.88,16853.40
24.11.2023 06:00:00 +01:00,15529.85,17986.93
24.11.2023 07:00:00 +01:00,18558.20,19422.51
24.11.2023 08:00:00 +01:00,20402.99,19967.93
24.11.2023 09:00:00 +01:00,20334.17,19834.03
24.11.2023 10:00:00 +01:00,19904.44,19536.24
24.11.2023 11:00:00 +01:00,18786.03,19193.89
24.11.2023 12:00:00 +01:00,18049.45,19002.57
24.11.2023 13:00:00 +01:00,18145.51,19024.21
24.11.2023 14:00:00 +01:00,18954.59,19042.38
24.11.2023 15:00:00 +01:00,20526.51,19298.36
24.11.2023 16:00:00 +01:00,21178.51,19501.53
24.11.2023 17:00:00 +01:00,21074.02,19426.93
24.11.2023 18:00:00 +01:00,20341.37,19241.07
24.11.2023 19:00:00 +01:00,19614.89,18964.04
24.11.2023 20:00:00 +01:00,18893.89,18622.45
24.11.2023 21:00:00 +01:00,18121.11,18276.55
24.11.2023 22:00:00 +01:00,17292.91,17895.83
24.11.2023 23:00:00 +01:00,16051.31,17462.28
25.11.2023 00:00:00 +01:00,15399.18,16923.76
25.11.2023 01:00:00 +01:00,15115.89,16619.23
25.11.2023 02:00:00 +01:00,15381.48,16397.45
25.11.2023 03:00:00 +01:00,15084.27,16278.00
25.11.2023 04:00:00 +01:00,15021.58,16244.37
25.11.2023 05:00:00 +01:00,15256.64,16317.70
25.11.2023 06:00:00 +01:00,16110.08,16581.38
25.11.2023 07:00:00 +01:00,17194.91,17065.56
25.11.2023 08:00:00 +01:00,18461.64,17598.20
25.11.2023 09:00:00 +01:00,18612.31,18147.24
25.11.2023 10:00:00 +01:00,19138.73,18494.21
25.11.2023 11:00:00 +01:00,18551.48,18467.77
25.11.2023 12:00:00 +01:00,18210.65,18378.81
25.11.2023 13:00:00 +01:00,18098.37,18298.09
25.11.2023 14:00:00 +01:00,19076.62,18346.80
25.11.2023 15:00:00 +01:00,20764.72,18624.61
25.11.2023 16:00:00 +01:00,21797.14,18915.52
25.11.2023 17:00:00 +01:00,21630.95,19089.30
25.11.2023 18:00:00 +01:00,21236.13,19032.31
25.11.2023 19:00:00 +01:00,21439.34,18824.78
25.11.2023 20:00:00 +01:00,21913.12,18545.46
25.11.2023 21:00:00 +01:00,22016.05,18235.15
25.11.2023 22:00:00 +01:00,21629.53,18041.86
25.11.2023 23:00:00 +01:00,21397.65,17745.24
26.11.2023 00:00:00 +01:00,21058.41,17445.08
26.11.2023 01:00:00 +01:00,20627.27,17238.58
26.11.2023 02:00:00 +01:00,20598.90,16982.29
26.11.2023 03:00:00 +01:00,20124.55,16870.47
26.11.2023 04:00:00 +01:00,19802.69,16836.09
26.11.2023 05:00:00 +01:00,19488.47,16823.66
26.11.2023 06:00:00 +01:00,19662.86,16962.21
26.11.2023 07:00:00 +01:00,19760.69,17239.49
26.11.2023 08:00:00 +01:00,20025.82,17479.00
26.11.2023 09:00:00 +01:00,20402.69,17884.66
26.11.2023 10:00:00 +01:00,20979.03,18199.99
26.11.2023 11:00:00 +01:00,21396.27,18358.40
26.11.2023 12:00:00 +01:00,21298.80,18348.85
26.11.2023 13:00:00 +01:00,21088.15,18415.13
26.11.2023 14:00:00 +01:00,21756.56,18515.14
26.11.2023 15:00:00 +01:00,22810.77,18820.19
26.11.2023 16:00:00 +01:00,22848.42,19149.87
26.11.2023 17:00:00 +01:00,22558.70,19197.21
26.11.2023 18:00:00 +01:00,22751.86,19180.33
26.11.2023 19:00:00 +01:00,23004.86,19193.22
26.11.2023 20:00:00 +01:00,23326.31,19152.50
26.11.2023 21:00:00 +01:00,24077.12,18938.93
26.11.2023 22:00:00 +01:00,24306.08,18584.05
26.11.2023 23:00:00 +01:00,23928.55,18318.51
27.11.2023 00:00:00 +01:00,22576.70,17824.73
27.11.2023 01:00:00 +01:00,21942.94,17564.06
27.11.2023 02:00:00 +01:00,21212.68,17485.70
27.11.2023 03:00:00 +01:00,21070.77,17396.61
27.11.2023 04:00:00 +01:00,21119.38,17491.58
27.11.2023 05:00:00 +01:00,22435.93,17843.81
27.11.2023 06:00:00 +01:00,24251.31,18903.17
27.11.2023 07:00:00 +01:00,24290.73,20299.97
27.11.2023 08:00:00 +01:00,24265.18,20811.85
27.11.2023 09:00:00 +01:00,24464.80,20670.78
27.11.2023 10:00:00 +01:00,24671.49,20552.33
27.11.2023 11:00:00 +01:00,24600.80,20497.27
27.11.2023 12:00:00 +01:00,24272.68,20446.40
27.11.2023 13:00:00 +01:00,23649.48,20400.94
27.11.2023 14:00:00 +01:00,23072.82,20546.44
27.11.2023 15:00:00 +01:00,23694.94,20781.72
27.11.2023 16:00:00 +01:00,24151.53,21114.87
27.11.2023 17:00:00 +01:00,24127.95,20971.79
27.11.2023 18:00:00 +01:00,23773.37,20766.84
27.11.2023 19:00:00 +01:00,22810.77,20751.43
27.11.2023 20:00:00 +01:00,21911.17,20685.96
27.11.2023 21:00:00 +01:00,21063.78,20455.64
27.11.2023 22:00:00 +01:00,20138.83,20023.14
27.11.2023 23:00:00 +01:00,18039.61,19524.40
28.11.2023 00:00:00 +01:00,16715.76,19051.50
28.11.2023 01:00:00 +01:00,15134.66,18834.96
28.11.2023 02:00:00 +01:00,14640.79,18795.21
28.11.2023 03:00:00 +01:00,14421.78,18776.64
28.11.2023 04:00:00 +01:00,14866.54,18881.06
28.11.2023 05:00:00 +01:00,17132.32,19270.24
28.11.2023 06:00:00 +01:00,20794.30,20395.75
28.11.2023 07:00:00 +01:00,23293.40,21764.60
28.11.2023 08:00:00 +01:00,23794.71,22171.27
28.11.2023 09:00:00 +01:00,24168.64,21998.81
28.11.2023 10:00:00 +01:00,23771.09,21357.96
28.11.2023 11:00:00 +01:00,23144.88,21722.03
28.11.2023 12:00:00 +01:00,22616.34,21573.22
28.11.2023 13:00:00 +01:00,22615.55,21474.88
28.11.2023 14:00:00 +01:00,23342.47,21508.29
28.11.2023 15:00:00 +01:00,23909.41,21714.83
28.11.2023 16:00:00 +01:00,23554.57,21968.46
28.11.2023 17:00:00 +01:00,22942.86,21743.19
28.11.2023 18:00:00 +01:00,22589.70,21369.85
28.11.2023 19:00:00 +01:00,22660.74,21162.06
28.11.2023 20:00:00 +01:00,22538.34,20947.64
28.11.2023 21:00:00 +01:00,22348.46,20621.48
28.11.2023 22:00:00 +01:00,21643.03,20125.70
28.11.2023 23:00:00 +01:00,20446.92,19560.73
29.11.2023 00:00:00 +01:00,19352.26,19069.33
29.11.2023 01:00:00 +01:00,18992.66,18653.86
29.11.2023 02:00:00 +01:00,18894.94,18473.78
29.11.2023 03:00:00 +01:00,17928.60,18386.26
29.11.2023 04:00:00 +01:00,16980.73,18439.12
29.11.2023 05:00:00 +01:00,18295.86,18779.94
29.11.2023 06:00:00 +01:00,20462.31,19806.24
29.11.2023 07:00:00 +01:00,22010.29,20901.48
29.11.2023 08:00:00 +01:00,22035.44,21207.97
29.11.2023 09:00:00 +01:00,22535.45,20930.13
29.11.2023 10:00:00 +01:00,22126.09,20801.69
29.11.2023 11:00:00 +01:00,22794.15,20585.92
29.11.2023 12:00:00 +01:00,21974.03,20592.46
29.11.2023 13:00:00 +01:00,22178.38,20459.08
29.11.2023 14:00:00 +01:00,22100.50,20547.81
29.11.2023 15:00:00 +01:00,22929.84,20884.84
29.11.2023 16:00:00 +01:00,22705.50,21001.13
29.11.2023 17:00:00 +01:00,23036.49,20756.12
29.11.2023 18:00:00 +01:00,23135.40,20538.97
29.11.2023 19:00:00 +01:00,23254.56,20343.64
29.11.2023 20:00:00 +01:00,23660.64,20191.71
29.11.2023 21:00:00 +01:00,24225.60,19906.80
29.11.2023 22:00:00 +01:00,23582.26,19462.59
29.11.2023 23:00:00 +01:00,22644.47,18945.50
30.11.2023 00:00:00 +01:00,22543.38,18518.70
30.11.2023 01:00:00 +01:00,22461.92,18202.63
30.11.2023 02:00:00 +01:00,22585.37,17998.10
30.11.2023 03:00:00 +01:00,22122.37,17921.70
30.11.2023 04:00:00 +01:00,22484.39,17944.66
30.11.2023 05:00:00 +01:00,22938.03,18317.59
30.11.2023 06:00:00 +01:00,24194.34,19206.65
30.11.2023 07:00:00 +01:00,24302.63,20538.97
30.11.2023 08:00:00 +01:00,24187.96,20925.06
30.11.2023 09:00:00 +01:00,24784.24,20716.49
30.11.2023 10:00:00 +01:00,24935.97,20305.52
30.11.2023 11:00:00 +01:00,24627.75,20509.34
30.11.2023 12:00:00 +01:00,24041.00,20272.39
30.11.2023 13:00:00 +01:00,24248.68,20307.66
30.11.2023 14:00:00 +01:00,24050.59,20459.95
30.11.2023 15:00:00 +01:00,24612.44,20666.58
30.11.2023 16:00:00 +01:00,24715.47,20912.73
30.11.2023 17:00:00 +01:00,24247.36,20727.14
30.11.2023 18:00:00 +01:00,24184.17,20506.49
30.11.2023 19:00:00 +01:00,24250.81,20395.30
30.11.2023 20:00:00 +01:00,24444.85,20243.65
30.11.2023 21:00:00 +01:00,24578.24,19990.44
30.11.2023 22:00:00 +01:00,23778.77,19662.80
30.11.2023 23:00:00 +01:00,22755.52,19308.26
01.12.2023 00:00:00 +01:00,22625.89,18894.04
01.12.2023 01:00:00 +01:00,22178.01,18605.08
01.12.2023 02:00:00 +01:00,21023.28,18511.84
01.12.2023 03:00:00 +01:00,20272.04,18463.31
01.12.2023 04:00:00 +01:00,20230.95,18531.65
01.12.2023 05:00:00 +01:00,21264.91,18982.90
01.12.2023 06:00:00 +01:00,23122.65,20112.60
01.12.2023 07:00:00 +01:00,23595.91,21415.10
01.12.2023 08:00:00 +01:00,23746.74,21879.71
01.12.2023 09:00:00 +01:00,24112.56,21827.06
01.12.2023 10:00:00 +01:00,24381.88,21682.84
01.12.2023 11:00:00 +01:00,24022.23,21490.31
01.12.2023 12:00:00 +01:00,23861.13,21276.27
01.12.2023 13:00:00 +01:00,24144.22,21105.99
01.12.2023 14:00:00 +01:00,24081.24,21068.13
01.12.2023 15:00:00 +01:00,23935.77,21248.89
01.12.2023 16:00:00 +01:00,23693.37,21560.94
01.12.2023 17:00:00 +01:00,23570.59,21527.18
01.12.2023 18:00:00 +01:00,23689.03,21246.21
01.12.2023 19:00:00 +01:00,24224.46,21000.31
01.12.2023 20:00:00 +01:00,24055.58,20699.76
01.12.2023 21:00:00 +01:00,23727.68,20338.90
01.12.2023 22:00:00 +01:00,23199.64,20000.77
01.12.2023 23:00:00 +01:00,22522.80,19745.14
02.12.2023 00:00:00 +01:00,22275.71,19506.95
02.12.2023 01:00:00 +01:00,22270.24,19249.77
02.12.2023 02:00:00 +01:00,21960.96,19055.38
02.12.2023 03:00:00 +01:00,21229.72,18941.10
02.12.2023 04:00:00 +01:00,20827.26,18948.06
02.12.2023 05:00:00 +01:00,20433.00,19005.93
02.12.2023 06:00:00 +01:00,21015.15,19233.38
02.12.2023 07:00:00 +01:00,22319.52,19647.93
02.12.2023 08:00:00 +01:00,23538.86,20257.27
02.12.2023 09:00:00 +01:00,24145.06,20643.75
02.12.2023 10:00:00 +01:00,24432.79,20863.86
02.12.2023 11:00:00 +01:00,24648.06,20838.30
02.12.2023 12:00:00 +01:00,24767.81,20711.96
02.12.2023 13:00:00 +01:00,24572.12,20714.23
02.12.2023 14:00:00 +01:00,24808.61,20842.71
02.12.2023 15:00:00 +01:00,25077.83,20889.53
02.12.2023 16:00:00 +01:00,24986.35,21209.70
02.12.2023 17:00:00 +01:00,25017.95,21282.08
02.12.2023 18:00:00 +01:00,24769.35,21108.96
02.12.2023 19:00:00 +01:00,24552.24,20833.03
02.12.2023 20:00:00 +01:00,24487.85,20587.04
02.12.2023 21:00:00 +01:00,23985.32,20384.07
02.12.2023 22:00:00 +01:00,23254.96,20174.74
02.12.2023 23:00:00 +01:00,22731.97,19843.51
03.12.2023 00:00:00 +01:00,23338.22,19526.85
03.12.2023 01:00:00 +01:00,22866.16,19339.32
03.12.2023 02:00:00 +01:00,22126.77,19115.38
03.12.2023 03:00:00 +01:00,22353.81,19041.79
03.12.2023 04:00:00 +01:00,21943.97,19026.25
03.12.2023 05:00:00 +01:00,21345.69,19100.64
03.12.2023 06:00:00 +01:00,21284.89,19262.31
03.12.2023 07:00:00 +01:00,21899.77,19587.94
03.12.2023 08:00:00 +01:00,22552.32,20029.35
03.12.2023 09:00:00 +01:00,23458.58,20500.66
03.12.2023 10:00:00 +01:00,23749.36,20818.62
03.12.2023 11:00:00 +01:00,23891.46,20919.92
03.12.2023 12:00:00 +01:00,23671.63,20908.23
03.12.2023 13:00:00 +01:00,23642.98,20965.33
03.12.2023 14:00:00 +01:00,23605.31,21074.29
03.12.2023 15:00:00 +01:00,24150.44,21272.12
03.12.2023 16:00:00 +01:00,23648.54,21365.35
03.12.2023 17:00:00 +01:00,23668.11,21299.36
03.12.2023 18:00:00 +01:00,23768.33,21208.89
03.12.2023 19:00:00 +01:00,24065.01,21076.61
03.12.2023 20:00:00 +01:00,24136.04,21079.11
03.12.2023 21:00:00 +01:00,24094.54,20898.29
03.12.2023 22:00:00 +01:00,23408.26,20550.28
03.12.2023 23:00:00 +01:00,21656.74,20152.48
04.12.2023 00:00:00 +01:00,21035.66,19678.54
04.12.2023 01:00:00 +01:00,20650.34,19374.05
04.12.2023 02:00:00 +01:00,20188.66,19238.27
04.12.2023 03:00:00 +01:00,19144.89,19178.27
04.12.2023 04:00:00 +01:00,19253.48,19255.48
04.12.2023 05:00:00 +01:00,20075.24,19659.07
04.12.2023 06:00:00 +01:00,22813.44,20838.84
04.12.2023 07:00:00 +01:00,23901.61,22099.13
04.12.2023 08:00:00 +01:00,23405.69,22415.59
04.12.2023 09:00:00 +01:00,23498.03,22390.04
04.12.2023 10:00:00 +01:00,23717.66,22346.88
04.12.2023 11:00:00 +01:00,23526.76,22290.81
04.12.2023 12:00:00 +01:00,23524.95,22127.45
04.12.2023 13:00:00 +01:00,23124.38,22020.41
04.12.2023 14:00:00 +01:00,23461.47,22098.55
04.12.2023 15:00:00 +01:00,24040.20,22263.84
04.12.2023 16:00:00 +01:00,24278.03,22469.71
04.12.2023 17:00:00 +01:00,23953.04,22262.54
04.12.2023 18:00:00 +01:00,23860.56,22073.90
04.12.2023 19:00:00 +01:00,23705.31,21883.89
04.12.2023 20:00:00 +01:00,23453.23,21796.35
04.12.2023 21:00:00 +01:00,22847.27,21652.66
04.12.2023 22:00:00 +01:00,22267.47,21221.70
04.12.2023 23:00:00 +01:00,20515.90,20659.85
05.12.2023 00:00:00 +01:00,20069.32,20093.06
05.12.2023 01:00:00 +01:00,19868.54,19748.99
05.12.2023 02:00:00 +01:00,19766.21,19654.54
05.12.2023 03:00:00 +01:00,19507.89,19585.11
05.12.2023 04:00:00 +01:00,19175.92,19608.41
05.12.2023 05:00:00 +01:00,19736.79,19922.17
05.12.2023 06:00:00 +01:00,22057.21,20965.51
05.12.2023 07:00:00 +01:00,23488.14,22090.85
05.12.2023 08:00:00 +01:00,23771.63,22386.25
05.12.2023 09:00:00 +01:00,23495.19,22285.55
05.12.2023 10:00:00 +01:00,23803.66,22226.47
05.12.2023 11:00:00 +01:00,23406.66,22043.89
05.12.2023 12:00:00 +01:00,23081.33,22030.26
05.12.2023 13:00:00 +01:00,23255.56,21998.46
05.12.2023 14:00:00 +01:00,23559.10,21985.05
05.12.2023 15:00:00 +01:00,23854.65,22107.42
05.12.2023 16:00:00 +01:00,23935.66,22299.14
05.12.2023 17:00:00 +01:00,23740.68,22202.12
05.12.2023 18:00:00 +01:00,23910.28,21939.18
05.12.2023 19:00:00 +01:00,24067.00,21779.60
05.12.2023 20:00:00 +01:00,24189.23,21607.32
05.12.2023 21:00:00 +01:00,23777.39,21294.37
05.12.2023 22:00:00 +01:00,22516.04,20956.67
05.12.2023 23:00:00 +01:00,21582.09,20387.49
06.12.2023 00:00:00 +01:00,19930.26,19618.60
06.12.2023 01:00:00 +01:00,19813.57,19291.33
06.12.2023 02:00:00 +01:00,19858.70,19133.79
06.12.2023 03:00:00 +01:00,19736.80,19048.57
06.12.2023 04:00:00 +01:00,19530.55,19066.70
06.12.2023 05:00:00 +01:00,19886.38,19419.13
06.12.2023 06:00:00 +01:00,22416.99,20423.10
06.12.2023 07:00:00 +01:00,23283.14,21581.25
06.12.2023 08:00:00 +01:00,23217.84,21832.33
06.12.2023 09:00:00 +01:00,23939.01,21758.60
06.12.2023 10:00:00 +01:00,23610.83,21778.74
06.12.2023 11:00:00 +01:00,24177.79,21741.10
06.12.2023 12:00:00 +01:00,23608.33,21748.52
06.12.2023 13:00:00 +01:00,23008.89,21625.05
06.12.2023 14:00:00 +01:00,24290.57,21699.82
06.12.2023 15:00:00 +01:00,24764.06,21917.84
06.12.2023 16:00:00 +01:00,24771.63,21987.93
06.12.2023 17:00:00 +01:00,25079.87,21820.36
06.12.2023 18:00:00 +01:00,25063.72,21516.95
06.12.2023 19:00:00 +01:00,24192.32,21304.03
06.12.2023 20:00:00 +01:00,24108.35,21096.26
06.12.2023 21:00:00 +01:00,23751.87,20807.48
06.12.2023 22:00:00 +01:00,23020.16,20423.30
06.12.2023 23:00:00 +01:00,22071.31,19867.02
07.12.2023 00:00:00 +01:00,22590.40,19228.47
07.12.2023 01:00:00 +01:00,22615.94,18838.30
07.12.2023 02:00:00 +01:00,22591.28,18637.24
07.12.2023 03:00:00 +01:00,21782.85,18628.46
07.12.2023 04:00:00 +01:00,21543.55,18623.18
07.12.2023 05:00:00 +01:00,22280.25,18999.50
07.12.2023 06:00:00 +01:00,23890.53,20044.68
07.12.2023 07:00:00 +01:00,24745.54,21203.45
07.12.2023 08:00:00 +01:00,24360.45,21631.24
07.12.2023 09:00:00 +01:00,24703.68,21652.90
07.12.2023 10:00:00 +01:00,24306.21,21213.06
07.12.2023 11:00:00 +01:00,24014.61,21416.20
07.12.2023 12:00:00 +01:00,23710.73,21381.10
07.12.2023 13:00:00 +01:00,24029.38,21724.95
07.12.2023 14:00:00 +01:00,24499.23,21771.54
07.12.2023 15:00:00 +01:00,25155.62,22017.85
07.12.2023 16:00:00 +01:00,25505.49,22138.39
07.12.2023 17:00:00 +01:00,25709.61,21935.53
07.12.2023 18:00:00 +01:00,25624.41,21835.90
07.12.2023 19:00:00 +01:00,25230.13,21708.54
07.12.2023 20:00:00 +01:00,24261.02,21457.25
07.12.2023 21:00:00 +01:00,24106.36,21124.28
07.12.2023 22:00:00 +01:00,24059.83,20655.05
07.12.2023 23:00:00 +01:00,21808.25,20064.97
08.12.2023 00:00:00 +01:00,20934.65,19567.30
08.12.2023 01:00:00 +01:00,20287.39,19244.66
08.12.2023 02:00:00 +01:00,20155.38,19027.68
08.12.2023 03:00:00 +01:00,19982.55,18907.12
08.12.2023 04:00:00 +01:00,20407.03,18935.32
08.12.2023 05:00:00 +01:00,21560.13,19228.29
08.12.2023 06:00:00 +01:00,24069.38,20268.31
08.12.2023 07:00:00 +01:00,25408.86,21601.93
08.12.2023 08:00:00 +01:00,25300.06,22120.24
08.12.2023 09:00:00 +01:00,25160.79,22006.62
08.12.2023 10:00:00 +01:00,25381.63,21962.46
08.12.2023 11:00:00 +01:00,25571.79,21882.33
08.12.2023 12:00:00 +01:00,25022.16,21850.55
08.12.2023 13:00:00 +01:00,24969.50,21758.47
08.12.2023 14:00:00 +01:00,25337.83,21780.40
08.12.2023 15:00:00 +01:00,25346.70,21700.53
08.12.2023 16:00:00 +01:00,25305.57,21659.98
08.12.2023 17:00:00 +01:00,25261.27,21451.46
08.12.2023 18:00:00 +01:00,25784.80,21171.16
08.12.2023 19:00:00 +01:00,25644.72,20845.76
08.12.2023 20:00:00 +01:00,24794.84,20407.65
08.12.2023 21:00:00 +01:00,24141.51,19937.42
08.12.2023 22:00:00 +01:00,23790.67,19473.40
08.12.2023 23:00:00 +01:00,22275.05,19071.66
09.12.2023 00:00:00 +01:00,22350.89,18609.24
09.12.2023 01:00:00 +01:00,21198.29,18301.57
09.12.2023 02:00:00 +01:00,19591.90,18043.30
09.12.2023 03:00:00 +01:00,18539.25,17848.87
09.12.2023 04:00:00 +01:00,18085.59,17789.41
09.12.2023 05:00:00 +01:00,17959.16,17796.68
09.12.2023 06:00:00 +01:00,18190.38,17959.06
09.12.2023 07:00:00 +01:00,19478.77,18283.22
09.12.2023 08:00:00 +01:00,20603.62,18820.65
09.12.2023 09:00:00 +01:00,22127.27,19307.68
09.12.2023 10:00:00 +01:00,22296.58,19612.34
09.12.2023 11:00:00 +01:00,22578.62,19685.56
09.12.2023 12:00:00 +01:00,22260.79,19635.93
09.12.2023 13:00:00 +01:00,21900.27,19562.19
09.12.2023 14:00:00 +01:00,22353.43,19501.67
09.12.2023 15:00:00 +01:00,22384.20,19621.27
09.12.2023 16:00:00 +01:00,21854.70,19854.47
09.12.2023 17:00:00 +01:00,21876.48,19840.78
09.12.2023 18:00:00 +01:00,19962.27,19692.77
09.12.2023 19:00:00 +01:00,18137.91,19377.44
09.12.2023 20:00:00 +01:00,17357.75,18956.16
09.12.2023 21:00:00 +01:00,16807.19,18626.35
09.12.2023 22:00:00 +01:00,16283.13,18344.93
09.12.2023 23:00:00 +01:00,15087.91,17965.44
10.12.2023 00:00:00 +01:00,14065.93,17605.08
10.12.2023 01:00:00 +01:00,13445.30,17372.70
10.12.2023 02:00:00 +01:00,12528.71,17141.04
10.12.2023 03:00:00 +01:00,12430.78,17047.20
10.12.2023 04:00:00 +01:00,12312.74,16999.05
10.12.2023 05:00:00 +01:00,12600.28,17024.79
10.12.2023 06:00:00 +01:00,13122.68,17165.31
10.12.2023 07:00:00 +01:00,13902.88,17371.84
10.12.2023 08:00:00 +01:00,14821.18,17674.27
10.12.2023 09:00:00 +01:00,15617.36,18204.10
10.12.2023 10:00:00 +01:00,16459.15,18606.47
10.12.2023 11:00:00 +01:00,17051.14,18789.54
10.12.2023 12:00:00 +01:00,16421.50,18901.07
10.12.2023 13:00:00 +01:00,16571.37,19005.37
10.12.2023 14:00:00 +01:00,16965.46,19080.62
10.12.2023 15:00:00 +01:00,17940.01,19236.37
10.12.2023 16:00:00 +01:00,18733.09,19397.37
10.12.2023 17:00:00 +01:00,19299.16,19358.21
10.12.2023 18:00:00 +01:00,20581.47,19338.34
10.12.2023 19:00:00 +01:00,19475.30,19225.59
10.12.2023 20:00:00 +01:00,18230.51,19096.34
10.12.2023 21:00:00 +01:00,17536.74,18811.26
10.12.2023 22:00:00 +01:00,17311.21,18464.40
10.12.2023 23:00:00 +01:00,15782.08,18083.32
11.12.2023 00:00:00 +01:00,14206.96,17678.68
11.12.2023 01:00:00 +01:00,13496.05,17407.12
11.12.2023 02:00:00 +01:00,13585.01,17252.31
11.12.2023 03:00:00 +01:00,13032.74,17187.07
11.12.2023 04:00:00 +01:00,13025.89,17286.78
11.12.2023 05:00:00 +01:00,14049.72,17663.94
11.12.2023 06:00:00 +01:00,18218.62,18701.91
11.12.2023 07:00:00 +01:00,23053.28,20040.38
11.12.2023 08:00:00 +01:00,24362.28,20529.11
11.12.2023 09:00:00 +01:00,24012.62,20532.33
11.12.2023 10:00:00 +01:00,23496.18,20394.52
11.12.2023 11:00:00 +01:00,23222.81,20321.13
11.12.2023 12:00:00 +01:00,22756.05,20254.46
11.12.2023 13:00:00 +01:00,22841.31,20299.97
11.12.2023 14:00:00 +01:00,23356.64,20329.50
11.12.2023 15:00:00 +01:00,24116.59,20434.28
11.12.2023 16:00:00 +01:00,23964.34,20571.16
11.12.2023 17:00:00 +01:00,23781.64,20366.27
11.12.2023 18:00:00 +01:00,23940.87,20102.56
11.12.2023 19:00:00 +01:00,24151.39,19928.75
11.12.2023 20:00:00 +01:00,23986.77,19760.21
11.12.2023 21:00:00 +01:00,23181.68,19481.62
11.12.2023 22:00:00 +01:00,22518.53,19088.92
11.12.2023 23:00:00 +01:00,20740.39,18591.61
12.12.2023 00:00:00 +01:00,20467.63,17969.91
12.12.2023 01:00:00 +01:00,20018.28,17621.22
12.12.2023 02:00:00 +01:00,20055.22,17430.30
12.12.2023 03:00:00 +01:00,19822.94,17319.43
12.12.2023 04:00:00 +01:00,20154.62,17316.86
12.12.2023 05:00:00 +01:00,20679.15,17634.13
12.12.2023 06:00:00 +01:00,22036.57,18554.80
12.12.2023 07:00:00 +01:00,23097.03,19789.92
12.12.2023 08:00:00 +01:00,22602.22,20143.21
12.12.2023 09:00:00 +01:00,23071.56,20157.54
12.12.2023 10:00:00 +01:00,22964.02,19749.67
12.12.2023 11:00:00 +01:00,23654.64,20058.24
12.12.2023 12:00:00 +01:00,23521.99,20034.15
12.12.2023 13:00:00 +01:00,23642.31,20025.95
12.12.2023 14:00:00 +01:00,23726.14,20128.92
12.12.2023 15:00:00 +01:00,23989.50,20339.10
12.12.2023 16:00:00 +01:00,24157.60,20492.48
12.12.2023 17:00:00 +01:00,24114.08,20329.50
12.12.2023 18:00:00 +01:00,24078.72,20148.28
12.12.2023 19:00:00 +01:00,23944.82,20182.95
12.12.2023 20:00:00 +01:00,23944.55,20048.99
12.12.2023 21:00:00 +01:00,23295.91,19797.74
12.12.2023 22:00:00 +01:00,22751.32,19388.93
12.12.2023 23:00:00 +01:00,21440.10,18822.33
13.12.2023 00:00:00 +01:00,20880.68,18276.39
13.12.2023 01:00:00 +01:00,20243.65,17974.40
13.12.2023 02:00:00 +01:00,19994.27,17739.59
13.12.2023 03:00:00 +01:00,19298.39,17693.91
13.12.2023 04:00:00 +01:00,19123.09,17746.09
13.12.2023 05:00:00 +01:00,19681.54,18057.53
13.12.2023 06:00:00 +01:00,21108.60,19139.83
13.12.2023 07:00:00 +01:00,22357.08,20371.87
13.12.2023 08:00:00 +01:00,22407.86,20648.31
13.12.2023 09:00:00 +01:00,22696.38,20657.83
13.12.2023 10:00:00 +01:00,22801.90,20545.56
13.12.2023 11:00:00 +01:00,23079.28,20546.07
13.12.2023 12:00:00 +01:00,22635.56,20533.42
13.12.2023 13:00:00 +01:00,22688.48,20603.48
13.12.2023 14:00:00 +01:00,23125.48,20661.60
13.12.2023 15:00:00 +01:00,23133.34,20820.65
13.12.2023 16:00:00 +01:00,23824.35,20965.99
13.12.2023 17:00:00 +01:00,23791.42,20824.78
13.12.2023 18:00:00 +01:00,23798.80,20624.63
13.12.2023 19:00:00 +01:00,23824.00,20493.29
13.12.2023 20:00:00 +01:00,23264.66,20336.46
13.12.2023 21:00:00 +01:00,22424.11,20131.19
13.12.2023 22:00:00 +01:00,22544.35,19841.35
13.12.2023 23:00:00 +01:00,21802.14,19331.74
14.12.2023 00:00:00 +01:00,21136.18,18927.77
14.12.2023 01:00:00 +01:00,21262.66,18586.60
14.12.2023 02:00:00 +01:00,21396.28,18373.62
14.12.2023 03:00:00 +01:00,21136.78,18280.59
14.12.2023 04:00:00 +01:00,21200.28,18305.75
14.12.2023 05:00:00 +01:00,21574.53,18649.82
14.12.2023 06:00:00 +01:00,23379.84,19678.53
14.12.2023 07:00:00 +01:00,24037.11,20876.40
14.12.2023 08:00:00 +01:00,24161.97,21261.19
14.12.2023 09:00:00 +01:00,24594.48,21241.91
14.12.2023 10:00:00 +01:00,25049.49,21173.36
14.12.2023 11:00:00 +01:00,25029.31,21026.51
14.12.2023 12:00:00 +01:00,24994.12,21011.66
14.12.2023 13:00:00 +01:00,25135.57,21111.65
14.12.2023 14:00:00 +01:00,25120.45,21140.87
14.12.2023 15:00:00 +01:00,25762.74,21273.20
14.12.2023 16:00:00 +01:00,25791.41,21442.95
14.12.2023 17:00:00 +01:00,25705.97,21226.33
14.12.2023 18:00:00 +01:00,25757.71,20934.09
14.12.2023 19:00:00 +01:00,25731.95,20735.33
14.12.2023 20:00:00 +01:00,25311.27,20581.51
14.12.2023 21:00:00 +01:00,24690.16,20405.99
14.12.2023 22:00:00 +01:00,24748.25,19977.31
14.12.2023 23:00:00 +01:00,23685.53,19384.12
15.12.2023 00:00:00 +01:00,23427.13,18818.24
15.12.2023 01:00:00 +01:00,23508.92,18407.28
15.12.2023 02:00:00 +01:00,22788.77,18189.83
15.12.2023 03:00:00 +01:00,22397.65,18079.56
15.12.2023 04:00:00 +01:00,22381.89,18106.28
15.12.2023 05:00:00 +01:00,22781.42,18374.69
15.12.2023 06:00:00 +01:00,24585.58,19307.55
15.12.2023 07:00:00 +01:00,25680.06,20345.27
15.12.2023 08:00:00 +01:00,26161.69,20822.53
15.12.2023 09:00:00 +01:00,26039.66,20864.71
15.12.2023 10:00:00 +01:00,26304.36,20865.63
15.12.2023 11:00:00 +01:00,25753.13,20677.39
15.12.2023 12:00:00 +01:00,25766.09,20668.85
15.12.2023 13:00:00 +01:00,25483.11,20579.12
15.12.2023 14:00:00 +01:00,24888.28,20549.07
15.12.2023 15:00:00 +01:00,24942.96,20600.41
15.12.2023 16:00:00 +01:00,25301.18,20657.69
15.12.2023 17:00:00 +01:00,25598.79,20570.64
15.12.2023 18:00:00 +01:00,24939.61,20218.01
15.12.2023 19:00:00 +01:00,24252.54,19899.41
15.12.2023 20:00:00 +01:00,23145.73,19568.33
15.12.2023 21:00:00 +01:00,22370.67,19120.00
15.12.2023 22:00:00 +01:00,21232.46,18642.79
15.12.2023 23:00:00 +01:00,19575.55,18156.61
16.12.2023 00:00:00 +01:00,18228.39,17752.35
16.12.2023 01:00:00 +01:00,17301.48,17390.19
16.12.2023 02:00:00 +01:00,16697.62,17156.01
16.12.2023 03:00:00 +01:00,16697.01,16980.14
16.12.2023 04:00:00 +01:00,16465.52,16849.74
16.12.2023 05:00:00 +01:00,16448.22,16875.62
16.12.2023 06:00:00 +01:00,16867.46,16995.96
16.12.2023 07:00:00 +01:00,17248.06,17292.99
16.12.2023 08:00:00 +01:00,17438.57,17676.34
16.12.2023 09:00:00 +01:00,18203.05,18162.97
16.12.2023 10:00:00 +01:00,18958.03,18463.23
16.12.2023 11:00:00 +01:00,18452.45,18602.64
16.12.2023 12:00:00 +01:00,18643.52,18625.90
16.12.2023 13:00:00 +01:00,17524.93,18553.63
16.12.2023 14:00:00 +01:00,16625.72,18440.03
16.12.2023 15:00:00 +01:00,16002.27,18472.15
16.12.2023 16:00:00 +01:00,16682.11,18554.23
16.12.2023 17:00:00 +01:00,17077.22,18507.79
16.12.2023 18:00:00 +01:00,16714.10,18304.54
16.12.2023 19:00:00 +01:00,16098.46,18019.10
16.12.2023 20:00:00 +01:00,15273.38,17613.45
16.12.2023 21:00:00 +01:00,14741.33,17244.53
16.12.2023 22:00:00 +01:00,13947.89,16982.27
16.12.2023 23:00:00 +01:00,13351.06,16676.81
17.12.2023 00:00:00 +01:00,12885.29,16485.84
17.12.2023 01:00:00 +01:00,12204.26,16290.65
17.12.2023 02:00:00 +01:00,12067.02,16154.17
17.12.2023 03:00:00 +01:00,11249.36,16145.51
17.12.2023 04:00:00 +01:00,10815.41,16105.16
17.12.2023 05:00:00 +01:00,11327.12,16009.20
17.12.2023 06:00:00 +01:00,11961.68,16135.65
17.12.2023 07:00:00 +01:00,12758.53,16310.39
17.12.2023 08:00:00 +01:00,13373.49,16690.29
17.12.2023 09:00:00 +01:00,14306.28,17096.10
17.12.2023 10:00:00 +01:00,14321.69,17444.62
17.12.2023 11:00:00 +01:00,13987.32,17671.70
17.12.2023 12:00:00 +01:00,13181.67,17853.97
17.12.2023 13:00:00 +01:00,12708.36,17953.01
17.12.2023 14:00:00 +01:00,14247.51,17964.75
17.12.2023 15:00:00 +01:00,15585.91,18052.08
17.12.2023 16:00:00 +01:00,16633.27,18209.89
17.12.2023 17:00:00 +01:00,16679.06,18190.08
17.12.2023 18:00:00 +01:00,16690.86,17992.63
17.12.2023 19:00:00 +01:00,16115.14,17748.97
17.12.2023 20:00:00 +01:00,15990.82,17544.86
17.12.2023 21:00:00 +01:00,15453.75,17508.71
17.12.2023 22:00:00 +01:00,15293.69,17121.10
17.12.2023 23:00:00 +01:00,14278.64,16675.50
18.12.2023 00:00:00 +01:00,13399.38,16198.00
18.12.2023 01:00:00 +01:00,12979.80,15821.93
18.12.2023 02:00:00 +01:00,12558.25,15662.52
18.12.2023 03:00:00 +01:00,12465.70,15609.09
18.12.2023 04:00:00 +01:00,12931.80,15620.38
18.12.2023 05:00:00 +01:00,15092.47,16002.51
18.12.2023 06:00:00 +01:00,17079.70,17103.55
18.12.2023 07:00:00 +01:00,19707.67,18426.30
18.12.2023 08:00:00 +01:00,20524.64,18957.35
18.12.2023 09:00:00 +01:00,20275.37,19040.04
18.12.2023 10:00:00 +01:00,21105.47,18965.52
18.12.2023 11:00:00 +01:00,20124.58,18788.51
18.12.2023 12:00:00 +01:00,20081.42,18666.75
18.12.2023 13:00:00 +01:00,19974.82,18651.59
18.12.2023 14:00:00 +01:00,20015.51,18748.40
18.12.2023 15:00:00 +01:00,20320.56,18996.45
18.12.2023 16:00:00 +01:00,20456.44,19145.55
18.12.2023 17:00:00 +01:00,19889.85,19030.66
18.12.2023 18:00:00 +01:00,18973.91,18691.58
18.12.2023 19:00:00 +01:00,18519.88,18438.43
18.12.2023 20:00:00 +01:00,17848.26,18158.16
18.12.2023 21:00:00 +01:00,17350.20,17877.20
18.12.2023 22:00:00 +01:00,16749.78,17428.40
18.12.2023 23:00:00 +01:00,15442.20,16930.65
19.12.2023 00:00:00 +01:00,14279.96,16531.95
19.12.2023 01:00:00 +01:00,13553.38,16187.23
19.12.2023 02:00:00 +01:00,13014.09,15887.11
19.12.2023 03:00:00 +01:00,13165.05,15728.51
19.12.2023 04:00:00 +01:00,14061.88,15727.94
19.12.2023 05:00:00 +01:00,15187.19,15988.97
19.12.2023 06:00:00 +01:00,17477.52,17106.57
19.12.2023 07:00:00 +01:00,20629.53,18598.65
19.12.2023 08:00:00 +01:00,21422.54,19042.43
19.12.2023 09:00:00 +01:00,21038.87,19123.79
19.12.2023 10:00:00 +01:00,21047.47,18815.90
19.12.2023 11:00:00 +01:00,21004.74,19035.23
19.12.2023 12:00:00 +01:00,20548.66,18982.09
19.12.2023 13:00:00 +01:00,20518.73,19021.73
19.12.2023 14:00:00 +01:00,20812.04,19146.78
19.12.2023 15:00:00 +01:00,21543.81,19387.50
19.12.2023 16:00:00 +01:00,22282.81,19672.29
19.12.2023 17:00:00 +01:00,22571.88,19576.86
19.12.2023 18:00:00 +01:00,22575.80,19342.06
19.12.2023 19:00:00 +01:00,21320.64,19230.89
19.12.2023 20:00:00 +01:00,20638.12,19100.28
19.12.2023 21:00:00 +01:00,19324.41,18799.07
19.12.2023 22:00:00 +01:00,18382.36,18345.48
19.12.2023 23:00:00 +01:00,16956.50,17832.40
20.12.2023 00:00:00 +01:00,15339.49,17273.59
20.12.2023 01:00:00 +01:00,13518.64,16997.60
20.12.2023 02:00:00 +01:00,12366.15,16759.27
20.12.2023 03:00:00 +01:00,11848.76,16592.15
20.12.2023 04:00:00 +01:00,11666.90,16575.83
20.12.2023 05:00:00 +01:00,12575.46,16836.51
20.12.2023 06:00:00 +01:00,15270.61,17855.91
20.12.2023 07:00:00 +01:00,19212.99,19171.36
20.12.2023 08:00:00 +01:00,21222.78,19623.72
20.12.2023 09:00:00 +01:00,22101.82,19634.89
20.12.2023 10:00:00 +01:00,22470.58,19569.91
20.12.2023 11:00:00 +01:00,21404.40,19640.31
20.12.2023 12:00:00 +01:00,20455.44,19664.97
20.12.2023 13:00:00 +01:00,20521.57,19597.22
20.12.2023 14:00:00 +01:00,21037.24,19633.90
20.12.2023 15:00:00 +01:00,22632.26,19905.46
20.12.2023 16:00:00 +01:00,23783.74,20156.23
20.12.2023 17:00:00 +01:00,23557.86,20105.26
20.12.2023 18:00:00 +01:00,24241.70,19913.64
20.12.2023 19:00:00 +01:00,23069.61,19799.98
20.12.2023 20:00:00 +01:00,23229.55,19661.35
20.12.2023 21:00:00 +01:00,21416.59,19455.40
20.12.2023 22:00:00 +01:00,18140.88,18973.46
20.12.2023 23:00:00 +01:00,15437.54,18599.14
21.12.2023 00:00:00 +01:00,13726.79,18137.27
21.12.2023 01:00:00 +01:00,12811.69,17794.96
21.12.2023 02:00:00 +01:00,12820.31,17597.81
21.12.2023 03:00:00 +01:00,12386.74,17586.73
21.12.2023 04:00:00 +01:00,12074.04,17662.05
21.12.2023 05:00:00 +01:00,12336.38,17906.41
21.12.2023 06:00:00 +01:00,14303.87,18775.03
21.12.2023 07:00:00 +01:00,16577.43,19849.99
21.12.2023 08:00:00 +01:00,17775.23,20325.52
21.12.2023 09:00:00 +01:00,18432.96,20352.37
21.12.2023 10:00:00 +01:00,19242.70,19920.25
21.12.2023 11:00:00 +01:00,18662.75,20150.66
21.12.2023 12:00:00 +01:00,18698.83,20112.31
21.12.2023 13:00:00 +01:00,18968.95,20161.96
21.12.2023 14:00:00 +01:00,19458.10,20212.06
21.12.2023 15:00:00 +01:00,19399.43,20316.82
21.12.2023 16:00:00 +01:00,19410.89,20441.49
21.12.2023 17:00:00 +01:00,19302.18,20254.54
21.12.2023 18:00:00 +01:00,19045.29,20014.24
21.12.2023 19:00:00 +01:00,18843.10,19735.06
21.12.2023 20:00:00 +01:00,18082.85,19566.54
21.12.2023 21:00:00 +01:00,17755.86,19293.19
21.12.2023 22:00:00 +01:00,16132.21,18938.32
21.12.2023 23:00:00 +01:00,13806.62,18476.34
22.12.2023 00:00:00 +01:00,12499.39,18021.49
22.12.2023 01:00:00 +01:00,12284.88,17665.04
22.12.2023 02:00:00 +01:00,12325.03,17413.56
22.12.2023 03:00:00 +01:00,12233.04,17307.90
22.12.2023 04:00:00 +01:00,12225.44,17299.36
22.12.2023 05:00:00 +01:00,12138.86,17541.42
22.12.2023 06:00:00 +01:00,13649.19,18435.60
22.12.2023 07:00:00 +01:00,15015.95,19463.02
22.12.2023 08:00:00 +01:00,16755.30,20078.44
22.12.2023 09:00:00 +01:00,17634.78,20246.60
22.12.2023 10:00:00 +01:00,18158.74,20411.10
22.12.2023 11:00:00 +01:00,18107.01,20296.51
22.12.2023 12:00:00 +01:00,17186.63,20210.77
22.12.2023 13:00:00 +01:00,16704.38,20150.70
22.12.2023 14:00:00 +01:00,16996.93,20124.34
22.12.2023 15:00:00 +01:00,17365.92,20256.67
22.12.2023 16:00:00 +01:00,17736.49,20358.79
22.12.2023 17:00:00 +01:00,18181.43,20179.72
22.12.2023 18:00:00 +01:00,17702.39,20008.77
22.12.2023 19:00:00 +01:00,17116.90,19753.30
22.12.2023 20:00:00 +01:00,16087.41,19629.37
22.12.2023 21:00:00 +01:00,14965.15,19342.51
22.12.2023 22:00:00 +01:00,13710.74,18979.87
22.12.2023 23:00:00 +01:00,12020.81,18609.56
23.12.2023 00:00:00 +01:00,10830.14,18240.65
23.12.2023 01:00:00 +01:00,10224.96,18056.83
23.12.2023 02:00:00 +01:00,9742.38,17876.94
23.12.2023 03:00:00 +01:00,9825.78,17686.21
23.12.2023 04:00:00 +01:00,9996.28,17542.49
23.12.2023 05:00:00 +01:00,10226.78,17611.66
23.12.2023 06:00:00 +01:00,10257.01,17891.41
23.12.2023 07:00:00 +01:00,10927.51,18363.61
23.12.2023 08:00:00 +01:00,12318.78,18978.52
23.12.2023 09:00:00 +01:00,13454.51,19587.53
23.12.2023 10:00:00 +01:00,13700.35,19915.06
23.12.2023 11:00:00 +01:00,13491.11,19985.56
23.12.2023 12:00:00 +01:00,13779.67,19928.66
23.12.2023 13:00:00 +01:00,13418.52,19881.05
23.12.2023 14:00:00 +01:00,13928.11,19867.78
23.12.2023 15:00:00 +01:00,14791.86,20035.22
23.12.2023 16:00:00 +01:00,16523.35,20199.48
23.12.2023 17:00:00 +01:00,19023.10,20201.32
23.12.2023 18:00:00 +01:00,18493.11,20050.44
23.12.2023 19:00:00 +01:00,17350.82,19881.80
23.12.2023 20:00:00 +01:00,15503.01,19650.12
23.12.2023 21:00:00 +01:00,13658.99,19428.28
23.12.2023 22:00:00 +01:00,12279.97,19229.98
23.12.2023 23:00:00 +01:00,10980.37,18984.35
24.12.2023 00:00:00 +01:00,11644.90,18610.91
24.12.2023 01:00:00 +01:00,10860.19,18295.79
24.12.2023 02:00:00 +01:00,10721.10,18104.03
24.12.2023 03:00:00 +01:00,10584.16,18013.84
24.12.2023 04:00:00 +01:00,10627.67,17970.33
24.12.2023 05:00:00 +01:00,10769.10,17992.92
24.12.2023 06:00:00 +01:00,10833.74,18119.70
24.12.2023 07:00:00 +01:00,11856.60,18371.61
24.12.2023 08:00:00 +01:00,12757.50,18896.94
24.12.2023 09:00:00 +01:00,13326.50,19454.56
24.12.2023 10:00:00 +01:00,13865.12,19806.67
24.12.2023 11:00:00 +01:00,14420.39,19989.90
24.12.2023 12:00:00 +01:00,14306.92,20008.69
24.12.2023 13:00:00 +01:00,14535.69,20134.06
24.12.2023 14:00:00 +01:00,14762.13,20234.28
24.12.2023 15:00:00 +01:00,14808.97,20378.72
24.12.2023 16:00:00 +01:00,14629.09,20404.24
24.12.2023 17:00:00 +01:00,13847.38,19613.94
24.12.2023 18:00:00 +01:00,13216.53,18960.01
24.12.2023 19:00:00 +01:00,12602.09,18473.89
24.12.2023 20:00:00 +01:00,11650.76,18086.11
24.12.2023 21:00:00 +01:00,11412.31,17858.23
24.12.2023 22:00:00 +01:00,11448.63,17782.76
24.12.2023 23:00:00 +01:00,11558.90,17709.58
25.12.2023 00:00:00 +01:00,11104.14,17531.65
25.12.2023 01:00:00 +01:00,10972.08,17302.73
25.12.2023 02:00:00 +01:00,10758.13,17064.40
25.12.2023 03:00:00 +01:00,10359.69,16912.64
25.12.2023 04:00:00 +01:00,10210.09,16869.59
25.12.2023 05:00:00 +01:00,10418.69,17010.03
25.12.2023 06:00:00 +01:00,10961.85,17357.91
25.12.2023 07:00:00 +01:00,11792.12,17682.86
25.12.2023 08:00:00 +01:00,12961.71,18026.09
25.12.2023 09:00:00 +01:00,13793.09,18350.98
25.12.2023 10:00:00 +01:00,14631.15,18675.04
25.12.2023 11:00:00 +01:00,15288.53,18826.39
25.12.2023 12:00:00 +01:00,15222.82,18863.49
25.12.2023 13:00:00 +01:00,14973.42,18830.27
25.12.2023 14:00:00 +01:00,14757.31,18952.66
25.12.2023 15:00:00 +01:00,14464.28,19223.41
25.12.2023 16:00:00 +01:00,14314.16,19407.89
25.12.2023 17:00:00 +01:00,13336.59,19243.23
25.12.2023 18:00:00 +01:00,12675.17,19047.46
25.12.2023 19:00:00 +01:00,11919.57,18918.97
25.12.2023 20:00:00 +01:00,11748.16,18771.02
25.12.2023 21:00:00 +01:00,11636.19,18581.33
25.12.2023 22:00:00 +01:00,11346.37,18309.10
25.12.2023 23:00:00 +01:00,10815.95,18031.53
26.12.2023 00:00:00 +01:00,10938.23,17750.42
26.12.2023 01:00:00 +01:00,10657.56,17492.87
26.12.2023 02:00:00 +01:00,10589.15,17303.15
26.12.2023 03:00:00 +01:00,10486.90,17240.93
26.12.2023 04:00:00 +01:00,10463.92,17302.17
26.12.2023 05:00:00 +01:00,10420.08,17479.28
26.12.2023 06:00:00 +01:00,10869.47,17854.79
26.12.2023 07:00:00 +01:00,12069.95,18338.11
26.12.2023 08:00:00 +01:00,12851.21,18734.48
26.12.2023 09:00:00 +01:00,13369.38,19094.42
26.12.2023 10:00:00 +01:00,14324.85,19473.65
26.12.2023 11:00:00 +01:00,15026.66,19612.76
26.12.2023 12:00:00 +01:00,15812.55,19694.99
26.12.2023 13:00:00 +01:00,16028.76,19681.59
26.12.2023 14:00:00 +01:00,16546.52,19836.89
26.12.2023 15:00:00 +01:00,16908.24,20055.80
26.12.2023 16:00:00 +01:00,17865.80,20157.47
26.12.2023 17:00:00 +01:00,18139.92,19942.21
26.12.2023 18:00:00 +01:00,18108.00,19653.86
26.12.2023 19:00:00 +01:00,18336.88,19494.24
26.12.2023 20:00:00 +01:00,18134.20,19292.61
26.12.2023 21:00:00 +01:00,17939.85,19121.96
26.12.2023 22:00:00 +01:00,17418.35,18799.04
26.12.2023 23:00:00 +01:00,16712.17,18522.70
27.12.2023 00:00:00 +01:00,16393.77,18155.32
27.12.2023 01:00:00 +01:00,16403.70,17852.54
27.12.2023 02:00:00 +01:00,15845.10,17673.36
27.12.2023 03:00:00 +01:00,14564.08,17579.39
27.12.2023 04:00:00 +01:00,13939.92,17611.69
27.12.2023 05:00:00 +01:00,15490.49,17884.09
27.12.2023 06:00:00 +01:00,17501.02,18509.59
27.12.2023 07:00:00 +01:00,20444.42,19311.66
27.12.2023 08:00:00 +01:00,21892.15,19831.87
27.12.2023 09:00:00 +01:00,22287.96,20347.40
27.12.2023 10:00:00 +01:00,21518.36,20741.01
27.12.2023 11:00:00 +01:00,20636.75,20754.75
27.12.2023 12:00:00 +01:00,20374.03,20806.43
27.12.2023 13:00:00 +01:00,20059.97,20817.36
27.12.2023 14:00:00 +01:00,21701.88,20915.28
27.12.2023 15:00:00 +01:00,23370.16,21157.33
27.12.2023 16:00:00 +01:00,23942.12,21293.96
27.12.2023 17:00:00 +01:00,23937.67,21066.72
27.12.2023 18:00:00 +01:00,23339.28,20798.58
27.12.2023 19:00:00 +01:00,19926.81,20569.30
27.12.2023 20:00:00 +01:00,16703.85,20277.18
27.12.2023 21:00:00 +01:00,15199.10,19867.53
27.12.2023 22:00:00 +01:00,13739.40,19568.42
27.12.2023 23:00:00 +01:00,12583.16,19202.52
28.12.2023 00:00:00 +01:00,12012.20,18810.28
28.12.2023 01:00:00 +01:00,11654.38,18486.21
28.12.2023 02:00:00 +01:00,11770.42,18175.95
28.12.2023 03:00:00 +01:00,12218.91,18194.36
28.12.2023 04:00:00 +01:00,12287.01,18171.23
28.12.2023 05:00:00 +01:00,12387.60,18271.68
28.12.2023 06:00:00 +01:00,12306.98,18769.08
28.12.2023 07:00:00 +01:00,13168.04,19400.78
28.12.2023 08:00:00 +01:00,13924.96,19841.33
28.12.2023 09:00:00 +01:00,14334.06,20227.15
28.12.2023 10:00:00 +01:00,14649.57,20576.12
28.12.2023 11:00:00 +01:00,14321.27,20730.64
28.12.2023 12:00:00 +01:00,15053.00,20709.65
28.12.2023 13:00:00 +01:00,15344.53,20658.73
28.12.2023 14:00:00 +01:00,15617.95,20690.27
28.12.2023 15:00:00 +01:00,16277.77,20789.23
28.12.2023 16:00:00 +01:00,17199.44,20836.10
28.12.2023 17:00:00 +01:00,18172.48,20623.26
28.12.2023 18:00:00 +01:00,17410.40,20284.20
28.12.2023 19:00:00 +01:00,16083.48,19984.23
28.12.2023 20:00:00 +01:00,14971.14,19651.37
28.12.2023 21:00:00 +01:00,13918.75,19353.61
28.12.2023 22:00:00 +01:00,12468.98,18941.86
28.12.2023 23:00:00 +01:00,12045.68,18524.84
29.12.2023 00:00:00 +01:00,11267.07,18187.87
29.12.2023 01:00:00 +01:00,10668.80,17802.23
29.12.2023 02:00:00 +01:00,10335.06,17621.15
29.12.2023 03:00:00 +01:00,10111.46,17447.18
29.12.2023 04:00:00 +01:00,10334.63,17427.75
29.12.2023 05:00:00 +01:00,11072.16,17640.43
29.12.2023 06:00:00 +01:00,11947.87,18153.60
29.12.2023 07:00:00 +01:00,12635.55,18842.73
29.12.2023 08:00:00 +01:00,13147.31,19334.91
29.12.2023 09:00:00 +01:00,14344.86,19724.58
29.12.2023 10:00:00 +01:00,15284.28,19979.30
29.12.2023 11:00:00 +01:00,15564.68,20127.85
29.12.2023 12:00:00 +01:00,16234.05,20057.90
29.12.2023 13:00:00 +01:00,16502.89,20013.54
29.12.2023 14:00:00 +01:00,17258.73,20033.34
29.12.2023 15:00:00 +01:00,17945.26,20180.14
29.12.2023 16:00:00 +01:00,17733.61,20315.54
29.12.2023 17:00:00 +01:00,18199.10,20168.04
29.12.2023 18:00:00 +01:00,18013.73,19937.52
29.12.2023 19:00:00 +01:00,17377.94,19677.07
29.12.2023 20:00:00 +01:00,16780.47,19425.33
29.12.2023 21:00:00 +01:00,15958.82,19081.47
29.12.2023 22:00:00 +01:00,14535.45,18752.12
29.12.2023 23:00:00 +01:00,14112.44,18365.95
30.12.2023 00:00:00 +01:00,12648.63,18037.12
30.12.2023 01:00:00 +01:00,12453.48,17687.28
30.12.2023 02:00:00 +01:00,12240.54,17431.42
30.12.2023 03:00:00 +01:00,12531.08,17278.31
30.12.2023 04:00:00 +01:00,12328.02,17272.19
30.12.2023 05:00:00 +01:00,12263.52,17329.75
30.12.2023 06:00:00 +01:00,12441.61,17526.24
30.12.2023 07:00:00 +01:00,13674.99,17844.45
30.12.2023 08:00:00 +01:00,15159.71,18289.25
30.12.2023 09:00:00 +01:00,16383.78,18847.11
30.12.2023 10:00:00 +01:00,16644.45,19265.64
30.12.2023 11:00:00 +01:00,16676.55,19353.69
30.12.2023 12:00:00 +01:00,16505.29,19365.61
30.12.2023 13:00:00 +01:00,15953.84,19337.44
30.12.2023 14:00:00 +01:00,15452.79,19319.21
30.12.2023 15:00:00 +01:00,16190.31,19565.96
30.12.2023 16:00:00 +01:00,19999.51,19801.54
30.12.2023 17:00:00 +01:00,22038.90,19837.54
30.12.2023 18:00:00 +01:00,22068.38,19712.49
30.12.2023 19:00:00 +01:00,20246.10,19472.03
30.12.2023 20:00:00 +01:00,17612.48,19185.65
30.12.2023 21:00:00 +01:00,15891.45,18881.20
30.12.2023 22:00:00 +01:00,15389.12,18562.50
30.12.2023 23:00:00 +01:00,14338.47,18183.22
31.12.2023 00:00:00 +01:00,13410.57,17863.53
31.12.2023 01:00:00 +01:00,12913.82,17567.67
31.12.2023 02:00:00 +01:00,12684.52,17388.03
31.12.2023 03:00:00 +01:00,12532.07,17303.12
31.12.2023 04:00:00 +01:00,12403.84,17235.20
31.12.2023 05:00:00 +01:00,12390.55,17263.26
31.12.2023 06:00:00 +01:00,12130.70,17449.07
31.12.2023 07:00:00 +01:00,12522.77,17615.68
31.12.2023 08:00:00 +01:00,12811.20,17975.36
31.12.2023 09:00:00 +01:00,13817.60,18429.41
31.12.2023 10:00:00 +01:00,14797.74,18796.54
31.12.2023 11:00:00 +01:00,15908.52,19137.55
31.12.2023 12:00:00 +01:00,15914.85,19265.49
31.12.2023 13:00:00 +01:00,16413.20,19385.04
31.12.2023 14:00:00 +01:00,16572.58,19665.86
31.12.2023 15:00:00 +01:00,16547.06,20072.28
31.12.2023 16:00:00 +01:00,16951.97,20395.50
31.12.2023 17:00:00 +01:00,16927.88,20356.60
31.12.2023 18:00:00 +01:00,16455.20,19987.26
31.12.2023 19:00:00 +01:00,15726.90,19397.58
31.12.2023 20:00:00 +01:00,15347.08,18953.14
31.12.2023 21:00:00 +01:00,15364.82,18560.15
31.12.2023 22:00:00 +01:00,14889.71,18240.55
31.12.2023 23:00:00 +01:00,13870.30,17671.52
