Latitude (decimal degrees):	58.617
Longitude (decimal degrees):	5.648
Elevation (m):	44
Radiation database:	PVGIS-SARAH3


Slope: 43 deg. (optimum)
Azimuth: 0 deg. 
time,G(i),H_sun,T2m,WS10m,Int
20220101:0011,0.0,0.0,5.65,2.97,0.0
20220101:0111,0.0,0.0,5.71,2.69,0.0
20220101:0211,0.0,0.0,5.54,2.34,0.0
20220101:0311,0.0,0.0,5.41,2.0,0.0
20220101:0411,0.0,0.0,4.77,1.45,0.0
20220101:0511,0.0,0.0,4.26,2.0,0.0
20220101:0611,0.0,0.0,4.27,2.97,0.0
20220101:0711,0.0,0.0,4.08,3.03,0.0
20220101:0811,0.0,0.0,4.37,4.41,0.0
20220101:0911,2.68,2.71,4.46,6.62,0.0
20220101:1011,7.14,6.29,4.05,7.86,0.0
20220101:1111,24.1,8.14,3.99,7.72,0.0
20220101:1211,8.92,8.13,4.16,8.07,0.0
20220101:1311,8.03,6.24,4.32,8.83,0.0
20220101:1411,1.78,2.63,4.36,9.52,0.0
20220101:1511,0.0,0.0,4.4,8.97,0.0
20220101:1611,0.0,0.0,4.34,9.1,0.0
20220101:1711,0.0,0.0,4.18,8.83,0.0
20220101:1811,0.0,0.0,3.98,8.07,0.0
20220101:1911,0.0,0.0,5.15,6.34,0.0
20220101:2011,0.0,0.0,5.47,5.24,0.0
20220101:2111,0.0,0.0,5.77,4.41,0.0
20220101:2211,0.0,0.0,6.12,4.14,0.0
20220101:2311,0.0,0.0,6.67,4.21,0.0
20220102:0011,0.0,0.0,7.05,4.48,0.0
20220102:0111,0.0,0.0,6.88,4.83,0.0
20220102:0211,0.0,0.0,7.24,5.38,0.0
20220102:0311,0.0,0.0,6.94,6.21,0.0
20220102:0411,0.0,0.0,7.29,5.93,0.0
20220102:0511,0.0,0.0,7.07,5.17,0.0
20220102:0611,0.0,0.0,7.02,4.55,0.0
20220102:0711,0.0,0.0,6.71,3.79,0.0
20220102:0811,0.0,0.0,6.59,3.59,0.0
20220102:0911,52.93,2.76,6.38,3.17,0.0
20220102:1011,260.2,6.35,6.33,3.1,0.0
20220102:1111,216.22,8.22,6.41,3.66,0.0
20220102:1211,214.81,8.22,6.48,4.07,0.0
20220102:1311,66.5,6.35,6.44,4.21,0.0
20220102:1411,1.78,2.75,6.4,3.66,0.0
20220102:1511,0.0,0.0,6.31,3.93,0.0
20220102:1611,0.0,0.0,6.26,4.48,0.0
20220102:1711,0.0,0.0,6.25,4.34,0.0
20220102:1811,0.0,0.0,6.12,4.76,0.0
20220102:1911,0.0,0.0,5.84,4.69,0.0
20220102:2011,0.0,0.0,5.88,4.34,0.0
20220102:2111,0.0,0.0,5.9,4.76,0.0
20220102:2211,0.0,0.0,5.69,4.83,0.0
20220102:2311,0.0,0.0,5.87,4.9,0.0
20220103:0011,0.0,0.0,6.09,4.62,0.0
20220103:0111,0.0,0.0,6.14,4.76,0.0
20220103:0211,0.0,0.0,5.93,4.97,0.0
20220103:0311,0.0,0.0,5.87,5.31,0.0
20220103:0411,0.0,0.0,5.99,5.59,0.0
20220103:0511,0.0,0.0,6.14,6.0,0.0
20220103:0611,0.0,0.0,5.95,6.62,0.0
20220103:0711,0.0,0.0,6.33,7.38,0.0
20220103:0811,0.0,0.0,6.07,7.31,0.0
20220103:0911,6.25,2.81,6.05,7.24,0.0
20220103:1011,16.06,6.43,6.14,7.38,0.0
20220103:1111,334.72,8.31,5.65,6.9,0.0
20220103:1211,111.02,8.32,5.17,6.48,0.0
20220103:1311,13.39,6.46,4.09,6.83,0.0
20220103:1411,1.78,2.87,2.93,7.03,0.0
20220103:1511,0.0,0.0,2.47,6.62,0.0
20220103:1611,0.0,0.0,1.98,7.03,0.0
20220103:1711,0.0,0.0,1.73,6.83,0.0
20220103:1811,0.0,0.0,2.03,6.34,0.0
20220103:1911,0.0,0.0,2.15,6.34,0.0
20220103:2011,0.0,0.0,2.41,6.76,0.0
20220103:2111,0.0,0.0,2.65,7.17,0.0
20220103:2211,0.0,0.0,2.92,7.24,0.0
20220103:2311,0.0,0.0,3.18,7.45,0.0
20220104:0011,0.0,0.0,2.77,7.79,0.0
20220104:0111,0.0,0.0,3.07,7.86,0.0
20220104:0211,0.0,0.0,3.31,8.0,0.0
20220104:0311,0.0,0.0,3.18,8.14,0.0
20220104:0411,0.0,0.0,2.67,8.28,0.0
20220104:0511,0.0,0.0,2.88,7.45,0.0
20220104:0611,0.0,0.0,2.77,7.52,0.0
20220104:0711,0.0,0.0,2.4,7.79,0.0
20220104:0811,0.0,0.0,2.15,7.17,0.0
20220104:0911,9.82,2.88,2.34,6.9,0.0
20220104:1011,125.96,6.5,2.56,6.55,0.0
20220104:1111,8.92,8.4,2.86,5.93,0.0
20220104:1211,103.6,8.43,2.88,5.79,0.0
20220104:1311,6.25,6.58,2.55,5.93,0.0
20220104:1411,176.54,2.99,2.17,5.86,0.0
20220104:1511,0.0,0.0,1.8,6.28,0.0
20220104:1611,0.0,0.0,1.48,5.72,0.0
20220104:1711,0.0,0.0,1.67,5.79,0.0
20220104:1811,0.0,0.0,1.84,5.59,0.0
20220104:1911,0.0,0.0,2.27,5.66,0.0
20220104:2011,0.0,0.0,2.22,5.59,0.0
20220104:2111,0.0,0.0,2.1,5.79,0.0
20220104:2211,0.0,0.0,2.22,6.21,0.0
20220104:2311,0.0,0.0,2.02,6.07,0.0
20220105:0011,0.0,0.0,2.46,5.52,0.0
20220105:0111,0.0,0.0,2.32,5.45,0.0
20220105:0211,0.0,0.0,2.12,5.66,0.0
20220105:0311,0.0,0.0,1.81,5.93,0.0
20220105:0411,0.0,0.0,1.65,6.0,0.0
20220105:0511,0.0,0.0,1.66,5.86,0.0
20220105:0611,0.0,0.0,1.72,5.66,0.0
20220105:0711,0.0,0.0,1.12,6.28,0.0
20220105:0811,0.0,0.0,1.27,7.1,0.0
20220105:0911,214.03,2.95,1.72,7.93,0.0
20220105:1011,332.94,6.59,2.02,8.41,0.0
20220105:1111,476.46,8.5,2.24,8.69,0.0
20220105:1211,161.02,8.54,2.41,8.83,0.0
20220105:1311,253.22,6.7,2.3,8.55,0.0
20220105:1411,51.72,3.13,1.99,8.34,0.0
20220105:1511,0.0,0.0,1.61,8.21,0.0
20220105:1611,0.0,0.0,1.41,8.34,0.0
20220105:1711,0.0,0.0,1.38,8.76,0.0
20220105:1811,0.0,0.0,1.29,8.55,0.0
20220105:1911,0.0,0.0,1.72,8.48,0.0
20220105:2011,0.0,0.0,1.68,8.34,0.0
20220105:2111,0.0,0.0,1.59,7.66,0.0
20220105:2211,0.0,0.0,1.41,6.83,0.0
20220105:2311,0.0,0.0,1.29,6.41,0.0
20220106:0011,0.0,0.0,1.25,6.28,0.0
20220106:0111,0.0,0.0,1.08,6.0,0.0
20220106:0211,0.0,0.0,0.8,5.31,0.0
20220106:0311,0.0,0.0,0.53,4.69,0.0
20220106:0411,0.0,0.0,0.37,4.21,0.0
20220106:0511,0.0,0.0,0.23,3.79,0.0
20220106:0611,0.0,0.0,0.02,3.1,0.0
20220106:0711,0.0,0.0,0.19,2.14,0.0
20220106:0811,0.0,0.0,0.03,1.59,0.0
20220106:0911,10.71,3.03,-0.59,1.03,0.0
20220106:1011,210.51,6.68,-0.42,0.97,0.0
20220106:1111,126.13,8.61,0.47,1.31,0.0
20220106:1211,37.48,8.67,1.05,1.79,0.0
20220106:1311,172.22,6.84,1.46,2.41,0.0
20220106:1411,145.4,3.27,1.49,2.97,0.0
20220106:1511,0.0,0.0,1.25,3.52,0.0
20220106:1611,0.0,0.0,1.34,4.34,0.0
20220106:1711,0.0,0.0,1.6,5.31,0.0
20220106:1811,0.0,0.0,1.93,6.28,0.0
20220106:1911,0.0,0.0,2.28,7.24,0.0
20220106:2011,0.0,0.0,2.45,7.24,0.0
20220106:2111,0.0,0.0,2.72,7.66,0.0
20220106:2211,0.0,0.0,2.66,7.93,0.0
20220106:2311,0.0,0.0,2.61,8.48,0.0
20220107:0011,0.0,0.0,2.86,8.55,0.0
20220107:0111,0.0,0.0,3.18,7.93,0.0
20220107:0211,0.0,0.0,2.93,6.9,0.0
20220107:0311,0.0,0.0,2.87,6.83,0.0
20220107:0411,0.0,0.0,3.05,6.21,0.0
20220107:0511,0.0,0.0,2.91,5.59,0.0
20220107:0611,0.0,0.0,3.07,5.31,0.0
20220107:0711,0.0,0.0,3.19,4.76,0.0
20220107:0811,0.0,0.0,3.36,4.48,0.0
20220107:0911,171.12,3.11,3.37,4.48,0.0
20220107:1011,264.43,6.78,3.35,4.62,0.0
20220107:1111,224.24,8.73,3.43,4.55,0.0
20220107:1211,279.32,8.8,3.28,4.34,0.0
20220107:1311,327.82,6.98,2.85,3.86,0.0
20220107:1411,25.45,3.42,2.82,3.86,0.0
20220107:1511,0.0,0.0,2.56,3.24,0.0
20220107:1611,0.0,0.0,2.45,2.76,0.0
20220107:1711,0.0,0.0,2.04,2.48,0.0
20220107:1811,0.0,0.0,1.95,2.69,0.0
20220107:1911,0.0,0.0,2.8,5.17,0.0
20220107:2011,0.0,0.0,2.65,4.62,0.0
20220107:2111,0.0,0.0,2.43,4.28,0.0
20220107:2211,0.0,0.0,2.14,3.93,0.0
20220107:2311,0.0,0.0,2.07,3.45,0.0
20220108:0011,0.0,0.0,1.88,3.31,0.0
20220108:0111,0.0,0.0,1.52,3.38,0.0
20220108:0211,0.0,0.0,1.05,3.31,0.0
20220108:0311,0.0,0.0,0.94,3.24,0.0
20220108:0411,0.0,0.0,0.79,3.24,0.0
20220108:0511,0.0,0.0,0.77,3.86,0.0
20220108:0611,0.0,0.0,0.95,4.48,0.0
20220108:0711,0.0,0.0,1.27,2.62,0.0
20220108:0811,0.0,0.0,1.24,3.59,0.0
20220108:0911,190.04,3.21,1.07,4.83,0.0
20220108:1011,58.43,6.89,1.1,5.72,0.0
20220108:1111,36.59,8.85,1.22,6.14,0.0
20220108:1211,21.42,8.93,1.38,6.41,0.0
20220108:1311,175.3,7.12,1.43,6.48,0.0
20220108:1411,2.68,3.57,1.25,7.03,0.0
20220108:1511,0.0,0.0,1.08,7.45,0.0
20220108:1611,0.0,0.0,1.0,7.93,0.0
20220108:1711,0.0,0.0,0.87,8.14,0.0
20220108:1811,0.0,0.0,0.83,8.41,0.0
20220108:1911,0.0,0.0,1.07,8.97,0.0
20220108:2011,0.0,0.0,0.99,9.1,0.0
20220108:2111,0.0,0.0,0.92,9.59,0.0
20220108:2211,0.0,0.0,0.88,9.86,0.0
20220108:2311,0.0,0.0,0.77,9.93,0.0
20220109:0011,0.0,0.0,0.73,9.79,0.0
20220109:0111,0.0,0.0,0.68,9.79,0.0
20220109:0211,0.0,0.0,0.67,9.72,0.0
20220109:0311,0.0,0.0,0.67,9.59,0.0
20220109:0411,0.0,0.0,0.81,9.24,0.0
20220109:0511,0.0,0.0,1.02,8.76,0.0
20220109:0611,0.0,0.0,1.24,8.34,0.0
20220109:0711,0.0,0.0,1.47,6.76,0.0
20220109:0811,0.0,0.0,1.55,6.41,0.0
20220109:0911,8.92,3.31,1.6,6.55,0.0
20220109:1011,138.47,7.01,1.64,6.28,0.0
20220109:1111,82.58,8.98,1.69,6.14,0.0
20220109:1211,57.47,9.08,1.7,6.0,0.0
20220109:1311,108.02,7.28,1.6,5.93,0.0
20220109:1411,7.14,3.73,1.26,6.0,0.0
20220109:1511,0.0,0.0,1.06,6.0,0.0
20220109:1611,0.0,0.0,0.97,5.79,0.0
20220109:1711,0.0,0.0,0.83,5.38,0.0
20220109:1811,0.0,0.0,0.69,4.76,0.0
20220109:1911,0.0,0.0,1.45,5.31,0.0
20220109:2011,0.0,0.0,1.4,5.79,0.0
20220109:2111,0.0,0.0,1.44,5.66,0.0
20220109:2211,0.0,0.0,1.54,5.72,0.0
20220109:2311,0.0,0.0,1.72,5.86,0.0
20220110:0011,0.0,0.0,1.63,5.93,0.0
20220110:0111,0.0,0.0,1.48,6.62,0.0
20220110:0211,0.0,0.0,1.34,7.24,0.0
20220110:0311,0.0,0.0,1.26,7.03,0.0
20220110:0411,0.0,0.0,1.13,6.9,0.0
20220110:0511,0.0,0.0,1.01,7.31,0.0
20220110:0611,0.0,0.0,1.11,7.93,0.0
20220110:0711,0.0,0.0,2.03,8.62,0.0
20220110:0811,0.0,0.0,2.05,8.55,0.0
20220110:0911,12.49,3.41,2.04,8.9,0.0
20220110:1011,67.65,7.13,2.16,9.45,0.0
20220110:1111,18.74,9.12,2.34,9.93,0.0
20220110:1211,81.79,9.23,2.4,9.45,0.0
20220110:1311,29.45,7.44,2.4,9.59,0.0
20220110:1411,2.68,3.9,2.38,9.66,0.0
20220110:1511,0.0,0.0,2.32,9.66,0.0
20220110:1611,0.0,0.0,2.24,9.93,0.0
20220110:1711,0.0,0.0,2.26,10.0,0.0
20220110:1811,0.0,0.0,2.17,9.79,0.0
20220110:1911,0.0,0.0,2.43,10.07,0.0
20220110:2011,0.0,0.0,2.71,9.93,0.0
20220110:2111,0.0,0.0,3.22,9.86,0.0
20220110:2211,0.0,0.0,3.48,10.07,0.0
20220110:2311,0.0,0.0,3.81,10.07,0.0
20220111:0011,0.0,0.0,4.13,10.21,0.0
20220111:0111,0.0,0.0,4.34,9.38,0.0
20220111:0211,0.0,0.0,4.68,9.79,0.0
20220111:0311,0.0,0.0,5.09,9.79,0.0
20220111:0411,0.0,0.0,4.92,9.66,0.0
20220111:0511,0.0,0.0,5.12,9.31,0.0
20220111:0611,0.0,0.0,5.23,8.48,0.0
20220111:0711,0.0,0.0,5.27,7.93,0.0
20220111:0811,0.0,0.0,5.3,5.45,0.0
20220111:0911,2.68,3.53,5.21,2.69,0.0
20220111:1011,372.97,7.26,5.03,3.17,0.0
20220111:1111,194.56,9.27,5.49,3.31,0.0
20220111:1211,276.45,9.38,5.42,3.17,0.0
20220111:1311,251.46,7.61,5.24,2.55,0.0
20220111:1411,110.64,4.07,4.73,2.0,0.0
20220111:1511,0.0,0.0,4.41,2.0,0.0
20220111:1611,0.0,0.0,4.23,2.07,0.0
20220111:1711,0.0,0.0,3.99,1.79,0.0
20220111:1811,0.0,0.0,3.7,1.79,0.0
20220111:1911,0.0,0.0,1.75,1.86,0.0
20220111:2011,0.0,0.0,3.21,2.48,0.0
20220111:2111,0.0,0.0,4.18,3.1,0.0
20220111:2211,0.0,0.0,4.54,3.45,0.0
20220111:2311,0.0,0.0,4.61,3.66,0.0
20220112:0011,0.0,0.0,4.7,3.66,0.0
20220112:0111,0.0,0.0,5.02,3.86,0.0
20220112:0211,0.0,0.0,5.28,3.93,0.0
20220112:0311,0.0,0.0,5.55,4.14,0.0
20220112:0411,0.0,0.0,5.72,4.48,0.0
20220112:0511,0.0,0.0,5.9,4.69,0.0
20220112:0611,0.0,0.0,6.05,4.97,0.0
20220112:0711,0.0,0.0,6.13,4.83,0.0
20220112:0811,0.0,0.0,6.31,5.31,0.0
20220112:0911,2.68,3.65,6.53,6.0,0.0
20220112:1011,7.14,7.4,6.85,6.62,0.0
20220112:1111,33.02,9.42,7.19,6.97,0.0
20220112:1211,489.69,9.55,7.44,7.45,0.0
20220112:1311,202.57,7.78,7.57,7.45,0.0
20220112:1411,39.49,4.25,7.53,6.76,0.0
20220112:1511,0.0,0.0,7.47,6.21,0.0
20220112:1611,0.0,0.0,7.42,5.93,0.0
20220112:1711,0.0,0.0,7.39,6.21,0.0
20220112:1811,0.0,0.0,7.34,6.69,0.0
20220112:1911,0.0,0.0,7.39,6.83,0.0
20220112:2011,0.0,0.0,7.31,7.24,0.0
20220112:2111,0.0,0.0,7.26,7.93,0.0
20220112:2211,0.0,0.0,7.23,8.55,0.0
20220112:2311,0.0,0.0,7.2,8.9,0.0
20220113:0011,0.0,0.0,7.11,9.17,0.0
20220113:0111,0.0,0.0,7.06,9.31,0.0
20220113:0211,0.0,0.0,7.04,9.31,0.0
20220113:0311,0.0,0.0,7.06,9.24,0.0
20220113:0411,0.0,0.0,7.05,9.03,0.0
20220113:0511,0.0,0.0,7.03,8.9,0.0
20220113:0611,0.0,0.0,7.02,8.83,0.0
20220113:0711,0.0,0.0,7.31,8.14,0.0
20220113:0811,0.0,0.0,7.28,8.14,0.0
20220113:0911,37.22,3.78,7.18,8.14,0.0
20220113:1011,25.88,7.54,6.99,7.79,0.0
20220113:1111,59.56,9.58,6.94,7.72,0.0
20220113:1211,332.4,9.72,6.91,8.34,0.0
20220113:1311,16.06,7.96,6.99,8.76,0.0
20220113:1411,4.46,4.44,7.09,8.9,0.0
20220113:1511,0.0,0.0,7.23,9.03,0.0
20220113:1611,0.0,0.0,7.31,8.97,0.0
20220113:1711,0.0,0.0,7.35,8.97,0.0
20220113:1811,0.0,0.0,7.3,8.83,0.0
20220113:1911,0.0,0.0,7.44,8.14,0.0
20220113:2011,0.0,0.0,7.4,9.03,0.0
20220113:2111,0.0,0.0,7.07,10.07,0.0
20220113:2211,0.0,0.0,7.02,10.76,0.0
20220113:2311,0.0,0.0,7.11,11.38,0.0
20220114:0011,0.0,0.0,7.08,11.79,0.0
20220114:0111,0.0,0.0,6.74,11.17,0.0
20220114:0211,0.0,0.0,6.1,10.41,0.0
20220114:0311,0.0,0.0,5.43,9.93,0.0
20220114:0411,0.0,0.0,4.97,9.59,0.0
20220114:0511,0.0,0.0,4.82,9.45,0.0
20220114:0611,0.0,0.0,4.79,9.31,0.0
20220114:0711,0.0,0.0,5.12,9.38,0.0
20220114:0811,0.0,0.0,5.0,9.31,0.0
20220114:0911,90.47,3.92,4.82,9.1,0.0
20220114:1011,148.49,7.7,4.72,9.17,0.0
20220114:1111,359.43,9.74,4.56,9.38,0.0
20220114:1211,525.16,9.9,4.35,9.59,0.0
20220114:1311,400.31,8.15,4.09,9.38,0.0
20220114:1411,59.91,4.63,3.8,8.83,0.0
20220114:1511,0.0,0.0,3.43,8.14,0.0
20220114:1611,0.0,0.0,3.2,7.52,0.0
20220114:1711,0.0,0.0,3.02,6.97,0.0
20220114:1811,0.0,0.0,2.86,6.48,0.0
20220114:1911,0.0,0.0,3.07,5.52,0.0
20220114:2011,0.0,0.0,3.04,5.31,0.0
20220114:2111,0.0,0.0,2.95,4.76,0.0
20220114:2211,0.0,0.0,2.88,4.34,0.0
20220114:2311,0.0,0.0,2.94,4.07,0.0
20220115:0011,0.0,0.0,2.98,4.0,0.0
20220115:0111,0.0,0.0,3.12,3.86,0.0
20220115:0211,0.0,0.0,3.17,3.38,0.0
20220115:0311,0.0,0.0,3.07,2.55,0.0
20220115:0411,0.0,0.0,2.83,1.59,0.0
20220115:0511,0.0,0.0,2.26,0.76,0.0
20220115:0611,0.0,0.0,3.01,0.34,0.0
20220115:0711,0.0,0.0,2.67,1.66,0.0
20220115:0811,0.0,0.0,2.8,2.28,0.0
20220115:0911,9.82,4.06,2.92,2.97,0.0
20220115:1011,32.13,7.85,3.11,3.52,0.0
20220115:1111,24.1,9.92,3.57,4.0,0.0
20220115:1211,43.73,10.08,4.24,4.14,0.0
20220115:1311,41.69,8.34,4.81,4.34,0.0
20220115:1411,12.49,4.82,5.09,4.48,0.0
20220115:1511,0.0,0.0,5.29,4.62,0.0
20220115:1611,0.0,0.0,5.4,4.55,0.0
20220115:1711,0.0,0.0,5.33,4.21,0.0
20220115:1811,0.0,0.0,5.14,3.79,0.0
20220115:1911,0.0,0.0,5.03,3.66,0.0
20220115:2011,0.0,0.0,4.89,3.59,0.0
20220115:2111,0.0,0.0,4.79,3.52,0.0
20220115:2211,0.0,0.0,4.77,3.52,0.0
20220115:2311,0.0,0.0,4.7,3.52,0.0
20220116:0011,0.0,0.0,4.7,3.59,0.0
20220116:0111,0.0,0.0,4.56,3.52,0.0
20220116:0211,0.0,0.0,4.62,3.66,0.0
20220116:0311,0.0,0.0,4.59,4.14,0.0
20220116:0411,0.0,0.0,4.66,4.34,0.0
20220116:0511,0.0,0.0,4.63,4.34,0.0
20220116:0611,0.0,0.0,4.61,4.83,0.0
20220116:0711,0.0,0.0,5.03,5.17,0.0
20220116:0811,0.0,0.0,5.36,6.62,0.0
20220116:0911,88.18,4.21,5.18,7.66,0.0
20220116:1011,27.67,8.02,5.72,8.0,0.0
20220116:1111,60.8,10.1,5.08,9.79,0.0
20220116:1211,489.46,10.27,4.23,10.21,0.0
20220116:1311,141.19,8.54,3.55,10.14,0.0
20220116:1411,86.94,5.03,3.57,9.72,0.0
20220116:1511,0.0,0.0,3.8,9.17,0.0
20220116:1611,0.0,0.0,4.43,8.62,0.0
20220116:1711,0.0,0.0,4.88,9.79,0.0
20220116:1811,0.0,0.0,5.06,10.55,0.0
20220116:1911,0.0,0.0,4.94,11.86,0.0
20220116:2011,0.0,0.0,5.34,12.97,0.0
20220116:2111,0.0,0.0,5.6,11.93,0.0
20220116:2211,0.0,0.0,5.0,9.38,0.0
20220116:2311,0.0,0.0,4.06,9.17,0.0
20220117:0011,0.0,0.0,3.21,9.66,0.0
20220117:0111,0.0,0.0,3.07,10.55,0.0
20220117:0211,0.0,0.0,2.93,11.31,0.0
20220117:0311,0.0,0.0,2.63,12.07,0.0
20220117:0411,0.0,0.0,2.47,12.69,0.0
20220117:0511,0.0,0.0,2.4,13.17,0.0
20220117:0611,0.0,0.0,2.25,13.45,0.0
20220117:0711,0.0,0.0,2.72,12.48,0.0
20220117:0811,0.0,0.0,2.67,11.52,0.0
20220117:0911,13.39,4.37,2.69,10.21,0.0
20220117:1011,26.77,8.19,2.94,9.1,0.0
20220117:1111,31.24,10.28,3.23,8.34,0.0
20220117:1211,21.42,10.47,3.42,8.07,0.0
20220117:1311,26.77,8.74,3.57,7.72,0.0
20220117:1411,4.46,5.24,3.52,7.24,0.0
20220117:1511,0.0,0.0,3.4,6.69,0.0
20220117:1611,0.0,0.0,3.39,6.0,0.0
20220117:1711,0.0,0.0,3.44,5.17,0.0
20220117:1811,0.0,0.0,3.47,4.28,0.0
20220117:1911,0.0,0.0,3.31,4.0,0.0
20220117:2011,0.0,0.0,3.5,2.9,0.0
20220117:2111,0.0,0.0,3.51,1.79,0.0
20220117:2211,0.0,0.0,3.49,0.9,0.0
20220117:2311,0.0,0.0,3.6,0.62,0.0
20220118:0011,0.0,0.0,4.13,1.93,0.0
20220118:0111,0.0,0.0,4.82,3.59,0.0
20220118:0211,0.0,0.0,5.42,4.62,0.0
20220118:0311,0.0,0.0,5.72,5.03,0.0
20220118:0411,0.0,0.0,5.83,4.76,0.0
20220118:0511,0.0,0.0,5.82,4.14,0.0
20220118:0611,0.0,0.0,5.79,3.79,0.0
20220118:0711,0.0,0.0,5.66,2.21,0.0
20220118:0811,0.0,0.0,5.35,2.0,0.0
20220118:0911,8.92,4.53,5.34,1.72,0.0
20220118:1011,44.31,8.37,5.29,1.45,0.0
20220118:1111,19.63,10.48,5.44,1.24,0.0
20220118:1211,100.77,10.68,5.43,1.59,0.0
20220118:1311,33.02,8.95,5.46,2.0,0.0
20220118:1411,7.14,5.45,5.37,2.07,0.0
20220118:1511,0.0,0.0,5.22,1.86,0.0
20220118:1611,0.0,0.0,5.07,2.07,0.0
20220118:1711,0.0,0.0,4.9,2.76,0.0
20220118:1811,0.0,0.0,4.93,3.45,0.0
20220118:1911,0.0,0.0,5.4,4.0,0.0
20220118:2011,0.0,0.0,5.31,4.21,0.0
20220118:2111,0.0,0.0,5.45,4.14,0.0
20220118:2211,0.0,0.0,5.43,3.86,0.0
20220118:2311,0.0,0.0,5.53,4.21,0.0
20220119:0011,0.0,0.0,5.7,4.9,0.0
20220119:0111,0.0,0.0,5.65,5.66,0.0
20220119:0211,0.0,0.0,5.33,6.55,0.0
20220119:0311,0.0,0.0,5.35,6.69,0.0
20220119:0411,0.0,0.0,5.57,6.62,0.0
20220119:0511,0.0,0.0,5.74,6.62,0.0
20220119:0611,0.0,0.0,5.84,6.55,0.0
20220119:0711,0.0,0.0,5.83,7.38,0.0
20220119:0811,0.0,0.0,5.78,7.52,0.0
20220119:0911,3.57,4.7,5.75,7.59,0.0
20220119:1011,16.06,8.56,5.83,7.59,0.0
20220119:1111,20.53,10.68,5.81,8.55,0.0
20220119:1211,22.31,10.89,4.64,10.69,0.0
20220119:1311,56.79,9.17,3.22,9.72,0.0
20220119:1411,13.39,5.67,2.52,12.14,0.0
20220119:1511,0.0,0.0,2.16,12.41,0.0
20220119:1611,0.0,0.0,1.41,12.69,0.0
20220119:1711,0.0,0.0,0.79,12.62,0.0
20220119:1811,0.0,0.0,0.36,13.1,0.0
20220119:1911,0.0,0.0,-0.14,12.76,0.0
20220119:2011,0.0,0.0,-0.42,12.69,0.0
20220119:2111,0.0,0.0,-0.53,12.69,0.0
20220119:2211,0.0,0.0,-0.38,13.17,0.0
20220119:2311,0.0,0.0,-0.24,12.69,0.0
20220120:0011,0.0,0.0,0.01,12.76,0.0
20220120:0111,0.0,0.0,-0.08,13.24,0.0
20220120:0211,0.0,0.0,-0.12,12.41,0.0
20220120:0311,0.0,0.0,0.01,12.14,0.0
20220120:0411,0.0,0.0,-0.09,12.28,0.0
20220120:0511,0.0,0.0,-0.18,12.69,0.0
20220120:0611,0.0,0.0,-0.03,12.9,0.0
20220120:0711,0.0,0.0,0.0,12.97,0.0
20220120:0811,0.0,0.0,-0.02,12.76,0.0
20220120:0911,85.35,4.88,0.07,12.34,0.0
20220120:1011,56.21,8.75,0.23,11.86,0.0
20220120:1111,192.14,10.88,0.53,11.17,0.0
20220120:1211,76.89,11.1,0.77,10.41,0.0
20220120:1311,49.2,9.39,0.86,10.0,0.0
20220120:1411,23.2,5.9,0.78,10.34,0.0
20220120:1511,0.0,0.0,0.72,10.21,0.0
20220120:1611,0.0,0.0,0.69,9.59,0.0
20220120:1711,0.0,0.0,0.82,9.45,0.0
20220120:1811,0.0,0.0,1.04,9.59,0.0
20220120:1911,0.0,0.0,1.15,8.14,0.0
20220120:2011,0.0,0.0,1.12,8.14,0.0
20220120:2111,0.0,0.0,1.59,8.21,0.0
20220120:2211,0.0,0.0,1.87,7.93,0.0
20220120:2311,0.0,0.0,2.08,7.59,0.0
20220121:0011,0.0,0.0,1.95,6.76,0.0
20220121:0111,0.0,0.0,2.37,6.69,0.0
20220121:0211,0.0,0.0,2.69,5.86,0.0
20220121:0311,0.0,0.0,2.91,5.1,0.0
20220121:0411,0.0,0.0,3.36,4.76,0.0
20220121:0511,0.0,0.0,3.92,5.03,0.0
20220121:0611,0.0,0.0,4.59,5.86,0.0
20220121:0711,0.0,0.0,4.63,4.55,0.0
20220121:0811,0.0,0.0,4.93,5.31,0.0
20220121:0911,226.8,5.06,5.15,5.59,0.0
20220121:1011,393.42,8.95,5.46,5.86,0.0
20220121:1111,337.86,11.1,5.64,5.86,0.0
20220121:1211,103.43,11.33,5.74,6.34,0.0
20220121:1311,203.1,9.62,5.92,6.97,0.0
20220121:1411,5.35,6.13,5.98,7.38,0.0
20220121:1511,0.0,0.0,6.0,7.59,0.0
20220121:1611,0.0,0.0,5.98,7.66,0.0
20220121:1711,0.0,0.0,5.98,7.72,0.0
20220121:1811,0.0,0.0,5.99,7.59,0.0
20220121:1911,0.0,0.0,5.65,6.69,0.0
20220121:2011,0.0,0.0,5.69,6.14,0.0
20220121:2111,0.0,0.0,5.73,5.79,0.0
20220121:2211,0.0,0.0,5.75,5.59,0.0
20220121:2311,0.0,0.0,5.84,5.93,0.0
20220122:0011,0.0,0.0,5.96,6.0,0.0
20220122:0111,0.0,0.0,6.03,6.07,0.0
20220122:0211,0.0,0.0,6.1,6.07,0.0
20220122:0311,0.0,0.0,6.14,6.0,0.0
20220122:0411,0.0,0.0,6.17,6.21,0.0
20220122:0511,0.0,0.0,6.16,6.21,0.0
20220122:0611,0.0,0.0,6.12,5.79,0.0
20220122:0711,0.0,0.0,6.1,5.03,0.0
20220122:0811,0.0,0.0,6.1,5.17,0.0
20220122:0911,258.63,5.26,6.19,5.24,0.0
20220122:1011,34.81,9.16,6.32,5.38,0.0
20220122:1111,67.86,11.32,6.42,5.52,0.0
20220122:1211,41.95,11.56,6.51,5.31,0.0
20220122:1311,21.42,9.86,6.5,5.52,0.0
20220122:1411,5.35,6.36,6.42,4.62,0.0
20220122:1511,0.0,0.0,6.33,4.41,0.0
20220122:1611,0.0,0.0,6.34,4.41,0.0
20220122:1711,0.0,0.0,6.46,4.62,0.0
20220122:1811,0.0,0.0,6.57,4.76,0.0
20220122:1911,0.0,0.0,6.61,4.28,0.0
20220122:2011,0.0,0.0,6.66,4.69,0.0
20220122:2111,0.0,0.0,6.7,4.48,0.0
20220122:2211,0.0,0.0,6.69,3.72,0.0
20220122:2311,0.0,0.0,6.65,2.9,0.0
20220123:0011,0.0,0.0,6.6,2.28,0.0
20220123:0111,0.0,0.0,6.58,2.41,0.0
20220123:0211,0.0,0.0,6.53,2.76,0.0
20220123:0311,0.0,0.0,6.56,2.83,0.0
20220123:0411,0.0,0.0,6.55,2.69,0.0
20220123:0511,0.0,0.0,6.55,2.55,0.0
20220123:0611,0.0,0.0,6.51,2.41,0.0
20220123:0711,0.0,0.0,6.46,1.17,0.0
20220123:0811,0.0,0.0,6.23,1.03,0.0
20220123:0911,4.46,5.45,6.27,1.31,0.0
20220123:1011,81.33,9.37,6.51,2.0,0.0
20220123:1111,24.99,11.54,6.95,2.48,0.0
20220123:1211,13.39,11.79,7.1,3.31,0.0
20220123:1311,10.71,10.1,6.88,3.93,0.0
20220123:1411,6.25,6.6,6.5,4.0,0.0
20220123:1511,0.0,0.0,5.99,4.41,0.0
20220123:1611,0.0,0.0,5.7,4.55,0.0
20220123:1711,0.0,0.0,5.45,4.48,0.0
20220123:1811,0.0,0.0,5.45,4.55,0.0
20220123:1911,0.0,0.0,5.84,4.14,0.0
20220123:2011,0.0,0.0,5.82,4.41,0.0
20220123:2111,0.0,0.0,5.72,4.55,0.0
20220123:2211,0.0,0.0,5.64,4.55,0.0
20220123:2311,0.0,0.0,5.54,4.28,0.0
20220124:0011,0.0,0.0,5.46,4.41,0.0
20220124:0111,0.0,0.0,5.29,4.34,0.0
20220124:0211,0.0,0.0,5.39,4.28,0.0
20220124:0311,0.0,0.0,5.41,4.62,0.0
20220124:0411,0.0,0.0,5.49,4.48,0.0
20220124:0511,0.0,0.0,5.44,4.55,0.0
20220124:0611,0.0,0.0,5.46,4.55,0.0
20220124:0711,0.0,0.0,5.69,4.69,0.0
20220124:0811,0.0,0.0,5.78,4.48,0.0
20220124:0911,50.59,5.66,5.93,4.76,0.0
20220124:1011,95.5,9.59,6.17,5.1,0.0
20220124:1111,27.67,11.77,6.4,5.59,0.0
20220124:1211,16.06,12.03,6.58,6.07,0.0
20220124:1311,16.06,10.34,6.68,6.41,0.0
20220124:1411,6.25,6.85,6.77,6.41,0.0
20220124:1511,0.89,1.81,6.67,5.86,0.0
20220124:1611,0.0,0.0,6.38,4.9,0.0
20220124:1711,0.0,0.0,6.0,4.34,0.0
20220124:1811,0.0,0.0,5.51,4.62,0.0
20220124:1911,0.0,0.0,5.76,5.59,0.0
20220124:2011,0.0,0.0,5.58,5.59,0.0
20220124:2111,0.0,0.0,5.36,4.97,0.0
20220124:2211,0.0,0.0,5.3,4.62,0.0
20220124:2311,0.0,0.0,5.08,4.48,0.0
20220125:0011,0.0,0.0,4.84,4.21,0.0
20220125:0111,0.0,0.0,4.67,4.21,0.0
20220125:0211,0.0,0.0,4.68,4.14,0.0
20220125:0311,0.0,0.0,4.66,4.07,0.0
20220125:0411,0.0,0.0,4.67,3.93,0.0
20220125:0511,0.0,0.0,4.68,3.66,0.0
20220125:0611,0.0,0.0,4.7,3.31,0.0
20220125:0711,0.0,0.0,4.42,2.69,0.0
20220125:0811,0.0,0.0,4.27,2.07,0.0
20220125:0911,8.03,5.87,4.32,1.59,0.0
20220125:1011,24.1,9.81,4.72,1.03,0.0
20220125:1111,25.88,12.01,5.23,1.38,0.0
20220125:1211,44.62,12.28,5.39,1.93,0.0
20220125:1311,11.6,10.59,5.5,2.0,0.0
20220125:1411,7.14,7.1,5.45,2.07,0.0
20220125:1511,0.89,2.06,5.38,2.14,0.0
20220125:1611,0.0,0.0,5.1,2.69,0.0
20220125:1711,0.0,0.0,5.26,3.1,0.0
20220125:1811,0.0,0.0,5.3,3.79,0.0
20220125:1911,0.0,0.0,5.38,4.55,0.0
20220125:2011,0.0,0.0,5.47,4.76,0.0
20220125:2111,0.0,0.0,5.4,4.97,0.0
20220125:2211,0.0,0.0,5.38,5.31,0.0
20220125:2311,0.0,0.0,5.58,5.52,0.0
20220126:0011,0.0,0.0,6.07,6.14,0.0
20220126:0111,0.0,0.0,5.98,6.55,0.0
20220126:0211,0.0,0.0,6.08,7.86,0.0
20220126:0311,0.0,0.0,6.04,9.1,0.0
20220126:0411,0.0,0.0,5.65,8.69,0.0
20220126:0511,0.0,0.0,4.89,8.62,0.0
20220126:0611,0.0,0.0,4.71,8.14,0.0
20220126:0711,0.0,0.0,4.91,8.62,0.0
20220126:0811,0.0,0.0,4.82,8.21,0.0
20220126:0911,5.35,6.08,4.85,7.66,0.0
20220126:1011,361.08,10.04,5.11,7.52,0.0
20220126:1111,24.99,12.25,5.18,7.86,0.0
20220126:1211,76.08,12.53,5.15,8.14,0.0
20220126:1311,93.46,10.85,5.49,7.72,0.0
20220126:1411,338.52,7.35,5.67,7.03,0.0
20220126:1511,1.78,2.31,5.64,6.41,0.0
20220126:1611,0.0,0.0,5.49,5.59,0.0
20220126:1711,0.0,0.0,5.31,4.9,0.0
20220126:1811,0.0,0.0,5.22,4.83,0.0
20220126:1911,0.0,0.0,5.48,5.86,0.0
20220126:2011,0.0,0.0,5.02,5.72,0.0
20220126:2111,0.0,0.0,5.3,6.48,0.0
20220126:2211,0.0,0.0,5.82,6.97,0.0
20220126:2311,0.0,0.0,6.46,9.52,0.0
20220127:0011,0.0,0.0,7.27,8.97,0.0
20220127:0111,0.0,0.0,7.24,8.76,0.0
20220127:0211,0.0,0.0,7.07,9.31,0.0
20220127:0311,0.0,0.0,6.66,10.55,0.0
20220127:0411,0.0,0.0,6.1,12.41,0.0
20220127:0511,0.0,0.0,5.57,13.17,0.0
20220127:0611,0.0,0.0,5.38,14.76,0.0
20220127:0711,0.0,0.0,4.7,13.86,0.0
20220127:0811,0.0,0.0,4.41,12.97,0.0
20220127:0911,8.92,6.31,4.23,12.9,0.0
20220127:1011,35.7,10.28,4.15,12.83,0.0
20220127:1111,41.95,12.5,4.23,12.83,0.0
20220127:1211,16.06,12.79,4.01,13.03,0.0
20220127:1311,230.32,11.11,4.17,12.9,0.0
20220127:1411,30.34,7.61,3.97,13.38,0.0
20220127:1511,1.78,2.57,3.8,13.45,0.0
20220127:1611,0.0,0.0,3.68,12.97,0.0
20220127:1711,0.0,0.0,3.64,12.55,0.0
20220127:1811,0.0,0.0,3.38,12.21,0.0
20220127:1911,0.0,0.0,3.31,11.79,0.0
20220127:2011,0.0,0.0,3.14,11.52,0.0
20220127:2111,0.0,0.0,2.9,11.31,0.0
20220127:2211,0.0,0.0,2.81,11.31,0.0
20220127:2311,0.0,0.0,2.71,11.03,0.0
20220128:0011,0.0,0.0,2.67,10.9,0.0
20220128:0111,0.0,0.0,2.65,10.83,0.0
20220128:0211,0.0,0.0,2.59,10.48,0.0
20220128:0311,0.0,0.0,2.48,9.59,0.0
20220128:0411,0.0,0.0,2.45,8.97,0.0
20220128:0511,0.0,0.0,2.44,8.0,0.0
20220128:0611,0.0,0.0,2.27,6.69,0.0
20220128:0711,0.0,0.0,2.59,5.45,0.0
20220128:0811,0.0,0.0,2.54,4.14,0.0
20220128:0911,16.96,6.53,2.83,3.17,0.0
20220128:1011,92.71,10.52,3.24,2.62,0.0
20220128:1111,217.28,12.76,3.85,3.03,0.0
20220128:1211,58.01,13.05,4.25,3.72,0.0
20220128:1311,49.98,11.38,4.44,5.24,0.0
20220128:1411,22.31,7.88,4.42,6.34,0.0
20220128:1511,1.78,2.83,3.99,7.03,0.0
20220128:1611,0.0,0.0,4.9,6.83,0.0
20220128:1711,0.0,0.0,5.14,6.9,0.0
20220128:1811,0.0,0.0,4.69,7.1,0.0
20220128:1911,0.0,0.0,5.0,7.38,0.0
20220128:2011,0.0,0.0,5.16,7.31,0.0
20220128:2111,0.0,0.0,5.4,7.17,0.0
20220128:2211,0.0,0.0,5.77,6.97,0.0
20220128:2311,0.0,0.0,6.3,6.9,0.0
20220129:0011,0.0,0.0,7.51,7.79,0.0
20220129:0111,0.0,0.0,7.44,8.76,0.0
20220129:0211,0.0,0.0,7.73,9.03,0.0
20220129:0311,0.0,0.0,7.89,8.76,0.0
20220129:0411,0.0,0.0,7.89,8.69,0.0
20220129:0511,0.0,0.0,7.88,8.76,0.0
20220129:0611,0.0,0.0,7.94,9.1,0.0
20220129:0711,0.0,0.0,8.04,9.52,0.0
20220129:0811,0.0,0.0,7.98,10.28,0.0
20220129:0911,6.25,6.77,7.77,10.97,0.0
20220129:1011,11.6,10.77,7.57,11.31,0.0
20220129:1111,17.85,13.02,7.52,12.07,0.0
20220129:1211,42.84,13.32,7.31,13.79,0.0
20220129:1311,12.49,11.65,6.56,13.24,0.0
20220129:1411,8.03,8.14,5.19,16.9,0.0
20220129:1511,1.78,3.09,4.66,14.55,0.0
20220129:1611,0.0,0.0,4.6,14.55,0.0
20220129:1711,0.0,0.0,4.11,14.97,0.0
20220129:1811,0.0,0.0,3.87,16.0,0.0
20220129:1911,0.0,0.0,3.55,16.34,0.0
20220129:2011,0.0,0.0,3.3,16.07,0.0
20220129:2111,0.0,0.0,3.74,15.45,0.0
20220129:2211,0.0,0.0,4.31,17.17,0.0
20220129:2311,0.0,0.0,4.02,17.45,0.0
20220130:0011,0.0,0.0,3.68,16.69,0.0
20220130:0111,0.0,0.0,3.25,16.97,0.0
20220130:0211,0.0,0.0,3.34,16.28,0.0
20220130:0311,0.0,0.0,3.47,15.59,0.0
20220130:0411,0.0,0.0,3.62,14.9,0.0
20220130:0511,0.0,0.0,3.51,14.21,0.0
20220130:0611,0.0,0.0,3.34,13.66,0.0
20220130:0711,0.0,0.0,3.12,12.97,0.0
20220130:0811,0.0,0.0,2.98,12.14,0.0
20220130:0911,91.53,7.01,2.91,11.38,0.0
20220130:1011,27.67,11.03,2.94,10.76,0.0
20220130:1111,155.71,13.29,2.96,10.48,0.0
20220130:1211,607.58,13.59,3.06,10.07,0.0
20220130:1311,551.25,11.92,3.04,9.66,0.0
20220130:1411,330.08,8.42,2.87,9.1,0.0
20220130:1511,3.57,3.36,2.56,8.0,0.0
20220130:1611,0.0,0.0,2.2,6.34,0.0
20220130:1711,0.0,0.0,2.06,4.48,0.0
20220130:1811,0.0,0.0,1.77,2.69,0.0
20220130:1911,0.0,0.0,1.54,1.52,0.0
20220130:2011,0.0,0.0,1.07,0.41,0.0
20220130:2111,0.0,0.0,1.22,1.38,0.0
20220130:2211,0.0,0.0,1.07,2.28,0.0
20220130:2311,0.0,0.0,0.9,3.1,0.0
20220131:0011,0.0,0.0,0.79,3.86,0.0
20220131:0111,0.0,0.0,0.7,4.28,0.0
20220131:0211,0.0,0.0,0.72,4.62,0.0
20220131:0311,0.0,0.0,0.68,4.55,0.0
20220131:0411,0.0,0.0,0.52,4.07,0.0
20220131:0511,0.0,0.0,0.58,3.59,0.0
20220131:0611,0.0,0.0,0.51,2.9,0.0
20220131:0711,0.0,0.0,0.93,3.79,0.0
20220131:0811,0.89,1.77,0.93,3.17,0.0
20220131:0911,259.55,7.26,1.05,2.21,0.0
20220131:1011,117.31,11.29,1.18,0.97,0.0
20220131:1111,354.78,13.56,1.31,0.41,0.0
20220131:1211,62.47,13.87,1.39,1.24,0.0
20220131:1311,14.28,12.2,1.4,3.03,0.0
20220131:1411,183.1,8.69,1.24,4.69,0.0
20220131:1511,2.68,3.63,1.69,7.1,0.0
20220131:1611,0.0,0.0,1.26,8.41,0.0
20220131:1711,0.0,0.0,0.93,8.41,0.0
20220131:1811,0.0,0.0,0.91,8.28,0.0
20220131:1911,0.0,0.0,1.12,7.24,0.0
20220131:2011,0.0,0.0,1.29,6.62,0.0
20220131:2111,0.0,0.0,1.25,6.07,0.0
20220131:2211,0.0,0.0,1.22,6.07,0.0
20220131:2311,0.0,0.0,1.51,5.59,0.0
20220201:0011,0.0,0.0,1.55,4.9,0.0
20220201:0111,0.0,0.0,1.31,3.66,0.0
20220201:0211,0.0,0.0,1.26,2.14,0.0
20220201:0311,0.0,0.0,1.48,2.48,0.0
20220201:0411,0.0,0.0,1.93,3.59,0.0
20220201:0511,0.0,0.0,1.53,4.76,0.0
20220201:0611,0.0,0.0,2.09,5.45,0.0
20220201:0711,0.0,0.0,3.64,5.38,0.0
20220201:0811,0.89,2.01,4.31,8.34,0.0
20220201:0911,15.17,7.51,4.85,10.34,0.0
20220201:1011,18.74,11.55,5.14,10.69,0.0
20220201:1111,292.08,13.84,5.49,10.28,0.0
20220201:1211,23.2,14.16,5.41,10.69,0.0
20220201:1311,52.66,12.49,5.39,11.38,0.0
20220201:1411,175.95,8.97,5.14,11.1,0.0
20220201:1511,2.68,3.9,4.87,10.69,0.0
20220201:1611,0.0,0.0,4.54,10.69,0.0
20220201:1711,0.0,0.0,4.5,10.83,0.0
20220201:1811,0.0,0.0,4.52,10.9,0.0
20220201:1911,0.0,0.0,4.83,11.45,0.0
20220201:2011,0.0,0.0,4.57,12.14,0.0
20220201:2111,0.0,0.0,4.23,12.69,0.0
20220201:2211,0.0,0.0,3.92,12.21,0.0
20220201:2311,0.0,0.0,3.76,12.21,0.0
20220202:0011,0.0,0.0,3.63,11.79,0.0
20220202:0111,0.0,0.0,3.25,11.59,0.0
20220202:0211,0.0,0.0,2.52,10.83,0.0
20220202:0311,0.0,0.0,2.29,10.76,0.0
20220202:0411,0.0,0.0,2.04,10.41,0.0
20220202:0511,0.0,0.0,1.86,9.86,0.0
20220202:0611,0.0,0.0,1.79,9.24,0.0
20220202:0711,0.0,0.0,1.84,8.48,0.0
20220202:0811,1.78,2.25,1.78,7.93,0.0
20220202:0911,158.43,7.77,1.97,7.31,0.0
20220202:1011,405.22,11.83,2.58,6.62,0.0
20220202:1111,0.0,0.0,3.34,6.07,0.0
20220202:1211,727.06,14.44,3.8,5.31,0.0
20220202:1311,82.54,12.78,4.03,5.59,0.0
20220202:1411,23.2,9.26,3.84,5.93,0.0
20220202:1511,7.14,4.18,3.64,6.41,0.0
20220202:1611,0.0,0.0,3.95,6.55,0.0
20220202:1711,0.0,0.0,4.16,6.28,0.0
20220202:1811,0.0,0.0,4.13,5.52,0.0
20220202:1911,0.0,0.0,3.67,3.93,0.0
20220202:2011,0.0,0.0,3.66,3.31,0.0
20220202:2111,0.0,0.0,3.7,2.14,0.0
20220202:2211,0.0,0.0,3.28,0.76,0.0
20220202:2311,0.0,0.0,3.73,1.72,0.0
20220203:0011,0.0,0.0,3.91,3.1,0.0
20220203:0111,0.0,0.0,4.32,3.93,0.0
20220203:0211,0.0,0.0,4.72,4.41,0.0
20220203:0311,0.0,0.0,5.18,4.48,0.0
20220203:0411,0.0,0.0,5.09,4.48,0.0
20220203:0511,0.0,0.0,5.25,4.48,0.0
20220203:0611,0.0,0.0,5.4,4.28,0.0
20220203:0711,0.0,0.0,4.98,4.0,0.0
20220203:0811,1.78,2.5,4.89,3.79,0.0
20220203:0911,50.06,8.03,4.92,3.66,0.0
20220203:1011,16.96,12.1,4.97,3.17,0.0
20220203:1111,44.62,14.41,5.04,2.83,0.0
20220203:1211,45.52,14.74,5.15,2.62,0.0
20220203:1311,82.25,13.07,5.21,2.9,0.0
20220203:1411,40.16,9.55,5.09,3.31,0.0
20220203:1511,8.03,4.46,5.02,3.72,0.0
20220203:1611,0.0,0.0,4.88,4.28,0.0
20220203:1711,0.0,0.0,4.92,4.9,0.0
20220203:1811,0.0,0.0,5.37,5.52,0.0
20220203:1911,0.0,0.0,6.07,6.62,0.0
20220203:2011,0.0,0.0,6.22,6.97,0.0
20220203:2111,0.0,0.0,6.36,7.17,0.0
20220203:2211,0.0,0.0,6.45,7.52,0.0
20220203:2311,0.0,0.0,6.46,8.28,0.0
20220204:0011,0.0,0.0,6.52,8.83,0.0
20220204:0111,0.0,0.0,5.95,7.24,0.0
20220204:0211,0.0,0.0,4.6,6.97,0.0
20220204:0311,0.0,0.0,3.73,5.52,0.0
20220204:0411,0.0,0.0,3.71,6.14,0.0
20220204:0511,0.0,0.0,3.38,6.69,0.0
20220204:0611,0.0,0.0,2.86,6.55,0.0
20220204:0711,0.0,0.0,3.1,6.48,0.0
20220204:0811,3.57,2.76,2.88,6.55,0.0
20220204:0911,128.28,8.3,2.72,6.76,0.0
20220204:1011,118.32,12.39,3.02,6.48,0.0
20220204:1111,25.88,14.7,3.26,6.55,0.0
20220204:1211,583.91,15.04,3.49,7.17,0.0
20220204:1311,398.45,13.37,3.1,7.79,0.0
20220204:1411,36.59,9.84,3.07,7.24,0.0
20220204:1511,8.03,4.74,3.08,7.31,0.0
20220204:1611,0.0,0.0,2.6,7.66,0.0
20220204:1711,0.0,0.0,2.52,7.86,0.0
20220204:1811,0.0,0.0,2.35,7.93,0.0
20220204:1911,0.0,0.0,2.95,7.93,0.0
20220204:2011,0.0,0.0,2.69,8.0,0.0
20220204:2111,0.0,0.0,2.62,7.86,0.0
20220204:2211,0.0,0.0,1.68,8.34,0.0
20220204:2311,0.0,0.0,1.25,7.66,0.0
20220205:0011,0.0,0.0,1.67,7.31,0.0
20220205:0111,0.0,0.0,2.24,7.17,0.0
20220205:0211,0.0,0.0,3.17,7.03,0.0
20220205:0311,0.0,0.0,2.87,7.86,0.0
20220205:0411,0.0,0.0,2.42,8.21,0.0
20220205:0511,0.0,0.0,2.15,8.69,0.0
20220205:0611,0.0,0.0,1.97,8.62,0.0
20220205:0711,0.0,0.0,2.84,8.41,0.0
20220205:0811,20.9,3.02,2.74,8.34,0.0
20220205:0911,34.81,8.58,3.02,7.59,0.0
20220205:1011,58.01,12.67,2.71,7.79,0.0
20220205:1111,289.52,15.0,3.18,6.97,0.0
20220205:1211,212.4,15.34,3.8,7.24,0.0
20220205:1311,99.08,13.67,4.16,8.0,0.0
20220205:1411,41.05,10.14,3.7,7.59,0.0
20220205:1511,4.46,5.03,3.9,8.9,0.0
20220205:1611,0.0,0.0,4.09,9.03,0.0
20220205:1711,0.0,0.0,4.47,10.9,0.0
20220205:1811,0.0,0.0,4.65,10.69,0.0
20220205:1911,0.0,0.0,4.71,9.31,0.0
20220205:2011,0.0,0.0,4.24,9.52,0.0
20220205:2111,0.0,0.0,3.54,10.34,0.0
20220205:2211,0.0,0.0,3.13,9.72,0.0
20220205:2311,0.0,0.0,2.6,9.52,0.0
20220206:0011,0.0,0.0,2.47,9.03,0.0
20220206:0111,0.0,0.0,2.28,8.9,0.0
20220206:0211,0.0,0.0,1.45,9.38,0.0
20220206:0311,0.0,0.0,1.15,8.41,0.0
20220206:0411,0.0,0.0,0.45,8.21,0.0
20220206:0511,0.0,0.0,0.52,7.17,0.0
20220206:0611,0.0,0.0,0.63,7.03,0.0
20220206:0711,0.0,0.0,1.84,7.17,0.0
20220206:0811,22.05,3.29,1.4,7.66,0.0
20220206:0911,56.4,8.86,1.12,7.31,0.0
20220206:1011,86.58,12.97,1.72,6.0,0.0
20220206:1111,59.8,15.3,2.25,5.17,0.0
20220206:1211,19.63,15.65,2.39,5.59,0.0
20220206:1311,293.72,13.97,1.5,6.55,0.0
20220206:1411,11.6,10.44,1.49,5.93,0.0
20220206:1511,16.06,5.32,1.49,5.45,0.0
20220206:1611,0.0,0.0,1.48,5.66,0.0
20220206:1711,0.0,0.0,1.47,5.79,0.0
20220206:1811,0.0,0.0,1.78,6.28,0.0
20220206:1911,0.0,0.0,1.64,6.21,0.0
20220206:2011,0.0,0.0,1.93,6.48,0.0
20220206:2111,0.0,0.0,2.07,7.24,0.0
20220206:2211,0.0,0.0,2.24,8.14,0.0
20220206:2311,0.0,0.0,2.47,9.17,0.0
20220207:0011,0.0,0.0,2.6,9.93,0.0
20220207:0111,0.0,0.0,2.5,10.62,0.0
20220207:0211,0.0,0.0,2.46,10.41,0.0
20220207:0311,0.0,0.0,2.33,11.03,0.0
20220207:0411,0.0,0.0,2.38,11.03,0.0
20220207:0511,0.0,0.0,2.67,10.62,0.0
20220207:0611,0.0,0.0,3.4,10.69,0.0
20220207:0711,0.0,0.0,3.73,10.83,0.0
20220207:0811,2.68,3.56,3.88,10.48,0.0
20220207:0911,30.34,9.14,4.49,9.79,0.0
20220207:1011,30.34,13.26,4.74,8.9,0.0
20220207:1111,54.44,15.61,4.97,7.79,0.0
20220207:1211,64.26,15.96,5.28,8.41,0.0
20220207:1311,298.69,14.28,5.08,7.79,0.0
20220207:1411,143.72,10.74,4.82,6.83,0.0
20220207:1511,8.03,5.62,4.43,6.07,0.0
20220207:1611,0.0,0.0,4.18,4.97,0.0
20220207:1711,0.0,0.0,4.03,4.28,0.0
20220207:1811,0.0,0.0,4.23,5.17,0.0
20220207:1911,0.0,0.0,4.44,5.79,0.0
20220207:2011,0.0,0.0,4.47,6.97,0.0
20220207:2111,0.0,0.0,4.77,7.52,0.0
20220207:2211,0.0,0.0,4.59,6.48,0.0
20220207:2311,0.0,0.0,5.21,7.1,0.0
20220208:0011,0.0,0.0,6.53,8.34,0.0
20220208:0111,0.0,0.0,6.48,8.69,0.0
20220208:0211,0.0,0.0,6.75,7.66,0.0
20220208:0311,0.0,0.0,6.12,8.0,0.0
20220208:0411,0.0,0.0,5.12,8.69,0.0
20220208:0511,0.0,0.0,4.57,9.31,0.0
20220208:0611,0.0,0.0,4.16,9.31,0.0
20220208:0711,0.0,0.0,4.45,8.41,0.0
20220208:0811,23.66,3.84,4.61,8.9,0.0
20220208:0911,425.93,9.43,4.65,9.31,0.0
20220208:1011,355.04,13.57,4.68,9.24,0.0
20220208:1111,237.19,15.92,4.59,9.1,0.0
20220208:1211,230.01,16.27,4.56,8.69,0.0
20220208:1311,656.17,14.6,4.31,8.07,0.0
20220208:1411,521.15,11.04,4.09,7.66,0.0
20220208:1511,19.63,5.91,3.92,7.31,0.0
20220208:1611,0.0,0.0,3.77,7.52,0.0
20220208:1711,0.0,0.0,3.64,7.24,0.0
20220208:1811,0.0,0.0,3.84,6.97,0.0
20220208:1911,0.0,0.0,4.61,5.66,0.0
20220208:2011,0.0,0.0,4.69,5.79,0.0
20220208:2111,0.0,0.0,4.86,6.28,0.0
20220208:2211,0.0,0.0,4.65,5.93,0.0
20220208:2311,0.0,0.0,4.81,6.14,0.0
20220209:0011,0.0,0.0,4.75,6.9,0.0
20220209:0111,0.0,0.0,4.78,6.83,0.0
20220209:0211,0.0,0.0,4.78,7.17,0.0
20220209:0311,0.0,0.0,4.62,7.31,0.0
20220209:0411,0.0,0.0,4.61,8.07,0.0
20220209:0511,0.0,0.0,4.5,9.24,0.0
20220209:0611,0.0,0.0,4.14,9.24,0.0
20220209:0711,0.0,0.0,4.23,10.97,0.0
20220209:0811,3.57,4.12,3.66,10.07,0.0
20220209:0911,473.78,9.73,3.6,9.1,0.0
20220209:1011,16.96,13.87,2.93,9.38,0.0
20220209:1111,683.95,16.23,3.52,8.9,0.0
20220209:1211,199.5,16.59,3.74,9.17,0.0
20220209:1311,702.71,14.91,3.61,9.66,0.0
20220209:1411,429.26,11.35,3.69,10.0,0.0
20220209:1511,282.77,6.21,3.74,9.79,0.0
20220209:1611,0.0,0.0,3.32,9.86,0.0
20220209:1711,0.0,0.0,3.34,9.52,0.0
20220209:1811,0.0,0.0,3.07,9.66,0.0
20220209:1911,0.0,0.0,3.16,10.21,0.0
20220209:2011,0.0,0.0,3.05,9.24,0.0
20220209:2111,0.0,0.0,3.33,9.1,0.0
20220209:2211,0.0,0.0,3.46,8.9,0.0
20220209:2311,0.0,0.0,3.09,8.41,0.0
20220210:0011,0.0,0.0,3.37,8.34,0.0
20220210:0111,0.0,0.0,3.62,8.14,0.0
20220210:0211,0.0,0.0,3.8,8.21,0.0
20220210:0311,0.0,0.0,3.59,8.48,0.0
20220210:0411,0.0,0.0,2.42,8.76,0.0
20220210:0511,0.0,0.0,1.53,7.86,0.0
20220210:0611,0.0,0.0,0.93,6.34,0.0
20220210:0711,0.0,0.0,2.15,7.38,0.0
20220210:0811,11.6,4.4,2.25,7.38,0.0
20220210:0911,453.96,10.03,1.92,7.72,0.0
20220210:1011,84.4,14.19,1.51,7.03,0.0
20220210:1111,50.87,16.56,1.63,6.48,0.0
20220210:1211,27.67,16.92,2.03,6.14,0.0
20220210:1311,91.34,15.23,2.6,5.66,0.0
20220210:1411,13.39,11.66,2.96,5.03,0.0
20220210:1511,6.25,6.51,3.17,4.83,0.0
20220210:1611,0.0,0.0,2.72,4.07,0.0
20220210:1711,0.0,0.0,2.61,3.66,0.0
20220210:1811,0.0,0.0,2.34,3.66,0.0
20220210:1911,0.0,0.0,1.76,3.31,0.0
20220210:2011,0.0,0.0,1.48,3.17,0.0
20220210:2111,0.0,0.0,1.38,3.93,0.0
20220210:2211,0.0,0.0,1.09,5.52,0.0
20220210:2311,0.0,0.0,0.79,6.55,0.0
20220211:0011,0.0,0.0,0.48,6.62,0.0
20220211:0111,0.0,0.0,0.14,6.76,0.0
20220211:0211,0.0,0.0,-0.24,6.97,0.0
20220211:0311,0.0,0.0,-0.43,7.31,0.0
20220211:0411,0.0,0.0,-0.62,7.79,0.0
20220211:0511,0.0,0.0,-0.58,7.66,0.0
20220211:0611,0.0,0.0,-0.45,7.38,0.0
20220211:0711,0.0,0.0,-0.04,6.9,0.0
20220211:0811,26.04,4.7,0.06,6.41,0.0
20220211:0911,304.8,10.33,0.49,6.14,0.0
20220211:1011,351.94,14.5,1.01,5.59,0.0
20220211:1111,177.8,16.88,1.55,4.69,0.0
20220211:1211,757.01,17.24,2.13,3.79,0.0
20220211:1311,152.74,15.56,2.71,3.24,0.0
20220211:1411,346.66,11.98,3.07,4.14,0.0
20220211:1511,17.85,6.81,2.56,5.59,0.0
20220211:1611,0.0,0.0,2.67,6.28,0.0
20220211:1711,0.0,0.0,3.06,6.83,0.0
20220211:1811,0.0,0.0,3.48,7.17,0.0
20220211:1911,0.0,0.0,3.64,7.03,0.0
20220211:2011,0.0,0.0,3.46,6.76,0.0
20220211:2111,0.0,0.0,3.21,7.17,0.0
20220211:2211,0.0,0.0,3.48,7.38,0.0
20220211:2311,0.0,0.0,3.62,7.52,0.0
20220212:0011,0.0,0.0,3.57,7.79,0.0
20220212:0111,0.0,0.0,3.33,8.0,0.0
20220212:0211,0.0,0.0,3.32,7.38,0.0
20220212:0311,0.0,0.0,3.4,7.52,0.0
20220212:0411,0.0,0.0,3.36,7.86,0.0
20220212:0511,0.0,0.0,3.75,8.07,0.0
20220212:0611,0.0,0.0,3.98,7.86,0.0
20220212:0711,0.0,0.0,4.25,9.24,0.0
20220212:0811,10.71,4.99,4.12,9.24,0.0
20220212:0911,32.13,10.64,4.24,9.38,0.0
20220212:1011,49.09,14.82,4.39,9.52,0.0
20220212:1111,21.42,17.21,4.49,9.66,0.0
20220212:1211,21.42,17.57,4.48,9.52,0.0
20220212:1311,30.34,15.88,4.41,9.31,0.0
20220212:1411,16.96,12.3,4.35,8.9,0.0
20220212:1511,90.24,7.12,4.41,9.1,0.0
20220212:1611,0.0,0.0,4.34,9.17,0.0
20220212:1711,0.0,0.0,4.23,9.17,0.0
20220212:1811,0.0,0.0,4.25,9.17,0.0
20220212:1911,0.0,0.0,4.43,8.69,0.0
20220212:2011,0.0,0.0,4.55,9.1,0.0
20220212:2111,0.0,0.0,4.64,9.38,0.0
20220212:2211,0.0,0.0,4.66,8.83,0.0
20220212:2311,0.0,0.0,5.03,8.83,0.0
20220213:0011,0.0,0.0,5.71,8.34,0.0
20220213:0111,0.0,0.0,5.91,7.31,0.0
20220213:0211,0.0,0.0,5.95,7.66,0.0
20220213:0311,0.0,0.0,5.83,7.93,0.0
20220213:0411,0.0,0.0,5.88,7.79,0.0
20220213:0511,0.0,0.0,5.86,7.17,0.0
20220213:0611,0.0,0.0,5.81,7.24,0.0
20220213:0711,0.0,0.0,5.94,7.03,0.0
20220213:0811,101.71,5.29,5.91,6.76,0.0
20220213:0911,72.28,10.95,5.96,6.69,0.0
20220213:1011,36.59,15.15,5.94,6.48,0.0
20220213:1111,80.32,17.54,5.97,6.21,0.0
20220213:1211,42.84,17.91,5.96,5.72,0.0
20220213:1311,253.61,16.21,5.88,5.86,0.0
20220213:1411,163.74,12.62,5.73,5.03,0.0
20220213:1511,66.57,7.43,5.55,3.72,0.0
20220213:1611,0.0,0.0,5.14,3.72,0.0
20220213:1711,0.0,0.0,4.78,4.55,0.0
20220213:1811,0.0,0.0,4.79,4.69,0.0
20220213:1911,0.0,0.0,4.94,6.14,0.0
20220213:2011,0.0,0.0,4.95,7.31,0.0
20220213:2111,0.0,0.0,4.71,7.38,0.0
20220213:2211,0.0,0.0,4.4,7.38,0.0
20220213:2311,0.0,0.0,4.07,6.83,0.0
20220214:0011,0.0,0.0,4.04,6.69,0.0
20220214:0111,0.0,0.0,3.69,5.59,0.0
20220214:0211,0.0,0.0,3.7,4.62,0.0
20220214:0311,0.0,0.0,3.77,4.34,0.0
20220214:0411,0.0,0.0,4.18,3.93,0.0
20220214:0511,0.0,0.0,4.35,3.45,0.0
20220214:0611,0.0,0.0,4.46,3.24,0.0
20220214:0711,0.0,0.0,4.35,3.24,0.0
20220214:0811,20.53,5.6,4.48,3.31,0.0
20220214:0911,70.99,11.27,4.31,3.31,0.0
20220214:1011,59.8,15.48,4.4,3.45,0.0
20220214:1111,70.51,17.88,4.53,3.79,0.0
20220214:1211,42.84,18.25,4.45,4.0,0.0
20220214:1311,105.85,16.54,4.29,4.0,0.0
20220214:1411,150.85,12.94,4.16,3.72,0.0
20220214:1511,30.34,7.74,4.03,3.79,0.0
20220214:1611,0.0,0.0,3.8,4.0,0.0
20220214:1711,0.0,0.0,3.41,4.14,0.0
20220214:1811,0.0,0.0,2.98,4.34,0.0
20220214:1911,0.0,0.0,3.09,4.14,0.0
20220214:2011,0.0,0.0,3.34,3.93,0.0
20220214:2111,0.0,0.0,3.37,3.72,0.0
20220214:2211,0.0,0.0,3.48,3.52,0.0
20220214:2311,0.0,0.0,3.73,3.66,0.0
20220215:0011,0.0,0.0,3.94,4.41,0.0
20220215:0111,0.0,0.0,3.96,5.45,0.0
20220215:0211,0.0,0.0,3.96,6.41,0.0
20220215:0311,0.0,0.0,3.83,6.62,0.0
20220215:0411,0.0,0.0,3.59,6.97,0.0
20220215:0511,0.0,0.0,3.34,7.66,0.0
20220215:0611,0.0,0.0,3.05,7.59,0.0
20220215:0711,0.0,0.0,3.01,7.17,0.0
20220215:0811,72.76,5.91,2.98,6.83,0.0
20220215:0911,128.02,11.59,3.1,6.28,0.0
20220215:1011,234.9,15.81,3.27,5.45,0.0
20220215:1111,506.94,18.22,3.51,4.76,0.0
20220215:1211,88.36,18.59,3.97,4.62,0.0
20220215:1311,85.46,16.88,4.07,5.17,0.0
20220215:1411,41.05,13.26,3.57,5.93,0.0
20220215:1511,9.82,8.05,3.08,7.17,0.0
20220215:1611,0.0,0.0,2.88,7.72,0.0
20220215:1711,0.0,0.0,2.75,7.31,0.0
20220215:1811,0.0,0.0,3.25,6.28,0.0
20220215:1911,0.0,0.0,3.1,3.79,0.0
20220215:2011,0.0,0.0,3.28,6.0,0.0
20220215:2111,0.0,0.0,3.73,6.14,0.0
20220215:2211,0.0,0.0,3.14,5.52,0.0
20220215:2311,0.0,0.0,3.18,5.59,0.0
20220216:0011,0.0,0.0,3.16,6.0,0.0
20220216:0111,0.0,0.0,3.22,6.83,0.0
20220216:0211,0.0,0.0,3.55,6.76,0.0
20220216:0311,0.0,0.0,3.57,6.41,0.0
20220216:0411,0.0,0.0,3.68,5.93,0.0
20220216:0511,0.0,0.0,3.64,5.17,0.0
20220216:0611,0.0,0.0,3.55,4.83,0.0
20220216:0711,0.0,0.0,3.3,3.45,0.0
20220216:0811,253.72,6.23,3.05,3.31,0.0
20220216:0911,411.43,11.92,3.19,3.38,0.0
20220216:1011,462.81,16.15,3.43,3.86,0.0
20220216:1111,751.13,18.57,3.49,4.62,0.0
20220216:1211,41.95,18.93,3.43,4.97,0.0
20220216:1311,44.62,17.22,3.48,4.76,0.0
20220216:1411,54.44,13.59,3.33,4.28,0.0
20220216:1511,22.31,8.36,3.09,3.45,0.0
20220216:1611,0.89,1.93,2.71,3.17,0.0
20220216:1711,0.0,0.0,2.47,3.38,0.0
20220216:1811,0.0,0.0,2.54,3.17,0.0
20220216:1911,0.0,0.0,2.32,4.62,0.0
20220216:2011,0.0,0.0,2.07,3.66,0.0
20220216:2111,0.0,0.0,1.93,2.97,0.0
20220216:2211,0.0,0.0,1.91,3.59,0.0
20220216:2311,0.0,0.0,1.97,3.72,0.0
20220217:0011,0.0,0.0,2.05,3.79,0.0
20220217:0111,0.0,0.0,2.01,4.0,0.0
20220217:0211,0.0,0.0,1.95,4.34,0.0
20220217:0311,0.0,0.0,1.98,4.9,0.0
20220217:0411,0.0,0.0,2.21,5.17,0.0
20220217:0511,0.0,0.0,2.31,5.31,0.0
20220217:0611,0.0,0.0,2.28,4.9,0.0
20220217:0711,0.0,0.0,1.97,4.41,0.0
20220217:0811,41.31,6.55,1.97,4.41,0.0
20220217:0911,529.3,12.25,2.41,4.55,0.0
20220217:1011,20.53,16.49,2.85,4.69,0.0
20220217:1111,719.85,18.91,3.39,4.83,0.0
20220217:1211,175.03,19.28,3.59,5.17,0.0
20220217:1311,668.38,17.56,3.64,5.24,0.0
20220217:1411,581.66,13.92,3.54,5.66,0.0
20220217:1511,33.91,8.68,3.46,6.41,0.0
20220217:1611,0.89,2.23,3.15,6.69,0.0
20220217:1711,0.0,0.0,2.86,7.03,0.0
20220217:1811,0.0,0.0,2.75,7.66,0.0
20220217:1911,0.0,0.0,3.25,8.55,0.0
20220217:2011,0.0,0.0,3.19,8.69,0.0
20220217:2111,0.0,0.0,3.0,8.48,0.0
20220217:2211,0.0,0.0,2.98,8.14,0.0
20220217:2311,0.0,0.0,2.69,8.34,0.0
20220218:0011,0.0,0.0,2.68,8.41,0.0
20220218:0111,0.0,0.0,2.82,8.28,0.0
20220218:0211,0.0,0.0,2.84,7.72,0.0
20220218:0311,0.0,0.0,2.71,8.0,0.0
20220218:0411,0.0,0.0,2.53,8.62,0.0
20220218:0511,0.0,0.0,2.62,7.59,0.0
20220218:0611,0.0,0.0,2.86,5.66,0.0
20220218:0711,0.0,0.0,2.72,5.03,0.0
20220218:0811,95.04,6.87,2.76,4.83,0.0
20220218:0911,208.46,12.59,2.85,4.14,0.0
20220218:1011,439.78,16.84,2.92,3.03,0.0
20220218:1111,580.8,19.27,3.23,1.86,0.0
20220218:1211,467.55,19.63,3.31,2.55,0.0
20220218:1311,25.88,17.9,3.06,4.0,0.0
20220218:1411,16.96,14.25,2.81,4.97,0.0
20220218:1511,18.74,9.0,2.49,5.17,0.0
20220218:1611,1.78,2.53,2.26,5.45,0.0
20220218:1711,0.0,0.0,2.06,5.52,0.0
20220218:1811,0.0,0.0,1.91,6.0,0.0
20220218:1911,0.0,0.0,2.12,6.55,0.0
20220218:2011,0.0,0.0,2.13,7.31,0.0
20220218:2111,0.0,0.0,2.12,7.52,0.0
20220218:2211,0.0,0.0,2.14,6.97,0.0
20220218:2311,0.0,0.0,2.06,6.9,0.0
20220219:0011,0.0,0.0,1.98,7.24,0.0
20220219:0111,0.0,0.0,1.9,7.59,0.0
20220219:0211,0.0,0.0,1.9,7.52,0.0
20220219:0311,0.0,0.0,1.96,7.1,0.0
20220219:0411,0.0,0.0,2.09,6.83,0.0
20220219:0511,0.0,0.0,2.2,6.28,0.0
20220219:0611,0.0,0.0,2.14,5.1,0.0
20220219:0711,0.0,0.0,2.08,3.24,0.0
20220219:0811,37.62,7.2,1.95,1.52,0.0
20220219:0911,52.66,12.93,2.02,1.72,0.0
20220219:1011,48.19,17.19,2.21,2.34,0.0
20220219:1111,238.71,19.62,2.05,3.03,0.0
20220219:1211,402.15,19.99,2.29,3.52,0.0
20220219:1311,677.85,18.25,2.29,3.93,0.0
20220219:1411,149.86,14.58,1.5,2.34,0.0
20220219:1511,123.87,9.31,1.28,4.34,0.0
20220219:1611,2.68,2.84,0.84,5.86,0.0
20220219:1711,0.0,0.0,0.87,5.79,0.0
20220219:1811,0.0,0.0,0.91,6.14,0.0
20220219:1911,0.0,0.0,0.81,5.86,0.0
20220219:2011,0.0,0.0,0.86,5.38,0.0
20220219:2111,0.0,0.0,0.71,5.17,0.0
20220219:2211,0.0,0.0,0.77,4.14,0.0
20220219:2311,0.0,0.0,0.86,3.38,0.0
20220220:0011,0.0,0.0,1.0,3.45,0.0
20220220:0111,0.0,0.0,0.63,2.9,0.0
20220220:0211,0.0,0.0,1.12,2.07,0.0
20220220:0311,0.0,0.0,0.44,1.03,0.0
20220220:0411,0.0,0.0,0.47,1.66,0.0
20220220:0511,0.0,0.0,0.55,3.1,0.0
20220220:0611,0.0,0.0,0.7,4.48,0.0
20220220:0711,0.0,0.0,1.29,6.48,0.0
20220220:0811,37.41,7.53,1.63,7.79,0.0
20220220:0911,31.24,13.27,1.38,8.69,0.0
20220220:1011,92.42,17.54,1.14,10.0,0.0
20220220:1111,50.87,19.98,1.19,10.69,0.0
20220220:1211,69.61,20.34,1.12,10.14,0.0
20220220:1311,23.2,18.6,1.4,10.21,0.0
20220220:1411,76.51,14.92,1.66,9.93,0.0
20220220:1511,109.2,9.63,2.1,8.55,0.0
20220220:1611,5.35,3.15,2.28,6.83,0.0
20220220:1711,0.0,0.0,2.37,5.24,0.0
20220220:1811,0.0,0.0,2.49,3.86,0.0
20220220:1911,0.0,0.0,2.35,1.93,0.0
20220220:2011,0.0,0.0,2.29,0.69,0.0
20220220:2111,0.0,0.0,1.98,0.55,0.0
20220220:2211,0.0,0.0,1.38,1.66,0.0
20220220:2311,0.0,0.0,1.61,2.97,0.0
20220221:0011,0.0,0.0,2.89,4.34,0.0
20220221:0111,0.0,0.0,2.34,6.07,0.0
20220221:0211,0.0,0.0,2.84,7.03,0.0
20220221:0311,0.0,0.0,2.83,7.24,0.0
20220221:0411,0.0,0.0,2.93,6.9,0.0
20220221:0511,0.0,0.0,3.02,6.34,0.0
20220221:0611,0.0,0.0,2.97,5.52,0.0
20220221:0711,0.0,0.0,3.1,5.86,0.0
20220221:0811,212.94,7.86,3.14,5.72,0.0
20220221:0911,20.53,13.62,3.49,5.66,0.0
20220221:1011,641.61,17.9,3.83,5.52,0.0
20220221:1111,103.85,20.34,4.2,5.45,0.0
20220221:1211,231.97,20.7,4.58,5.1,0.0
20220221:1311,405.99,18.95,4.86,5.45,0.0
20220221:1411,572.87,15.25,4.81,5.79,0.0
20220221:1511,222.59,9.96,4.51,8.14,0.0
20220221:1611,10.71,3.45,4.08,10.14,0.0
20220221:1711,0.0,0.0,3.64,10.76,0.0
20220221:1811,0.0,0.0,3.36,11.17,0.0
20220221:1911,0.0,0.0,3.18,11.03,0.0
20220221:2011,0.0,0.0,3.07,10.76,0.0
20220221:2111,0.0,0.0,3.01,10.48,0.0
20220221:2211,0.0,0.0,2.76,8.97,0.0
20220221:2311,0.0,0.0,2.31,7.38,0.0
20220222:0011,0.0,0.0,1.88,6.41,0.0
20220222:0111,0.0,0.0,1.58,5.72,0.0
20220222:0211,0.0,0.0,1.24,4.97,0.0
20220222:0311,0.0,0.0,0.7,3.79,0.0
20220222:0411,0.0,0.0,0.25,2.21,0.0
20220222:0511,0.0,0.0,-0.42,0.69,0.0
20220222:0611,0.0,0.0,-0.96,1.1,0.0
20220222:0711,0.0,0.0,-0.65,2.9,0.0
20220222:0811,34.81,8.2,0.33,4.14,0.0
20220222:0911,57.12,13.97,1.42,5.72,0.0
20220222:1011,78.54,18.26,1.88,7.24,0.0
20220222:1111,40.16,20.7,1.96,8.0,0.0
20220222:1211,36.59,21.07,1.49,8.55,0.0
20220222:1311,24.99,19.3,1.08,8.07,0.0
20220222:1411,39.27,15.59,1.03,8.0,0.0
20220222:1511,15.17,10.28,1.4,6.07,0.0
20220222:1611,9.82,3.76,2.02,1.24,0.0
20220222:1711,0.0,0.0,1.58,4.48,0.0
20220222:1811,0.0,0.0,3.34,7.24,0.0
20220222:1911,0.0,0.0,3.45,6.83,0.0
20220222:2011,0.0,0.0,3.45,7.45,0.0
20220222:2111,0.0,0.0,3.45,7.86,0.0
20220222:2211,0.0,0.0,3.85,7.24,0.0
20220222:2311,0.0,0.0,3.87,7.59,0.0
20220223:0011,0.0,0.0,3.76,8.0,0.0
20220223:0111,0.0,0.0,3.84,8.34,0.0
20220223:0211,0.0,0.0,3.96,8.07,0.0
20220223:0311,0.0,0.0,3.89,7.1,0.0
20220223:0411,0.0,0.0,3.83,6.34,0.0
20220223:0511,0.0,0.0,3.7,5.31,0.0
20220223:0611,0.0,0.0,3.74,5.1,0.0
20220223:0711,0.82,1.71,3.87,5.59,0.0
20220223:0811,93.04,8.54,4.3,6.48,0.0
20220223:0911,129.32,14.32,4.81,7.1,0.0
20220223:1011,171.47,18.62,5.08,7.79,0.0
20220223:1111,36.59,21.07,5.27,8.69,0.0
20220223:1211,97.28,21.43,5.36,8.97,0.0
20220223:1311,201.52,19.65,5.32,8.9,0.0
20220223:1411,155.83,15.93,5.37,9.31,0.0
20220223:1511,117.18,10.6,5.43,9.45,0.0
20220223:1611,3.57,4.07,5.47,10.0,0.0
20220223:1711,0.0,0.0,5.6,10.41,0.0
20220223:1811,0.0,0.0,5.68,10.83,0.0
20220223:1911,0.0,0.0,5.53,11.31,0.0
20220223:2011,0.0,0.0,5.44,10.62,0.0
20220223:2111,0.0,0.0,5.35,10.62,0.0
20220223:2211,0.0,0.0,4.91,10.83,0.0
20220223:2311,0.0,0.0,3.58,5.45,0.0
20220224:0011,0.0,0.0,3.28,4.62,0.0
20220224:0111,0.0,0.0,2.83,8.21,0.0
20220224:0211,0.0,0.0,2.58,7.66,0.0
20220224:0311,0.0,0.0,2.64,7.03,0.0
20220224:0411,0.0,0.0,2.22,7.79,0.0
20220224:0511,0.0,0.0,2.22,7.17,0.0
20220224:0611,0.0,0.0,2.08,7.24,0.0
20220224:0711,0.89,2.04,2.75,6.48,0.0
20220224:0811,176.7,8.89,2.6,6.83,0.0
20220224:0911,539.43,14.67,2.71,7.79,0.0
20220224:1011,505.65,18.98,2.83,7.72,0.0
20220224:1111,200.95,21.44,3.14,7.03,0.0
20220224:1211,28.56,21.8,3.45,6.97,0.0
20220224:1311,818.8,20.01,3.42,6.97,0.0
20220224:1411,666.26,16.27,2.97,6.0,0.0
20220224:1511,426.36,10.93,2.84,5.31,0.0
20220224:1611,29.04,4.38,2.54,5.72,0.0
20220224:1711,0.0,0.0,2.32,5.38,0.0
20220224:1811,0.0,0.0,2.47,5.31,0.0
20220224:1911,0.0,0.0,2.55,5.38,0.0
20220224:2011,0.0,0.0,1.98,5.38,0.0
20220224:2111,0.0,0.0,1.41,5.59,0.0
20220224:2211,0.0,0.0,1.07,5.24,0.0
20220224:2311,0.0,0.0,1.0,4.83,0.0
20220225:0011,0.0,0.0,1.2,4.48,0.0
20220225:0111,0.0,0.0,1.23,4.34,0.0
20220225:0211,0.0,0.0,1.71,3.38,0.0
20220225:0311,0.0,0.0,1.88,3.1,0.0
20220225:0411,0.0,0.0,1.73,3.45,0.0
20220225:0511,0.0,0.0,1.95,4.07,0.0
20220225:0611,0.0,0.0,2.09,6.14,0.0
20220225:0711,1.78,2.38,2.66,7.72,0.0
20220225:0811,297.94,9.24,2.95,8.76,0.0
20220225:0911,273.23,15.03,3.39,10.0,0.0
20220225:1011,514.61,19.35,3.77,10.28,0.0
20220225:1111,516.87,21.81,4.28,10.62,0.0
20220225:1211,729.81,22.17,4.61,10.34,0.0
20220225:1311,772.07,20.37,4.72,10.21,0.0
20220225:1411,627.26,16.62,4.56,10.07,0.0
20220225:1511,420.55,11.25,4.34,8.9,0.0
20220225:1611,31.2,4.69,3.95,8.28,0.0
20220225:1711,0.0,0.0,3.25,7.38,0.0
20220225:1811,0.0,0.0,2.75,6.62,0.0
20220225:1911,0.0,0.0,2.69,6.14,0.0
20220225:2011,0.0,0.0,2.44,5.17,0.0
20220225:2111,0.0,0.0,2.2,3.86,0.0
20220225:2211,0.0,0.0,1.98,2.83,0.0
20220225:2311,0.0,0.0,1.92,2.14,0.0
20220226:0011,0.0,0.0,2.06,1.93,0.0
20220226:0111,0.0,0.0,1.67,1.45,0.0
20220226:0211,0.0,0.0,2.24,0.83,0.0
20220226:0311,0.0,0.0,2.56,0.69,0.0
20220226:0411,0.0,0.0,-0.01,1.86,0.0
20220226:0511,0.0,0.0,0.91,2.9,0.0
20220226:0611,0.0,0.0,1.19,4.0,0.0
20220226:0711,1.78,2.72,1.88,5.66,0.0
20220226:0811,56.34,9.59,3.02,6.0,0.0
20220226:0911,76.23,15.4,3.5,6.21,0.0
20220226:1011,40.16,19.72,4.06,6.41,0.0
20220226:1111,58.9,22.19,4.52,6.97,0.0
20220226:1211,144.59,22.54,4.89,6.97,0.0
20220226:1311,226.76,20.73,5.15,6.69,0.0
20220226:1411,81.5,16.96,5.24,6.83,0.0
20220226:1511,64.74,11.58,5.25,6.83,0.0
20220226:1611,12.49,5.01,5.15,6.83,0.0
20220226:1711,0.0,0.0,4.91,6.76,0.0
20220226:1811,0.0,0.0,4.88,6.76,0.0
20220226:1911,0.0,0.0,4.93,7.03,0.0
20220226:2011,0.0,0.0,4.94,7.17,0.0
20220226:2111,0.0,0.0,4.95,7.38,0.0
20220226:2211,0.0,0.0,4.84,7.38,0.0
20220226:2311,0.0,0.0,4.75,7.45,0.0
20220227:0011,0.0,0.0,4.71,7.59,0.0
20220227:0111,0.0,0.0,4.7,7.59,0.0
20220227:0211,0.0,0.0,4.5,7.38,0.0
20220227:0311,0.0,0.0,4.34,7.38,0.0
20220227:0411,0.0,0.0,4.1,7.1,0.0
20220227:0511,0.0,0.0,4.04,7.59,0.0
20220227:0611,0.0,0.0,3.92,8.0,0.0
20220227:0711,8.03,3.07,4.27,7.72,0.0
20220227:0811,382.45,9.95,4.38,7.72,0.0
20220227:0911,219.09,15.76,4.63,7.38,0.0
20220227:1011,324.57,20.1,5.0,7.59,0.0
20220227:1111,679.29,22.57,5.3,7.59,0.0
20220227:1211,815.5,22.91,5.35,7.66,0.0
20220227:1311,565.97,21.09,5.4,7.66,0.0
20220227:1411,454.74,17.3,5.43,7.45,0.0
20220227:1511,395.72,11.91,5.23,7.24,0.0
20220227:1611,24.86,5.32,4.86,7.38,0.0
20220227:1711,0.0,0.0,4.37,7.59,0.0
20220227:1811,0.0,0.0,4.02,7.38,0.0
20220227:1911,0.0,0.0,3.99,7.72,0.0
20220227:2011,0.0,0.0,3.8,7.93,0.0
20220227:2111,0.0,0.0,3.6,8.41,0.0
20220227:2211,0.0,0.0,3.33,8.48,0.0
20220227:2311,0.0,0.0,3.23,8.76,0.0
20220228:0011,0.0,0.0,3.4,8.69,0.0
20220228:0111,0.0,0.0,3.51,8.48,0.0
20220228:0211,0.0,0.0,3.6,8.48,0.0
20220228:0311,0.0,0.0,3.8,8.55,0.0
20220228:0411,0.0,0.0,3.84,8.41,0.0
20220228:0511,0.0,0.0,3.73,8.21,0.0
20220228:0611,0.0,0.0,3.72,8.34,0.0
20220228:0711,8.03,3.42,3.83,8.41,0.0
20220228:0811,353.56,10.3,3.9,8.41,0.0
20220228:0911,306.8,16.13,4.36,9.31,0.0
20220228:1011,789.2,20.48,4.68,9.52,0.0
20220228:1111,296.68,22.95,4.98,9.66,0.0
20220228:1211,58.9,23.29,5.15,9.45,0.0
20220228:1311,60.69,21.45,5.13,9.72,0.0
20220228:1411,40.16,17.65,5.17,9.59,0.0
20220228:1511,28.56,12.23,5.03,9.38,0.0
20220228:1611,5.35,5.63,4.88,8.97,0.0
20220228:1711,0.0,0.0,4.7,8.83,0.0
20220228:1811,0.0,0.0,4.58,8.9,0.0
20220228:1911,0.0,0.0,4.64,8.69,0.0
20220228:2011,0.0,0.0,4.28,8.62,0.0
20220228:2111,0.0,0.0,4.24,8.41,0.0
20220228:2211,0.0,0.0,4.3,8.41,0.0
20220228:2311,0.0,0.0,4.46,8.28,0.0
20220301:0011,0.0,0.0,5.06,7.66,0.0
20220301:0111,0.0,0.0,4.77,5.79,0.0
20220301:0211,0.0,0.0,4.86,3.59,0.0
20220301:0311,0.0,0.0,4.7,4.14,0.0
20220301:0411,0.0,0.0,4.47,3.79,0.0
20220301:0511,0.0,0.0,4.65,3.45,0.0
20220301:0611,0.0,0.0,4.46,3.45,0.0
20220301:0711,18.18,3.77,4.39,2.9,0.0
20220301:0811,348.3,10.66,4.57,2.9,0.0
20220301:0911,603.31,16.5,5.03,3.03,0.0
20220301:1011,726.21,20.85,5.27,3.79,0.0
20220301:1111,748.91,23.33,5.56,4.28,0.0
20220301:1211,849.22,23.66,5.71,4.41,0.0
20220301:1311,705.15,21.82,5.89,4.55,0.0
20220301:1411,292.92,18.0,5.78,4.55,0.0
20220301:1511,264.5,12.56,5.46,4.07,0.0
20220301:1611,179.58,5.94,5.11,3.86,0.0
20220301:1711,0.0,0.0,4.58,3.52,0.0
20220301:1811,0.0,0.0,4.2,3.24,0.0
20220301:1911,0.0,0.0,4.25,2.76,0.0
20220301:2011,0.0,0.0,4.06,2.76,0.0
20220301:2111,0.0,0.0,4.13,2.55,0.0
20220301:2211,0.0,0.0,4.16,2.48,0.0
20220301:2311,0.0,0.0,4.11,2.34,0.0
20220302:0011,0.0,0.0,4.09,2.34,0.0
20220302:0111,0.0,0.0,4.06,2.28,0.0
20220302:0211,0.0,0.0,4.12,2.48,0.0
20220302:0311,0.0,0.0,4.12,2.48,0.0
20220302:0411,0.0,0.0,4.03,2.48,0.0
20220302:0511,0.0,0.0,4.14,2.48,0.0
20220302:0611,0.0,0.0,4.2,2.62,0.0
20220302:0711,15.17,4.13,4.09,2.55,0.0
20220302:0811,152.74,11.03,4.28,2.41,0.0
20220302:0911,477.77,16.88,4.62,2.97,0.0
20220302:1011,279.44,21.24,5.17,3.38,0.0
20220302:1111,892.25,23.71,5.66,3.66,0.0
20220302:1211,904.24,24.04,6.03,4.0,0.0
20220302:1311,570.84,22.18,6.22,3.79,0.0
20220302:1411,405.18,18.34,6.2,3.59,0.0
20220302:1511,427.22,12.89,6.06,3.45,0.0
20220302:1611,190.16,6.26,5.51,3.45,0.0
20220302:1711,0.0,0.0,4.68,3.52,0.0
20220302:1811,0.0,0.0,3.94,3.38,0.0
20220302:1911,0.0,0.0,3.57,3.45,0.0
20220302:2011,0.0,0.0,3.05,3.31,0.0
20220302:2111,0.0,0.0,2.45,2.97,0.0
20220302:2211,0.0,0.0,1.91,2.69,0.0
20220302:2311,0.0,0.0,1.52,2.48,0.0
20220303:0011,0.0,0.0,1.34,2.48,0.0
20220303:0111,0.0,0.0,1.48,2.76,0.0
20220303:0211,0.0,0.0,2.12,3.17,0.0
20220303:0311,0.0,0.0,2.76,3.72,0.0
20220303:0411,0.0,0.0,2.96,3.93,0.0
20220303:0511,0.0,0.0,3.0,4.34,0.0
20220303:0611,0.0,0.0,3.01,4.76,0.0
20220303:0711,33.24,4.48,3.19,4.41,0.0
20220303:0811,352.84,11.39,3.74,4.48,0.0
20220303:0911,626.86,17.25,4.54,4.69,0.0
20220303:1011,771.91,21.62,5.28,6.07,0.0
20220303:1111,916.38,24.1,5.76,6.48,0.0
20220303:1211,869.84,24.42,6.07,6.55,0.0
20220303:1311,805.97,22.55,6.19,6.41,0.0
20220303:1411,607.14,18.69,6.15,6.21,0.0
20220303:1511,463.2,13.22,5.9,5.79,0.0
20220303:1611,219.14,6.57,5.31,5.59,0.0
20220303:1711,0.0,0.0,4.48,5.24,0.0
20220303:1811,0.0,0.0,3.77,4.9,0.0
20220303:1911,0.0,0.0,3.55,4.97,0.0
20220303:2011,0.0,0.0,3.08,5.03,0.0
20220303:2111,0.0,0.0,2.71,5.1,0.0
20220303:2211,0.0,0.0,2.49,5.17,0.0
20220303:2311,0.0,0.0,2.32,5.17,0.0
20220304:0011,0.0,0.0,2.22,5.45,0.0
20220304:0111,0.0,0.0,2.18,5.59,0.0
20220304:0211,0.0,0.0,2.07,5.66,0.0
20220304:0311,0.0,0.0,1.95,5.72,0.0
20220304:0411,0.0,0.0,1.79,5.66,0.0
20220304:0511,0.0,0.0,1.65,5.59,0.0
20220304:0611,0.0,0.0,1.48,5.52,0.0
20220304:0711,36.14,4.84,1.59,5.59,0.0
20220304:0811,393.62,11.76,2.03,5.66,0.0
20220304:0911,632.46,17.63,2.78,5.59,0.0
20220304:1011,794.28,22.01,3.54,6.07,0.0
20220304:1111,894.87,24.49,4.11,6.62,0.0
20220304:1211,818.86,24.8,4.45,6.97,0.0
20220304:1311,785.7,22.92,4.59,7.03,0.0
20220304:1411,629.93,19.04,4.57,7.1,0.0
20220304:1511,475.62,13.55,4.3,7.03,0.0
20220304:1611,234.65,6.89,3.75,6.76,0.0
20220304:1711,0.0,0.0,2.98,6.34,0.0
20220304:1811,0.0,0.0,2.28,6.28,0.0
20220304:1911,0.0,0.0,1.99,6.07,0.0
20220304:2011,0.0,0.0,1.7,5.93,0.0
20220304:2111,0.0,0.0,1.54,5.79,0.0
20220304:2211,0.0,0.0,1.48,5.86,0.0
20220304:2311,0.0,0.0,1.58,5.79,0.0
20220305:0011,0.0,0.0,1.63,5.45,0.0
20220305:0111,0.0,0.0,1.71,4.97,0.0
20220305:0211,0.0,0.0,1.87,4.55,0.0
20220305:0311,0.0,0.0,1.93,4.14,0.0
20220305:0411,0.0,0.0,1.96,3.79,0.0
20220305:0511,0.0,0.0,1.96,3.66,0.0
20220305:0611,0.0,0.0,2.06,3.45,0.0
20220305:0711,18.74,5.21,2.33,3.17,0.0
20220305:0811,206.1,12.13,2.78,2.9,0.0
20220305:0911,99.15,18.01,3.31,3.1,0.0
20220305:1011,75.86,22.39,3.62,3.03,0.0
20220305:1111,109.78,24.88,4.0,2.9,0.0
20220305:1211,175.52,25.18,4.07,2.9,0.0
20220305:1311,105.31,23.28,4.06,2.76,0.0
20220305:1411,64.26,19.39,3.95,2.55,0.0
20220305:1511,50.87,13.88,4.0,2.14,0.0
20220305:1611,28.56,7.2,3.85,1.79,0.0
20220305:1711,0.0,0.0,3.52,2.07,0.0
20220305:1811,0.0,0.0,3.16,2.69,0.0
20220305:1911,0.0,0.0,3.02,3.66,0.0
20220305:2011,0.0,0.0,2.69,4.55,0.0
20220305:2111,0.0,0.0,2.33,5.1,0.0
20220305:2211,0.0,0.0,1.98,4.9,0.0
20220305:2311,0.0,0.0,1.67,4.55,0.0
20220306:0011,0.0,0.0,1.59,4.97,0.0
20220306:0111,0.0,0.0,1.51,4.97,0.0
20220306:0211,0.0,0.0,1.4,4.62,0.0
20220306:0311,0.0,0.0,1.26,4.41,0.0
20220306:0411,0.0,0.0,1.13,4.48,0.0
20220306:0511,0.0,0.0,1.01,4.28,0.0
20220306:0611,0.0,0.0,0.89,3.93,0.0
20220306:0711,33.95,5.57,0.64,3.52,0.0
20220306:0811,409.32,12.51,1.1,3.38,0.0
20220306:0911,654.01,18.39,1.76,3.45,0.0
20220306:1011,480.44,22.78,2.87,4.41,0.0
20220306:1111,647.63,25.27,3.51,4.21,0.0
20220306:1211,326.44,25.57,4.09,4.41,0.0
20220306:1311,544.12,23.65,4.57,4.76,0.0
20220306:1411,432.0,19.74,4.71,5.31,0.0
20220306:1511,379.15,14.21,4.65,5.31,0.0
20220306:1611,34.52,7.51,4.28,5.17,0.0
20220306:1711,0.0,0.0,3.69,5.1,0.0
20220306:1811,0.0,0.0,3.25,5.1,0.0
20220306:1911,0.0,0.0,2.95,6.14,0.0
20220306:2011,0.0,0.0,2.67,5.93,0.0
20220306:2111,0.0,0.0,2.36,5.17,0.0
20220306:2211,0.0,0.0,2.15,4.21,0.0
20220306:2311,0.0,0.0,1.89,3.93,0.0
20220307:0011,0.0,0.0,1.77,4.14,0.0
20220307:0111,0.0,0.0,1.94,4.14,0.0
20220307:0211,0.0,0.0,2.03,3.72,0.0
20220307:0311,0.0,0.0,2.03,3.45,0.0
20220307:0411,0.0,0.0,2.05,3.38,0.0
20220307:0511,0.0,0.0,2.07,3.24,0.0
20220307:0611,0.0,0.0,2.13,3.31,0.0
20220307:0711,29.39,5.94,2.05,2.69,0.0
20220307:0811,377.03,12.88,2.56,2.48,0.0
20220307:0911,645.28,18.78,3.59,2.55,0.0
20220307:1011,816.56,23.17,4.46,2.69,0.0
20220307:1111,834.87,25.66,5.04,2.97,0.0
20220307:1211,894.37,25.95,5.34,3.17,0.0
20220307:1311,759.88,24.02,5.35,3.59,0.0
20220307:1411,306.54,20.09,5.09,3.79,0.0
20220307:1511,224.09,14.54,4.72,3.52,0.0
20220307:1611,72.03,7.83,4.16,3.38,0.0
20220307:1711,0.0,0.0,3.42,2.9,0.0
20220307:1811,0.0,0.0,2.89,2.69,0.0
20220307:1911,0.0,0.0,2.99,2.34,0.0
20220307:2011,0.0,0.0,2.69,2.0,0.0
20220307:2111,0.0,0.0,2.38,1.79,0.0
20220307:2211,0.0,0.0,1.99,1.59,0.0
20220307:2311,0.0,0.0,1.46,1.45,0.0
20220308:0011,0.0,0.0,0.58,1.17,0.0
20220308:0111,0.0,0.0,-0.19,1.24,0.0
20220308:0211,0.0,0.0,-0.58,1.38,0.0
20220308:0311,0.0,0.0,-1.05,1.52,0.0
20220308:0411,0.0,0.0,-1.33,1.45,0.0
20220308:0511,0.0,0.0,-1.82,1.31,0.0
20220308:0611,0.0,0.0,-1.07,1.03,0.0
20220308:0711,52.06,6.31,0.11,0.55,0.0
20220308:0811,398.26,13.26,-0.15,1.31,0.0
20220308:0911,547.95,19.16,2.97,2.28,0.0
20220308:1011,479.24,23.57,4.11,3.1,0.0
20220308:1111,551.03,26.05,4.77,3.79,0.0
20220308:1211,891.32,26.34,5.19,4.41,0.0
20220308:1311,812.93,24.39,5.36,4.9,0.0
20220308:1411,648.94,20.44,5.35,5.1,0.0
20220308:1511,484.34,14.87,5.14,5.1,0.0
20220308:1611,258.53,8.14,4.56,5.1,0.0
20220308:1711,0.0,0.0,3.67,5.45,0.0
20220308:1811,0.0,0.0,3.01,5.72,0.0
20220308:1911,0.0,0.0,3.14,5.79,0.0
20220308:2011,0.0,0.0,3.0,6.21,0.0
20220308:2111,0.0,0.0,2.95,6.48,0.0
20220308:2211,0.0,0.0,2.92,6.76,0.0
20220308:2311,0.0,0.0,2.9,6.9,0.0
20220309:0011,0.0,0.0,2.83,6.9,0.0
20220309:0111,0.0,0.0,2.86,6.83,0.0
20220309:0211,0.0,0.0,2.79,6.9,0.0
20220309:0311,0.0,0.0,2.76,7.31,0.0
20220309:0411,0.0,0.0,2.72,7.45,0.0
20220309:0511,0.0,0.0,2.71,7.38,0.0
20220309:0611,0.0,0.0,2.62,7.31,0.0
20220309:0711,181.79,6.68,2.76,8.07,0.0
20220309:0811,439.06,13.64,3.1,8.41,0.0
20220309:0911,679.63,19.55,3.58,8.34,0.0
20220309:1011,814.38,23.96,4.17,8.76,0.0
20220309:1111,876.29,26.45,4.76,9.1,0.0
20220309:1211,894.48,26.73,5.2,9.1,0.0
20220309:1311,825.16,24.76,5.44,9.24,0.0
20220309:1411,654.56,20.79,5.46,8.97,0.0
20220309:1511,481.73,15.2,5.3,8.97,0.0
20220309:1611,260.01,8.46,4.87,9.45,0.0
20220309:1711,0.0,0.0,4.18,9.03,0.0
20220309:1811,0.0,0.0,3.58,8.76,0.0
20220309:1911,0.0,0.0,3.38,8.76,0.0
20220309:2011,0.0,0.0,3.19,8.62,0.0
20220309:2111,0.0,0.0,3.05,8.76,0.0
20220309:2211,0.0,0.0,2.95,8.97,0.0
20220309:2311,0.0,0.0,2.87,8.97,0.0
20220310:0011,0.0,0.0,2.81,8.69,0.0
20220310:0111,0.0,0.0,2.74,8.62,0.0
20220310:0211,0.0,0.0,2.67,8.62,0.0
20220310:0311,0.0,0.0,2.68,8.69,0.0
20220310:0411,0.0,0.0,2.7,8.69,0.0
20220310:0511,0.0,0.0,2.75,8.55,0.0
20220310:0611,0.0,0.0,2.76,8.41,0.0
20220310:0711,85.32,7.05,2.87,8.34,0.0
20220310:0811,171.78,14.02,3.21,8.14,0.0
20220310:0911,360.63,19.94,3.85,8.28,0.0
20220310:1011,494.94,24.36,4.66,8.48,0.0
20220310:1111,838.97,26.84,5.43,8.83,0.0
20220310:1211,901.86,27.11,5.89,8.76,0.0
20220310:1311,818.32,25.13,6.13,8.76,0.0
20220310:1411,649.55,21.14,6.07,8.76,0.0
20220310:1511,469.94,15.53,5.79,8.69,0.0
20220310:1611,197.01,8.77,5.24,8.69,0.0
20220310:1711,0.0,0.0,4.72,8.83,0.0
20220310:1811,0.0,0.0,4.16,8.83,0.0
20220310:1911,0.0,0.0,4.03,9.03,0.0
20220310:2011,0.0,0.0,3.9,8.48,0.0
20220310:2111,0.0,0.0,3.8,8.69,0.0
20220310:2211,0.0,0.0,3.76,8.83,0.0
20220310:2311,0.0,0.0,3.7,8.83,0.0
20220311:0011,0.0,0.0,3.45,8.76,0.0
20220311:0111,0.0,0.0,3.37,8.83,0.0
20220311:0211,0.0,0.0,3.34,8.9,0.0
20220311:0311,0.0,0.0,3.26,9.03,0.0
20220311:0411,0.0,0.0,3.26,9.17,0.0
20220311:0511,0.0,0.0,3.15,9.31,0.0
20220311:0611,0.0,0.0,2.98,9.45,0.0
20220311:0711,122.54,7.42,2.95,9.31,0.0
20220311:0811,360.59,14.4,3.09,9.38,0.0
20220311:0911,492.59,20.33,3.47,9.59,0.0
20220311:1011,814.8,24.75,3.96,9.72,0.0
20220311:1111,870.67,27.24,4.54,10.07,0.0
20220311:1211,920.84,27.5,5.02,10.14,0.0
20220311:1311,849.44,25.51,5.42,10.34,0.0
20220311:1411,698.08,21.49,5.52,10.14,0.0
20220311:1511,506.3,15.86,5.28,10.21,0.0
20220311:1611,259.3,9.08,4.87,10.97,0.0
20220311:1711,0.0,0.0,4.12,10.21,0.0
20220311:1811,0.0,0.0,3.43,10.34,0.0
20220311:1911,0.0,0.0,3.38,10.28,0.0
20220311:2011,0.0,0.0,3.11,10.41,0.0
20220311:2111,0.0,0.0,2.99,10.41,0.0
20220311:2211,0.0,0.0,2.87,10.48,0.0
20220311:2311,0.0,0.0,2.75,10.48,0.0
20220312:0011,0.0,0.0,2.62,10.41,0.0
20220312:0111,0.0,0.0,2.46,10.34,0.0
20220312:0211,0.0,0.0,2.29,10.34,0.0
20220312:0311,0.0,0.0,2.12,10.41,0.0
20220312:0411,0.0,0.0,2.01,10.41,0.0
20220312:0511,0.0,0.0,1.94,10.34,0.0
20220312:0611,0.0,0.0,1.88,10.34,0.0
20220312:0711,215.8,7.8,2.19,10.55,0.0
20220312:0811,466.38,14.78,2.39,10.28,0.0
20220312:0911,663.72,20.72,2.94,10.76,0.0
20220312:1011,790.7,25.15,3.81,10.69,0.0
20220312:1111,868.58,27.64,4.52,10.55,0.0
20220312:1211,901.88,27.89,4.95,10.9,0.0
20220312:1311,144.02,25.88,5.08,10.76,0.0
20220312:1411,281.1,21.84,4.91,10.41,0.0
20220312:1511,58.01,16.19,4.42,10.0,0.0
20220312:1611,9.82,9.4,4.3,10.07,0.0
20220312:1711,0.89,1.91,4.26,9.59,0.0
20220312:1811,0.0,0.0,4.26,9.1,0.0
20220312:1911,0.0,0.0,4.97,9.03,0.0
20220312:2011,0.0,0.0,5.02,8.55,0.0
20220312:2111,0.0,0.0,5.0,8.28,0.0
20220312:2211,0.0,0.0,5.05,8.07,0.0
20220312:2311,0.0,0.0,4.95,7.86,0.0
20220313:0011,0.0,0.0,4.7,7.66,0.0
20220313:0111,0.0,0.0,4.46,7.59,0.0
20220313:0211,0.0,0.0,4.63,7.52,0.0
20220313:0311,0.0,0.0,4.59,7.59,0.0
20220313:0411,0.0,0.0,4.53,7.59,0.0
20220313:0511,0.0,0.0,4.54,7.86,0.0
20220313:0611,0.0,0.0,4.55,8.21,0.0
20220313:0711,128.13,8.18,4.73,8.41,0.0
20220313:0811,432.13,15.17,4.76,9.38,0.0
20220313:0911,338.15,21.11,4.74,9.93,0.0
20220313:1011,304.92,25.55,5.11,10.0,0.0
20220313:1111,285.1,28.04,5.42,9.79,0.0
20220313:1211,423.78,28.28,5.66,9.59,0.0
20220313:1311,325.02,26.25,5.85,9.31,0.0
20220313:1411,320.14,22.19,5.91,9.17,0.0
20220313:1511,254.85,16.52,5.78,8.97,0.0
20220313:1611,182.83,9.71,5.56,9.31,0.0
20220313:1711,3.57,2.21,5.03,8.97,0.0
20220313:1811,0.0,0.0,4.43,8.76,0.0
20220313:1911,0.0,0.0,4.63,8.62,0.0
20220313:2011,0.0,0.0,4.33,8.97,0.0
20220313:2111,0.0,0.0,4.18,8.97,0.0
20220313:2211,0.0,0.0,4.09,8.69,0.0
20220313:2311,0.0,0.0,3.95,8.0,0.0
20220314:0011,0.0,0.0,3.82,7.93,0.0
20220314:0111,0.0,0.0,3.76,7.93,0.0
20220314:0211,0.0,0.0,3.73,7.86,0.0
20220314:0311,0.0,0.0,3.71,7.72,0.0
20220314:0411,0.0,0.0,3.7,7.52,0.0
20220314:0511,0.0,0.0,3.65,7.45,0.0
20220314:0611,0.0,0.0,3.7,7.52,0.0
20220314:0711,119.38,8.55,4.45,8.28,0.0
20220314:0811,278.19,15.55,4.88,8.28,0.0
20220314:0911,296.68,21.51,5.18,8.14,0.0
20220314:1011,553.38,25.95,5.51,7.59,0.0
20220314:1111,690.85,28.44,6.08,7.31,0.0
20220314:1211,259.47,28.67,6.63,7.17,0.0
20220314:1311,195.69,26.62,6.99,7.31,0.0
20220314:1411,210.05,22.54,7.07,7.24,0.0
20220314:1511,79.12,16.85,6.91,6.69,0.0
20220314:1611,71.84,10.02,6.4,6.34,0.0
20220314:1711,1.78,2.51,5.73,6.07,0.0
20220314:1811,0.0,0.0,5.09,6.14,0.0
20220314:1911,0.0,0.0,5.21,6.0,0.0
20220314:2011,0.0,0.0,4.88,5.86,0.0
20220314:2111,0.0,0.0,4.75,5.86,0.0
20220314:2211,0.0,0.0,4.6,5.79,0.0
20220314:2311,0.0,0.0,4.59,5.52,0.0
20220315:0011,0.0,0.0,4.52,5.38,0.0
20220315:0111,0.0,0.0,4.28,5.1,0.0
20220315:0211,0.0,0.0,4.05,4.76,0.0
20220315:0311,0.0,0.0,3.88,4.9,0.0
20220315:0411,0.0,0.0,3.8,5.17,0.0
20220315:0511,0.0,0.0,3.73,5.24,0.0
20220315:0611,0.0,0.0,3.63,5.38,0.0
20220315:0711,205.2,8.93,4.39,5.66,0.0
20220315:0811,220.88,15.94,4.74,5.66,0.0
20220315:0911,124.83,21.9,5.27,6.21,0.0
20220315:1011,129.02,26.35,5.5,6.28,0.0
20220315:1111,129.41,28.84,5.65,6.0,0.0
20220315:1211,121.38,29.06,5.72,6.07,0.0
20220315:1311,53.55,26.99,5.78,5.72,0.0
20220315:1411,66.04,22.89,5.88,5.17,0.0
20220315:1511,227.75,17.18,5.87,4.62,0.0
20220315:1611,260.21,10.33,5.84,4.14,0.0
20220315:1711,4.46,2.81,5.52,4.21,0.0
20220315:1811,0.0,0.0,4.97,4.34,0.0
20220315:1911,0.0,0.0,4.6,4.21,0.0
20220315:2011,0.0,0.0,4.41,4.76,0.0
20220315:2111,0.0,0.0,4.14,5.17,0.0
20220315:2211,0.0,0.0,4.13,5.52,0.0
20220315:2311,0.0,0.0,4.02,5.72,0.0
20220316:0011,0.0,0.0,3.99,5.93,0.0
20220316:0111,0.0,0.0,3.9,6.0,0.0
20220316:0211,0.0,0.0,3.79,6.28,0.0
20220316:0311,0.0,0.0,3.83,6.48,0.0
20220316:0411,0.0,0.0,3.87,6.69,0.0
20220316:0511,0.0,0.0,4.03,6.62,0.0
20220316:0611,0.82,1.71,4.24,7.1,0.0
20220316:0711,48.6,9.31,3.9,7.03,0.0
20220316:0811,77.27,16.32,4.35,7.31,0.0
20220316:0911,78.54,22.3,4.76,7.52,0.0
20220316:1011,192.7,26.75,5.62,7.79,0.0
20220316:1111,312.27,29.24,6.28,8.69,0.0
20220316:1211,308.31,29.45,6.65,8.55,0.0
20220316:1311,155.03,27.36,6.66,8.48,0.0
20220316:1411,126.87,23.24,6.65,8.34,0.0
20220316:1511,91.2,17.5,6.36,7.31,0.0
20220316:1611,19.63,10.65,5.98,7.59,0.0
20220316:1711,1.78,3.12,5.66,7.38,0.0
20220316:1811,0.0,0.0,5.46,7.31,0.0
20220316:1911,0.0,0.0,5.28,7.24,0.0
20220316:2011,0.0,0.0,5.07,7.38,0.0
20220316:2111,0.0,0.0,4.84,7.45,0.0
20220316:2211,0.0,0.0,4.52,7.93,0.0
20220316:2311,0.0,0.0,4.22,8.62,0.0
20220317:0011,0.0,0.0,4.15,8.76,0.0
20220317:0111,0.0,0.0,3.96,7.79,0.0
20220317:0211,0.0,0.0,3.68,8.34,0.0
20220317:0311,0.0,0.0,3.48,9.1,0.0
20220317:0411,0.0,0.0,3.54,8.9,0.0
20220317:0511,0.0,0.0,3.71,8.9,0.0
20220317:0611,0.82,2.08,3.81,9.24,0.0
20220317:0711,15.17,9.69,3.54,9.79,0.0
20220317:0811,28.56,16.71,3.15,10.14,0.0
20220317:0911,34.81,22.69,2.77,10.76,0.0
20220317:1011,34.81,27.15,2.62,10.28,0.0
20220317:1111,58.01,29.64,2.63,10.62,0.0
20220317:1211,65.15,29.84,2.82,8.69,0.0
20220317:1311,70.51,27.74,3.18,7.24,0.0
20220317:1411,41.05,23.58,4.02,4.97,0.0
20220317:1511,62.47,17.83,4.04,3.79,0.0
20220317:1611,64.21,10.96,4.54,6.55,0.0
20220317:1711,8.92,3.42,4.55,5.24,0.0
20220317:1811,0.0,0.0,4.34,3.1,0.0
20220317:1911,0.0,0.0,4.68,3.31,0.0
20220317:2011,0.0,0.0,4.48,3.86,0.0
20220317:2111,0.0,0.0,5.05,4.28,0.0
20220317:2211,0.0,0.0,5.41,4.55,0.0
20220317:2311,0.0,0.0,5.32,5.79,0.0
20220318:0011,0.0,0.0,5.17,5.52,0.0
20220318:0111,0.0,0.0,4.85,5.1,0.0
20220318:0211,0.0,0.0,4.34,5.52,0.0
20220318:0311,0.0,0.0,4.19,5.79,0.0
20220318:0411,0.0,0.0,4.09,5.72,0.0
20220318:0511,0.0,0.0,3.99,4.97,0.0
20220318:0611,5.35,2.46,3.73,4.76,0.0
20220318:0711,239.28,10.07,3.97,6.0,0.0
20220318:0811,400.44,17.1,4.34,5.66,0.0
20220318:0911,718.64,23.09,4.8,5.03,0.0
20220318:1011,867.76,27.56,5.28,5.1,0.0
20220318:1111,928.68,30.04,5.56,4.83,0.0
20220318:1211,969.76,30.23,5.87,4.41,0.0
20220318:1311,655.15,28.11,6.13,3.45,0.0
20220318:1411,691.37,23.93,6.3,2.55,0.0
20220318:1511,546.08,18.16,6.14,1.72,0.0
20220318:1611,284.86,11.27,5.85,1.17,0.0
20220318:1711,15.64,3.72,5.19,2.14,0.0
20220318:1811,0.0,0.0,4.47,2.76,0.0
20220318:1911,0.0,0.0,4.36,3.17,0.0
20220318:2011,0.0,0.0,4.21,2.76,0.0
20220318:2111,0.0,0.0,3.78,2.41,0.0
20220318:2211,0.0,0.0,3.22,2.28,0.0
20220318:2311,0.0,0.0,2.79,2.55,0.0
20220319:0011,0.0,0.0,2.82,3.17,0.0
20220319:0111,0.0,0.0,3.24,3.59,0.0
20220319:0211,0.0,0.0,3.23,3.45,0.0
20220319:0311,0.0,0.0,3.04,3.03,0.0
20220319:0411,0.0,0.0,2.61,2.62,0.0
20220319:0511,0.0,0.0,2.12,2.55,0.0
20220319:0611,1.78,2.84,1.93,2.55,0.0
20220319:0711,239.05,10.45,2.35,2.76,0.0
20220319:0811,403.77,17.49,3.83,2.69,0.0
20220319:0911,574.68,23.49,5.08,2.62,0.0
20220319:1011,881.37,27.96,5.93,2.69,0.0
20220319:1111,586.07,30.44,6.55,2.83,0.0
20220319:1211,993.82,30.62,6.97,2.69,0.0
20220319:1311,916.15,28.48,7.1,2.69,0.0
20220319:1411,748.87,24.28,6.95,2.48,0.0
20220319:1511,551.6,18.48,6.62,1.86,0.0
20220319:1611,303.28,11.58,6.11,1.1,0.0
20220319:1711,21.16,4.02,5.41,0.97,0.0
20220319:1811,0.0,0.0,4.62,1.03,0.0
20220319:1911,0.0,0.0,4.02,0.76,0.0
20220319:2011,0.0,0.0,2.56,1.24,0.0
20220319:2111,0.0,0.0,1.65,1.52,0.0
20220319:2211,0.0,0.0,1.23,1.66,0.0
20220319:2311,0.0,0.0,0.94,1.72,0.0
20220320:0011,0.0,0.0,1.25,2.28,0.0
20220320:0111,0.0,0.0,1.53,3.1,0.0
20220320:0211,0.0,0.0,2.48,3.79,0.0
20220320:0311,0.0,0.0,3.03,4.21,0.0
20220320:0411,0.0,0.0,2.95,4.21,0.0
20220320:0511,0.0,0.0,2.79,4.07,0.0
20220320:0611,11.6,3.21,2.71,4.0,0.0
20220320:0711,267.12,10.84,3.64,4.28,0.0
20220320:0811,525.82,17.88,4.93,4.34,0.0
20220320:0911,737.28,23.88,6.17,4.69,0.0
20220320:1011,899.53,28.36,7.09,5.59,0.0
20220320:1111,998.81,30.84,7.67,6.0,0.0
20220320:1211,1004.52,31.01,7.95,6.28,0.0
20220320:1311,926.72,28.85,8.0,6.55,0.0
20220320:1411,773.52,24.63,7.85,6.76,0.0
20220320:1511,560.08,18.81,7.49,6.62,0.0
20220320:1611,288.29,11.88,6.94,6.69,0.0
20220320:1711,20.71,4.32,6.05,6.76,0.0
20220320:1811,0.0,0.0,5.07,6.97,0.0
20220320:1911,0.0,0.0,4.84,7.1,0.0
20220320:2011,0.0,0.0,4.25,7.24,0.0
20220320:2111,0.0,0.0,3.79,7.31,0.0
20220320:2211,0.0,0.0,3.5,7.17,0.0
20220320:2311,0.0,0.0,3.29,6.62,0.0
20220321:0011,0.0,0.0,3.18,6.48,0.0
20220321:0111,0.0,0.0,3.06,6.48,0.0
20220321:0211,0.0,0.0,2.97,6.48,0.0
20220321:0311,0.0,0.0,2.85,6.69,0.0
20220321:0411,0.0,0.0,2.78,6.83,0.0
20220321:0511,0.0,0.0,2.83,6.97,0.0
20220321:0611,10.71,3.59,2.86,6.97,0.0
20220321:0711,251.2,11.22,3.49,6.55,0.0
20220321:0811,282.48,18.27,4.15,6.62,0.0
20220321:0911,251.7,24.28,4.71,7.24,0.0
20220321:1011,132.09,28.76,5.01,7.52,0.0
20220321:1111,640.94,31.24,5.09,7.52,0.0
20220321:1211,756.08,31.4,5.7,8.14,0.0
20220321:1311,688.52,29.22,6.07,8.21,0.0
20220321:1411,81.22,24.97,5.76,8.14,0.0
20220321:1511,212.48,19.13,5.2,7.86,0.0
20220321:1611,90.59,12.19,4.83,7.72,0.0
20220321:1711,24.22,4.62,4.41,7.93,0.0
20220321:1811,0.0,0.0,4.04,7.72,0.0
20220321:1911,0.0,0.0,4.3,6.48,0.0
20220321:2011,0.0,0.0,3.91,6.07,0.0
20220321:2111,0.0,0.0,3.62,5.66,0.0
20220321:2211,0.0,0.0,3.55,5.1,0.0
20220321:2311,0.0,0.0,3.56,4.69,0.0
20220322:0011,0.0,0.0,3.33,4.0,0.0
20220322:0111,0.0,0.0,2.97,3.24,0.0
20220322:0211,0.0,0.0,2.71,2.41,0.0
20220322:0311,0.0,0.0,2.61,1.72,0.0
20220322:0411,0.0,0.0,2.59,1.45,0.0
20220322:0511,0.0,0.0,1.91,1.24,0.0
20220322:0611,13.39,3.97,1.33,1.24,0.0
20220322:0711,90.78,11.6,2.69,1.72,0.0
20220322:0811,159.4,18.66,4.09,1.86,0.0
20220322:0911,287.26,24.68,4.77,1.86,0.0
20220322:1011,324.46,29.17,5.23,1.79,0.0
20220322:1111,496.96,31.64,5.73,1.93,0.0
20220322:1211,632.93,31.79,5.96,2.07,0.0
20220322:1311,486.72,29.58,6.18,2.0,0.0
20220322:1411,414.87,25.32,6.19,1.72,0.0
20220322:1511,475.99,19.45,6.17,1.45,0.0
20220322:1611,278.93,12.5,5.93,1.24,0.0
20220322:1711,21.37,4.92,5.29,1.03,0.0
20220322:1811,0.0,0.0,4.52,0.76,0.0
20220322:1911,0.0,0.0,5.04,0.48,0.0
20220322:2011,0.0,0.0,4.64,0.55,0.0
20220322:2111,0.0,0.0,2.69,1.03,0.0
20220322:2211,0.0,0.0,1.47,1.31,0.0
20220322:2311,0.0,0.0,0.42,1.52,0.0
20220323:0011,0.0,0.0,-0.1,1.59,0.0
20220323:0111,0.0,0.0,-0.97,1.59,0.0
20220323:0211,0.0,0.0,-1.12,1.52,0.0
20220323:0311,0.0,0.0,-1.16,1.45,0.0
20220323:0411,0.0,0.0,-1.11,1.38,0.0
20220323:0511,0.0,0.0,-0.76,1.24,0.0
20220323:0611,15.17,4.35,0.5,0.9,0.0
20220323:0711,228.47,11.98,0.74,1.1,0.0
20220323:0811,457.71,19.04,3.85,1.1,0.0
20220323:0911,717.17,25.07,5.15,1.17,0.0
20220323:1011,876.14,29.57,5.93,1.31,0.0
20220323:1111,981.57,32.04,6.52,1.31,0.0
20220323:1211,996.84,32.18,6.99,1.31,0.0
20220323:1311,919.52,29.95,7.3,1.17,0.0
20220323:1411,757.92,25.66,7.39,0.76,0.0
20220323:1511,545.63,19.78,7.49,0.41,0.0
20220323:1611,291.8,12.8,7.26,0.55,0.0
20220323:1711,30.82,5.21,6.29,1.38,0.0
20220323:1811,0.0,0.0,5.05,1.59,0.0
20220323:1911,0.0,0.0,5.04,1.79,0.0
20220323:2011,0.0,0.0,4.05,0.83,0.0
20220323:2111,0.0,0.0,4.37,0.21,0.0
20220323:2211,0.0,0.0,2.31,1.24,0.0
20220323:2311,0.0,0.0,1.3,1.38,0.0
20220324:0011,0.0,0.0,1.58,0.9,0.0
20220324:0111,0.0,0.0,3.27,0.62,0.0
20220324:0211,0.0,0.0,2.83,1.17,0.0
20220324:0311,0.0,0.0,1.73,1.86,0.0
20220324:0411,0.0,0.0,1.64,1.86,0.0
20220324:0511,0.0,0.0,1.02,1.66,0.0
20220324:0611,9.82,4.73,1.45,1.45,0.0
20220324:0711,94.22,12.36,2.74,2.07,0.0
20220324:0811,474.45,19.43,5.02,1.72,0.0
20220324:0911,544.69,25.47,6.37,1.59,0.0
20220324:1011,661.87,29.97,7.42,1.66,0.0
20220324:1111,845.87,32.44,8.08,2.0,0.0
20220324:1211,986.75,32.56,8.45,2.28,0.0
20220324:1311,716.3,30.32,8.51,2.28,0.0
20220324:1411,745.0,26.0,8.41,2.21,0.0
20220324:1511,421.02,20.1,8.07,2.07,0.0
20220324:1611,198.2,13.11,7.49,1.79,0.0
20220324:1711,33.0,5.51,6.6,1.45,0.0
20220324:1811,0.0,0.0,5.84,1.1,0.0
20220324:1911,0.0,0.0,5.52,1.03,0.0
20220324:2011,0.0,0.0,4.61,1.03,0.0
20220324:2111,0.0,0.0,4.26,0.97,0.0
20220324:2211,0.0,0.0,4.46,0.97,0.0
20220324:2311,0.0,0.0,2.71,1.59,0.0
20220325:0011,0.0,0.0,1.35,1.86,0.0
20220325:0111,0.0,0.0,1.87,2.62,0.0
20220325:0211,0.0,0.0,3.05,3.38,0.0
20220325:0311,0.0,0.0,4.08,3.86,0.0
20220325:0411,0.0,0.0,4.95,4.07,0.0
20220325:0511,0.0,0.0,5.47,4.76,0.0
20220325:0611,17.85,5.1,5.84,5.52,0.0
20220325:0711,204.34,12.74,5.84,3.52,0.0
20220325:0811,405.0,19.82,6.21,3.66,0.0
20220325:0911,313.07,25.87,6.68,4.14,0.0
20220325:1011,809.97,30.37,7.16,4.62,0.0
20220325:1111,820.79,32.84,7.36,4.83,0.0
20220325:1211,931.13,32.95,7.44,4.69,0.0
20220325:1311,619.64,30.69,7.55,4.83,0.0
20220325:1411,329.75,26.35,7.11,4.83,0.0
20220325:1511,96.59,20.42,6.71,5.17,0.0
20220325:1611,74.54,13.41,6.39,5.59,0.0
20220325:1711,15.17,5.81,6.2,6.0,0.0
20220325:1811,0.0,0.0,6.0,6.0,0.0
20220325:1911,0.0,0.0,5.94,5.79,0.0
20220325:2011,0.0,0.0,5.93,5.86,0.0
20220325:2111,0.0,0.0,5.92,5.86,0.0
20220325:2211,0.0,0.0,5.9,5.59,0.0
20220325:2311,0.0,0.0,5.74,5.1,0.0
20220326:0011,0.0,0.0,5.46,5.66,0.0
20220326:0111,0.0,0.0,5.11,6.48,0.0
20220326:0211,0.0,0.0,4.33,6.9,0.0
20220326:0311,0.0,0.0,3.68,7.38,0.0
20220326:0411,0.0,0.0,3.23,7.79,0.0
20220326:0511,0.0,0.0,2.95,7.72,0.0
20220326:0611,12.49,5.48,2.84,7.59,0.0
20220326:0711,260.63,13.13,3.62,6.69,0.0
20220326:0811,470.85,20.21,3.81,6.14,0.0
20220326:0911,645.04,26.26,4.43,6.14,0.0
20220326:1011,731.18,30.77,4.92,5.86,0.0
20220326:1111,904.99,33.24,5.63,5.79,0.0
20220326:1211,770.15,33.34,6.38,5.79,0.0
20220326:1311,903.82,31.05,6.7,6.07,0.0
20220326:1411,763.93,26.69,6.67,6.14,0.0
20220326:1511,555.8,20.74,6.52,6.07,0.0
20220326:1611,306.15,13.72,6.18,5.52,0.0
20220326:1711,36.61,6.1,5.69,4.76,0.0
20220326:1811,0.0,0.0,4.91,4.34,0.0
20220326:1911,0.0,0.0,4.58,4.62,0.0
20220326:2011,0.0,0.0,4.35,4.14,0.0
20220326:2111,0.0,0.0,4.09,3.52,0.0
20220326:2211,0.0,0.0,3.79,3.24,0.0
20220326:2311,0.0,0.0,3.66,3.31,0.0
20220327:0011,0.0,0.0,3.71,3.17,0.0
20220327:0111,0.0,0.0,3.94,2.9,0.0
20220327:0211,0.0,0.0,4.05,3.1,0.0
20220327:0311,0.0,0.0,4.17,3.79,0.0
20220327:0411,0.0,0.0,4.39,4.62,0.0
20220327:0511,0.0,0.0,4.56,5.31,0.0
20220327:0611,36.63,5.86,4.72,5.66,0.0
20220327:0711,196.55,13.51,5.06,5.52,0.0
20220327:0811,314.0,20.59,5.47,5.66,0.0
20220327:0911,323.77,26.66,5.81,5.86,0.0
20220327:1011,497.21,31.17,6.24,6.14,0.0
20220327:1111,502.04,33.64,6.6,6.21,0.0
20220327:1211,384.81,33.72,6.79,6.41,0.0
20220327:1311,307.8,31.41,6.81,6.55,0.0
20220327:1411,165.48,27.03,6.64,6.55,0.0
20220327:1511,188.79,21.05,6.36,6.28,0.0
20220327:1611,114.16,14.02,6.06,6.0,0.0
20220327:1711,28.24,6.4,5.64,5.24,0.0
20220327:1811,0.0,0.0,5.23,4.9,0.0
20220327:1911,0.0,0.0,5.0,4.62,0.0
20220327:2011,0.0,0.0,4.8,4.41,0.0
20220327:2111,0.0,0.0,4.68,4.34,0.0
20220327:2211,0.0,0.0,4.54,4.48,0.0
20220327:2311,0.0,0.0,4.5,4.76,0.0
20220328:0011,0.0,0.0,4.5,4.83,0.0
20220328:0111,0.0,0.0,4.41,4.83,0.0
20220328:0211,0.0,0.0,4.6,4.9,0.0
20220328:0311,0.0,0.0,4.79,4.97,0.0
20220328:0411,0.0,0.0,4.99,5.03,0.0
20220328:0511,0.0,0.0,5.08,5.24,0.0
20220328:0611,15.17,6.23,5.2,5.59,0.0
20220328:0711,111.62,13.88,5.57,6.69,0.0
20220328:0811,111.85,20.98,5.69,6.97,0.0
20220328:0911,735.12,27.05,5.29,7.52,0.0
20220328:1011,885.95,31.57,4.91,8.0,0.0
20220328:1111,1013.0,34.04,4.89,8.21,0.0
20220328:1211,1001.52,34.11,5.09,8.34,0.0
20220328:1311,923.3,31.78,5.26,8.28,0.0
20220328:1411,740.53,27.36,5.35,8.34,0.0
20220328:1511,553.44,21.37,5.25,8.55,0.0
20220328:1611,324.16,14.32,4.94,8.28,0.0
20220328:1711,85.34,6.69,4.48,7.45,0.0
20220328:1811,0.0,0.0,3.85,7.52,0.0
20220328:1911,0.0,0.0,3.45,6.9,0.0
20220328:2011,0.0,0.0,3.1,6.62,0.0
20220328:2111,0.0,0.0,2.85,6.69,0.0
20220328:2211,0.0,0.0,2.56,6.55,0.0
20220328:2311,0.0,0.0,2.42,6.41,0.0
20220329:0011,0.0,0.0,2.18,6.34,0.0
20220329:0111,0.0,0.0,1.9,6.28,0.0
20220329:0211,0.0,0.0,1.77,6.28,0.0
20220329:0311,0.0,0.0,1.62,6.14,0.0
20220329:0411,0.0,0.0,1.44,6.0,0.0
20220329:0511,0.0,0.0,1.16,5.45,0.0
20220329:0611,41.46,6.61,1.05,4.97,0.0
20220329:0711,131.31,14.26,1.72,3.72,0.0
20220329:0811,309.02,21.37,2.2,3.86,0.0
20220329:0911,793.31,27.44,2.7,4.14,0.0
20220329:1011,672.26,31.97,3.13,4.55,0.0
20220329:1111,707.44,34.43,3.4,5.31,0.0
20220329:1211,983.41,34.49,3.49,6.14,0.0
20220329:1311,892.63,32.14,3.55,6.62,0.0
20220329:1411,806.88,27.7,3.38,6.97,0.0
20220329:1511,542.85,21.69,3.15,7.38,0.0
20220329:1611,299.7,14.62,2.7,7.45,0.0
20220329:1711,104.98,6.98,2.39,6.97,0.0
20220329:1811,0.0,0.0,1.83,6.9,0.0
20220329:1911,0.0,0.0,1.55,5.86,0.0
20220329:2011,0.0,0.0,1.2,5.45,0.0
20220329:2111,0.0,0.0,0.91,4.9,0.0
20220329:2211,0.0,0.0,0.65,4.48,0.0
20220329:2311,0.0,0.0,0.49,4.07,0.0
20220330:0011,0.0,0.0,0.32,3.72,0.0
20220330:0111,0.0,0.0,0.19,3.17,0.0
20220330:0211,0.0,0.0,0.05,2.69,0.0
20220330:0311,0.0,0.0,-0.15,2.48,0.0
20220330:0411,0.0,0.0,-0.33,2.69,0.0
20220330:0511,0.0,0.0,-0.48,3.24,0.0
20220330:0611,95.87,6.98,-0.41,3.66,0.0
20220330:0711,307.27,14.64,0.14,3.38,0.0
20220330:0811,433.64,21.75,0.86,3.45,0.0
20220330:0911,460.31,27.84,1.66,3.17,0.0
20220330:1011,489.42,32.37,2.38,2.55,0.0
20220330:1111,166.0,34.83,2.97,1.79,0.0
20220330:1211,243.24,34.87,3.28,0.97,0.0
20220330:1311,351.1,32.5,3.5,1.17,0.0
20220330:1411,529.98,28.04,3.64,2.07,0.0
20220330:1511,261.61,22.0,3.3,2.97,0.0
20220330:1611,240.54,14.92,2.82,3.59,0.0
20220330:1711,103.4,7.27,2.5,3.66,0.0
20220330:1811,0.0,0.0,1.97,3.38,0.0
20220330:1911,0.0,0.0,1.77,3.45,0.0
20220330:2011,0.0,0.0,1.64,3.52,0.0
20220330:2111,0.0,0.0,1.5,3.52,0.0
20220330:2211,0.0,0.0,1.43,3.31,0.0
20220330:2311,0.0,0.0,1.29,3.1,0.0
20220331:0011,0.0,0.0,1.05,2.83,0.0
20220331:0111,0.0,0.0,0.74,2.69,0.0
20220331:0211,0.0,0.0,0.41,2.48,0.0
20220331:0311,0.0,0.0,0.05,2.41,0.0
20220331:0411,0.0,0.0,-0.26,2.34,0.0
20220331:0511,0.0,0.0,-0.51,2.28,0.0
20220331:0611,101.69,7.35,-0.4,2.07,0.0
20220331:0711,347.13,15.02,0.04,1.79,0.0
20220331:0811,602.03,22.13,1.36,1.38,0.0
20220331:0911,817.01,28.23,2.34,0.76,0.0
20220331:1011,980.26,32.76,2.99,1.1,0.0
20220331:1111,1065.65,35.22,3.47,2.0,0.0
20220331:1211,1065.94,35.25,3.75,2.76,0.0
20220331:1311,983.97,32.86,3.87,3.31,0.0
20220331:1411,826.36,28.37,3.88,3.79,0.0
20220331:1511,609.36,22.31,3.75,4.14,0.0
20220331:1611,358.25,15.22,3.49,4.28,0.0
20220331:1711,106.27,7.56,3.0,4.0,0.0
20220331:1811,0.0,0.0,2.42,4.0,0.0
20220331:1911,0.0,0.0,1.93,4.0,0.0
20220331:2011,0.0,0.0,1.81,3.66,0.0
20220331:2111,0.0,0.0,1.7,3.45,0.0
20220331:2211,0.0,0.0,1.49,3.31,0.0
20220331:2311,0.0,0.0,1.21,3.03,0.0
20220401:0011,0.0,0.0,0.89,2.76,0.0
20220401:0111,0.0,0.0,0.58,2.55,0.0
20220401:0211,0.0,0.0,0.25,2.28,0.0
20220401:0311,0.0,0.0,0.01,2.14,0.0
20220401:0411,0.0,0.0,-0.1,2.07,0.0
20220401:0511,0.0,0.0,-0.14,2.07,0.0
20220401:0611,103.32,7.72,0.14,2.14,0.0
20220401:0711,334.12,15.39,0.89,2.0,0.0
20220401:0811,546.53,22.51,2.0,2.21,0.0
20220401:0911,781.49,28.61,2.63,2.28,0.0
20220401:1011,957.8,33.16,3.18,2.21,0.0
20220401:1111,1041.1,35.61,3.5,2.34,0.0
20220401:1211,1036.96,35.63,3.42,2.62,0.0
20220401:1311,890.52,33.22,3.19,2.55,0.0
20220401:1411,516.39,28.7,3.13,2.41,0.0
20220401:1511,433.0,22.62,3.16,2.21,0.0
20220401:1611,335.79,15.51,2.9,2.14,0.0
20220401:1711,103.92,7.85,2.64,2.07,0.0
20220401:1811,0.0,0.0,2.08,2.14,0.0
20220401:1911,0.0,0.0,1.77,2.41,0.0
20220401:2011,0.0,0.0,1.67,2.41,0.0
20220401:2111,0.0,0.0,1.63,2.48,0.0
20220401:2211,0.0,0.0,1.54,2.41,0.0
20220401:2311,0.0,0.0,1.38,2.28,0.0
20220402:0011,0.0,0.0,1.12,2.0,0.0
20220402:0111,0.0,0.0,1.0,1.93,0.0
20220402:0211,0.0,0.0,0.71,2.07,0.0
20220402:0311,0.0,0.0,0.48,2.28,0.0
20220402:0411,0.0,0.0,0.41,2.55,0.0
20220402:0511,0.0,0.0,0.4,2.76,0.0
20220402:0611,102.96,8.09,0.62,2.83,0.0
20220402:0711,338.55,15.76,1.36,2.76,0.0
20220402:0811,557.14,22.89,2.34,3.38,0.0
20220402:0911,791.3,29.0,3.03,3.79,0.0
20220402:1011,956.54,33.55,3.66,4.14,0.0
20220402:1111,1020.98,36.0,4.06,4.83,0.0
20220402:1211,1035.26,36.01,4.31,5.59,0.0
20220402:1311,651.99,33.57,4.4,6.34,0.0
20220402:1411,730.07,29.03,4.1,6.62,0.0
20220402:1511,520.39,22.93,3.62,6.83,0.0
20220402:1611,312.81,15.81,3.38,6.97,0.0
20220402:1711,69.35,8.14,3.0,6.9,0.0
20220402:1811,0.0,0.0,2.46,6.69,0.0
20220402:1911,0.0,0.0,2.12,6.0,0.0
20220402:2011,0.0,0.0,1.87,5.45,0.0
20220402:2111,0.0,0.0,1.63,5.1,0.0
20220402:2211,0.0,0.0,1.66,4.34,0.0
20220402:2311,0.0,0.0,1.57,3.45,0.0
20220403:0011,0.0,0.0,1.47,2.62,0.0
20220403:0111,0.0,0.0,1.46,2.14,0.0
20220403:0211,0.0,0.0,1.65,2.21,0.0
20220403:0311,0.0,0.0,1.91,2.48,0.0
20220403:0411,0.0,0.0,2.04,3.31,0.0
20220403:0511,0.0,0.0,2.05,4.0,0.0
20220403:0611,33.91,8.46,2.14,4.55,0.0
20220403:0711,234.62,16.13,2.83,5.52,0.0
20220403:0811,129.44,23.27,3.24,5.38,0.0
20220403:0911,135.66,29.39,3.77,5.59,0.0
20220403:1011,198.84,33.94,3.86,5.45,0.0
20220403:1111,158.86,36.39,4.03,5.66,0.0
20220403:1211,186.8,36.39,4.03,5.93,0.0
20220403:1311,110.67,33.92,3.91,6.41,0.0
20220403:1411,124.05,29.36,3.4,6.83,0.0
20220403:1511,135.73,23.24,3.43,6.34,0.0
20220403:1611,58.01,16.1,3.64,7.17,0.0
20220403:1711,39.5,8.43,3.71,7.93,0.0
20220403:1811,0.0,0.0,3.96,7.52,0.0
20220403:1911,0.0,0.0,3.62,7.59,0.0
20220403:2011,0.0,0.0,3.44,6.41,0.0
20220403:2111,0.0,0.0,3.11,6.41,0.0
20220403:2211,0.0,0.0,2.9,6.55,0.0
20220403:2311,0.0,0.0,2.54,7.1,0.0
20220404:0011,0.0,0.0,2.71,6.34,0.0
20220404:0111,0.0,0.0,2.54,5.45,0.0
20220404:0211,0.0,0.0,2.86,4.76,0.0
20220404:0311,0.0,0.0,3.28,3.79,0.0
20220404:0411,0.0,0.0,3.67,3.1,0.0
20220404:0511,0.0,0.0,3.94,4.55,0.0
20220404:0611,13.39,8.83,4.19,5.79,0.0
20220404:0711,57.12,16.5,4.91,7.38,0.0
20220404:0811,39.27,23.65,5.08,8.28,0.0
20220404:0911,207.49,29.77,4.78,8.41,0.0
20220404:1011,204.25,34.33,4.52,8.62,0.0
20220404:1111,385.78,36.78,4.47,9.66,0.0
20220404:1211,891.64,36.76,4.34,10.34,0.0
20220404:1311,937.98,34.28,4.33,10.21,0.0
20220404:1411,783.88,29.69,4.21,10.9,0.0
20220404:1511,573.12,23.55,3.89,11.59,0.0
20220404:1611,327.54,16.39,3.52,11.93,0.0
20220404:1711,110.5,8.71,2.96,11.45,0.0
20220404:1811,0.0,0.0,2.38,11.31,0.0
20220404:1911,0.0,0.0,2.07,9.93,0.0
20220404:2011,0.0,0.0,1.74,9.52,0.0
20220404:2111,0.0,0.0,1.48,9.1,0.0
20220404:2211,0.0,0.0,1.19,8.62,0.0
20220404:2311,0.0,0.0,0.96,8.21,0.0
20220405:0011,0.0,0.0,0.75,7.79,0.0
20220405:0111,0.0,0.0,0.51,7.52,0.0
20220405:0211,0.0,0.0,0.42,7.24,0.0
20220405:0311,0.0,0.0,0.41,6.9,0.0
20220405:0411,0.0,0.0,0.32,6.55,0.0
20220405:0511,0.0,0.0,0.33,6.07,0.0
20220405:0611,83.55,9.19,0.82,6.07,0.0
20220405:0711,228.56,16.87,1.46,6.41,0.0
20220405:0811,448.15,24.02,1.85,6.48,0.0
20220405:0911,480.64,30.15,2.54,6.34,0.0
20220405:1011,542.59,34.72,2.9,6.34,0.0
20220405:1111,813.76,37.16,3.27,6.21,0.0
20220405:1211,765.26,37.13,3.51,5.93,0.0
20220405:1311,410.49,34.63,3.52,5.93,0.0
20220405:1411,798.22,30.02,3.76,6.0,0.0
20220405:1511,595.59,23.85,3.84,5.66,0.0
20220405:1611,351.68,16.68,3.66,5.45,0.0
20220405:1711,69.5,9.0,3.27,4.97,0.0
20220405:1811,0.0,0.0,2.6,4.28,0.0
20220405:1911,0.0,0.0,2.44,3.52,0.0
20220405:2011,0.0,0.0,2.15,2.97,0.0
20220405:2111,0.0,0.0,2.04,2.21,0.0
20220405:2211,0.0,0.0,1.64,1.45,0.0
20220405:2311,0.0,0.0,1.11,1.24,0.0
20220406:0011,0.0,0.0,1.2,1.93,0.0
20220406:0111,0.0,0.0,1.15,2.34,0.0
20220406:0211,0.0,0.0,1.31,2.9,0.0
20220406:0311,0.0,0.0,1.45,3.38,0.0
20220406:0411,0.0,0.0,1.43,4.0,0.0
20220406:0511,0.82,1.77,1.19,4.34,0.0
20220406:0611,21.42,9.56,1.09,4.9,0.0
20220406:0711,77.65,17.24,0.86,5.17,0.0
20220406:0811,93.71,24.39,0.81,5.45,0.0
20220406:0911,140.12,30.54,0.96,5.24,0.0
20220406:1011,140.12,35.1,1.24,5.59,0.0
20220406:1111,181.25,37.55,1.67,6.34,0.0
20220406:1211,203.79,37.5,2.08,6.48,0.0
20220406:1311,176.78,34.98,2.64,6.76,0.0
20220406:1411,171.51,30.34,2.73,6.41,0.0
20220406:1511,134.6,24.16,2.58,5.59,0.0
20220406:1611,140.09,16.97,2.33,4.62,0.0
20220406:1711,57.98,9.28,1.88,3.86,0.0
20220406:1811,0.0,0.0,1.56,4.34,0.0
20220406:1911,0.0,0.0,1.14,5.03,0.0
20220406:2011,0.0,0.0,1.06,5.24,0.0
20220406:2111,0.0,0.0,0.96,5.17,0.0
20220406:2211,0.0,0.0,0.92,5.24,0.0
20220406:2311,0.0,0.0,0.77,5.45,0.0
20220407:0011,0.0,0.0,0.73,6.0,0.0
20220407:0111,0.0,0.0,0.69,6.41,0.0
20220407:0211,0.0,0.0,0.71,6.55,0.0
20220407:0311,0.0,0.0,0.75,6.69,0.0
20220407:0411,0.0,0.0,0.73,6.69,0.0
20220407:0511,1.64,2.13,0.85,6.62,0.0
20220407:0611,84.77,9.92,1.01,6.34,0.0
20220407:0711,138.42,17.6,1.04,5.86,0.0
20220407:0811,93.71,24.76,1.5,5.86,0.0
20220407:0911,98.17,30.91,2.24,5.66,0.0
20220407:1011,138.33,35.49,3.01,5.17,0.0
20220407:1111,426.09,37.93,3.62,4.28,0.0
20220407:1211,582.58,37.87,3.9,4.34,0.0
20220407:1311,904.67,35.32,4.06,4.69,0.0
20220407:1411,657.64,30.67,4.43,5.03,0.0
20220407:1511,541.1,24.46,4.77,5.59,0.0
20220407:1611,258.3,17.26,4.7,6.28,0.0
20220407:1711,95.4,9.56,4.33,6.55,0.0
20220407:1811,0.82,1.79,3.89,6.62,0.0
20220407:1911,0.0,0.0,3.34,6.9,0.0
20220407:2011,0.0,0.0,2.89,6.34,0.0
20220407:2111,0.0,0.0,2.56,6.28,0.0
20220407:2211,0.0,0.0,2.18,6.28,0.0
20220407:2311,0.0,0.0,1.68,6.14,0.0
20220408:0011,0.0,0.0,1.44,6.07,0.0
20220408:0111,0.0,0.0,1.01,6.28,0.0
20220408:0211,0.0,0.0,1.04,6.34,0.0
20220408:0311,0.0,0.0,1.0,6.28,0.0
20220408:0411,0.0,0.0,1.07,5.93,0.0
20220408:0511,1.64,2.49,1.15,5.45,0.0
20220408:0611,137.94,10.27,1.53,5.17,0.0
20220408:0711,374.57,17.96,1.83,6.0,0.0
20220408:0811,419.73,25.13,2.43,6.14,0.0
20220408:0911,803.55,31.29,2.91,6.48,0.0
20220408:1011,782.08,35.87,3.35,7.31,0.0
20220408:1111,1015.36,38.31,3.67,7.79,0.0
20220408:1211,1033.96,38.24,3.95,8.48,0.0
20220408:1311,927.06,35.67,4.16,9.1,0.0
20220408:1411,810.04,30.99,4.28,9.79,0.0
20220408:1511,605.07,24.76,4.3,10.34,0.0
20220408:1611,362.02,17.55,3.94,10.34,0.0
20220408:1711,126.97,9.84,3.38,10.0,0.0
20220408:1811,0.82,2.07,2.78,9.66,0.0
20220408:1911,0.0,0.0,2.27,8.14,0.0
20220408:2011,0.0,0.0,1.79,8.14,0.0
20220408:2111,0.0,0.0,1.69,8.14,0.0
20220408:2211,0.0,0.0,2.15,8.76,0.0
20220408:2311,0.0,0.0,2.12,9.03,0.0
20220409:0011,0.0,0.0,2.09,9.38,0.0
20220409:0111,0.0,0.0,2.26,9.45,0.0
20220409:0211,0.0,0.0,2.18,9.17,0.0
20220409:0311,0.0,0.0,2.31,9.03,0.0
20220409:0411,0.0,0.0,2.17,8.76,0.0
20220409:0511,5.75,2.85,2.14,8.41,0.0
20220409:0611,77.3,10.63,2.43,8.34,0.0
20220409:0711,306.94,18.32,2.5,8.83,0.0
20220409:0811,351.75,25.5,3.02,8.41,0.0
20220409:0911,575.05,31.66,3.59,8.55,0.0
20220409:1011,197.35,36.25,4.06,8.9,0.0
20220409:1111,183.88,38.69,4.03,9.1,0.0
20220409:1211,395.35,38.6,4.37,9.59,0.0
20220409:1311,454.06,36.01,4.15,9.66,0.0
20220409:1411,139.23,31.3,3.85,9.66,0.0
20220409:1511,469.75,25.06,3.83,9.79,0.0
20220409:1611,21.42,17.83,3.63,9.86,0.0
20220409:1711,10.71,10.12,3.2,10.14,0.0
20220409:1811,0.82,2.35,2.76,10.48,0.0
20220409:1911,0.0,0.0,2.51,9.72,0.0
20220409:2011,0.0,0.0,2.25,9.31,0.0
20220409:2111,0.0,0.0,2.03,9.17,0.0
20220409:2211,0.0,0.0,1.83,8.97,0.0
20220409:2311,0.0,0.0,1.73,9.03,0.0
20220410:0011,0.0,0.0,1.56,9.1,0.0
20220410:0111,0.0,0.0,1.42,9.17,0.0
20220410:0211,0.0,0.0,1.45,9.1,0.0
20220410:0311,0.0,0.0,1.32,8.97,0.0
20220410:0411,0.0,0.0,1.15,8.9,0.0
20220410:0511,10.67,3.2,1.29,8.69,0.0
20220410:0611,127.55,10.98,1.57,8.69,0.0
20220410:0711,195.54,18.68,1.7,8.69,0.0
20220410:0811,489.06,25.86,2.09,8.62,0.0
20220410:0911,227.79,32.03,2.55,8.55,0.0
20220410:1011,587.19,36.63,2.99,8.41,0.0
20220410:1111,741.21,39.06,3.23,8.34,0.0
20220410:1211,578.18,38.97,3.41,8.34,0.0
20220410:1311,402.29,36.35,3.65,8.41,0.0
20220410:1411,338.33,31.62,3.68,8.34,0.0
20220410:1511,278.32,25.35,3.57,8.41,0.0
20220410:1611,293.88,18.12,3.55,8.34,0.0
20220410:1711,92.96,10.4,3.4,7.66,0.0
20220410:1811,6.57,2.63,3.28,7.38,0.0
20220410:1911,0.0,0.0,3.17,6.97,0.0
20220410:2011,0.0,0.0,3.0,6.69,0.0
20220410:2111,0.0,0.0,2.8,6.48,0.0
20220410:2211,0.0,0.0,2.65,6.34,0.0
20220410:2311,0.0,0.0,2.52,6.28,0.0
20220411:0011,0.0,0.0,2.48,6.0,0.0
20220411:0111,0.0,0.0,2.28,5.79,0.0
20220411:0211,0.0,0.0,2.35,5.66,0.0
20220411:0311,0.0,0.0,2.25,5.52,0.0
20220411:0411,0.0,0.0,2.09,5.17,0.0
20220411:0511,6.57,3.56,2.05,4.9,0.0
20220411:0611,113.47,11.33,2.19,4.69,0.0
20220411:0711,112.03,19.03,2.82,4.48,0.0
20220411:0811,457.51,26.22,3.24,4.69,0.0
20220411:0911,778.96,32.4,3.83,5.1,0.0
20220411:1011,760.38,37.0,4.35,4.97,0.0
20220411:1111,860.32,39.44,4.76,4.97,0.0
20220411:1211,1002.67,39.33,4.96,5.45,0.0
20220411:1311,916.77,36.69,5.01,5.86,0.0
20220411:1411,405.27,31.94,5.03,5.86,0.0
20220411:1511,388.92,25.65,5.06,5.79,0.0
20220411:1611,328.24,18.4,4.88,5.52,0.0
20220411:1711,94.0,10.68,4.6,5.24,0.0
20220411:1811,8.21,2.91,4.03,4.69,0.0
20220411:1911,0.0,0.0,3.56,3.93,0.0
20220411:2011,0.0,0.0,3.03,3.86,0.0
20220411:2111,0.0,0.0,2.72,3.45,0.0
20220411:2211,0.0,0.0,2.47,2.97,0.0
20220411:2311,0.0,0.0,2.27,2.48,0.0
20220412:0011,0.0,0.0,2.0,1.79,0.0
20220412:0111,0.0,0.0,1.85,1.66,0.0
20220412:0211,0.0,0.0,1.86,2.0,0.0
20220412:0311,0.0,0.0,1.89,2.14,0.0
20220412:0411,0.0,0.0,2.26,2.21,0.0
20220412:0511,2.46,3.9,2.65,2.76,0.0
20220412:0611,38.38,11.68,3.22,3.59,0.0
20220412:0711,96.92,19.38,4.19,4.14,0.0
20220412:0811,174.63,26.58,4.58,4.9,0.0
20220412:0911,186.33,32.77,5.0,4.76,0.0
20220412:1011,383.12,37.37,5.66,6.0,0.0
20220412:1111,170.46,39.81,6.2,6.48,0.0
20220412:1211,255.77,39.69,6.37,6.83,0.0
20220412:1311,202.57,37.03,6.52,6.9,0.0
20220412:1411,160.57,32.25,6.21,6.62,0.0
20220412:1511,83.89,25.94,6.22,6.55,0.0
20220412:1611,46.41,18.68,6.52,6.21,0.0
20220412:1711,35.7,10.95,6.17,6.28,0.0
20220412:1811,2.46,3.19,5.62,6.62,0.0
20220412:1911,0.0,0.0,4.98,6.62,0.0
20220412:2011,0.0,0.0,4.74,6.62,0.0
20220412:2111,0.0,0.0,4.69,6.97,0.0
20220412:2211,0.0,0.0,4.69,7.03,0.0
20220412:2311,0.0,0.0,4.47,7.24,0.0
20220413:0011,0.0,0.0,4.44,7.1,0.0
20220413:0111,0.0,0.0,4.23,7.1,0.0
20220413:0211,0.0,0.0,3.64,7.17,0.0
20220413:0311,0.0,0.0,3.01,7.72,0.0
20220413:0411,0.0,0.0,2.82,7.66,0.0
20220413:0511,2.46,4.25,2.8,7.66,0.0
20220413:0611,15.17,12.03,3.42,7.72,0.0
20220413:0711,26.77,19.73,5.06,8.34,0.0
20220413:0811,70.51,26.93,5.0,8.97,0.0
20220413:0911,149.04,33.13,4.86,9.03,0.0
20220413:1011,158.86,37.74,5.01,8.97,0.0
20220413:1111,132.09,40.18,5.15,8.21,0.0
20220413:1211,323.32,40.04,5.35,7.59,0.0
20220413:1311,216.8,37.36,5.27,7.66,0.0
20220413:1411,91.03,32.56,5.78,7.52,0.0
20220413:1511,516.31,26.23,6.65,7.31,0.0
20220413:1611,247.21,18.96,7.02,6.83,0.0
20220413:1711,31.24,11.23,6.79,6.28,0.0
20220413:1811,10.67,3.47,6.34,6.14,0.0
20220413:1911,0.0,0.0,6.67,6.28,0.0
20220413:2011,0.0,0.0,6.51,6.34,0.0
20220413:2111,0.0,0.0,6.4,6.14,0.0
20220413:2211,0.0,0.0,6.38,6.0,0.0
20220413:2311,0.0,0.0,6.23,5.72,0.0
20220414:0011,0.0,0.0,5.95,4.97,0.0
20220414:0111,0.0,0.0,5.68,4.07,0.0
20220414:0211,0.0,0.0,5.54,3.79,0.0
20220414:0311,0.0,0.0,5.44,3.45,0.0
20220414:0411,0.0,0.0,5.39,2.9,0.0
20220414:0511,10.67,4.59,5.39,2.34,0.0
20220414:0611,26.77,12.37,5.55,1.93,0.0
20220414:0711,104.52,20.07,6.31,0.41,0.0
20220414:0811,227.38,27.28,6.71,0.9,0.0
20220414:0911,132.98,33.49,6.99,1.66,0.0
20220414:1011,157.97,38.11,7.16,2.62,0.0
20220414:1111,168.68,40.54,7.54,3.38,0.0
20220414:1211,136.55,40.39,7.48,3.45,0.0
20220414:1311,177.54,37.69,7.71,3.24,0.0
20220414:1411,145.47,32.87,8.01,3.31,0.0
20220414:1511,154.3,26.52,8.16,3.59,0.0
20220414:1611,119.39,19.23,7.54,3.38,0.0
20220414:1711,54.38,11.5,7.2,3.1,0.0
20220414:1811,3.28,3.74,6.63,2.76,0.0
20220414:1911,0.0,0.0,5.83,2.62,0.0
20220414:2011,0.0,0.0,5.29,2.34,0.0
20220414:2111,0.0,0.0,4.8,2.0,0.0
20220414:2211,0.0,0.0,4.39,1.59,0.0
20220414:2311,0.0,0.0,4.54,1.52,0.0
20220415:0011,0.0,0.0,4.65,1.72,0.0
20220415:0111,0.0,0.0,4.56,2.0,0.0
20220415:0211,0.0,0.0,4.78,2.14,0.0
20220415:0311,0.0,0.0,4.95,1.93,0.0
20220415:0411,0.0,0.0,4.72,1.59,0.0
20220415:0511,9.85,4.93,4.31,1.17,0.0
20220415:0611,155.27,12.71,4.88,1.03,0.0
20220415:0711,393.41,20.41,6.07,1.45,0.0
20220415:0811,612.12,27.63,7.39,2.07,0.0
20220415:0911,648.27,33.85,8.14,2.14,0.0
20220415:1011,460.63,38.47,8.75,2.14,0.0
20220415:1111,873.23,40.9,9.1,2.34,0.0
20220415:1211,742.68,40.74,9.15,2.55,0.0
20220415:1311,903.84,38.02,9.21,2.83,0.0
20220415:1411,759.59,33.17,8.79,3.38,0.0
20220415:1511,510.8,26.81,8.19,3.17,0.0
20220415:1611,368.8,19.51,7.55,2.62,0.0
20220415:1711,138.18,11.77,6.84,1.93,0.0
20220415:1811,10.67,4.02,6.06,1.31,0.0
20220415:1911,0.0,0.0,5.1,0.69,0.0
20220415:2011,0.0,0.0,4.5,1.1,0.0
20220415:2111,0.0,0.0,3.93,1.38,0.0
20220415:2211,0.0,0.0,3.48,1.86,0.0
20220415:2311,0.0,0.0,2.88,2.14,0.0
20220416:0011,0.0,0.0,2.6,2.34,0.0
20220416:0111,0.0,0.0,2.6,2.62,0.0
20220416:0211,0.0,0.0,3.02,3.03,0.0
20220416:0311,0.0,0.0,3.09,3.38,0.0
20220416:0411,0.0,0.0,3.05,3.52,0.0
20220416:0511,22.16,5.27,3.02,3.72,0.0
20220416:0611,52.66,13.04,3.66,3.79,0.0
20220416:0711,83.89,20.75,4.51,4.28,0.0
20220416:0811,107.1,27.97,4.94,4.76,0.0
20220416:0911,178.26,34.2,5.46,4.69,0.0
20220416:1011,495.31,38.83,6.0,4.83,0.0
20220416:1111,397.09,41.26,6.44,4.97,0.0
20220416:1211,385.08,41.09,6.84,4.97,0.0
20220416:1311,381.97,38.35,6.96,4.62,0.0
20220416:1411,157.82,33.48,6.83,4.28,0.0
20220416:1511,140.52,27.09,6.58,4.14,0.0
20220416:1611,64.26,19.78,6.45,3.86,0.0
20220416:1711,81.96,12.04,6.26,3.45,0.0
20220416:1811,8.21,4.29,5.99,3.38,0.0
20220416:1911,0.0,0.0,5.49,3.03,0.0
20220416:2011,0.0,0.0,5.08,2.97,0.0
20220416:2111,0.0,0.0,4.74,2.97,0.0
20220416:2211,0.0,0.0,4.52,3.03,0.0
20220416:2311,0.0,0.0,4.24,3.03,0.0
20220417:0011,0.0,0.0,3.95,2.97,0.0
20220417:0111,0.0,0.0,3.71,2.97,0.0
20220417:0211,0.0,0.0,3.38,2.97,0.0
20220417:0311,0.0,0.0,3.23,2.9,0.0
20220417:0411,0.0,0.0,3.02,3.1,0.0
20220417:0511,25.44,5.6,2.95,3.24,0.0
20220417:0611,161.48,13.37,3.87,3.24,0.0
20220417:0711,333.01,21.09,5.45,3.79,0.0
20220417:0811,547.49,28.32,6.51,4.34,0.0
20220417:0911,783.05,34.55,7.45,4.69,0.0
20220417:1011,944.84,39.19,8.16,4.97,0.0
20220417:1111,682.51,41.62,8.65,5.03,0.0
20220417:1211,809.18,41.44,9.08,4.97,0.0
20220417:1311,625.0,38.67,9.31,5.03,0.0
20220417:1411,587.15,33.78,9.37,4.97,0.0
20220417:1511,581.22,27.37,9.23,4.83,0.0
20220417:1611,329.58,20.05,8.87,4.55,0.0
20220417:1711,131.91,12.31,8.36,4.21,0.0
20220417:1811,10.67,4.56,7.57,4.21,0.0
20220417:1911,0.0,0.0,6.75,3.79,0.0
20220417:2011,0.0,0.0,5.96,4.14,0.0
20220417:2111,0.0,0.0,5.61,4.48,0.0
20220417:2211,0.0,0.0,5.35,4.55,0.0
20220417:2311,0.0,0.0,5.2,4.76,0.0
20220418:0011,0.0,0.0,5.06,4.97,0.0
20220418:0111,0.0,0.0,4.92,5.17,0.0
20220418:0211,0.0,0.0,4.93,5.31,0.0
20220418:0311,0.0,0.0,4.92,5.59,0.0
20220418:0411,0.0,0.0,4.97,5.72,0.0
20220418:0511,27.08,5.93,5.13,5.79,0.0
20220418:0611,177.3,13.7,5.99,6.0,0.0
20220418:0711,401.66,21.42,7.3,6.14,0.0
20220418:0811,627.53,28.65,8.43,6.97,0.0
20220418:0911,855.24,34.9,9.41,7.31,0.0
20220418:1011,989.16,39.55,10.09,7.72,0.0
20220418:1111,1068.7,41.97,10.47,7.93,0.0
20220418:1211,1074.06,41.78,10.64,7.93,0.0
20220418:1311,988.77,39.0,10.64,7.79,0.0
20220418:1411,828.48,34.08,10.5,7.72,0.0
20220418:1511,621.53,27.66,10.3,7.59,0.0
20220418:1611,378.6,20.32,9.98,7.1,0.0
20220418:1711,144.03,12.57,9.5,6.97,0.0
20220418:1811,20.52,4.83,8.75,6.76,0.0
20220418:1911,0.0,0.0,8.26,6.48,0.0
20220418:2011,0.0,0.0,7.77,6.34,0.0
20220418:2111,0.0,0.0,7.48,6.07,0.0
20220418:2211,0.0,0.0,7.25,5.86,0.0
20220418:2311,0.0,0.0,6.99,5.59,0.0
20220419:0011,0.0,0.0,6.74,5.24,0.0
20220419:0111,0.0,0.0,6.49,5.03,0.0
20220419:0211,0.0,0.0,6.34,4.9,0.0
20220419:0311,0.0,0.0,6.16,4.83,0.0
20220419:0411,0.0,0.0,6.03,4.83,0.0
20220419:0511,31.19,6.26,6.09,4.9,0.0
20220419:0611,167.97,14.03,6.95,4.76,0.0
20220419:0711,393.61,21.75,8.27,4.21,0.0
20220419:0811,625.61,28.99,9.31,4.41,0.0
20220419:0911,840.8,35.24,10.13,4.48,0.0
20220419:1011,977.75,39.9,10.71,4.48,0.0
20220419:1111,1062.64,42.33,11.1,4.41,0.0
20220419:1211,1060.95,42.12,11.28,4.28,0.0
20220419:1311,975.9,39.32,11.19,3.93,0.0
20220419:1411,808.86,34.38,10.91,3.59,0.0
20220419:1511,587.82,27.93,10.43,3.1,0.0
20220419:1611,129.49,20.59,9.8,2.34,0.0
20220419:1711,137.11,12.84,9.09,1.24,0.0
20220419:1811,21.34,5.1,8.33,0.21,0.0
20220419:1911,0.0,0.0,7.46,1.79,0.0
20220419:2011,0.0,0.0,6.84,2.07,0.0
20220419:2111,0.0,0.0,6.22,2.07,0.0
20220419:2211,0.0,0.0,5.58,2.0,0.0
20220419:2311,0.0,0.0,5.17,2.14,0.0
20220420:0011,0.0,0.0,4.89,2.28,0.0
20220420:0111,0.0,0.0,4.58,2.28,0.0
20220420:0211,0.0,0.0,4.32,2.14,0.0
20220420:0311,0.0,0.0,4.03,2.0,0.0
20220420:0411,0.0,0.0,3.75,2.07,0.0
20220420:0511,29.55,6.58,3.79,2.07,0.0
20220420:0611,176.24,14.35,5.36,1.79,0.0
20220420:0711,407.21,22.07,7.69,1.1,0.0
20220420:0811,628.24,29.32,10.1,0.69,0.0
20220420:0911,838.03,35.58,11.4,0.21,0.0
20220420:1011,967.66,40.24,12.0,0.41,0.0
20220420:1111,1057.91,42.67,12.2,1.17,0.0
20220420:1211,1055.97,42.46,12.04,1.86,0.0
20220420:1311,971.06,39.63,11.84,2.07,0.0
20220420:1411,804.47,34.67,11.38,1.93,0.0
20220420:1511,596.75,28.21,10.82,1.66,0.0
20220420:1611,357.38,20.85,10.51,1.31,0.0
20220420:1711,141.62,13.1,10.1,1.03,0.0
20220420:1811,25.44,5.36,9.5,1.03,0.0
20220420:1911,0.0,0.0,8.63,2.34,0.0
20220420:2011,0.0,0.0,8.03,2.48,0.0
20220420:2111,0.0,0.0,7.34,2.41,0.0
20220420:2211,0.0,0.0,6.41,2.28,0.0
20220420:2311,0.0,0.0,6.07,2.34,0.0
20220421:0011,0.0,0.0,6.05,2.48,0.0
20220421:0111,0.0,0.0,6.06,2.76,0.0
20220421:0211,0.0,0.0,5.96,2.9,0.0
20220421:0311,0.0,0.0,5.87,2.83,0.0
20220421:0411,0.0,0.0,5.73,2.76,0.0
20220421:0511,30.37,6.9,5.79,2.69,0.0
20220421:0611,179.18,14.67,7.03,2.41,0.0
20220421:0711,414.02,22.39,9.55,2.14,0.0
20220421:0811,537.6,29.65,11.75,2.14,0.0
20220421:0911,657.75,35.92,12.96,2.34,0.0
20220421:1011,737.92,40.59,13.73,2.21,0.0
20220421:1111,993.42,43.02,14.25,1.86,0.0
20220421:1211,738.82,42.79,14.65,1.66,0.0
20220421:1311,952.12,39.95,14.94,1.24,0.0
20220421:1411,811.65,34.96,15.14,0.48,0.0
20220421:1511,599.03,28.48,14.81,0.69,0.0
20220421:1611,354.86,21.12,13.84,1.66,0.0
20220421:1711,140.4,13.36,12.55,1.52,0.0
20220421:1811,27.08,5.63,11.27,1.03,0.0
20220421:1911,0.0,0.0,11.95,2.28,0.0
20220421:2011,0.0,0.0,10.48,2.76,0.0
20220421:2111,0.0,0.0,8.8,2.62,0.0
20220421:2211,0.0,0.0,7.86,2.48,0.0
20220421:2311,0.0,0.0,7.68,2.83,0.0
20220422:0011,0.0,0.0,7.31,3.17,0.0
20220422:0111,0.0,0.0,6.84,3.38,0.0
20220422:0211,0.0,0.0,6.48,3.31,0.0
20220422:0311,0.0,0.0,6.18,3.1,0.0
20220422:0411,0.0,0.0,5.93,2.97,0.0
20220422:0511,31.19,7.22,6.02,2.9,0.0
20220422:0611,182.78,14.98,7.33,2.62,0.0
20220422:0711,410.86,22.71,9.95,2.69,0.0
20220422:0811,640.46,29.97,11.85,2.9,0.0
20220422:0911,846.42,36.25,12.99,3.31,0.0
20220422:1011,969.11,40.93,13.84,3.38,0.0
20220422:1111,1044.84,43.36,14.54,3.24,0.0
20220422:1211,1056.93,43.12,15.03,2.97,0.0
20220422:1311,937.13,40.26,15.37,2.55,0.0
20220422:1411,799.5,35.25,15.49,1.66,0.0
20220422:1511,612.98,28.76,15.39,0.83,0.0
20220422:1611,372.03,21.38,14.52,1.45,0.0
20220422:1711,148.16,13.62,12.96,2.14,0.0
20220422:1811,26.26,5.89,11.24,2.34,0.0
20220422:1911,0.0,0.0,12.18,1.38,0.0
20220422:2011,0.0,0.0,10.92,1.52,0.0
20220422:2111,0.0,0.0,9.6,1.79,0.0
20220422:2211,0.0,0.0,8.04,2.0,0.0
20220422:2311,0.0,0.0,7.25,2.34,0.0
20220423:0011,0.0,0.0,7.03,2.48,0.0
20220423:0111,0.0,0.0,7.15,2.76,0.0
20220423:0211,0.0,0.0,7.15,3.03,0.0
20220423:0311,0.0,0.0,7.1,3.24,0.0
20220423:0411,0.0,0.0,7.06,3.31,0.0
20220423:0511,34.47,7.53,7.28,3.24,0.0
20220423:0611,185.79,15.29,8.67,3.1,0.0
20220423:0711,403.3,23.02,10.3,3.38,0.0
20220423:0811,634.08,30.29,11.46,2.97,0.0
20220423:0911,810.54,36.58,12.28,2.21,0.0
20220423:1011,963.51,41.26,12.75,1.59,0.0
20220423:1111,999.18,43.69,12.91,0.97,0.0
20220423:1211,836.16,43.45,12.52,1.38,0.0
20220423:1311,804.99,40.56,12.43,2.48,0.0
20220423:1411,757.39,35.54,11.87,3.66,0.0
20220423:1511,572.02,29.03,10.97,3.79,0.0
20220423:1611,339.96,21.64,10.15,3.72,0.0
20220423:1711,130.34,13.87,9.65,4.0,0.0
20220423:1811,27.08,6.15,9.36,3.79,0.0
20220423:1911,0.0,0.0,8.68,3.66,0.0
20220423:2011,0.0,0.0,8.32,3.59,0.0
20220423:2111,0.0,0.0,7.87,3.38,0.0
20220423:2211,0.0,0.0,7.47,3.03,0.0
20220423:2311,0.0,0.0,7.13,2.97,0.0
20220424:0011,0.0,0.0,6.78,3.24,0.0
20220424:0111,0.0,0.0,6.28,2.97,0.0
20220424:0211,0.0,0.0,5.82,2.55,0.0
20220424:0311,0.0,0.0,5.5,2.55,0.0
20220424:0411,0.0,0.0,5.08,2.48,0.0
20220424:0511,33.65,7.84,4.84,2.07,0.0
20220424:0611,191.7,15.59,5.74,1.31,0.0
20220424:0711,412.1,23.33,6.68,2.07,0.0
20220424:0811,641.24,30.6,7.51,2.28,0.0
20220424:0911,859.34,36.9,8.43,2.28,0.0
20220424:1011,987.57,41.6,9.29,1.72,0.0
20220424:1111,1057.61,44.03,9.8,2.0,0.0
20220424:1211,1036.67,43.77,9.69,2.21,0.0
20220424:1311,685.64,40.87,9.57,2.48,0.0
20220424:1411,541.82,35.82,9.5,3.17,0.0
20220424:1511,493.47,29.29,9.38,4.0,0.0
20220424:1611,228.65,21.9,9.27,4.55,0.0
20220424:1711,88.45,14.13,8.7,4.62,0.0
20220424:1811,28.73,6.41,8.37,4.34,0.0
20220424:1911,0.0,0.0,7.87,3.52,0.0
20220424:2011,0.0,0.0,7.43,3.45,0.0
20220424:2111,0.0,0.0,7.1,3.31,0.0
20220424:2211,0.0,0.0,6.75,3.17,0.0
20220424:2311,0.0,0.0,6.33,3.1,0.0
20220425:0011,0.0,0.0,5.59,2.97,0.0
20220425:0111,0.0,0.0,4.89,2.69,0.0
20220425:0211,0.0,0.0,4.3,2.48,0.0
20220425:0311,0.0,0.0,3.96,2.62,0.0
20220425:0411,0.0,0.0,3.94,3.03,0.0
20220425:0511,43.5,8.14,4.25,3.79,0.0
20220425:0611,190.5,15.9,5.36,4.14,0.0
20220425:0711,397.88,23.63,6.58,3.72,0.0
20220425:0811,635.09,30.91,7.53,4.34,0.0
20220425:0911,840.77,37.22,8.24,4.69,0.0
20220425:1011,966.13,41.92,8.77,5.24,0.0
20220425:1111,997.32,44.36,9.04,5.59,0.0
20220425:1211,1005.71,44.09,9.13,5.86,0.0
20220425:1311,879.5,41.17,9.13,6.07,0.0
20220425:1411,644.57,36.1,9.04,6.14,0.0
20220425:1511,582.6,29.56,8.8,6.14,0.0
20220425:1611,338.89,22.15,8.38,6.14,0.0
20220425:1711,124.0,14.38,7.83,5.93,0.0
20220425:1811,32.83,6.66,7.27,5.45,0.0
20220425:1911,0.0,0.0,6.65,5.24,0.0
20220425:2011,0.0,0.0,6.07,4.97,0.0
20220425:2111,0.0,0.0,5.7,5.03,0.0
20220425:2211,0.0,0.0,5.35,5.31,0.0
20220425:2311,0.0,0.0,5.15,5.17,0.0
20220426:0011,0.0,0.0,4.99,5.03,0.0
20220426:0111,0.0,0.0,4.88,4.97,0.0
20220426:0211,0.0,0.0,4.82,4.76,0.0
20220426:0311,0.0,0.0,4.74,4.83,0.0
20220426:0411,0.0,0.0,4.56,4.9,0.0
20220426:0511,20.52,8.44,4.57,4.76,0.0
20220426:0611,109.64,16.19,5.62,4.41,0.0
20220426:0711,417.98,23.93,7.16,3.45,0.0
20220426:0811,631.63,31.22,8.44,1.86,0.0
20220426:0911,849.76,37.54,9.5,0.55,0.0
20220426:1011,963.65,42.25,10.39,0.76,0.0
20220426:1111,1043.9,44.68,10.61,2.14,0.0
20220426:1211,1009.27,44.41,10.01,3.52,0.0
20220426:1311,887.31,41.47,9.45,3.66,0.0
20220426:1411,501.92,36.38,8.95,3.31,0.0
20220426:1511,541.55,29.82,9.28,3.03,0.0
20220426:1611,380.06,22.4,9.16,2.9,0.0
20220426:1711,155.65,14.63,9.0,3.03,0.0
20220426:1811,32.83,6.92,8.34,2.83,0.0
20220426:1911,0.0,0.0,7.31,2.76,0.0
20220426:2011,0.0,0.0,6.57,2.55,0.0
20220426:2111,0.0,0.0,6.03,2.21,0.0
20220426:2211,0.0,0.0,5.63,2.07,0.0
20220426:2311,0.0,0.0,5.51,1.72,0.0
20220427:0011,0.0,0.0,5.13,1.03,0.0
20220427:0111,0.0,0.0,5.28,0.14,0.0
20220427:0211,0.0,0.0,5.1,0.41,0.0
20220427:0311,0.0,0.0,3.94,0.97,0.0
20220427:0411,0.0,0.0,2.87,1.86,0.0
20220427:0511,48.42,8.73,3.96,2.62,0.0
20220427:0611,199.81,16.48,5.15,3.03,0.0
20220427:0711,426.62,24.22,6.37,2.41,0.0
20220427:0811,661.93,31.52,7.22,2.76,0.0
20220427:0911,860.67,37.85,7.87,3.31,0.0
20220427:1011,0.0,0.0,8.32,4.14,0.0
20220427:1111,1075.27,45.01,8.59,5.1,0.0
20220427:1211,1077.94,44.72,8.71,5.93,0.0
20220427:1311,976.68,41.76,8.71,6.48,0.0
20220427:1411,837.65,36.66,8.43,7.03,0.0
20220427:1511,624.02,30.08,7.97,7.52,0.0
20220427:1611,376.41,22.65,7.39,7.86,0.0
20220427:1711,155.92,14.88,6.78,7.79,0.0
20220427:1811,30.37,7.17,6.14,7.31,0.0
20220427:1911,0.0,0.0,5.66,7.17,0.0
20220427:2011,0.0,0.0,5.06,7.03,0.0
20220427:2111,0.0,0.0,4.6,7.03,0.0
20220427:2211,0.0,0.0,4.27,6.83,0.0
20220427:2311,0.0,0.0,4.03,6.69,0.0
20220428:0011,0.0,0.0,3.91,6.76,0.0
20220428:0111,0.0,0.0,3.9,6.83,0.0
20220428:0211,0.0,0.0,3.99,6.83,0.0
20220428:0311,0.0,0.0,4.05,6.76,0.0
20220428:0411,0.0,0.0,4.12,6.69,0.0
20220428:0511,39.39,9.02,4.42,6.48,0.0
20220428:0611,179.99,16.77,5.08,6.14,0.0
20220428:0711,353.08,24.51,6.07,5.86,0.0
20220428:0811,575.46,31.82,6.74,5.86,0.0
20220428:0911,858.61,38.16,7.45,5.59,0.0
20220428:1011,1013.87,42.88,7.95,5.52,0.0
20220428:1111,1019.7,45.33,8.42,6.07,0.0
20220428:1211,894.95,45.03,8.27,6.62,0.0
20220428:1311,895.59,42.06,8.05,7.03,0.0
20220428:1411,627.92,36.93,7.96,7.31,0.0
20220428:1511,532.49,30.34,7.69,7.45,0.0
20220428:1611,168.29,22.9,7.43,7.52,0.0
20220428:1711,127.35,15.13,7.09,7.17,0.0
20220428:1811,19.7,7.42,6.74,6.55,0.0
20220428:1911,0.0,0.0,6.23,5.93,0.0
20220428:2011,0.0,0.0,5.87,5.31,0.0
20220428:2111,0.0,0.0,5.52,4.76,0.0
20220428:2211,0.0,0.0,5.32,4.48,0.0
20220428:2311,0.0,0.0,5.15,4.55,0.0
20220429:0011,0.0,0.0,5.07,4.76,0.0
20220429:0111,0.0,0.0,4.99,4.9,0.0
20220429:0211,0.0,0.0,4.82,4.69,0.0
20220429:0311,0.0,0.0,4.59,4.55,0.0
20220429:0411,0.82,1.93,4.49,4.41,0.0
20220429:0511,38.57,9.31,4.52,4.07,0.0
20220429:0611,202.24,17.06,5.11,4.21,0.0
20220429:0711,308.66,24.8,6.0,3.79,0.0
20220429:0811,467.55,32.11,6.93,3.79,0.0
20220429:0911,374.62,38.46,7.73,4.07,0.0
20220429:1011,394.04,43.2,8.46,4.69,0.0
20220429:1111,511.25,45.64,8.75,5.17,0.0
20220429:1211,1059.57,45.34,8.42,5.52,0.0
20220429:1311,957.28,42.34,8.6,5.86,0.0
20220429:1411,808.28,37.2,8.1,5.93,0.0
20220429:1511,616.18,30.59,8.12,6.21,0.0
20220429:1611,381.35,23.15,8.05,6.34,0.0
20220429:1711,159.94,15.37,7.79,6.55,0.0
20220429:1811,32.01,7.67,7.28,6.28,0.0
20220429:1911,0.0,0.0,6.64,5.93,0.0
20220429:2011,0.0,0.0,6.04,5.59,0.0
20220429:2111,0.0,0.0,5.57,5.38,0.0
20220429:2211,0.0,0.0,5.23,5.31,0.0
20220429:2311,0.0,0.0,4.91,5.1,0.0
20220430:0011,0.0,0.0,4.6,4.9,0.0
20220430:0111,0.0,0.0,4.35,4.97,0.0
20220430:0211,0.0,0.0,4.16,5.24,0.0
20220430:0311,0.0,0.0,3.94,5.38,0.0
20220430:0411,1.64,2.22,3.77,5.52,0.0
20220430:0511,39.39,9.59,4.05,5.45,0.0
20220430:0611,211.96,17.33,5.01,5.31,0.0
20220430:0711,443.18,25.08,6.53,5.66,0.0
20220430:0811,671.13,32.4,7.33,5.93,0.0
20220430:0911,849.26,38.75,8.02,6.0,0.0
20220430:1011,966.21,43.5,8.58,6.28,0.0
20220430:1111,1081.82,45.95,8.85,6.69,0.0
20220430:1211,1072.89,45.64,8.84,6.76,0.0
20220430:1311,908.21,42.63,8.63,6.9,0.0
20220430:1411,674.51,37.46,8.34,7.1,0.0
20220430:1511,567.05,30.84,7.94,6.97,0.0
20220430:1611,310.8,23.39,7.7,6.9,0.0
20220430:1711,149.36,15.61,7.37,6.76,0.0
20220430:1811,42.68,7.92,7.04,6.34,0.0
20220430:1911,0.0,0.0,6.67,5.93,0.0
20220430:2011,0.0,0.0,6.39,5.38,0.0
20220430:2111,0.0,0.0,6.07,5.1,0.0
20220430:2211,0.0,0.0,5.62,5.03,0.0
20220430:2311,0.0,0.0,5.24,4.9,0.0
20220501:0011,0.0,0.0,4.8,4.48,0.0
20220501:0111,0.0,0.0,4.43,4.14,0.0
20220501:0211,0.0,0.0,4.12,4.07,0.0
20220501:0311,0.0,0.0,3.8,3.93,0.0
20220501:0411,2.46,2.5,3.62,3.66,0.0
20220501:0511,41.86,9.86,3.89,3.31,0.0
20220501:0611,216.51,17.61,5.17,3.03,0.0
20220501:0711,453.83,25.36,6.7,2.83,0.0
20220501:0811,686.03,32.68,7.96,2.28,0.0
20220501:0911,882.17,39.05,8.87,2.14,0.0
20220501:1011,1021.67,43.81,9.31,2.28,0.0
20220501:1111,1090.11,46.26,9.56,2.48,0.0
20220501:1211,1081.13,45.94,9.51,2.69,0.0
20220501:1311,996.43,42.91,9.22,3.03,0.0
20220501:1411,841.57,37.73,9.04,3.17,0.0
20220501:1511,560.22,31.09,8.95,3.24,0.0
20220501:1611,397.86,23.63,8.85,2.97,0.0
20220501:1711,166.34,15.85,8.5,2.69,0.0
20220501:1811,34.47,8.16,7.88,2.48,0.0
20220501:1911,0.0,0.0,6.82,2.41,0.0
20220501:2011,0.0,0.0,6.02,2.28,0.0
20220501:2111,0.0,0.0,5.6,2.28,0.0
20220501:2211,0.0,0.0,5.32,1.93,0.0
20220501:2311,0.0,0.0,5.12,1.93,0.0
20220502:0011,0.0,0.0,4.9,2.07,0.0
20220502:0111,0.0,0.0,4.81,1.86,0.0
20220502:0211,0.0,0.0,4.71,1.66,0.0
20220502:0311,0.0,0.0,4.62,1.45,0.0
20220502:0411,1.64,2.77,4.61,1.17,0.0
20220502:0511,36.11,10.13,4.95,0.69,0.0
20220502:0611,41.05,17.88,5.81,0.41,0.0
20220502:0711,90.14,25.63,6.73,2.14,0.0
20220502:0811,133.87,32.96,7.12,3.17,0.0
20220502:0911,85.68,39.33,7.47,4.0,0.0
20220502:1011,197.24,44.1,7.66,4.34,0.0
20220502:1111,104.42,46.56,7.75,4.14,0.0
20220502:1211,201.7,46.23,7.91,4.55,0.0
20220502:1311,342.44,43.19,8.01,5.72,0.0
20220502:1411,131.19,37.99,7.77,6.62,0.0
20220502:1511,566.65,31.34,7.61,7.31,0.0
20220502:1611,372.54,23.87,7.37,7.93,0.0
20220502:1711,159.59,16.09,6.8,8.28,0.0
20220502:1811,35.29,8.4,6.39,8.28,0.0
20220502:1911,0.0,0.0,6.07,8.21,0.0
20220502:2011,0.0,0.0,5.51,8.0,0.0
20220502:2111,0.0,0.0,5.04,8.07,0.0
20220502:2211,0.0,0.0,4.7,8.0,0.0
20220502:2311,0.0,0.0,4.39,7.79,0.0
20220503:0011,0.0,0.0,4.12,7.66,0.0
20220503:0111,0.0,0.0,3.93,7.59,0.0
20220503:0211,0.0,0.0,3.77,7.45,0.0
20220503:0311,0.0,0.0,3.66,7.1,0.0
20220503:0411,1.64,3.05,3.55,6.69,0.0
20220503:0511,56.63,10.4,3.7,6.0,0.0
20220503:0611,201.23,18.14,4.23,5.79,0.0
20220503:0711,426.71,25.89,5.28,5.1,0.0
20220503:0811,692.04,33.23,6.25,4.48,0.0
20220503:0911,889.15,39.62,7.25,3.72,0.0
20220503:1011,1015.94,44.4,7.99,3.38,0.0
20220503:1111,1099.99,46.85,8.43,3.79,0.0
20220503:1211,1090.95,46.52,8.49,4.69,0.0
20220503:1311,976.84,43.46,8.31,5.24,0.0
20220503:1411,758.37,38.25,7.99,5.38,0.0
20220503:1511,489.6,31.58,7.59,5.52,0.0
20220503:1611,290.67,24.11,7.03,5.86,0.0
20220503:1711,135.05,16.32,6.44,5.79,0.0
20220503:1811,43.5,8.64,5.99,5.45,0.0
20220503:1911,0.0,0.0,5.73,4.0,0.0
20220503:2011,0.0,0.0,5.08,3.45,0.0
20220503:2111,0.0,0.0,4.78,2.97,0.0
20220503:2211,0.0,0.0,4.59,2.97,0.0
20220503:2311,0.0,0.0,4.36,3.03,0.0
20220504:0011,0.0,0.0,4.16,2.97,0.0
20220504:0111,0.0,0.0,4.07,2.69,0.0
20220504:0211,0.0,0.0,3.97,2.34,0.0
20220504:0311,0.0,0.0,3.79,2.0,0.0
20220504:0411,1.64,3.31,3.52,1.59,0.0
20220504:0511,12.31,10.66,3.64,1.24,0.0
20220504:0611,80.32,18.4,4.69,1.03,0.0
20220504:0711,161.05,26.15,5.39,0.76,0.0
20220504:0811,334.07,33.5,5.96,1.17,0.0
20220504:0911,268.75,39.9,6.38,1.79,0.0
20220504:1011,391.79,44.68,6.75,2.41,0.0
20220504:1111,530.21,47.15,7.2,3.1,0.0
20220504:1211,531.89,46.81,7.59,3.52,0.0
20220504:1311,392.41,43.74,7.93,3.72,0.0
20220504:1411,302.51,38.5,7.56,3.79,0.0
20220504:1511,279.74,31.82,7.25,3.59,0.0
20220504:1611,138.22,24.34,7.2,3.45,0.0
20220504:1711,71.4,16.55,7.18,3.79,0.0
20220504:1811,7.39,8.87,6.99,4.07,0.0
20220504:1911,0.82,1.67,6.65,4.48,0.0
20220504:2011,0.0,0.0,6.42,4.69,0.0
20220504:2111,0.0,0.0,6.29,4.69,0.0
20220504:2211,0.0,0.0,5.88,4.48,0.0
20220504:2311,0.0,0.0,6.07,3.86,0.0
20220505:0011,0.0,0.0,6.67,3.03,0.0
20220505:0111,0.0,0.0,6.59,2.48,0.0
20220505:0211,0.0,0.0,6.64,2.55,0.0
20220505:0311,0.0,0.0,6.75,3.1,0.0
20220505:0411,2.46,3.57,6.96,3.59,0.0
20220505:0511,13.13,10.92,7.16,3.86,0.0
20220505:0611,94.3,18.65,7.28,4.07,0.0
20220505:0711,170.47,26.41,7.36,4.76,0.0
20220505:0811,329.14,33.76,7.72,4.48,0.0
20220505:0911,485.38,40.17,8.1,4.34,0.0
20220505:1011,437.13,44.97,8.51,4.14,0.0
20220505:1111,547.58,47.43,8.72,4.21,0.0
20220505:1211,562.77,47.09,8.88,4.28,0.0
20220505:1311,628.99,44.0,9.04,4.34,0.0
20220505:1411,388.89,38.75,8.98,4.28,0.0
20220505:1511,564.29,32.06,8.81,4.14,0.0
20220505:1611,239.71,24.57,8.66,3.79,0.0
20220505:1711,105.81,16.78,8.39,3.31,0.0
20220505:1811,18.88,9.11,8.04,2.48,0.0
20220505:1911,0.82,1.91,7.41,1.66,0.0
20220505:2011,0.0,0.0,7.19,1.03,0.0
20220505:2111,0.0,0.0,7.17,1.1,0.0
20220505:2211,0.0,0.0,7.15,1.66,0.0
20220505:2311,0.0,0.0,6.99,2.21,0.0
20220506:0011,0.0,0.0,6.83,2.69,0.0
20220506:0111,0.0,0.0,6.75,2.83,0.0
20220506:0211,0.0,0.0,6.65,2.83,0.0
20220506:0311,0.0,0.0,6.54,2.97,0.0
20220506:0411,2.46,3.83,6.54,3.17,0.0
20220506:0511,15.59,11.17,6.93,3.45,0.0
20220506:0611,41.95,18.9,7.67,3.79,0.0
20220506:0711,126.08,26.66,8.4,4.83,0.0
20220506:0811,135.66,34.02,8.88,5.24,0.0
20220506:0911,88.36,40.44,9.38,5.24,0.0
20220506:1011,99.96,45.25,9.64,5.17,0.0
20220506:1111,309.73,47.72,9.49,4.62,0.0
20220506:1211,134.76,47.37,9.44,4.76,0.0
20220506:1311,173.14,44.27,9.38,4.07,0.0
20220506:1411,135.66,39.0,9.46,4.21,0.0
20220506:1511,83.89,32.29,8.86,3.66,0.0
20220506:1611,59.8,24.8,8.6,3.66,0.0
20220506:1711,18.74,17.01,8.27,3.72,0.0
20220506:1811,8.21,9.34,8.01,3.52,0.0
20220506:1911,0.82,2.15,7.96,4.55,0.0
20220506:2011,0.0,0.0,8.0,4.83,0.0
20220506:2111,0.0,0.0,7.9,5.03,0.0
20220506:2211,0.0,0.0,7.79,5.03,0.0
20220506:2311,0.0,0.0,7.71,5.24,0.0
20220507:0011,0.0,0.0,7.46,6.0,0.0
20220507:0111,0.0,0.0,7.0,6.28,0.0
20220507:0211,0.0,0.0,6.53,6.07,0.0
20220507:0311,0.0,0.0,6.26,5.93,0.0
20220507:0411,8.21,4.08,6.09,5.86,0.0
20220507:0511,50.88,11.41,6.09,6.0,0.0
20220507:0611,229.0,19.14,6.1,6.48,0.0
20220507:0711,419.46,26.9,6.47,6.62,0.0
20220507:0811,688.04,34.27,6.53,6.9,0.0
20220507:0911,888.01,40.7,6.78,7.24,0.0
20220507:1011,1008.54,45.52,7.13,7.52,0.0
20220507:1111,1074.62,48.0,7.46,8.0,0.0
20220507:1211,1082.49,47.64,7.69,8.55,0.0
20220507:1311,996.86,44.53,7.7,8.83,0.0
20220507:1411,844.17,39.24,7.52,9.1,0.0
20220507:1511,639.61,32.53,7.19,9.03,0.0
20220507:1611,406.69,25.02,6.77,8.97,0.0
20220507:1711,174.7,17.23,6.22,9.03,0.0
20220507:1811,39.39,9.57,5.62,8.9,0.0
20220507:1911,2.46,2.39,5.31,8.34,0.0
20220507:2011,0.0,0.0,4.83,7.93,0.0
20220507:2111,0.0,0.0,4.53,7.72,0.0
20220507:2211,0.0,0.0,4.31,7.79,0.0
20220507:2311,0.0,0.0,4.13,7.66,0.0
20220508:0011,0.0,0.0,3.95,7.38,0.0
20220508:0111,0.0,0.0,3.85,7.17,0.0
20220508:0211,0.0,0.0,3.75,6.83,0.0
20220508:0311,0.0,0.0,3.63,6.34,0.0
20220508:0411,11.49,4.33,3.56,5.86,0.0
20220508:0511,52.53,11.65,4.05,5.66,0.0
20220508:0611,214.76,19.38,5.11,5.52,0.0
20220508:0711,394.29,27.14,6.22,5.31,0.0
20220508:0811,659.87,34.51,7.31,4.9,0.0
20220508:0911,857.1,40.95,8.41,4.55,0.0
20220508:1011,1007.74,45.79,9.25,4.07,0.0
20220508:1111,1059.86,48.27,9.8,3.86,0.0
20220508:1211,1036.86,47.91,9.92,4.14,0.0
20220508:1311,956.56,44.78,9.73,4.21,0.0
20220508:1411,805.03,39.48,9.43,3.93,0.0
20220508:1511,557.98,32.75,9.06,3.59,0.0
20220508:1611,370.55,25.24,8.63,3.24,0.0
20220508:1711,156.42,17.45,8.15,2.76,0.0
20220508:1811,18.88,9.79,7.71,1.93,0.0
20220508:1911,1.64,2.62,7.14,0.76,0.0
20220508:2011,0.0,0.0,6.18,0.62,0.0
20220508:2111,0.0,0.0,6.12,0.69,0.0
20220508:2211,0.0,0.0,4.34,1.17,0.0
20220508:2311,0.0,0.0,3.35,1.52,0.0
20220509:0011,0.0,0.0,2.94,1.72,0.0
20220509:0111,0.0,0.0,3.52,2.34,0.0
20220509:0211,0.0,0.0,3.77,2.76,0.0
20220509:0311,0.0,0.0,4.09,2.97,0.0
20220509:0411,9.85,4.57,4.14,3.45,0.0
20220509:0511,55.81,11.89,5.04,3.79,0.0
20220509:0611,233.08,19.61,6.35,4.14,0.0
20220509:0711,462.08,27.38,7.58,4.62,0.0
20220509:0811,693.54,34.75,8.64,5.24,0.0
20220509:0911,887.81,41.21,9.53,5.79,0.0
20220509:1011,1024.55,46.05,10.14,6.14,0.0
20220509:1111,899.79,48.54,10.36,6.41,0.0
20220509:1211,1063.64,48.17,10.44,6.55,0.0
20220509:1311,543.26,45.03,10.38,6.62,0.0
20220509:1411,760.09,39.72,10.03,6.62,0.0
20220509:1511,448.21,32.98,9.59,6.62,0.0
20220509:1611,110.67,25.46,9.02,6.55,0.0
20220509:1711,139.68,17.67,8.49,6.55,0.0
20220509:1811,32.01,10.01,8.07,6.83,0.0
20220509:1911,3.28,2.85,7.72,7.03,0.0
20220509:2011,0.0,0.0,7.47,6.97,0.0
20220509:2111,0.0,0.0,7.39,7.31,0.0
20220509:2211,0.0,0.0,7.47,7.66,0.0
20220509:2311,0.0,0.0,7.64,7.72,0.0
20220510:0011,0.0,0.0,7.73,7.86,0.0
20220510:0111,0.0,0.0,7.63,7.86,0.0
20220510:0211,0.0,0.0,7.11,7.66,0.0
20220510:0311,0.0,0.0,7.26,7.17,0.0
20220510:0411,3.28,4.8,7.59,6.9,0.0
20220510:0511,13.13,12.12,7.84,6.69,0.0
20220510:0611,100.49,19.84,8.05,6.55,0.0
20220510:0711,85.68,27.61,8.79,6.48,0.0
20220510:0811,95.5,34.99,9.02,6.34,0.0
20220510:0911,186.16,41.45,8.96,6.41,0.0
20220510:1011,217.47,46.31,8.92,5.66,0.0
20220510:1111,239.55,48.8,9.15,4.97,0.0
20220510:1211,262.66,48.43,9.27,5.1,0.0
20220510:1311,710.52,45.28,9.92,4.21,0.0
20220510:1411,450.74,39.95,10.01,4.21,0.0
20220510:1511,317.98,33.2,10.19,4.41,0.0
20220510:1611,291.41,25.68,9.65,4.55,0.0
20220510:1711,119.01,17.89,9.34,4.48,0.0
20220510:1811,45.14,10.23,8.88,4.48,0.0
20220510:1911,2.46,3.08,8.42,4.14,0.0
20220510:2011,0.0,0.0,8.05,3.79,0.0
20220510:2111,0.0,0.0,7.92,4.14,0.0
20220510:2211,0.0,0.0,7.79,4.34,0.0
20220510:2311,0.0,0.0,7.81,4.62,0.0
20220511:0011,0.0,0.0,7.94,4.97,0.0
20220511:0111,0.0,0.0,7.92,4.97,0.0
20220511:0211,0.0,0.0,7.96,4.83,0.0
20220511:0311,0.0,0.0,7.82,4.69,0.0
20220511:0411,3.28,5.03,7.95,4.69,0.0
20220511:0511,12.31,12.34,8.14,4.97,0.0
20220511:0611,33.02,20.06,8.37,5.66,0.0
20220511:0711,115.13,27.83,8.19,6.14,0.0
20220511:0811,360.56,35.22,8.35,6.48,0.0
20220511:0911,379.27,41.69,8.57,5.72,0.0
20220511:1011,386.18,46.56,8.49,6.41,0.0
20220511:1111,489.46,49.06,8.85,6.55,0.0
20220511:1211,229.09,48.69,9.1,5.79,0.0
20220511:1311,169.57,45.53,9.0,5.72,0.0
20220511:1411,355.78,40.18,8.91,5.38,0.0
20220511:1511,583.18,33.42,9.12,4.9,0.0
20220511:1611,405.1,25.89,8.95,4.48,0.0
20220511:1711,66.94,18.1,8.7,4.48,0.0
20220511:1811,18.06,10.45,8.36,4.97,0.0
20220511:1911,1.64,3.3,7.75,5.79,0.0
20220511:2011,0.0,0.0,7.39,6.34,0.0
20220511:2111,0.0,0.0,7.2,6.83,0.0
20220511:2211,0.0,0.0,7.04,6.69,0.0
20220511:2311,0.0,0.0,6.88,6.69,0.0
20220512:0011,0.0,0.0,6.82,6.83,0.0
20220512:0111,0.0,0.0,6.64,6.76,0.0
20220512:0211,0.0,0.0,6.59,6.83,0.0
20220512:0311,0.0,0.0,6.59,7.24,0.0
20220512:0411,4.1,5.26,6.69,6.97,0.0
20220512:0511,51.71,12.56,6.85,6.76,0.0
20220512:0611,205.91,20.28,7.12,6.14,0.0
20220512:0711,383.13,28.05,7.77,4.97,0.0
20220512:0811,599.04,35.44,7.52,5.31,0.0
20220512:0911,532.49,41.93,8.28,5.1,0.0
20220512:1011,586.38,46.8,8.71,4.69,0.0
20220512:1111,480.18,49.32,8.77,4.83,0.0
20220512:1211,482.12,48.94,8.94,5.31,0.0
20220512:1311,465.76,45.77,9.09,5.72,0.0
20220512:1411,269.13,40.41,8.58,5.31,0.0
20220512:1511,288.66,33.64,8.74,4.62,0.0
20220512:1611,299.34,26.1,8.63,4.34,0.0
20220512:1711,150.56,18.31,8.27,4.07,0.0
20220512:1811,59.91,10.66,8.01,3.86,0.0
20220512:1911,9.85,3.52,7.54,3.38,0.0
20220512:2011,0.0,0.0,7.26,3.24,0.0
20220512:2111,0.0,0.0,7.09,3.38,0.0
20220512:2211,0.0,0.0,6.8,3.52,0.0
20220512:2311,0.0,0.0,6.78,3.45,0.0
20220513:0011,0.0,0.0,6.93,3.79,0.0
20220513:0111,0.0,0.0,7.12,4.0,0.0
20220513:0211,0.0,0.0,7.35,4.14,0.0
20220513:0311,0.0,0.0,7.53,3.93,0.0
20220513:0411,4.1,5.48,7.6,3.93,0.0
20220513:0511,22.16,12.77,7.64,4.07,0.0
20220513:0611,33.02,20.49,7.75,4.34,0.0
20220513:0711,205.3,28.26,8.16,5.93,0.0
20220513:0811,168.18,35.66,8.78,4.83,0.0
20220513:0911,244.36,42.15,8.76,4.69,0.0
20220513:1011,436.49,47.04,8.78,4.76,0.0
20220513:1111,500.84,49.56,8.92,4.41,0.0
20220513:1211,261.91,49.19,9.1,4.0,0.0
20220513:1311,277.87,46.0,9.41,3.93,0.0
20220513:1411,175.82,40.63,9.37,4.14,0.0
20220513:1511,75.86,33.85,9.37,4.28,0.0
20220513:1611,75.86,26.31,8.46,5.24,0.0
20220513:1711,28.56,18.51,8.51,5.45,0.0
20220513:1811,18.06,10.87,8.61,5.45,0.0
20220513:1911,2.46,3.74,8.59,5.79,0.0
20220513:2011,0.0,0.0,8.71,6.14,0.0
20220513:2111,0.0,0.0,8.64,6.83,0.0
20220513:2211,0.0,0.0,8.34,7.1,0.0
20220513:2311,0.0,0.0,8.1,7.17,0.0
20220514:0011,0.0,0.0,7.68,7.17,0.0
20220514:0111,0.0,0.0,7.31,7.03,0.0
20220514:0211,0.0,0.0,7.09,6.9,0.0
20220514:0311,0.0,0.0,6.95,6.83,0.0
20220514:0411,25.44,5.69,6.87,7.03,0.0
20220514:0511,51.71,12.98,6.96,7.38,0.0
20220514:0611,236.57,20.69,7.27,7.17,0.0
20220514:0711,407.96,28.47,7.54,7.38,0.0
20220514:0811,624.81,35.87,8.15,7.17,0.0
20220514:0911,557.14,42.38,8.52,6.76,0.0
20220514:1011,665.6,47.28,8.98,6.28,0.0
20220514:1111,286.78,49.81,9.14,6.0,0.0
20220514:1211,185.64,49.43,9.12,5.66,0.0
20220514:1311,189.21,46.23,9.19,4.76,0.0
20220514:1411,136.55,40.85,9.24,3.93,0.0
20220514:1511,158.31,34.06,8.99,3.52,0.0
20220514:1611,210.24,26.51,9.0,3.66,0.0
20220514:1711,127.86,18.72,8.82,3.93,0.0
20220514:1811,58.27,11.08,8.79,3.79,0.0
20220514:1911,4.1,3.95,8.42,3.79,0.0
20220514:2011,0.0,0.0,8.16,3.1,0.0
20220514:2111,0.0,0.0,8.07,3.1,0.0
20220514:2211,0.0,0.0,8.02,2.9,0.0
20220514:2311,0.0,0.0,7.99,2.48,0.0
20220515:0011,0.0,0.0,8.01,2.55,0.0
20220515:0111,0.0,0.0,7.92,2.69,0.0
20220515:0211,0.0,0.0,7.9,2.97,0.0
20220515:0311,0.0,0.0,7.85,3.03,0.0
20220515:0411,18.06,5.9,7.84,2.97,0.0
20220515:0511,77.97,13.18,8.02,3.17,0.0
20220515:0611,211.63,20.89,8.34,3.17,0.0
20220515:0711,316.99,28.67,8.52,3.59,0.0
20220515:0811,567.85,36.08,9.05,3.86,0.0
20220515:0911,812.31,42.59,9.46,3.79,0.0
20220515:1011,954.74,47.51,10.15,4.0,0.0
20220515:1111,1022.75,50.04,10.69,4.28,0.0
20220515:1211,1026.03,49.66,10.39,4.34,0.0
20220515:1311,934.66,46.46,11.06,4.9,0.0
20220515:1411,766.69,41.06,10.88,5.1,0.0
20220515:1511,551.82,34.26,10.85,5.31,0.0
20220515:1611,352.44,26.71,10.65,5.45,0.0
20220515:1711,184.47,18.92,10.36,5.52,0.0
20220515:1811,45.14,11.28,9.9,5.24,0.0
20220515:1911,12.31,4.16,9.52,4.97,0.0
20220515:2011,0.0,0.0,8.92,4.83,0.0
20220515:2111,0.0,0.0,8.51,4.55,0.0
20220515:2211,0.0,0.0,8.09,4.34,0.0
20220515:2311,0.0,0.0,7.65,3.93,0.0
20220516:0011,0.0,0.0,7.19,3.59,0.0
20220516:0111,0.0,0.0,6.83,3.24,0.0
20220516:0211,0.0,0.0,6.48,2.83,0.0
20220516:0311,0.0,0.0,6.22,2.62,0.0
20220516:0411,7.39,6.1,6.32,2.55,0.0
20220516:0511,71.98,13.38,7.52,2.21,0.0
20220516:0611,191.39,21.09,9.67,2.28,0.0
20220516:0711,405.24,28.86,11.7,4.28,0.0
20220516:0811,669.43,36.28,12.48,4.69,0.0
20220516:0911,843.99,42.8,13.21,4.69,0.0
20220516:1011,989.42,47.73,13.66,4.69,0.0
20220516:1111,1057.77,50.28,14.07,4.9,0.0
20220516:1211,989.46,49.9,14.54,5.03,0.0
20220516:1311,889.78,46.68,14.8,5.17,0.0
20220516:1411,765.53,41.27,14.74,5.52,0.0
20220516:1511,605.8,34.46,14.38,5.45,0.0
20220516:1611,369.48,26.91,14.01,5.1,0.0
20220516:1711,180.08,19.11,13.57,4.34,0.0
20220516:1811,54.99,11.48,12.94,3.79,0.0
20220516:1911,12.31,4.37,11.79,2.76,0.0
20220516:2011,0.0,0.0,10.85,3.1,0.0
20220516:2111,0.0,0.0,9.99,3.1,0.0
20220516:2211,0.0,0.0,9.33,2.69,0.0
20220516:2311,0.0,0.0,9.09,2.69,0.0
20220517:0011,0.0,0.0,9.26,3.17,0.0
20220517:0111,0.0,0.0,9.52,3.72,0.0
20220517:0211,0.0,0.0,9.67,3.93,0.0
20220517:0311,0.0,0.0,9.8,4.28,0.0
20220517:0411,4.92,6.3,9.93,4.69,0.0
20220517:0511,20.53,13.57,10.39,5.1,0.0
20220517:0611,87.46,21.27,11.22,5.59,0.0
20220517:0711,177.24,29.05,11.55,6.07,0.0
20220517:0811,199.66,36.47,12.51,6.48,0.0
20220517:0911,250.41,43.01,13.39,6.76,0.0
20220517:1011,604.94,47.95,13.86,6.69,0.0
20220517:1111,383.53,50.5,14.28,6.76,0.0
20220517:1211,116.02,50.12,14.08,6.62,0.0
20220517:1311,195.45,46.9,13.98,6.69,0.0
20220517:1411,224.14,41.48,14.2,6.9,0.0
20220517:1511,461.65,34.66,14.0,6.9,0.0
20220517:1611,261.73,27.1,13.68,6.55,0.0
20220517:1711,151.89,19.31,13.35,6.76,0.0
20220517:1811,54.99,11.68,12.99,6.83,0.0
20220517:1911,13.95,4.57,12.57,7.03,0.0
20220517:2011,0.0,0.0,12.06,7.17,0.0
20220517:2111,0.0,0.0,11.46,7.45,0.0
20220517:2211,0.0,0.0,11.14,7.79,0.0
20220517:2311,0.0,0.0,10.83,8.0,0.0
20220518:0011,0.0,0.0,10.64,8.0,0.0
20220518:0111,0.0,0.0,10.52,8.14,0.0
20220518:0211,0.0,0.0,10.34,8.21,0.0
20220518:0311,0.0,0.0,10.24,8.07,0.0
20220518:0411,9.03,6.49,10.17,8.0,0.0
20220518:0511,39.27,13.75,10.35,8.34,0.0
20220518:0611,78.54,21.45,10.82,8.0,0.0
20220518:0711,87.46,29.23,11.58,8.62,0.0
20220518:0811,144.58,36.66,11.74,8.69,0.0
20220518:0911,89.25,43.21,12.14,8.55,0.0
20220518:1011,124.05,48.16,11.72,8.0,0.0
20220518:1111,169.57,50.72,10.98,7.38,0.0
20220518:1211,132.98,50.34,10.91,5.72,0.0
20220518:1311,183.85,47.11,11.16,5.52,0.0
20220518:1411,424.48,41.68,11.7,4.41,0.0
20220518:1511,466.2,34.85,11.86,3.52,0.0
20220518:1611,397.33,27.29,12.02,2.62,0.0
20220518:1711,179.21,19.5,12.01,1.86,0.0
20220518:1811,63.2,11.87,11.81,1.66,0.0
20220518:1911,5.75,4.77,11.31,1.79,0.0
20220518:2011,0.0,0.0,10.5,1.38,0.0
20220518:2111,0.0,0.0,9.89,1.24,0.0
20220518:2211,0.0,0.0,9.57,1.45,0.0
20220518:2311,0.0,0.0,9.16,1.72,0.0
20220519:0011,0.0,0.0,8.25,2.28,0.0
20220519:0111,0.0,0.0,7.75,2.41,0.0
20220519:0211,0.0,0.0,7.91,2.41,0.0
20220519:0311,0.0,0.0,7.94,2.9,0.0
20220519:0411,7.39,6.67,8.52,3.38,0.0
20220519:0511,15.17,13.93,9.42,3.66,0.0
20220519:0611,32.13,21.63,10.22,4.41,0.0
20220519:0711,42.84,29.41,10.25,4.28,0.0
20220519:0811,148.15,36.85,10.34,4.14,0.0
20220519:0911,150.83,43.4,10.43,4.07,0.0
20220519:1011,116.02,48.37,10.42,4.83,0.0
20220519:1111,261.15,50.94,10.38,5.45,0.0
20220519:1211,289.16,50.56,10.43,4.41,0.0
20220519:1311,210.25,47.32,10.82,4.21,0.0
20220519:1411,165.11,41.88,11.51,4.0,0.0
20220519:1511,140.12,35.05,11.59,3.59,0.0
20220519:1611,77.65,27.48,11.39,3.31,0.0
20220519:1711,44.62,19.68,10.81,2.62,0.0
20220519:1811,11.49,12.06,10.41,1.66,0.0
20220519:1911,3.28,4.96,9.78,0.62,0.0
20220519:2011,0.0,0.0,9.15,2.34,0.0
20220519:2111,0.0,0.0,8.74,0.34,0.0
20220519:2211,0.0,0.0,8.48,2.48,0.0
20220519:2311,0.0,0.0,8.28,2.41,0.0
20220520:0011,0.0,0.0,7.99,2.21,0.0
20220520:0111,0.0,0.0,7.79,1.59,0.0
20220520:0211,0.0,0.0,8.01,1.03,0.0
20220520:0311,0.0,0.0,7.75,0.69,0.0
20220520:0411,5.75,6.85,7.6,0.83,0.0
20220520:0511,60.69,14.1,8.7,0.9,0.0
20220520:0611,173.74,21.8,9.33,0.83,0.0
20220520:0711,430.27,29.58,8.56,0.62,0.0
20220520:0811,685.18,37.02,9.2,2.14,0.0
20220520:0911,867.73,43.59,9.87,2.14,0.0
20220520:1011,960.27,48.57,10.9,2.55,0.0
20220520:1111,953.99,51.15,11.52,3.59,0.0
20220520:1211,990.69,50.77,11.87,3.52,0.0
20220520:1311,848.69,47.52,12.23,2.76,0.0
20220520:1411,494.66,42.08,12.24,2.55,0.0
20220520:1511,279.11,35.23,11.88,3.03,0.0
20220520:1611,111.56,27.66,11.19,3.38,0.0
20220520:1711,67.83,19.87,10.42,3.03,0.0
20220520:1811,25.44,12.25,9.99,2.76,0.0
20220520:1911,3.28,5.15,10.11,3.45,0.0
20220520:2011,0.0,0.0,9.58,2.34,0.0
20220520:2111,0.0,0.0,9.31,0.69,0.0
20220520:2211,0.0,0.0,8.91,1.03,0.0
20220520:2311,0.0,0.0,8.73,1.59,0.0
20220521:0011,0.0,0.0,8.45,1.45,0.0
20220521:0111,0.0,0.0,8.07,1.1,0.0
20220521:0211,0.0,0.0,7.7,1.31,0.0
20220521:0311,0.0,0.0,7.21,1.45,0.0
20220521:0411,5.75,7.02,7.62,0.69,0.0
20220521:0511,51.83,14.27,7.82,0.97,0.0
20220521:0611,75.86,21.96,9.4,1.93,0.0
20220521:0711,297.5,29.74,8.76,0.69,0.0
20220521:0811,573.5,37.19,9.19,1.66,0.0
20220521:0911,780.26,43.77,10.11,2.76,0.0
20220521:1011,816.37,48.76,10.35,3.86,0.0
20220521:1111,967.92,51.35,10.16,4.07,0.0
20220521:1211,974.05,50.98,10.53,3.93,0.0
20220521:1311,899.59,47.72,10.78,3.59,0.0
20220521:1411,807.78,42.27,10.71,3.03,0.0
20220521:1511,547.18,35.41,10.78,2.55,0.0
20220521:1611,111.56,27.84,11.11,2.48,0.0
20220521:1711,136.61,20.04,10.84,2.55,0.0
20220521:1811,66.48,12.43,10.32,2.34,0.0
20220521:1911,6.57,5.34,9.49,3.03,0.0
20220521:2011,0.0,0.0,8.92,3.03,0.0
20220521:2111,0.0,0.0,8.67,2.76,0.0
20220521:2211,0.0,0.0,8.54,2.55,0.0
20220521:2311,0.0,0.0,8.35,2.28,0.0
20220522:0011,0.0,0.0,8.15,2.07,0.0
20220522:0111,0.0,0.0,8.08,1.86,0.0
20220522:0211,0.0,0.0,7.99,1.59,0.0
20220522:0311,0.0,0.0,7.73,0.97,0.0
20220522:0411,37.75,7.19,7.71,0.62,0.0
20220522:0511,81.58,14.43,7.9,0.48,0.0
20220522:0611,240.93,22.12,8.35,0.76,0.0
20220522:0711,468.52,29.9,9.85,1.79,0.0
20220522:0811,685.09,37.36,10.71,2.48,0.0
20220522:0911,872.83,43.94,11.47,3.31,0.0
20220522:1011,1006.16,48.95,11.99,4.07,0.0
20220522:1111,1070.09,51.55,12.29,4.55,0.0
20220522:1211,1061.17,51.18,12.39,4.9,0.0
20220522:1311,970.04,47.92,12.35,4.83,0.0
20220522:1411,833.9,42.45,12.4,4.9,0.0
20220522:1511,619.01,35.59,12.39,4.97,0.0
20220522:1611,414.51,28.01,12.15,5.03,0.0
20220522:1711,184.72,20.22,12.08,5.17,0.0
20220522:1811,20.52,12.61,11.7,5.31,0.0
20220522:1911,4.1,5.52,11.2,5.72,0.0
20220522:2011,0.0,0.0,10.73,5.93,0.0
20220522:2111,0.0,0.0,10.47,6.0,0.0
20220522:2211,0.0,0.0,10.32,6.07,0.0
20220522:2311,0.0,0.0,10.27,6.21,0.0
20220523:0011,0.0,0.0,10.14,6.34,0.0
20220523:0111,0.0,0.0,10.12,6.62,0.0
20220523:0211,0.0,0.0,10.15,6.97,0.0
20220523:0311,0.0,0.0,10.12,7.24,0.0
20220523:0411,5.75,7.35,10.3,7.24,0.0
20220523:0511,16.06,14.58,10.41,7.45,0.0
20220523:0611,28.56,22.27,10.79,7.38,0.0
20220523:0711,50.87,30.05,10.66,8.0,0.0
20220523:0811,160.65,37.51,10.8,7.93,0.0
20220523:0911,167.79,44.11,10.77,7.86,0.0
20220523:1011,199.92,49.13,10.86,7.86,0.0
20220523:1111,186.53,51.74,11.53,7.52,0.0
20220523:1211,158.86,51.37,12.39,7.86,0.0
20220523:1311,408.38,48.11,12.58,7.52,0.0
20220523:1411,208.82,42.63,12.18,7.59,0.0
20220523:1511,205.66,35.77,12.02,7.52,0.0
20220523:1611,92.82,28.19,12.08,7.24,0.0
20220523:1711,40.16,20.39,12.28,6.9,0.0
20220523:1811,21.34,12.78,12.6,6.69,0.0
20220523:1911,4.1,5.7,12.54,6.55,0.0
20220523:2011,0.0,0.0,12.48,6.07,0.0
20220523:2111,0.0,0.0,12.03,5.93,0.0
20220523:2211,0.0,0.0,10.95,5.72,0.0
20220523:2311,0.0,0.0,10.69,5.59,0.0
20220524:0011,0.0,0.0,11.01,5.86,0.0
20220524:0111,0.0,0.0,10.23,6.34,0.0
20220524:0211,0.0,0.0,10.69,6.76,0.0
20220524:0311,0.0,0.0,10.66,6.97,0.0
20220524:0411,5.75,7.5,10.62,7.24,0.0
20220524:0511,22.31,14.73,10.67,7.38,0.0
20220524:0611,26.77,22.42,10.6,7.66,0.0
20220524:0711,80.32,30.2,10.08,7.31,0.0
20220524:0811,129.41,37.67,10.09,7.66,0.0
20220524:0911,172.25,44.27,10.6,7.86,0.0
20220524:1011,141.9,49.3,10.83,7.59,0.0
20220524:1111,287.48,51.93,11.02,7.31,0.0
20220524:1211,247.97,51.56,11.38,6.76,0.0
20220524:1311,129.41,48.29,11.24,6.21,0.0
20220524:1411,262.49,42.81,10.84,5.66,0.0
20220524:1511,161.82,35.94,10.55,5.86,0.0
20220524:1611,106.21,28.35,10.28,5.79,0.0
20220524:1711,64.26,20.56,10.1,5.45,0.0
20220524:1811,22.98,12.95,9.59,5.59,0.0
20220524:1911,17.24,5.88,9.61,5.31,0.0
20220524:2011,0.0,0.0,9.42,5.24,0.0
20220524:2111,0.0,0.0,9.26,4.83,0.0
20220524:2211,0.0,0.0,9.01,4.48,0.0
20220524:2311,0.0,0.0,8.79,4.69,0.0
20220525:0011,0.0,0.0,8.53,4.9,0.0
20220525:0111,0.0,0.0,8.26,4.41,0.0
20220525:0211,0.0,0.0,8.18,3.59,0.0
20220525:0311,0.0,0.0,8.12,2.9,0.0
20220525:0411,35.29,7.65,8.07,2.34,0.0
20220525:0511,60.69,14.87,8.27,2.34,0.0
20220525:0611,154.7,22.56,8.66,2.9,0.0
20220525:0711,369.14,30.34,8.99,4.34,0.0
20220525:0811,548.16,37.81,9.43,5.17,0.0
20220525:0911,598.92,44.43,9.78,5.45,0.0
20220525:1011,602.42,49.47,10.12,6.14,0.0
20220525:1111,208.84,52.11,9.99,6.0,0.0
20220525:1211,459.85,51.74,10.21,5.45,0.0
20220525:1311,249.27,48.47,10.36,5.17,0.0
20220525:1411,123.16,42.98,10.93,5.31,0.0
20220525:1511,85.68,36.1,10.58,5.86,0.0
20220525:1611,172.77,28.52,9.89,6.97,0.0
20220525:1711,24.1,20.72,9.98,6.34,0.0
20220525:1811,24.62,13.12,9.5,7.03,0.0
20220525:1911,4.92,6.05,9.22,6.14,0.0
20220525:2011,0.0,0.0,8.64,5.38,0.0
20220525:2111,0.0,0.0,8.53,4.62,0.0
20220525:2211,0.0,0.0,8.55,4.14,0.0
20220525:2311,0.0,0.0,9.03,5.17,0.0
20220526:0011,0.0,0.0,8.81,6.83,0.0
20220526:0111,0.0,0.0,8.75,7.66,0.0
20220526:0211,0.0,0.0,8.68,8.07,0.0
20220526:0311,0.0,0.0,8.45,8.21,0.0
20220526:0411,28.73,7.79,8.3,8.28,0.0
20220526:0511,87.18,15.01,8.19,8.28,0.0
20220526:0611,236.67,22.69,8.11,8.0,0.0
20220526:0711,422.54,30.47,8.99,6.55,0.0
20220526:0811,557.13,37.95,8.93,6.48,0.0
20220526:0911,648.47,44.58,9.42,6.48,0.0
20220526:1011,737.03,49.63,9.59,6.34,0.0
20220526:1111,802.86,52.28,9.95,6.0,0.0
20220526:1211,738.65,51.92,10.13,5.72,0.0
20220526:1311,706.78,48.64,10.11,5.72,0.0
20220526:1411,712.86,43.15,10.18,5.38,0.0
20220526:1511,415.46,36.27,10.08,4.83,0.0
20220526:1611,370.12,28.68,10.02,4.48,0.0
20220526:1711,174.77,20.88,9.68,4.0,0.0
20220526:1811,77.97,13.28,9.32,3.38,0.0
20220526:1911,28.73,6.21,9.27,2.83,0.0
20220526:2011,0.0,0.0,8.64,3.03,0.0
20220526:2111,0.0,0.0,8.11,3.86,0.0
20220526:2211,0.0,0.0,7.79,4.97,0.0
20220526:2311,0.0,0.0,7.41,6.14,0.0
20220527:0011,0.0,0.0,7.04,6.0,0.0
20220527:0111,0.0,0.0,6.56,5.86,0.0
20220527:0211,0.0,0.0,6.41,5.38,0.0
20220527:0311,0.0,0.0,6.38,5.59,0.0
20220527:0411,19.7,7.93,6.51,6.21,0.0
20220527:0511,57.66,15.14,6.64,6.48,0.0
20220527:0611,246.95,22.82,7.0,5.52,0.0
20220527:0711,409.28,30.6,7.42,5.38,0.0
20220527:0811,528.97,38.08,7.5,5.03,0.0
20220527:0911,157.08,44.72,7.62,4.97,0.0
20220527:1011,752.86,49.79,7.6,5.03,0.0
20220527:1111,1035.15,52.45,8.33,5.38,0.0
20220527:1211,413.97,52.09,8.49,5.66,0.0
20220527:1311,905.48,48.81,8.54,6.21,0.0
20220527:1411,678.13,43.31,8.73,6.69,0.0
20220527:1511,514.81,36.43,9.05,7.59,0.0
20220527:1611,351.16,28.83,8.81,8.62,0.0
20220527:1711,192.92,21.04,8.91,8.9,0.0
20220527:1811,63.2,13.44,8.98,9.31,0.0
20220527:1911,27.08,6.38,8.63,8.9,0.0
20220527:2011,0.0,0.0,8.33,8.83,0.0
20220527:2111,0.0,0.0,8.14,9.1,0.0
20220527:2211,0.0,0.0,8.13,9.45,0.0
20220527:2311,0.0,0.0,8.02,9.79,0.0
20220528:0011,0.0,0.0,8.01,9.93,0.0
20220528:0111,0.0,0.0,8.01,9.93,0.0
20220528:0211,0.0,0.0,8.02,9.93,0.0
20220528:0311,0.82,1.65,7.85,10.0,0.0
20220528:0411,20.52,8.05,8.02,9.66,0.0
20220528:0511,31.24,15.26,8.31,9.86,0.0
20220528:0611,160.87,22.94,8.9,10.48,0.0
20220528:0711,190.31,30.72,9.49,10.14,0.0
20220528:0811,248.41,38.21,10.01,10.28,0.0
20220528:0911,629.56,44.86,10.3,10.0,0.0
20220528:1011,816.57,49.94,10.54,10.0,0.0
20220528:1111,881.08,52.61,10.71,10.28,0.0
20220528:1211,1035.55,52.26,10.56,10.41,0.0
20220528:1311,963.64,48.98,10.53,10.83,0.0
20220528:1411,823.67,43.47,10.68,11.24,0.0
20220528:1511,605.86,36.58,10.36,10.9,0.0
20220528:1611,381.89,28.98,9.92,10.83,0.0
20220528:1711,199.07,21.19,9.37,10.76,0.0
20220528:1811,58.27,13.59,8.86,10.41,0.0
20220528:1911,27.9,6.53,8.5,10.34,0.0
20220528:2011,0.0,0.0,7.81,9.72,0.0
20220528:2111,0.0,0.0,7.33,9.45,0.0
20220528:2211,0.0,0.0,7.0,9.38,0.0
20220528:2311,0.0,0.0,6.77,9.38,0.0
20220529:0011,0.0,0.0,6.57,9.38,0.0
20220529:0111,0.0,0.0,6.4,9.24,0.0
20220529:0211,0.0,0.0,6.34,9.03,0.0
20220529:0311,0.82,1.78,6.22,8.83,0.0
20220529:0411,36.93,8.18,6.27,8.76,0.0
20220529:0511,91.94,15.38,6.59,9.31,0.0
20220529:0611,217.78,23.05,7.08,8.76,0.0
20220529:0711,467.12,30.84,7.82,8.21,0.0
20220529:0811,357.58,38.33,8.32,8.41,0.0
20220529:0911,618.71,44.99,8.81,8.48,0.0
20220529:1011,775.81,50.08,9.15,8.55,0.0
20220529:1111,638.49,52.76,9.17,8.34,0.0
20220529:1211,549.3,52.42,8.68,8.07,0.0
20220529:1311,486.63,49.13,8.43,7.59,0.0
20220529:1411,495.29,43.62,8.14,6.83,0.0
20220529:1511,552.48,36.73,8.3,6.83,0.0
20220529:1611,259.85,29.13,8.54,6.69,0.0
20220529:1711,160.91,21.33,8.35,6.48,0.0
20220529:1811,54.17,13.74,8.24,6.28,0.0
20220529:1911,13.13,6.68,8.2,5.24,0.0
20220529:2011,0.0,0.0,7.91,4.83,0.0
20220529:2111,0.0,0.0,7.41,4.34,0.0
20220529:2211,0.0,0.0,7.14,3.72,0.0
20220529:2311,0.0,0.0,6.97,3.1,0.0
20220530:0011,0.0,0.0,6.79,2.55,0.0
20220530:0111,0.0,0.0,6.89,2.07,0.0
20220530:0211,0.0,0.0,6.89,1.66,0.0
20220530:0311,0.82,1.9,6.89,1.24,0.0
20220530:0411,7.39,8.29,6.63,0.62,0.0
20220530:0511,95.31,15.49,7.28,0.48,0.0
20220530:0611,195.48,23.16,7.7,0.69,0.0
20220530:0711,455.85,30.95,8.54,1.59,0.0
20220530:0811,667.44,38.45,8.88,1.17,0.0
20220530:0911,814.8,45.11,9.29,1.45,0.0
20220530:1011,891.87,50.22,9.92,2.14,0.0
20220530:1111,834.39,52.91,10.33,2.76,0.0
20220530:1211,772.02,52.57,10.51,3.17,0.0
20220530:1311,710.85,49.29,9.95,3.38,0.0
20220530:1411,727.65,43.77,9.91,3.17,0.0
20220530:1511,612.36,36.87,10.34,3.1,0.0
20220530:1611,413.28,29.27,10.2,2.69,0.0
20220530:1711,200.93,21.48,9.99,2.28,0.0
20220530:1811,70.58,13.88,9.59,1.66,0.0
20220530:1911,35.29,6.83,9.14,1.17,0.0
20220530:2011,0.0,0.0,8.72,0.34,0.0
20220530:2111,0.0,0.0,7.96,0.41,0.0
20220530:2211,0.0,0.0,7.52,0.9,0.0
20220530:2311,0.0,0.0,7.18,0.97,0.0
20220531:0011,0.0,0.0,6.92,0.9,0.0
20220531:0111,0.0,0.0,6.44,1.17,0.0
20220531:0211,0.0,0.0,6.26,1.45,0.0
20220531:0311,0.82,2.02,6.24,1.45,0.0
20220531:0411,42.68,8.41,6.86,1.38,0.0
20220531:0511,92.37,15.6,7.95,1.38,0.0
20220531:0611,173.14,23.26,8.61,1.52,0.0
20220531:0711,223.11,31.05,9.75,1.38,0.0
20220531:0811,343.93,38.55,10.38,1.86,0.0
20220531:0911,752.1,45.23,10.56,2.55,0.0
20220531:1011,762.04,50.35,10.73,3.17,0.0
20220531:1111,835.89,53.05,10.88,3.31,0.0
20220531:1211,991.18,52.72,11.36,3.72,0.0
20220531:1311,693.71,49.44,11.08,4.21,0.0
20220531:1411,199.42,43.92,11.23,3.72,0.0
20220531:1511,401.39,37.01,10.96,3.72,0.0
20220531:1611,286.0,29.41,10.79,4.07,0.0
20220531:1711,176.01,21.62,10.39,4.0,0.0
20220531:1811,29.55,14.02,10.08,3.38,0.0
20220531:1911,19.7,6.97,9.6,4.14,0.0
20220531:2011,0.0,0.0,9.28,4.07,0.0
20220531:2111,0.0,0.0,9.04,3.52,0.0
20220531:2211,0.0,0.0,8.71,3.52,0.0
20220531:2311,0.0,0.0,8.61,3.59,0.0
20220601:0011,0.0,0.0,8.46,3.59,0.0
20220601:0111,0.0,0.0,8.43,3.66,0.0
20220601:0211,0.0,0.0,8.48,3.66,0.0
20220601:0311,0.82,2.13,8.42,3.59,0.0
20220601:0411,7.39,8.51,8.5,3.31,0.0
20220601:0511,25.88,15.7,8.68,3.59,0.0
20220601:0611,81.22,23.36,9.1,3.31,0.0
20220601:0711,76.75,31.15,9.47,2.07,0.0
20220601:0811,181.47,38.65,10.2,2.48,0.0
20220601:0911,349.32,45.34,10.33,3.03,0.0
20220601:1011,468.53,50.47,10.54,2.9,0.0
20220601:1111,443.0,53.19,10.81,2.69,0.0
20220601:1211,329.42,52.86,11.32,2.55,0.0
20220601:1311,297.53,49.58,11.37,2.76,0.0
20220601:1411,230.11,44.06,11.44,2.9,0.0
20220601:1511,287.4,37.15,11.01,2.9,0.0
20220601:1611,176.16,29.54,10.75,2.69,0.0
20220601:1711,161.28,21.75,10.61,3.03,0.0
20220601:1811,13.95,14.16,10.36,3.59,0.0
20220601:1911,36.11,7.11,9.96,4.21,0.0
20220601:2011,0.0,0.0,9.63,4.28,0.0
20220601:2111,0.0,0.0,9.35,4.41,0.0
20220601:2211,0.0,0.0,9.17,4.14,0.0
20220601:2311,0.0,0.0,9.08,4.21,0.0
20220602:0011,0.0,0.0,8.98,4.34,0.0
20220602:0111,0.0,0.0,8.95,4.62,0.0
20220602:0211,0.0,0.0,8.97,4.34,0.0
20220602:0311,0.82,2.24,9.02,4.69,0.0
20220602:0411,7.39,8.61,9.21,5.24,0.0
20220602:0511,17.85,15.79,9.33,6.0,0.0
20220602:0611,107.72,23.45,9.41,5.45,0.0
20220602:0711,108.88,31.24,9.45,4.76,0.0
20220602:0811,108.88,38.75,9.58,5.38,0.0
20220602:0911,186.53,45.44,9.72,5.45,0.0
20220602:1011,157.08,50.59,9.6,5.52,0.0
20220602:1111,171.36,53.32,9.68,5.86,0.0
20220602:1211,166.89,53.0,9.92,5.66,0.0
20220602:1311,161.54,49.71,10.05,5.86,0.0
20220602:1411,230.1,44.19,10.0,6.0,0.0
20220602:1511,176.97,37.28,10.14,5.86,0.0
20220602:1611,147.33,29.67,10.23,6.0,0.0
20220602:1711,77.65,21.88,10.19,6.28,0.0
20220602:1811,41.04,14.29,10.0,6.14,0.0
20220602:1911,21.34,7.25,9.78,5.31,0.0
20220602:2011,0.0,0.0,9.57,5.03,0.0
20220602:2111,0.0,0.0,9.41,5.17,0.0
20220602:2211,0.0,0.0,9.33,5.45,0.0
20220602:2311,0.0,0.0,9.26,5.38,0.0
20220603:0011,0.0,0.0,9.21,5.66,0.0
20220603:0111,0.0,0.0,9.08,5.59,0.0
20220603:0211,0.0,0.0,9.15,5.66,0.0
20220603:0311,0.82,2.34,9.21,5.66,0.0
20220603:0411,7.39,8.7,9.25,5.59,0.0
20220603:0511,26.77,15.87,9.32,5.31,0.0
20220603:0611,95.5,23.53,9.47,5.45,0.0
20220603:0711,172.62,31.32,9.49,5.86,0.0
20220603:0811,297.95,38.84,10.0,6.28,0.0
20220603:0911,378.04,45.54,9.95,6.21,0.0
20220603:1011,254.04,50.7,10.4,6.41,0.0
20220603:1111,452.5,53.44,10.91,6.55,0.0
20220603:1211,505.83,53.13,11.36,6.62,0.0
20220603:1311,438.71,49.84,11.37,6.76,0.0
20220603:1411,496.22,44.32,11.26,7.03,0.0
20220603:1511,419.58,37.4,11.28,7.38,0.0
20220603:1611,276.79,29.8,10.76,7.38,0.0
20220603:1711,145.08,22.0,10.51,7.45,0.0
20220603:1811,52.53,14.41,10.3,7.38,0.0
20220603:1911,27.9,7.37,10.07,6.83,0.0
20220603:2011,0.0,0.0,9.56,6.48,0.0
20220603:2111,0.0,0.0,9.08,6.41,0.0
20220603:2211,0.0,0.0,8.68,6.69,0.0
20220603:2311,0.0,0.0,8.53,6.9,0.0
20220604:0011,0.0,0.0,8.48,6.76,0.0
20220604:0111,0.0,0.0,8.51,5.93,0.0
20220604:0211,0.0,0.0,8.41,5.72,0.0
20220604:0311,1.64,2.43,8.36,5.93,0.0
20220604:0411,8.21,8.79,8.39,6.0,0.0
20220604:0511,57.12,15.96,8.82,5.93,0.0
20220604:0611,141.74,23.61,9.21,5.93,0.0
20220604:0711,314.42,31.4,10.18,5.72,0.0
20220604:0811,627.27,38.92,11.11,5.59,0.0
20220604:0911,786.05,45.63,11.74,5.86,0.0
20220604:1011,978.23,50.8,12.1,6.21,0.0
20220604:1111,1082.59,53.55,12.25,6.69,0.0
20220604:1211,1064.64,53.25,12.3,6.69,0.0
20220604:1311,975.0,49.97,12.22,6.69,0.0
20220604:1411,836.32,44.44,11.99,6.69,0.0
20220604:1511,629.78,37.53,11.83,6.69,0.0
20220604:1611,410.5,29.92,11.46,6.69,0.0
20220604:1711,210.38,22.12,11.05,6.62,0.0
20220604:1811,54.17,14.54,10.55,6.34,0.0
20220604:1911,32.83,7.5,9.97,6.34,0.0
20220604:2011,0.0,0.0,9.15,6.55,0.0
20220604:2111,0.0,0.0,8.55,5.86,0.0
20220604:2211,0.0,0.0,8.2,5.1,0.0
20220604:2311,0.0,0.0,7.92,4.83,0.0
20220605:0011,0.0,0.0,7.66,4.76,0.0
20220605:0111,0.0,0.0,7.48,4.9,0.0
20220605:0211,0.0,0.0,7.35,4.97,0.0
20220605:0311,1.64,2.51,7.09,4.76,0.0
20220605:0411,11.49,8.86,7.25,4.62,0.0
20220605:0511,75.78,16.03,7.9,4.28,0.0
20220605:0611,190.31,23.68,8.68,4.69,0.0
20220605:0711,392.91,31.47,9.47,5.45,0.0
20220605:0811,675.84,39.0,10.16,5.66,0.0
20220605:0911,865.81,45.72,11.13,5.59,0.0
20220605:1011,993.74,50.9,12.09,5.17,0.0
20220605:1111,1064.07,53.66,12.63,5.52,0.0
20220605:1211,1069.35,53.37,12.93,6.34,0.0
20220605:1311,969.03,50.09,13.37,6.48,0.0
20220605:1411,826.12,44.56,13.9,6.14,0.0
20220605:1511,630.84,37.64,14.06,5.93,0.0
20220605:1611,421.99,30.03,13.81,5.79,0.0
20220605:1711,185.75,22.24,13.26,5.66,0.0
20220605:1811,88.64,14.65,12.69,5.24,0.0
20220605:1911,36.11,7.61,12.32,4.55,0.0
20220605:2011,0.0,0.0,11.45,4.28,0.0
20220605:2111,0.0,0.0,10.69,4.07,0.0
20220605:2211,0.0,0.0,10.07,3.59,0.0
20220605:2311,0.0,0.0,9.37,2.97,0.0
20220606:0011,0.0,0.0,8.62,2.48,0.0
20220606:0111,0.0,0.0,7.87,2.41,0.0
20220606:0211,0.0,0.0,7.46,2.14,0.0
20220606:0311,1.64,2.59,7.02,2.07,0.0
20220606:0411,40.22,8.94,7.36,1.93,0.0
20220606:0511,49.49,16.1,9.1,1.79,0.0
20220606:0611,245.02,23.75,11.35,1.52,0.0
20220606:0711,437.17,31.54,13.13,1.59,0.0
20220606:0811,544.91,39.07,14.3,1.86,0.0
20220606:0911,781.29,45.79,15.23,2.0,0.0
20220606:1011,1001.51,50.99,16.02,2.48,0.0
20220606:1111,1065.42,53.76,16.66,3.03,0.0
20220606:1211,1046.28,53.48,17.25,3.24,0.0
20220606:1311,965.11,50.2,17.67,3.17,0.0
20220606:1411,818.67,44.67,17.94,3.24,0.0
20220606:1511,617.61,37.75,18.05,3.45,0.0
20220606:1611,419.23,30.14,17.85,3.31,0.0
20220606:1711,210.64,22.35,17.53,3.03,0.0
20220606:1811,82.89,14.76,16.52,2.48,0.0
20220606:1911,6.57,7.73,15.17,0.41,0.0
20220606:2011,0.82,1.56,14.52,0.14,0.0
20220606:2111,0.0,0.0,13.3,0.48,0.0
20220606:2211,0.0,0.0,12.23,0.62,0.0
20220606:2311,0.0,0.0,12.94,0.41,0.0
20220607:0011,0.0,0.0,12.15,1.17,0.0
20220607:0111,0.0,0.0,11.87,1.79,0.0
20220607:0211,0.0,0.0,11.86,1.72,0.0
20220607:0311,1.64,2.67,11.77,1.24,0.0
20220607:0411,7.39,9.0,11.57,0.62,0.0
20220607:0511,33.02,16.16,12.32,0.07,0.0
20220607:0611,108.6,23.81,13.16,0.55,0.0
20220607:0711,380.07,31.6,13.92,0.97,0.0
20220607:0811,224.57,39.13,14.3,0.28,0.0
20220607:0911,352.07,45.86,14.87,1.17,0.0
20220607:1011,521.63,51.07,14.41,2.28,0.0
20220607:1111,330.94,53.86,13.98,2.9,0.0
20220607:1211,262.63,53.58,14.05,2.41,0.0
20220607:1311,276.95,50.31,13.74,1.66,0.0
20220607:1411,84.79,44.78,13.46,1.17,0.0
20220607:1511,96.39,37.86,12.8,0.97,0.0
20220607:1611,80.32,30.25,12.85,0.97,0.0
20220607:1711,39.27,22.46,13.17,1.31,0.0
20220607:1811,18.06,14.87,13.1,1.66,0.0
20220607:1911,6.57,7.83,11.8,1.79,0.0
20220607:2011,0.82,1.67,11.42,1.72,0.0
20220607:2111,0.0,0.0,11.08,1.72,0.0
20220607:2211,0.0,0.0,10.7,1.72,0.0
20220607:2311,0.0,0.0,10.64,1.52,0.0
20220608:0011,0.0,0.0,10.26,1.31,0.0
20220608:0111,0.0,0.0,9.26,1.1,0.0
20220608:0211,0.0,0.0,8.13,1.31,0.0
20220608:0311,2.46,2.73,7.86,1.93,0.0
20220608:0411,45.96,9.06,8.77,1.86,0.0
20220608:0511,86.68,16.22,10.47,1.93,0.0
20220608:0611,159.85,23.86,10.95,1.79,0.0
20220608:0711,269.08,31.65,11.95,1.31,0.0
20220608:0811,399.21,39.19,12.37,0.97,0.0
20220608:0911,695.25,45.93,13.18,1.45,0.0
20220608:1011,722.49,51.14,13.74,2.48,0.0
20220608:1111,841.85,53.95,13.68,3.66,0.0
20220608:1211,878.5,53.68,13.24,4.0,0.0
20220608:1311,227.15,50.41,13.06,3.31,0.0
20220608:1411,180.28,44.88,12.65,2.55,0.0
20220608:1511,162.43,37.96,12.5,2.9,0.0
20220608:1611,123.16,30.35,12.16,2.62,0.0
20220608:1711,74.97,22.56,11.86,2.14,0.0
20220608:1811,45.14,14.97,11.51,1.86,0.0
20220608:1911,14.77,7.94,10.76,1.86,0.0
20220608:2011,0.82,1.77,10.36,1.17,0.0
20220608:2111,0.0,0.0,10.1,1.31,0.0
20220608:2211,0.0,0.0,9.55,2.0,0.0
20220608:2311,0.0,0.0,9.28,1.93,0.0
20220609:0011,0.0,0.0,9.13,1.38,0.0
20220609:0111,0.0,0.0,9.05,1.66,0.0
20220609:0211,0.0,0.0,8.94,2.28,0.0
20220609:0311,1.64,2.79,8.86,2.62,0.0
20220609:0411,8.21,9.12,9.0,2.69,0.0
20220609:0511,17.85,16.26,9.71,2.62,0.0
20220609:0611,41.05,23.91,10.61,2.55,0.0
20220609:0711,76.75,31.7,11.21,2.0,0.0
20220609:0811,179.66,39.24,12.19,1.66,0.0
20220609:0911,194.56,45.99,12.96,1.45,0.0
20220609:1011,265.68,51.21,13.11,1.93,0.0
20220609:1111,295.61,54.03,13.04,2.28,0.0
20220609:1211,346.07,53.77,13.35,2.07,0.0
20220609:1311,318.14,50.51,13.39,1.93,0.0
20220609:1411,232.71,44.98,13.7,1.86,0.0
20220609:1511,224.59,38.06,13.44,2.76,0.0
20220609:1611,183.24,30.45,12.7,2.9,0.0
20220609:1711,146.91,22.65,12.27,2.48,0.0
20220609:1811,65.66,15.07,12.14,2.21,0.0
20220609:1911,15.59,8.03,10.92,0.9,0.0
20220609:2011,0.82,1.87,10.74,0.76,0.0
20220609:2111,0.0,0.0,10.64,1.17,0.0
20220609:2211,0.0,0.0,10.53,1.38,0.0
20220609:2311,0.0,0.0,10.53,1.86,0.0
20220610:0011,0.0,0.0,10.6,2.41,0.0
20220610:0111,0.0,0.0,10.47,2.83,0.0
20220610:0211,0.0,0.0,10.34,3.03,0.0
20220610:0311,1.64,2.85,10.3,3.1,0.0
20220610:0411,13.13,9.17,10.47,3.38,0.0
20220610:0511,73.99,16.31,10.73,4.0,0.0
20220610:0611,215.03,23.95,11.26,4.83,0.0
20220610:0711,439.45,31.74,12.0,5.66,0.0
20220610:0811,413.97,39.28,12.61,6.28,0.0
20220610:0911,569.89,46.04,13.27,6.76,0.0
20220610:1011,140.12,51.28,13.78,7.1,0.0
20220610:1111,112.45,54.11,14.05,7.24,0.0
20220610:1211,107.99,53.86,13.89,6.69,0.0
20220610:1311,83.0,50.6,13.63,6.69,0.0
20220610:1411,119.59,45.07,13.57,6.76,0.0
20220610:1511,157.97,38.15,13.55,6.34,0.0
20220610:1611,70.51,30.54,13.43,5.86,0.0
20220610:1711,73.18,22.74,13.05,5.66,0.0
20220610:1811,91.1,15.16,12.77,5.52,0.0
20220610:1911,12.31,8.12,12.43,4.76,0.0
20220610:2011,0.82,1.96,12.07,4.48,0.0
20220610:2111,0.0,0.0,11.76,4.21,0.0
20220610:2211,0.0,0.0,11.7,4.41,0.0
20220610:2311,0.0,0.0,11.53,4.76,0.0
20220611:0011,0.0,0.0,11.48,4.97,0.0
20220611:0111,0.0,0.0,11.47,5.17,0.0
20220611:0211,0.0,0.0,11.32,4.97,0.0
20220611:0311,1.64,2.9,11.39,4.9,0.0
20220611:0411,8.21,9.21,11.67,4.9,0.0
20220611:0511,101.97,16.35,12.04,4.69,0.0
20220611:0611,245.93,23.98,12.4,5.31,0.0
20220611:0711,452.7,31.78,12.96,5.93,0.0
20220611:0811,530.53,39.32,13.52,5.72,0.0
20220611:0911,388.45,46.09,13.95,5.93,0.0
20220611:1011,392.76,51.33,14.15,6.21,0.0
20220611:1111,475.93,54.17,14.21,6.34,0.0
20220611:1211,920.46,53.94,13.78,6.76,0.0
20220611:1311,880.61,50.68,13.82,6.55,0.0
20220611:1411,387.94,45.16,13.64,6.41,0.0
20220611:1511,308.92,38.23,13.61,6.62,0.0
20220611:1611,242.49,30.62,13.32,6.62,0.0
20220611:1711,121.67,22.83,13.08,6.76,0.0
20220611:1811,54.99,15.24,12.91,6.48,0.0
20220611:1911,20.52,8.21,12.57,6.14,0.0
20220611:2011,0.82,2.05,12.33,6.34,0.0
20220611:2111,0.0,0.0,12.2,6.14,0.0
20220611:2211,0.0,0.0,12.18,6.0,0.0
20220611:2311,0.0,0.0,12.09,6.07,0.0
20220612:0011,0.0,0.0,12.0,6.14,0.0
20220612:0111,0.0,0.0,11.64,5.72,0.0
20220612:0211,0.0,0.0,11.54,5.93,0.0
20220612:0311,1.64,2.94,11.32,5.86,0.0
20220612:0411,8.21,9.24,11.24,5.38,0.0
20220612:0511,20.53,16.38,11.14,5.31,0.0
20220612:0611,41.05,24.01,11.13,5.31,0.0
20220612:0711,85.68,31.81,11.12,4.76,0.0
20220612:0811,253.65,39.36,11.26,4.41,0.0
20220612:0911,175.82,46.12,11.46,4.21,0.0
20220612:1011,289.06,51.38,11.69,4.55,0.0
20220612:1111,154.4,54.24,11.73,4.83,0.0
20220612:1211,153.51,54.01,12.13,4.34,0.0
20220612:1311,187.42,50.76,11.5,4.48,0.0
20220612:1411,280.54,45.24,11.87,4.28,0.0
20220612:1511,157.97,38.32,11.86,4.07,0.0
20220612:1611,223.17,30.7,11.8,4.28,0.0
20220612:1711,185.89,22.91,11.06,4.28,0.0
20220612:1811,18.88,15.32,10.84,3.86,0.0
20220612:1911,40.22,8.29,10.44,4.07,0.0
20220612:2011,0.82,2.13,10.05,3.93,0.0
20220612:2111,0.0,0.0,9.57,4.21,0.0
20220612:2211,0.0,0.0,9.33,4.62,0.0
20220612:2311,0.0,0.0,9.3,4.9,0.0
20220613:0011,0.0,0.0,9.14,4.9,0.0
20220613:0111,0.0,0.0,8.93,4.97,0.0
20220613:0211,0.0,0.0,8.92,5.17,0.0
20220613:0311,2.46,2.97,8.85,5.1,0.0
20220613:0411,8.21,9.27,8.94,5.31,0.0
20220613:0511,100.91,16.4,9.12,5.1,0.0
20220613:0611,165.24,24.04,9.66,4.83,0.0
20220613:0711,243.53,31.83,10.24,5.17,0.0
20220613:0811,309.55,39.38,10.65,5.45,0.0
20220613:0911,286.49,46.16,11.17,5.93,0.0
20220613:1011,273.27,51.42,10.96,6.41,0.0
20220613:1111,459.35,54.29,11.19,6.34,0.0
20220613:1211,298.23,54.07,10.66,7.1,0.0
20220613:1311,457.53,50.83,11.51,6.76,0.0
20220613:1411,225.15,45.31,11.02,7.1,0.0
20220613:1511,162.43,38.39,10.81,7.45,0.0
20220613:1611,93.71,30.78,10.72,7.03,0.0
20220613:1711,84.79,22.98,10.72,7.24,0.0
20220613:1811,38.57,15.4,10.51,7.03,0.0
20220613:1911,8.21,8.36,10.38,6.21,0.0
20220613:2011,0.82,2.2,10.21,5.79,0.0
20220613:2111,0.0,0.0,10.04,5.38,0.0
20220613:2211,0.0,0.0,10.1,4.83,0.0
20220613:2311,0.0,0.0,10.02,4.14,0.0
20220614:0011,0.0,0.0,10.18,3.93,0.0
20220614:0111,0.0,0.0,10.33,3.79,0.0
20220614:0211,0.0,0.0,10.18,4.21,0.0
20220614:0311,1.64,3.0,10.26,4.62,0.0
20220614:0411,8.21,9.3,10.45,4.9,0.0
20220614:0511,33.91,16.42,10.57,4.62,0.0
20220614:0611,188.63,24.05,10.82,4.9,0.0
20220614:0711,398.85,31.85,11.33,4.76,0.0
20220614:0811,399.8,39.4,11.87,4.41,0.0
20220614:0911,488.82,46.18,12.41,4.14,0.0
20220614:1011,566.48,51.46,12.71,3.72,0.0
20220614:1111,809.03,54.34,13.12,3.52,0.0
20220614:1211,743.73,54.13,13.4,3.31,0.0
20220614:1311,707.0,50.9,13.5,3.38,0.0
20220614:1411,400.07,45.38,13.29,3.52,0.0
20220614:1511,383.78,38.46,13.07,3.66,0.0
20220614:1611,260.91,30.85,12.75,3.79,0.0
20220614:1711,158.98,23.05,12.48,3.93,0.0
20220614:1811,88.64,15.47,12.06,3.93,0.0
20220614:1911,28.73,8.43,11.52,3.86,0.0
20220614:2011,0.82,2.27,11.02,3.79,0.0
20220614:2111,0.0,0.0,10.6,3.72,0.0
20220614:2211,0.0,0.0,10.31,3.66,0.0
20220614:2311,0.0,0.0,10.19,3.72,0.0
20220615:0011,0.0,0.0,10.06,3.79,0.0
20220615:0111,0.0,0.0,9.91,3.66,0.0
20220615:0211,0.0,0.0,9.7,3.24,0.0
20220615:0311,1.64,3.02,9.48,2.83,0.0
20220615:0411,48.42,9.31,9.51,2.69,0.0
20220615:0511,54.55,16.44,10.13,2.48,0.0
20220615:0611,227.3,24.06,10.82,2.62,0.0
20220615:0711,282.48,31.86,11.56,3.24,0.0
20220615:0811,346.24,39.42,12.01,2.97,0.0
20220615:0911,556.49,46.2,12.43,2.9,0.0
20220615:1011,628.76,51.49,12.88,3.03,0.0
20220615:1111,645.55,54.38,13.18,3.59,0.0
20220615:1211,717.6,54.18,13.26,4.0,0.0
20220615:1311,440.54,50.96,13.3,4.07,0.0
20220615:1411,695.81,45.44,13.25,3.79,0.0
20220615:1511,547.04,38.52,13.12,3.59,0.0
20220615:1611,388.58,30.91,13.01,3.31,0.0
20220615:1711,174.86,23.12,12.91,3.1,0.0
20220615:1811,64.02,15.53,12.49,2.76,0.0
20220615:1911,38.57,8.5,11.97,2.55,0.0
20220615:2011,1.64,2.33,11.49,2.21,0.0
20220615:2111,0.0,0.0,10.79,2.14,0.0
20220615:2211,0.0,0.0,10.41,1.72,0.0
20220615:2311,0.0,0.0,10.13,1.38,0.0
20220616:0011,0.0,0.0,9.83,1.38,0.0
20220616:0111,0.0,0.0,9.55,1.66,0.0
20220616:0211,0.0,0.0,9.38,1.86,0.0
20220616:0311,13.13,3.04,9.13,1.79,0.0
20220616:0411,39.39,9.32,9.2,1.59,0.0
20220616:0511,53.94,16.44,10.51,1.38,0.0
20220616:0611,241.8,24.07,11.6,1.45,0.0
20220616:0711,452.33,31.86,12.92,2.14,0.0
20220616:0811,655.99,39.42,13.63,2.41,0.0
20220616:0911,824.12,46.22,14.25,2.76,0.0
20220616:1011,952.93,51.51,14.69,2.76,0.0
20220616:1111,1003.54,54.41,14.86,2.07,0.0
20220616:1211,1011.25,54.23,15.41,2.0,0.0
20220616:1311,935.61,51.01,15.79,2.34,0.0
20220616:1411,829.02,45.5,15.85,3.17,0.0
20220616:1511,587.79,38.58,15.28,3.66,0.0
20220616:1611,305.47,30.97,14.67,2.83,0.0
20220616:1711,214.91,23.18,14.22,2.62,0.0
20220616:1811,64.84,15.59,13.84,2.28,0.0
20220616:1911,45.96,8.55,13.54,1.45,0.0
20220616:2011,2.46,2.38,12.9,1.03,0.0
20220616:2111,0.0,0.0,12.35,1.17,0.0
20220616:2211,0.0,0.0,11.55,0.69,0.0
20220616:2311,0.0,0.0,10.87,0.83,0.0
20220617:0011,0.0,0.0,11.38,0.34,0.0
20220617:0111,0.0,0.0,9.74,1.1,0.0
20220617:0211,0.0,0.0,9.21,1.66,0.0
20220617:0311,1.64,3.05,10.22,2.21,0.0
20220617:0411,8.21,9.33,10.8,2.55,0.0
20220617:0511,44.62,16.44,11.87,2.97,0.0
20220617:0611,102.64,24.07,13.15,3.66,0.0
20220617:0711,87.46,31.86,13.57,4.9,0.0
20220617:0811,140.12,39.43,13.81,6.14,0.0
20220617:0911,125.84,46.22,14.21,6.9,0.0
20220617:1011,138.33,51.53,13.85,6.83,0.0
20220617:1111,152.61,54.44,12.64,6.97,0.0
20220617:1211,114.24,54.27,12.44,7.17,0.0
20220617:1311,118.7,51.06,12.39,7.59,0.0
20220617:1411,95.5,45.55,12.56,7.59,0.0
20220617:1511,70.51,38.64,12.85,6.97,0.0
20220617:1611,55.33,31.03,13.03,6.34,0.0
20220617:1711,41.05,23.23,13.44,5.03,0.0
20220617:1811,18.88,15.65,13.34,3.93,0.0
20220617:1911,7.39,8.61,13.53,3.79,0.0
20220617:2011,0.82,2.43,13.26,2.28,0.0
20220617:2111,0.0,0.0,12.93,2.69,0.0
20220617:2211,0.0,0.0,12.54,4.76,0.0
20220617:2311,0.0,0.0,12.03,5.66,0.0
20220618:0011,0.0,0.0,11.58,5.72,0.0
20220618:0111,0.0,0.0,10.97,5.72,0.0
20220618:0211,0.0,0.0,10.43,5.59,0.0
20220618:0311,3.28,3.05,10.01,4.97,0.0
20220618:0411,49.24,9.33,9.99,4.0,0.0
20220618:0511,68.57,16.44,10.38,3.1,0.0
20220618:0611,246.15,24.06,10.92,2.62,0.0
20220618:0711,251.58,31.86,11.03,5.31,0.0
20220618:0811,524.63,39.42,11.14,5.66,0.0
20220618:0911,873.09,46.23,11.38,5.66,0.0
20220618:1011,797.3,51.54,11.72,5.66,0.0
20220618:1111,679.18,54.46,11.86,6.07,0.0
20220618:1211,948.0,54.3,11.93,6.21,0.0
20220618:1311,465.57,51.1,11.96,6.48,0.0
20220618:1411,594.35,45.59,11.76,6.69,0.0
20220618:1511,239.39,38.68,11.62,6.48,0.0
20220618:1611,436.14,31.07,11.15,6.07,0.0
20220618:1711,222.35,23.28,11.3,5.45,0.0
20220618:1811,95.2,15.69,11.25,5.24,0.0
20220618:1911,12.31,8.65,11.29,4.28,0.0
20220618:2011,1.64,2.48,10.94,3.52,0.0
20220618:2111,0.0,0.0,10.55,3.93,0.0
20220618:2211,0.0,0.0,10.41,4.41,0.0
20220618:2311,0.0,0.0,10.35,5.17,0.0
20220619:0011,0.0,0.0,10.6,5.52,0.0
20220619:0111,0.0,0.0,10.81,5.17,0.0
20220619:0211,0.0,0.0,10.84,4.9,0.0
20220619:0311,1.64,3.05,10.86,4.55,0.0
20220619:0411,8.21,9.32,11.02,4.41,0.0
20220619:0511,18.74,16.43,11.49,5.03,0.0
20220619:0611,108.57,24.05,11.45,4.9,0.0
20220619:0711,258.2,31.85,11.06,4.55,0.0
20220619:0811,142.8,39.41,11.0,4.55,0.0
20220619:0911,215.47,46.22,10.79,4.55,0.0
20220619:1011,385.79,51.54,10.46,4.55,0.0
20220619:1111,182.96,54.47,10.93,3.52,0.0
20220619:1211,327.79,54.32,11.5,2.97,0.0
20220619:1311,466.47,51.13,12.24,2.76,0.0
20220619:1411,505.4,45.63,11.74,2.69,0.0
20220619:1511,454.43,38.73,12.13,2.21,0.0
20220619:1611,354.36,31.12,12.04,1.52,0.0
20220619:1711,211.41,23.32,11.71,0.62,0.0
20220619:1811,92.74,15.73,11.59,0.62,0.0
20220619:1911,46.78,8.69,11.37,1.31,0.0
20220619:2011,1.64,2.51,11.04,2.62,0.0
20220619:2111,0.0,0.0,10.92,3.45,0.0
20220619:2211,0.0,0.0,10.65,3.93,0.0
20220619:2311,0.0,0.0,10.42,3.86,0.0
20220620:0011,0.0,0.0,10.15,3.86,0.0
20220620:0111,0.0,0.0,9.85,3.86,0.0
20220620:0211,0.0,0.0,9.49,3.72,0.0
20220620:0311,12.31,3.04,9.17,3.66,0.0
20220620:0411,38.57,9.31,9.3,3.24,0.0
20220620:0511,46.75,16.41,10.17,2.97,0.0
20220620:0611,247.34,24.03,11.44,3.03,0.0
20220620:0711,465.41,31.83,12.35,3.38,0.0
20220620:0811,670.32,39.4,13.44,3.79,0.0
20220620:0911,838.21,46.21,14.27,4.62,0.0
20220620:1011,965.23,51.54,14.8,4.9,0.0
20220620:1111,1030.1,54.48,15.34,4.69,0.0
20220620:1211,1026.8,54.34,15.62,5.03,0.0
20220620:1311,944.42,51.16,15.23,6.07,0.0
20220620:1411,809.27,45.67,14.57,6.34,0.0
20220620:1511,634.91,38.76,14.13,6.0,0.0
20220620:1611,421.47,31.15,13.54,5.79,0.0
20220620:1711,217.86,23.36,12.8,5.45,0.0
20220620:1811,95.2,15.77,12.02,5.1,0.0
20220620:1911,24.62,8.72,11.09,5.24,0.0
20220620:2011,1.64,2.54,10.3,4.97,0.0
20220620:2111,0.0,0.0,9.8,4.0,0.0
20220620:2211,0.0,0.0,9.58,3.45,0.0
20220620:2311,0.0,0.0,9.42,3.17,0.0
20220621:0011,0.0,0.0,9.53,3.03,0.0
20220621:0111,0.0,0.0,9.71,2.97,0.0
20220621:0211,0.0,0.0,9.84,2.9,0.0
20220621:0311,1.64,3.02,10.06,2.83,0.0
20220621:0411,8.21,9.29,10.47,2.62,0.0
20220621:0511,17.85,16.39,10.9,2.07,0.0
20220621:0611,164.57,24.01,11.32,1.86,0.0
20220621:0711,167.04,31.81,12.16,0.97,0.0
20220621:0811,128.52,39.38,12.67,2.0,0.0
20220621:0911,255.35,46.19,12.64,2.34,0.0
20220621:1011,372.88,51.53,12.9,2.34,0.0
20220621:1111,248.19,54.48,13.14,2.48,0.0
20220621:1211,121.38,54.35,12.95,2.34,0.0
20220621:1311,106.21,51.18,12.67,2.07,0.0
20220621:1411,109.78,45.69,12.59,1.59,0.0
20220621:1511,141.01,38.79,12.77,2.21,0.0
20220621:1611,248.06,31.19,12.75,3.03,0.0
20220621:1711,125.3,23.39,12.49,3.93,0.0
20220621:1811,62.38,15.8,12.18,3.86,0.0
20220621:1911,13.13,8.75,12.04,3.79,0.0
20220621:2011,2.46,2.57,11.8,4.34,0.0
20220621:2111,0.0,0.0,11.64,4.28,0.0
20220621:2211,0.0,0.0,11.6,3.66,0.0
20220621:2311,0.0,0.0,11.4,3.79,0.0
20220622:0011,0.0,0.0,11.37,4.21,0.0
20220622:0111,0.0,0.0,11.37,4.62,0.0
20220622:0211,0.0,0.0,11.22,4.76,0.0
20220622:0311,1.64,3.0,11.05,4.76,0.0
20220622:0411,8.21,9.26,10.9,4.76,0.0
20220622:0511,27.67,16.36,10.77,4.55,0.0
20220622:0611,62.47,23.98,10.6,4.41,0.0
20220622:0711,166.15,31.78,10.69,4.14,0.0
20220622:0811,448.3,39.35,11.12,3.66,0.0
20220622:0911,703.83,46.17,11.42,3.79,0.0
20220622:1011,627.82,51.51,11.89,3.45,0.0
20220622:1111,532.08,54.47,12.51,3.38,0.0
20220622:1211,766.51,54.36,12.99,3.59,0.0
20220622:1311,586.96,51.19,12.97,3.24,0.0
20220622:1411,343.77,45.71,13.03,2.76,0.0
20220622:1511,187.01,38.82,13.22,2.9,0.0
20220622:1611,118.7,31.21,12.89,2.48,0.0
20220622:1711,38.38,23.42,12.85,2.62,0.0
20220622:1811,91.92,15.83,12.84,2.76,0.0
20220622:1911,11.49,8.77,12.72,3.45,0.0
20220622:2011,1.64,2.59,12.68,3.24,0.0
20220622:2111,0.0,0.0,12.56,3.38,0.0
20220622:2211,0.0,0.0,12.44,2.9,0.0
20220622:2311,0.0,0.0,12.42,2.9,0.0
20220623:0011,0.0,0.0,12.38,2.62,0.0
20220623:0111,0.0,0.0,12.35,2.55,0.0
20220623:0211,0.0,0.0,12.43,2.97,0.0
20220623:0311,1.64,2.97,12.4,2.55,0.0
20220623:0411,8.21,9.23,12.56,2.76,0.0
20220623:0511,24.1,16.33,12.84,2.97,0.0
20220623:0611,44.62,23.95,13.24,3.1,0.0
20220623:0711,195.16,31.74,13.58,4.41,0.0
20220623:0811,220.53,39.31,13.85,4.62,0.0
20220623:0911,273.48,46.14,14.13,5.17,0.0
20220623:1011,280.44,51.49,14.37,5.52,0.0
20220623:1111,164.22,54.46,14.58,5.45,0.0
20220623:1211,320.98,54.35,14.73,5.52,0.0
20220623:1311,207.95,51.2,15.04,5.72,0.0
20220623:1411,199.39,45.73,15.09,5.59,0.0
20220623:1511,181.42,38.83,14.98,5.24,0.0
20220623:1611,141.93,31.23,14.72,5.24,0.0
20220623:1711,123.53,23.44,14.49,5.24,0.0
20220623:1811,62.38,15.84,14.29,4.97,0.0
20220623:1911,22.98,8.79,13.93,4.48,0.0
20220623:2011,1.64,2.6,13.29,4.62,0.0
20220623:2111,0.0,0.0,12.58,4.48,0.0
20220623:2211,0.0,0.0,12.17,4.34,0.0
20220623:2311,0.0,0.0,11.89,4.34,0.0
20220624:0011,0.0,0.0,11.72,4.0,0.0
20220624:0111,0.0,0.0,11.71,4.07,0.0
20220624:0211,0.0,0.0,11.89,4.07,0.0
20220624:0311,1.64,2.94,12.2,4.41,0.0
20220624:0411,49.24,9.19,13.12,4.97,0.0
20220624:0511,79.61,16.29,14.5,5.45,0.0
20220624:0611,212.82,23.91,15.97,5.72,0.0
20220624:0711,407.92,31.7,17.12,6.21,0.0
20220624:0811,643.55,39.28,18.5,6.76,0.0
20220624:0911,814.9,46.1,19.92,6.69,0.0
20220624:1011,955.74,51.46,21.16,6.69,0.0
20220624:1111,1020.83,54.44,21.97,6.76,0.0
20220624:1211,1025.72,54.34,22.28,7.31,0.0
20220624:1311,938.45,51.2,22.59,7.59,0.0
20220624:1411,838.2,45.74,22.9,7.72,0.0
20220624:1511,649.16,38.85,22.82,7.86,0.0
20220624:1611,433.53,31.25,22.45,7.79,0.0
20220624:1711,220.42,23.45,21.87,8.07,0.0
20220624:1811,94.38,15.86,21.15,8.14,0.0
20220624:1911,47.6,8.8,20.33,8.07,0.0
20220624:2011,10.67,2.6,19.6,7.86,0.0
20220624:2111,0.0,0.0,18.33,7.66,0.0
20220624:2211,0.0,0.0,16.68,7.52,0.0
20220624:2311,0.0,0.0,16.03,6.83,0.0
20220625:0011,0.0,0.0,15.69,6.28,0.0
20220625:0111,0.0,0.0,15.38,5.86,0.0
20220625:0211,0.0,0.0,15.24,5.79,0.0
20220625:0311,1.64,2.9,15.12,5.93,0.0
20220625:0411,9.03,9.15,15.18,6.07,0.0
20220625:0511,90.28,16.25,15.29,6.0,0.0
20220625:0611,170.13,23.86,15.79,6.14,0.0
20220625:0711,358.01,31.66,16.16,6.83,0.0
20220625:0811,615.85,39.23,16.73,6.76,0.0
20220625:0911,819.37,46.06,17.48,6.62,0.0
20220625:1011,927.65,51.42,17.84,6.34,0.0
20220625:1111,986.53,54.41,18.09,6.07,0.0
20220625:1211,995.94,54.33,18.42,5.93,0.0
20220625:1311,807.44,51.19,18.66,5.86,0.0
20220625:1411,337.99,45.74,18.82,5.86,0.0
20220625:1511,312.42,38.85,18.56,5.59,0.0
20220625:1611,227.04,31.26,18.21,5.1,0.0
20220625:1711,218.58,23.46,17.79,4.62,0.0
20220625:1811,93.56,15.86,17.42,4.41,0.0
20220625:1911,41.86,8.8,16.76,4.41,0.0
20220625:2011,1.64,2.6,16.29,4.14,0.0
20220625:2111,0.0,0.0,15.77,4.28,0.0
20220625:2211,0.0,0.0,15.49,4.34,0.0
20220625:2311,0.0,0.0,15.24,4.48,0.0
20220626:0011,0.0,0.0,15.07,4.69,0.0
20220626:0111,0.0,0.0,14.69,4.34,0.0
20220626:0211,0.0,0.0,14.63,4.07,0.0
20220626:0311,2.46,2.85,14.69,3.66,0.0
20220626:0411,20.52,9.1,14.83,2.9,0.0
20220626:0511,16.41,16.2,15.37,2.34,0.0
20220626:0611,34.81,23.81,16.19,2.9,0.0
20220626:0711,76.75,31.61,16.54,2.21,0.0
20220626:0811,186.14,39.18,16.34,0.9,0.0
20220626:0911,348.91,46.01,17.66,3.1,0.0
20220626:1011,436.54,51.38,19.06,5.52,0.0
20220626:1111,101.74,54.38,19.31,6.83,0.0
20220626:1211,144.58,54.31,16.9,7.79,0.0
20220626:1311,91.93,51.18,16.06,6.21,0.0
20220626:1411,131.19,45.73,16.01,5.24,0.0
20220626:1511,120.48,38.85,15.71,5.17,0.0
20220626:1611,195.05,31.26,15.14,4.83,0.0
20220626:1711,219.41,23.46,14.62,3.79,0.0
20220626:1811,91.1,15.86,14.56,3.72,0.0
20220626:1911,7.39,8.8,14.02,3.52,0.0
20220626:2011,1.64,2.6,13.73,3.45,0.0
20220626:2111,0.0,0.0,13.31,3.38,0.0
20220626:2211,0.0,0.0,13.03,3.38,0.0
20220626:2311,0.0,0.0,12.83,3.52,0.0
20220627:0011,0.0,0.0,12.74,3.72,0.0
20220627:0111,0.0,0.0,12.16,3.93,0.0
20220627:0211,0.0,0.0,11.59,4.07,0.0
20220627:0311,1.64,2.8,11.19,4.21,0.0
20220627:0411,8.21,9.05,11.66,4.34,0.0
20220627:0511,62.38,16.14,12.36,4.69,0.0
20220627:0611,58.9,23.75,12.99,5.31,0.0
20220627:0711,245.92,31.55,14.49,5.38,0.0
20220627:0811,524.15,39.13,14.75,5.93,0.0
20220627:0911,811.53,45.96,15.18,5.93,0.0
20220627:1011,765.72,51.33,15.3,5.66,0.0
20220627:1111,598.96,54.34,15.64,5.45,0.0
20220627:1211,302.3,54.28,16.12,4.62,0.0
20220627:1311,253.95,51.16,16.11,4.55,0.0
20220627:1411,290.74,45.72,15.46,4.97,0.0
20220627:1511,356.8,38.85,14.71,4.48,0.0
20220627:1611,85.68,31.26,14.39,4.21,0.0
20220627:1711,50.87,23.46,13.94,3.79,0.0
20220627:1811,43.5,15.86,13.68,3.24,0.0
20220627:1911,27.08,8.79,13.67,2.69,0.0
20220627:2011,10.67,2.58,13.42,2.83,0.0
20220627:2111,0.0,0.0,13.18,2.76,0.0
20220627:2211,0.0,0.0,13.18,2.07,0.0
20220627:2311,0.0,0.0,13.19,1.86,0.0
20220628:0011,0.0,0.0,13.18,1.79,0.0
20220628:0111,0.0,0.0,12.98,2.0,0.0
20220628:0211,0.0,0.0,12.76,2.14,0.0
20220628:0311,11.49,2.74,12.42,2.21,0.0
20220628:0411,9.03,8.99,12.1,2.0,0.0
20220628:0511,97.67,16.08,12.62,1.93,0.0
20220628:0611,0.0,0.0,13.46,2.41,0.0
20220628:0711,0.0,0.0,14.09,3.72,0.0
20220628:0811,0.0,0.0,14.58,3.66,0.0
20220628:0911,679.48,45.9,14.98,3.86,0.0
20220628:1011,937.32,51.27,15.26,4.21,0.0
20220628:1111,925.48,54.29,15.24,4.41,0.0
20220628:1211,1000.55,54.24,15.41,4.55,0.0
20220628:1311,921.21,51.14,15.39,4.55,0.0
20220628:1411,812.87,45.71,15.29,3.93,0.0
20220628:1511,646.13,38.84,15.12,3.38,0.0
20220628:1611,445.85,31.25,14.98,2.97,0.0
20220628:1711,230.97,23.45,14.89,3.03,0.0
20220628:1811,57.45,15.85,14.6,3.52,0.0
20220628:1911,48.42,8.78,14.06,3.1,0.0
20220628:2011,10.67,2.56,13.49,3.45,0.0
20220628:2111,0.0,0.0,12.93,3.59,0.0
20220628:2211,0.0,0.0,12.41,3.66,0.0
20220628:2311,0.0,0.0,11.99,3.66,0.0
20220629:0011,0.0,0.0,11.67,3.59,0.0
20220629:0111,0.0,0.0,11.42,3.59,0.0
20220629:0211,0.0,0.0,11.34,3.66,0.0
20220629:0311,8.21,2.68,11.38,3.79,0.0
20220629:0411,42.68,8.92,11.75,3.93,0.0
20220629:0511,0.0,0.0,12.79,4.07,0.0
20220629:0611,0.0,0.0,13.72,4.34,0.0
20220629:0711,0.0,0.0,14.8,5.03,0.0
20220629:0811,634.18,39.0,15.52,5.31,0.0
20220629:0911,793.52,45.84,16.32,5.52,0.0
20220629:1011,927.12,51.21,16.95,6.0,0.0
20220629:1111,998.81,54.23,17.31,5.93,0.0
20220629:1211,1004.54,54.19,17.65,5.45,0.0
20220629:1311,948.88,51.1,18.08,4.69,0.0
20220629:1411,810.06,45.68,18.29,4.69,0.0
20220629:1511,625.85,38.82,18.22,4.97,0.0
20220629:1611,454.23,31.23,18.01,4.9,0.0
20220629:1711,232.31,23.44,17.75,4.55,0.0
20220629:1811,79.61,15.83,17.46,3.93,0.0
20220629:1911,47.6,8.76,16.5,3.31,0.0
20220629:2011,1.64,2.54,15.95,3.72,0.0
20220629:2111,0.0,0.0,15.38,3.93,0.0
20220629:2211,0.0,0.0,14.84,3.93,0.0
20220629:2311,0.0,0.0,14.31,3.79,0.0
20220630:0011,0.0,0.0,14.04,3.93,0.0
20220630:0111,0.0,0.0,14.07,4.07,0.0
20220630:0211,0.0,0.0,14.3,4.21,0.0
20220630:0311,1.64,2.61,14.65,4.55,0.0
20220630:0411,48.42,8.85,15.1,4.83,0.0
20220630:0511,79.61,15.94,15.75,5.03,0.0
20220630:0611,220.55,23.55,16.78,5.17,0.0
20220630:0711,410.62,31.35,17.87,5.31,0.0
20220630:0811,627.05,38.93,18.72,5.52,0.0
20220630:0911,769.84,45.77,19.39,5.72,0.0
20220630:1011,706.35,51.14,19.74,5.93,0.0
20220630:1111,751.84,54.17,20.19,5.79,0.0
20220630:1211,969.24,54.14,20.55,5.38,0.0
20220630:1311,929.28,51.07,20.75,5.31,0.0
20220630:1411,804.01,45.65,20.67,5.38,0.0
20220630:1511,656.41,38.8,20.49,5.31,0.0
20220630:1611,442.58,31.21,20.12,5.24,0.0
20220630:1711,226.83,23.41,19.57,4.83,0.0
20220630:1811,76.33,15.81,18.99,4.0,0.0
20220630:1911,41.86,8.73,18.33,3.45,0.0
20220630:2011,8.21,2.5,17.62,3.03,0.0
20220630:2111,0.0,0.0,17.13,2.48,0.0
20220630:2211,0.0,0.0,16.45,2.55,0.0
20220630:2311,0.0,0.0,15.45,2.9,0.0
20220701:0011,0.0,0.0,15.0,3.1,0.0
20220701:0111,0.0,0.0,14.98,3.45,0.0
20220701:0211,0.0,0.0,15.26,3.59,0.0
20220701:0311,1.64,2.53,15.48,3.79,0.0
20220701:0411,7.39,8.77,16.0,4.07,0.0
20220701:0511,76.33,15.86,17.05,4.0,0.0
20220701:0611,212.2,23.48,18.29,4.07,0.0
20220701:0711,414.6,31.27,19.69,3.72,0.0
20220701:0811,416.13,38.85,20.57,4.0,0.0
20220701:0911,498.97,45.69,21.0,4.34,0.0
20220701:1011,724.5,51.07,21.4,4.97,0.0
20220701:1111,619.22,54.11,21.15,5.79,0.0
20220701:1211,221.34,54.09,20.53,6.14,0.0
20220701:1311,107.1,51.02,19.69,6.69,0.0
20220701:1411,105.31,45.62,18.08,6.9,0.0
20220701:1511,88.36,38.77,16.78,7.24,0.0
20220701:1611,49.98,31.18,15.82,6.55,0.0
20220701:1711,100.85,23.39,14.86,5.38,0.0
20220701:1811,51.71,15.78,14.27,4.62,0.0
20220701:1911,21.34,8.7,13.63,4.34,0.0
20220701:2011,1.64,2.47,13.39,4.9,0.0
20220701:2111,0.0,0.0,13.25,4.69,0.0
20220701:2211,0.0,0.0,13.11,3.93,0.0
20220701:2311,0.0,0.0,13.1,3.31,0.0
20220702:0011,0.0,0.0,12.76,3.59,0.0
20220702:0111,0.0,0.0,12.7,3.66,0.0
20220702:0211,0.0,0.0,12.65,3.52,0.0
20220702:0311,1.64,2.45,12.87,3.52,0.0
20220702:0411,37.75,8.69,12.6,3.72,0.0
20220702:0511,58.27,15.78,12.77,4.28,0.0
20220702:0611,216.89,23.39,13.29,3.86,0.0
20220702:0711,371.31,31.19,13.96,3.72,0.0
20220702:0811,546.59,38.77,14.58,4.14,0.0
20220702:0911,543.15,45.61,15.02,5.03,0.0
20220702:1011,402.03,50.99,15.39,5.66,0.0
20220702:1111,196.35,54.03,15.58,6.41,0.0
20220702:1211,337.25,54.02,16.06,7.17,0.0
20220702:1311,603.85,50.97,15.65,7.1,0.0
20220702:1411,372.41,45.57,15.55,7.17,0.0
20220702:1511,226.2,38.73,15.78,7.17,0.0
20220702:1611,306.8,31.15,15.74,7.1,0.0
20220702:1711,214.98,23.35,15.35,7.66,0.0
20220702:1811,90.28,15.74,14.84,7.45,0.0
20220702:1911,12.31,8.66,14.12,7.93,0.0
20220702:2011,4.92,2.42,13.48,7.66,0.0
20220702:2111,0.0,0.0,12.9,7.17,0.0
20220702:2211,0.0,0.0,12.94,6.69,0.0
20220702:2311,0.0,0.0,13.15,6.34,0.0
20220703:0011,0.0,0.0,13.19,6.21,0.0
20220703:0111,0.0,0.0,13.08,6.28,0.0
20220703:0211,0.0,0.0,12.95,6.28,0.0
20220703:0311,1.64,2.36,12.92,6.14,0.0
20220703:0411,7.39,8.6,12.82,5.93,0.0
20220703:0511,94.38,15.69,12.99,5.52,0.0
20220703:0611,206.05,23.31,12.97,6.14,0.0
20220703:0711,333.87,31.1,13.61,5.24,0.0
20220703:0811,345.21,38.68,13.85,5.24,0.0
20220703:0911,567.46,45.52,13.96,5.31,0.0
20220703:1011,549.53,50.9,14.28,4.48,0.0
20220703:1111,595.27,53.95,14.95,3.86,0.0
20220703:1211,797.87,53.95,14.93,3.66,0.0
20220703:1311,602.88,50.91,15.1,3.52,0.0
20220703:1411,694.85,45.53,15.35,3.17,0.0
20220703:1511,490.83,38.69,15.03,3.03,0.0
20220703:1611,365.99,31.11,14.58,2.69,0.0
20220703:1711,213.24,23.32,14.25,2.14,0.0
20220703:1811,71.4,15.7,14.17,1.79,0.0
20220703:1911,38.57,8.61,13.44,1.72,0.0
20220703:2011,9.03,2.37,12.95,1.52,0.0
20220703:2111,0.0,0.0,12.57,1.93,0.0
20220703:2211,0.0,0.0,12.34,1.86,0.0
20220703:2311,0.0,0.0,12.32,1.52,0.0
20220704:0011,0.0,0.0,12.31,1.59,0.0
20220704:0111,0.0,0.0,12.28,1.72,0.0
20220704:0211,0.0,0.0,12.25,2.34,0.0
20220704:0311,0.82,2.27,12.1,2.9,0.0
20220704:0411,45.14,8.51,12.23,3.86,0.0
20220704:0511,23.8,15.6,12.25,4.41,0.0
20220704:0611,95.5,23.22,12.5,4.9,0.0
20220704:0711,155.39,31.01,12.5,5.72,0.0
20220704:0811,304.93,38.59,12.63,6.0,0.0
20220704:0911,372.64,45.43,12.13,6.41,0.0
20220704:1011,617.1,50.81,12.44,5.93,0.0
20220704:1111,323.52,53.86,12.76,4.83,0.0
20220704:1211,572.07,53.87,12.49,4.97,0.0
20220704:1311,477.92,50.84,12.53,4.83,0.0
20220704:1411,398.61,45.47,12.45,4.69,0.0
20220704:1511,378.03,38.64,12.56,4.55,0.0
20220704:1611,269.94,31.06,12.3,4.41,0.0
20220704:1711,216.35,23.27,12.18,4.28,0.0
20220704:1811,39.39,15.65,11.47,4.76,0.0
20220704:1911,30.37,8.56,11.29,5.17,0.0
20220704:2011,0.82,2.31,11.01,4.83,0.0
20220704:2111,0.0,0.0,11.0,4.97,0.0
20220704:2211,0.0,0.0,10.93,5.24,0.0
20220704:2311,0.0,0.0,10.65,5.52,0.0
20220705:0011,0.0,0.0,10.43,5.31,0.0
20220705:0111,0.0,0.0,10.33,4.97,0.0
20220705:0211,0.0,0.0,10.36,4.9,0.0
20220705:0311,0.82,2.17,10.31,4.9,0.0
20220705:0411,7.39,8.41,10.38,4.97,0.0
20220705:0511,28.73,15.5,10.69,4.76,0.0
20220705:0611,58.01,23.12,10.87,4.76,0.0
20220705:0711,138.33,30.91,11.61,3.66,0.0
20220705:0811,191.52,38.49,12.01,3.93,0.0
20220705:0911,211.02,45.33,12.2,4.41,0.0
20220705:1011,137.44,50.71,12.35,4.76,0.0
20220705:1111,149.04,53.77,12.11,4.83,0.0
20220705:1211,278.86,53.79,12.59,4.97,0.0
20220705:1311,387.94,50.77,12.61,5.79,0.0
20220705:1411,444.9,45.41,12.52,6.55,0.0
20220705:1511,321.6,38.58,12.36,7.38,0.0
20220705:1611,281.61,31.01,12.1,8.0,0.0
20220705:1711,195.28,23.22,11.87,8.0,0.0
20220705:1811,93.56,15.6,11.43,8.07,0.0
20220705:1911,43.5,8.5,11.24,7.59,0.0
20220705:2011,9.03,2.24,11.02,7.17,0.0
20220705:2111,0.0,0.0,10.9,6.9,0.0
20220705:2211,0.0,0.0,10.82,6.55,0.0
20220705:2311,0.0,0.0,10.82,6.14,0.0
20220706:0011,0.0,0.0,10.9,6.21,0.0
20220706:0111,0.0,0.0,10.94,6.07,0.0
20220706:0211,0.0,0.0,10.92,5.59,0.0
20220706:0311,3.28,2.07,10.97,4.69,0.0
20220706:0411,45.14,8.31,11.02,3.45,0.0
20220706:0511,62.38,15.4,11.25,3.31,0.0
20220706:0611,167.39,23.02,11.82,4.0,0.0
20220706:0711,308.57,30.81,12.25,3.86,0.0
20220706:0811,454.4,38.39,12.58,4.28,0.0
20220706:0911,266.97,45.23,12.77,5.24,0.0
20220706:1011,141.01,50.61,12.58,5.72,0.0
20220706:1111,171.36,53.67,12.85,6.48,0.0
20220706:1211,135.66,53.7,12.93,6.55,0.0
20220706:1311,129.41,50.69,12.91,5.79,0.0
20220706:1411,161.54,45.34,12.63,5.31,0.0
20220706:1511,70.51,38.52,12.85,6.0,0.0
20220706:1611,105.31,30.96,12.96,6.28,0.0
20220706:1711,36.59,23.16,12.99,6.34,0.0
20220706:1811,51.71,15.54,13.29,6.14,0.0
20220706:1911,8.21,8.43,13.37,5.59,0.0
20220706:2011,9.03,2.17,13.15,5.59,0.0
20220706:2111,0.0,0.0,12.92,6.21,0.0
20220706:2211,0.0,0.0,12.9,6.28,0.0
20220706:2311,0.0,0.0,12.89,6.41,0.0
20220707:0011,0.0,0.0,12.84,7.72,0.0
20220707:0111,0.0,0.0,12.66,8.41,0.0
20220707:0211,0.0,0.0,12.06,9.66,0.0
20220707:0311,0.82,1.96,11.54,9.86,0.0
20220707:0411,7.39,8.2,11.5,9.72,0.0
20220707:0511,90.28,15.29,11.72,10.07,0.0
20220707:0611,225.26,22.91,12.12,10.83,0.0
20220707:0711,431.97,30.71,12.42,10.83,0.0
20220707:0811,522.77,38.28,13.08,10.9,0.0
20220707:0911,778.0,45.12,13.59,10.9,0.0
20220707:1011,912.61,50.5,14.08,10.62,0.0
20220707:1111,880.26,53.56,14.27,10.28,0.0
20220707:1211,790.34,53.6,14.54,10.07,0.0
20220707:1311,887.29,50.61,14.57,10.07,0.0
20220707:1411,779.89,45.27,14.24,10.0,0.0
20220707:1511,654.4,38.46,14.0,9.45,0.0
20220707:1611,435.43,30.89,13.71,8.76,0.0
20220707:1711,228.04,23.1,13.28,8.34,0.0
20220707:1811,65.66,15.47,12.79,8.0,0.0
20220707:1911,37.75,8.36,12.17,7.03,0.0
20220707:2011,3.28,2.1,11.82,6.55,0.0
20220707:2111,0.0,0.0,11.55,5.52,0.0
20220707:2211,0.0,0.0,11.42,4.9,0.0
20220707:2311,0.0,0.0,11.46,4.69,0.0
20220708:0011,0.0,0.0,11.83,4.14,0.0
20220708:0111,0.0,0.0,12.28,4.21,0.0
20220708:0211,0.0,0.0,12.48,5.59,0.0
20220708:0311,0.82,1.84,12.54,6.83,0.0
20220708:0411,9.85,8.09,12.45,7.1,0.0
20220708:0511,65.66,15.18,12.29,7.03,0.0
20220708:0611,66.04,22.8,12.23,6.97,0.0
20220708:0711,165.33,30.59,12.24,6.62,0.0
20220708:0811,143.69,38.17,12.48,6.34,0.0
20220708:0911,516.36,45.0,12.95,5.45,0.0
20220708:1011,533.95,50.39,13.09,4.69,0.0
20220708:1111,677.39,53.45,13.47,4.83,0.0
20220708:1211,506.54,53.5,13.59,5.1,0.0
20220708:1311,812.48,50.51,13.68,5.31,0.0
20220708:1411,403.49,45.18,13.51,5.59,0.0
20220708:1511,235.28,38.38,13.47,5.66,0.0
20220708:1611,96.39,30.82,13.28,5.59,0.0
20220708:1711,43.73,23.03,13.11,5.38,0.0
20220708:1811,22.98,15.4,13.01,5.1,0.0
20220708:1911,35.29,8.29,12.72,6.0,0.0
20220708:2011,0.82,2.01,12.42,5.38,0.0
20220708:2111,0.0,0.0,12.04,5.66,0.0
20220708:2211,0.0,0.0,11.82,6.14,0.0
20220708:2311,0.0,0.0,11.69,6.55,0.0
20220709:0011,0.0,0.0,11.49,7.31,0.0
20220709:0111,0.0,0.0,11.5,8.34,0.0
20220709:0211,0.0,0.0,11.26,8.21,0.0
20220709:0311,0.82,1.72,10.97,8.41,0.0
20220709:0411,6.57,7.97,10.92,8.83,0.0
20220709:0511,27.08,15.07,10.93,8.97,0.0
20220709:0611,135.64,22.68,11.32,9.03,0.0
20220709:0711,137.44,30.48,11.6,9.03,0.0
20220709:0811,433.44,38.05,11.69,8.76,0.0
20220709:0911,268.85,44.88,11.48,8.62,0.0
20220709:1011,523.94,50.27,11.94,8.55,0.0
20220709:1111,626.56,53.33,12.01,8.62,0.0
20220709:1211,485.42,53.38,12.21,9.1,0.0
20220709:1311,705.93,50.41,12.07,9.59,0.0
20220709:1411,650.05,45.1,11.99,9.86,0.0
20220709:1511,497.19,38.3,11.84,9.93,0.0
20220709:1611,356.06,30.75,11.86,10.21,0.0
20220709:1711,130.5,22.95,11.67,9.93,0.0
20220709:1811,36.11,15.32,11.58,9.52,0.0
20220709:1911,11.49,8.2,11.07,8.9,0.0
20220709:2011,0.82,1.92,10.95,8.21,0.0
20220709:2111,0.0,0.0,10.61,7.93,0.0
20220709:2211,0.0,0.0,10.57,7.52,0.0
20220709:2311,0.0,0.0,10.47,7.31,0.0
20220710:0011,0.0,0.0,10.41,6.97,0.0
20220710:0111,0.0,0.0,10.43,6.97,0.0
20220710:0211,0.0,0.0,10.37,7.17,0.0
20220710:0311,0.82,1.6,10.37,7.31,0.0
20220710:0411,6.57,7.85,10.39,7.24,0.0
20220710:0511,89.46,14.95,10.53,7.31,0.0
20220710:0611,218.01,22.56,10.85,7.1,0.0
20220710:0711,409.47,30.36,11.33,7.03,0.0
20220710:0811,578.26,37.93,11.93,6.83,0.0
20220710:0911,803.1,44.76,12.48,6.55,0.0
20220710:1011,898.32,50.14,13.07,6.34,0.0
20220710:1111,927.01,53.21,13.62,6.21,0.0
20220710:1211,810.48,53.27,13.84,6.48,0.0
20220710:1311,792.78,50.31,13.68,6.97,0.0
20220710:1411,701.04,45.0,13.54,7.1,0.0
20220710:1511,534.22,38.22,13.2,6.9,0.0
20220710:1611,144.65,30.66,12.65,6.69,0.0
20220710:1711,229.58,22.87,12.22,6.21,0.0
20220710:1811,56.63,15.24,11.84,5.59,0.0
20220710:1911,41.04,8.11,12.08,5.38,0.0
20220710:2011,3.28,1.82,11.66,5.66,0.0
20220710:2111,0.0,0.0,11.29,5.79,0.0
20220710:2211,0.0,0.0,11.12,5.66,0.0
20220710:2311,0.0,0.0,10.9,5.52,0.0
20220711:0011,0.0,0.0,10.72,5.1,0.0
20220711:0111,0.0,0.0,10.53,4.9,0.0
20220711:0211,0.0,0.0,10.53,4.9,0.0
20220711:0311,0.82,1.47,10.45,4.76,0.0
20220711:0411,37.75,7.72,10.61,4.62,0.0
20220711:0511,60.73,14.82,11.27,4.62,0.0
20220711:0611,219.52,22.44,12.13,4.69,0.0
20220711:0711,426.96,30.23,13.5,4.62,0.0
20220711:0811,628.33,37.8,14.28,4.62,0.0
20220711:0911,692.17,44.63,15.1,4.48,0.0
20220711:1011,849.16,50.01,15.68,4.41,0.0
20220711:1111,287.19,53.07,15.97,4.28,0.0
20220711:1211,828.82,53.14,16.09,4.28,0.0
20220711:1311,898.06,50.2,16.02,4.55,0.0
20220711:1411,760.88,44.9,15.79,4.41,0.0
20220711:1511,593.33,38.12,15.55,3.72,0.0
20220711:1611,262.95,30.58,15.31,3.03,0.0
20220711:1711,69.61,22.78,15.03,2.41,0.0
20220711:1811,50.88,15.15,14.68,1.52,0.0
20220711:1911,12.31,8.02,14.52,1.03,0.0
20220711:2011,6.57,1.72,13.98,0.9,0.0
20220711:2111,0.0,0.0,13.63,1.86,0.0
20220711:2211,0.0,0.0,13.39,2.83,0.0
20220711:2311,0.0,0.0,13.22,3.24,0.0
20220712:0011,0.0,0.0,13.38,3.52,0.0
20220712:0111,0.0,0.0,13.52,3.86,0.0
20220712:0211,0.0,0.0,13.42,4.34,0.0
20220712:0311,0.0,0.0,13.41,4.55,0.0
20220712:0411,6.57,7.59,13.58,4.83,0.0
20220712:0511,28.73,14.69,14.05,5.17,0.0
20220712:0611,74.08,22.31,14.41,5.31,0.0
20220712:0711,136.61,30.11,14.97,5.24,0.0
20220712:0811,300.03,37.67,15.64,5.59,0.0
20220712:0911,211.44,44.5,15.96,5.52,0.0
20220712:1011,257.72,49.87,15.99,5.17,0.0
20220712:1111,135.66,52.94,16.44,4.83,0.0
20220712:1211,306.07,53.01,16.06,4.0,0.0
20220712:1311,597.0,50.08,16.07,3.31,0.0
20220712:1411,587.85,44.8,16.35,3.31,0.0
20220712:1511,481.62,38.03,16.84,3.45,0.0
20220712:1611,223.81,30.48,16.3,3.31,0.0
20220712:1711,50.87,22.69,15.92,2.97,0.0
20220712:1811,48.42,15.05,15.45,2.76,0.0
20220712:1911,6.57,7.91,14.99,2.48,0.0
20220712:2011,0.82,1.61,14.5,1.86,0.0
20220712:2111,0.0,0.0,13.89,1.31,0.0
20220712:2211,0.0,0.0,13.38,0.83,0.0
20220712:2311,0.0,0.0,13.12,0.62,0.0
20220713:0011,0.0,0.0,13.17,1.1,0.0
20220713:0111,0.0,0.0,13.11,1.45,0.0
20220713:0211,0.0,0.0,13.03,1.31,0.0
20220713:0311,0.0,0.0,12.8,1.03,0.0
20220713:0411,18.88,7.45,12.77,1.31,0.0
20220713:0511,34.47,14.55,12.95,2.07,0.0
20220713:0611,194.37,22.18,12.99,3.03,0.0
20220713:0711,111.56,29.97,13.21,3.93,0.0
20220713:0811,607.34,37.54,12.59,5.59,0.0
20220713:0911,349.56,44.36,12.25,6.97,0.0
20220713:1011,183.85,49.73,12.69,6.69,0.0
20220713:1111,296.4,52.79,12.77,6.55,0.0
20220713:1211,394.25,52.88,13.1,6.62,0.0
20220713:1311,852.16,49.95,12.99,6.97,0.0
20220713:1411,364.76,44.68,13.12,7.17,0.0
20220713:1511,388.93,37.92,13.12,6.9,0.0
20220713:1611,135.66,30.38,13.1,6.83,0.0
20220713:1711,148.89,22.59,12.64,7.52,0.0
20220713:1811,72.22,14.94,12.48,7.38,0.0
20220713:1911,19.7,7.8,11.92,7.86,0.0
20220713:2011,0.82,1.49,11.59,7.72,0.0
20220713:2111,0.0,0.0,11.37,7.31,0.0
20220713:2211,0.0,0.0,11.4,6.9,0.0
20220713:2311,0.0,0.0,11.28,6.69,0.0
20220714:0011,0.0,0.0,11.14,6.76,0.0
20220714:0111,0.0,0.0,10.9,7.03,0.0
20220714:0211,0.0,0.0,10.85,6.83,0.0
20220714:0311,0.0,0.0,10.81,6.76,0.0
20220714:0411,36.11,7.31,10.52,7.03,0.0
20220714:0511,57.45,14.41,10.28,6.83,0.0
20220714:0611,115.03,22.04,10.54,6.48,0.0
20220714:0711,186.4,29.83,10.64,6.34,0.0
20220714:0811,301.88,37.4,10.64,6.28,0.0
20220714:0911,554.93,44.21,11.15,6.48,0.0
20220714:1011,524.43,49.58,11.39,6.55,0.0
20220714:1111,866.27,52.64,11.64,6.69,0.0
20220714:1211,846.98,52.73,12.09,7.31,0.0
20220714:1311,826.75,49.82,12.0,7.93,0.0
20220714:1411,592.57,44.56,12.1,8.62,0.0
20220714:1511,449.76,37.81,11.93,9.1,0.0
20220714:1611,388.0,30.27,12.02,9.45,0.0
20220714:1711,211.66,22.48,11.83,9.59,0.0
20220714:1811,68.12,14.84,11.63,9.24,0.0
20220714:1911,41.86,7.69,11.4,8.55,0.0
20220714:2011,0.82,1.37,11.17,8.21,0.0
20220714:2111,0.0,0.0,10.93,7.72,0.0
20220714:2211,0.0,0.0,10.73,7.24,0.0
20220714:2311,0.0,0.0,10.58,6.76,0.0
20220715:0011,0.0,0.0,10.46,6.48,0.0
20220715:0111,0.0,0.0,10.4,6.21,0.0
20220715:0211,0.0,0.0,10.32,5.86,0.0
20220715:0311,0.0,0.0,10.41,5.86,0.0
20220715:0411,37.75,7.16,10.44,5.52,0.0
20220715:0511,80.43,14.27,10.64,5.24,0.0
20220715:0611,129.76,21.9,11.25,5.45,0.0
20220715:0711,160.94,29.69,11.33,4.76,0.0
20220715:0811,292.31,37.25,11.4,4.83,0.0
20220715:0911,498.13,44.06,11.37,4.97,0.0
20220715:1011,464.23,49.42,11.85,4.9,0.0
20220715:1111,943.94,52.49,12.28,4.97,0.0
20220715:1211,685.43,52.58,12.27,5.31,0.0
20220715:1311,795.4,49.68,12.19,5.72,0.0
20220715:1411,676.59,44.44,12.05,5.93,0.0
20220715:1511,442.43,37.69,11.85,6.21,0.0
20220715:1611,280.73,30.16,11.28,6.48,0.0
20220715:1711,172.92,22.37,10.6,6.97,0.0
20220715:1811,60.73,14.72,10.31,6.14,0.0
20220715:1911,36.93,7.57,9.83,6.69,0.0
20220715:2011,0.0,0.0,9.57,6.0,0.0
20220715:2111,0.0,0.0,9.34,6.14,0.0
20220715:2211,0.0,0.0,9.49,6.48,0.0
20220715:2311,0.0,0.0,9.74,6.9,0.0
20220716:0011,0.0,0.0,9.75,7.03,0.0
20220716:0111,0.0,0.0,9.85,7.31,0.0
20220716:0211,0.0,0.0,10.03,7.38,0.0
20220716:0311,0.0,0.0,9.99,7.72,0.0
20220716:0411,36.11,7.01,10.08,7.66,0.0
20220716:0511,68.94,14.12,10.43,8.07,0.0
20220716:0611,204.27,21.75,10.83,8.07,0.0
20220716:0711,416.88,29.55,11.38,7.93,0.0
20220716:0811,633.1,37.11,11.87,7.86,0.0
20220716:0911,794.88,43.91,12.4,7.66,0.0
20220716:1011,987.94,49.27,12.83,7.59,0.0
20220716:1111,1048.37,52.33,13.04,7.86,0.0
20220716:1211,1069.68,52.43,13.16,7.93,0.0
20220716:1311,989.45,49.54,13.2,7.86,0.0
20220716:1411,841.6,44.3,13.2,7.66,0.0
20220716:1511,653.35,37.57,12.99,7.79,0.0
20220716:1611,435.18,30.04,12.67,8.07,0.0
20220716:1711,227.16,22.25,12.3,7.86,0.0
20220716:1811,84.53,14.6,11.89,7.03,0.0
20220716:1911,30.37,7.44,11.58,6.14,0.0
20220716:2011,0.0,0.0,11.17,5.79,0.0
20220716:2111,0.0,0.0,10.99,5.24,0.0
20220716:2211,0.0,0.0,10.75,4.48,0.0
20220716:2311,0.0,0.0,10.64,4.48,0.0
20220717:0011,0.0,0.0,10.65,4.14,0.0
20220717:0111,0.0,0.0,10.77,3.38,0.0
20220717:0211,0.0,0.0,10.84,3.17,0.0
20220717:0311,0.0,0.0,10.76,2.62,0.0
20220717:0411,5.75,6.85,10.51,2.34,0.0
20220717:0511,78.79,13.97,10.48,1.59,0.0
20220717:0611,58.9,21.6,10.92,1.24,0.0
20220717:0711,212.92,29.4,12.15,1.38,0.0
20220717:0811,125.84,36.95,13.11,2.14,0.0
20220717:0911,177.6,43.75,13.38,2.0,0.0
20220717:1011,118.7,49.1,14.01,1.93,0.0
20220717:1111,162.43,52.16,14.55,2.28,0.0
20220717:1211,212.41,52.26,14.71,2.9,0.0
20220717:1311,134.76,49.39,14.7,2.34,0.0
20220717:1411,169.57,44.16,14.42,1.79,0.0
20220717:1511,132.98,37.44,14.26,2.0,0.0
20220717:1611,60.69,29.91,14.29,1.79,0.0
20220717:1711,54.44,22.12,13.95,1.72,0.0
20220717:1811,29.55,14.47,13.74,1.66,0.0
20220717:1911,12.31,7.31,13.31,2.21,0.0
20220717:2011,0.0,0.0,13.18,2.28,0.0
20220717:2111,0.0,0.0,12.93,2.62,0.0
20220717:2211,0.0,0.0,12.86,2.83,0.0
20220717:2311,0.0,0.0,12.91,2.97,0.0
20220718:0011,0.0,0.0,13.07,3.24,0.0
20220718:0111,0.0,0.0,13.1,3.31,0.0
20220718:0211,0.0,0.0,13.15,3.38,0.0
20220718:0311,0.0,0.0,13.15,3.24,0.0
20220718:0411,11.49,6.69,13.21,3.17,0.0
20220718:0511,26.26,13.82,13.33,3.03,0.0
20220718:0611,101.42,21.45,13.64,3.24,0.0
20220718:0711,205.56,29.24,14.66,2.0,0.0
20220718:0811,400.36,36.8,15.19,2.07,0.0
20220718:0911,462.68,43.59,16.05,2.14,0.0
20220718:1011,386.87,48.93,17.21,2.07,0.0
20220718:1111,536.3,51.99,17.77,2.14,0.0
20220718:1211,712.39,52.1,17.76,2.28,0.0
20220718:1311,845.41,49.23,17.74,2.55,0.0
20220718:1411,497.22,44.02,17.46,2.9,0.0
20220718:1511,469.96,37.3,17.0,2.97,0.0
20220718:1611,316.48,29.78,16.81,2.97,0.0
20220718:1711,142.3,21.99,16.53,2.97,0.0
20220718:1811,57.45,14.33,16.13,2.62,0.0
20220718:1911,36.93,7.17,15.45,1.66,0.0
20220718:2011,0.0,0.0,14.73,1.72,0.0
20220718:2111,0.0,0.0,14.23,1.72,0.0
20220718:2211,0.0,0.0,13.89,1.1,0.0
20220718:2311,0.0,0.0,13.19,0.9,0.0
20220719:0011,0.0,0.0,13.13,1.52,0.0
20220719:0111,0.0,0.0,12.84,2.0,0.0
20220719:0211,0.0,0.0,12.64,2.28,0.0
20220719:0311,0.0,0.0,12.36,2.21,0.0
20220719:0411,4.92,6.53,12.25,2.21,0.0
20220719:0511,43.5,13.66,13.51,2.14,0.0
20220719:0611,195.42,21.29,15.47,1.79,0.0
20220719:0711,375.0,29.09,15.88,3.17,0.0
20220719:0811,544.68,36.64,16.98,3.72,0.0
20220719:0911,763.9,43.42,18.44,4.69,0.0
20220719:1011,906.42,48.76,19.65,5.1,0.0
20220719:1111,961.46,51.81,20.16,5.17,0.0
20220719:1211,956.82,51.92,20.07,5.86,0.0
20220719:1311,900.94,49.06,19.72,6.48,0.0
20220719:1411,785.81,43.87,19.75,6.76,0.0
20220719:1511,525.64,37.16,19.77,6.76,0.0
20220719:1611,361.39,29.64,19.82,6.55,0.0
20220719:1711,187.02,21.85,19.68,6.62,0.0
20220719:1811,83.71,14.19,19.28,6.69,0.0
20220719:1911,36.11,7.02,18.91,6.97,0.0
20220719:2011,0.0,0.0,18.53,7.03,0.0
20220719:2111,0.0,0.0,18.31,6.28,0.0
20220719:2211,0.0,0.0,18.05,6.28,0.0
20220719:2311,0.0,0.0,18.25,7.03,0.0
20220720:0011,0.0,0.0,18.36,7.59,0.0
20220720:0111,0.0,0.0,18.5,7.1,0.0
20220720:0211,0.0,0.0,18.65,7.1,0.0
20220720:0311,0.0,0.0,18.84,7.17,0.0
20220720:0411,32.01,6.36,18.85,7.17,0.0
20220720:0511,70.58,13.49,19.03,6.83,0.0
20220720:0611,181.57,21.13,19.53,7.17,0.0
20220720:0711,394.35,28.92,20.11,7.52,0.0
20220720:0811,471.09,36.47,20.89,8.14,0.0
20220720:0911,631.3,43.25,21.76,7.1,0.0
20220720:1011,543.92,48.58,22.2,6.34,0.0
20220720:1111,525.65,51.63,22.1,6.55,0.0
20220720:1211,640.52,51.74,21.91,6.07,0.0
20220720:1311,448.05,48.89,22.19,4.9,0.0
20220720:1411,672.61,43.71,21.47,3.86,0.0
20220720:1511,560.97,37.01,20.08,1.86,0.0
20220720:1611,364.58,29.5,19.2,1.38,0.0
20220720:1711,127.43,21.71,18.56,2.21,0.0
20220720:1811,14.77,14.05,18.22,1.93,0.0
20220720:1911,9.03,6.87,17.64,4.76,0.0
20220720:2011,0.0,0.0,17.08,3.93,0.0
20220720:2111,0.0,0.0,16.67,4.21,0.0
20220720:2211,0.0,0.0,15.92,6.07,0.0
20220720:2311,0.0,0.0,14.95,6.9,0.0
20220721:0011,0.0,0.0,14.26,6.62,0.0
20220721:0111,0.0,0.0,14.04,6.41,0.0
20220721:0211,0.0,0.0,13.81,6.28,0.0
20220721:0311,0.0,0.0,13.41,6.41,0.0
20220721:0411,18.88,6.19,13.17,6.76,0.0
20220721:0511,18.06,13.33,13.07,7.03,0.0
20220721:0611,95.18,20.97,13.15,7.1,0.0
20220721:0711,234.84,28.76,13.79,7.45,0.0
20220721:0811,429.31,36.3,13.99,7.72,0.0
20220721:0911,437.45,43.08,14.12,8.14,0.0
20220721:1011,491.88,48.39,14.52,8.34,0.0
20220721:1111,739.15,51.44,15.12,8.48,0.0
20220721:1211,706.71,51.55,15.64,8.34,0.0
20220721:1311,638.14,48.72,15.83,8.48,0.0
20220721:1411,705.38,43.54,15.69,8.55,0.0
20220721:1511,573.25,36.85,15.32,8.69,0.0
20220721:1611,426.92,29.35,14.79,8.97,0.0
20220721:1711,222.1,21.56,14.22,9.17,0.0
20220721:1811,61.55,13.9,13.66,9.1,0.0
20220721:1911,33.65,6.71,13.33,8.83,0.0
20220721:2011,0.0,0.0,12.82,9.1,0.0
20220721:2111,0.0,0.0,12.28,9.1,0.0
20220721:2211,0.0,0.0,11.98,9.1,0.0
20220721:2311,0.0,0.0,11.84,8.97,0.0
20220722:0011,0.0,0.0,11.7,8.9,0.0
20220722:0111,0.0,0.0,11.6,9.24,0.0
20220722:0211,0.0,0.0,11.58,9.17,0.0
20220722:0311,0.0,0.0,11.48,8.9,0.0
20220722:0411,31.19,6.01,11.51,8.62,0.0
20220722:0511,68.94,13.15,11.8,8.34,0.0
20220722:0611,174.2,20.8,12.27,8.07,0.0
20220722:0711,376.18,28.59,13.22,7.79,0.0
20220722:0811,554.75,36.13,13.9,7.79,0.0
20220722:0911,795.03,42.9,14.79,7.59,0.0
20220722:1011,949.36,48.21,15.62,7.17,0.0
20220722:1111,1001.58,51.24,16.16,6.69,0.0
20220722:1211,1011.39,51.36,16.6,6.34,0.0
20220722:1311,963.66,48.54,16.63,6.34,0.0
20220722:1411,772.71,43.37,16.26,6.41,0.0
20220722:1511,585.1,36.69,15.67,6.28,0.0
20220722:1611,337.82,29.19,15.51,6.0,0.0
20220722:1711,214.68,21.4,14.91,5.72,0.0
20220722:1811,59.91,13.74,14.29,5.31,0.0
20220722:1911,14.77,6.54,13.57,4.76,0.0
20220722:2011,0.0,0.0,12.98,4.21,0.0
20220722:2111,0.0,0.0,12.52,3.79,0.0
20220722:2211,0.0,0.0,12.23,3.52,0.0
20220722:2311,0.0,0.0,12.0,3.45,0.0
20220723:0011,0.0,0.0,11.87,2.97,0.0
20220723:0111,0.0,0.0,11.95,2.48,0.0
20220723:0211,0.0,0.0,11.95,2.07,0.0
20220723:0311,0.0,0.0,11.93,1.79,0.0
20220723:0411,6.57,5.83,11.97,1.86,0.0
20220723:0511,29.55,12.98,12.16,1.93,0.0
20220723:0611,75.86,20.63,12.33,2.21,0.0
20220723:0711,165.76,28.42,12.26,2.48,0.0
20220723:0811,316.86,35.95,12.47,2.83,0.0
20220723:0911,526.08,42.71,13.02,2.76,0.0
20220723:1011,518.4,48.01,13.28,2.34,0.0
20220723:1111,799.65,51.04,13.6,2.76,0.0
20220723:1211,851.68,51.16,13.7,3.1,0.0
20220723:1311,652.91,48.35,13.64,3.03,0.0
20220723:1411,716.04,43.2,13.98,3.1,0.0
20220723:1511,447.22,36.53,13.92,3.66,0.0
20220723:1611,338.0,29.03,13.8,3.86,0.0
20220723:1711,163.18,21.24,13.36,3.38,0.0
20220723:1811,79.61,13.57,13.06,2.97,0.0
20220723:1911,33.65,6.37,12.19,2.83,0.0
20220723:2011,0.0,0.0,11.87,2.55,0.0
20220723:2111,0.0,0.0,11.58,1.66,0.0
20220723:2211,0.0,0.0,11.09,0.83,0.0
20220723:2311,0.0,0.0,11.63,0.34,0.0
20220724:0011,0.0,0.0,11.42,0.34,0.0
20220724:0111,0.0,0.0,9.88,1.24,0.0
20220724:0211,0.0,0.0,10.78,2.41,0.0
20220724:0311,0.0,0.0,10.87,3.17,0.0
20220724:0411,4.1,5.65,10.9,3.93,0.0
20220724:0511,12.31,12.8,11.63,4.83,0.0
20220724:0611,29.45,20.45,12.2,5.72,0.0
20220724:0711,54.44,28.24,13.09,6.76,0.0
20220724:0811,62.47,35.77,13.73,8.21,0.0
20220724:0911,102.64,42.52,14.17,8.48,0.0
20220724:1011,150.83,47.81,14.51,8.34,0.0
20220724:1111,99.96,50.84,14.84,8.07,0.0
20220724:1211,159.75,50.96,15.25,7.79,0.0
20220724:1311,119.59,48.15,15.35,7.24,0.0
20220724:1411,91.03,43.01,15.54,6.07,0.0
20220724:1511,107.99,36.35,15.83,5.66,0.0
20220724:1611,101.74,28.86,15.76,5.59,0.0
20220724:1711,78.54,21.08,15.55,5.45,0.0
20220724:1811,32.01,13.4,15.39,5.17,0.0
20220724:1911,22.16,6.2,14.97,5.03,0.0
20220724:2011,0.0,0.0,14.68,5.1,0.0
20220724:2111,0.0,0.0,14.52,5.1,0.0
20220724:2211,0.0,0.0,14.52,5.86,0.0
20220724:2311,0.0,0.0,14.6,5.93,0.0
20220725:0011,0.0,0.0,14.76,6.55,0.0
20220725:0111,0.0,0.0,14.42,7.66,0.0
20220725:0211,0.0,0.0,14.49,8.21,0.0
20220725:0311,0.0,0.0,14.75,7.52,0.0
20220725:0411,13.13,5.46,14.73,6.62,0.0
20220725:0511,24.62,12.62,14.93,6.07,0.0
20220725:0611,43.73,20.27,15.02,6.0,0.0
20220725:0711,207.73,28.06,15.59,5.1,0.0
20220725:0811,341.46,35.59,15.96,5.17,0.0
20220725:0911,580.96,42.33,16.15,5.1,0.0
20220725:1011,96.39,47.61,15.68,5.79,0.0
20220725:1111,0.0,0.0,16.18,5.93,0.0
20220725:1211,471.03,50.75,16.13,5.79,0.0
20220725:1311,197.24,47.95,15.64,5.45,0.0
20220725:1411,121.38,42.82,15.87,5.03,0.0
20220725:1511,140.12,36.17,15.26,4.83,0.0
20220725:1611,130.43,28.69,14.8,4.55,0.0
20220725:1711,83.89,20.9,14.0,5.03,0.0
20220725:1811,41.86,13.23,13.38,5.66,0.0
20220725:1911,9.85,6.02,12.98,5.52,0.0
20220725:2011,0.0,0.0,12.52,6.34,0.0
20220725:2111,0.0,0.0,12.11,6.76,0.0
20220725:2211,0.0,0.0,11.76,7.38,0.0
20220725:2311,0.0,0.0,11.47,8.21,0.0
20220726:0011,0.0,0.0,11.17,8.62,0.0
20220726:0111,0.0,0.0,10.84,8.97,0.0
20220726:0211,0.0,0.0,10.64,8.97,0.0
20220726:0311,0.0,0.0,10.47,8.9,0.0
20220726:0411,4.1,5.27,10.4,9.31,0.0
20220726:0511,19.7,12.43,10.3,9.66,0.0
20220726:0611,65.15,20.09,10.22,9.86,0.0
20220726:0711,146.72,27.88,10.81,9.24,0.0
20220726:0811,318.1,35.4,10.79,9.24,0.0
20220726:0911,241.32,42.14,10.82,8.97,0.0
20220726:1011,261.87,47.4,10.87,9.45,0.0
20220726:1111,294.05,50.41,10.78,9.66,0.0
20220726:1211,417.44,50.53,10.79,9.93,0.0
20220726:1311,410.01,47.74,10.75,10.21,0.0
20220726:1411,166.89,42.63,10.93,10.0,0.0
20220726:1511,146.37,35.99,11.04,10.21,0.0
20220726:1611,86.57,28.51,10.95,10.48,0.0
20220726:1711,85.68,20.72,11.07,10.83,0.0
20220726:1811,27.9,13.04,11.11,10.41,0.0
20220726:1911,9.03,5.83,10.9,9.79,0.0
20220726:2011,0.0,0.0,10.86,9.66,0.0
20220726:2111,0.0,0.0,10.84,9.52,0.0
20220726:2211,0.0,0.0,10.76,9.38,0.0
20220726:2311,0.0,0.0,10.74,9.31,0.0
20220727:0011,0.0,0.0,10.62,9.17,0.0
20220727:0111,0.0,0.0,10.68,8.97,0.0
20220727:0211,0.0,0.0,10.58,8.83,0.0
20220727:0311,0.0,0.0,10.48,8.76,0.0
20220727:0411,4.1,5.08,10.48,8.55,0.0
20220727:0511,45.14,12.24,10.63,8.62,0.0
20220727:0611,109.45,19.9,10.9,8.55,0.0
20220727:0711,218.66,27.69,11.05,8.69,0.0
20220727:0811,341.15,35.21,11.54,8.48,0.0
20220727:0911,719.01,41.93,11.87,8.34,0.0
20220727:1011,847.8,47.19,12.03,7.93,0.0
20220727:1111,519.93,50.19,12.47,7.93,0.0
20220727:1211,695.0,50.31,12.57,8.0,0.0
20220727:1311,621.06,47.53,12.53,8.14,0.0
20220727:1411,650.94,42.43,12.42,8.07,0.0
20220727:1511,576.15,35.8,12.3,7.86,0.0
20220727:1611,385.51,28.32,12.22,7.59,0.0
20220727:1711,211.54,20.54,11.95,7.1,0.0
20220727:1811,57.45,12.85,11.75,7.17,0.0
20220727:1911,29.55,5.63,10.81,7.1,0.0
20220727:2011,0.0,0.0,10.44,7.03,0.0
20220727:2111,0.0,0.0,10.25,7.03,0.0
20220727:2211,0.0,0.0,10.18,6.9,0.0
20220727:2311,0.0,0.0,9.98,6.69,0.0
20220728:0011,0.0,0.0,9.91,6.41,0.0
20220728:0111,0.0,0.0,9.85,6.14,0.0
20220728:0211,0.0,0.0,9.75,5.93,0.0
20220728:0311,0.0,0.0,9.61,5.86,0.0
20220728:0411,24.62,4.88,9.55,5.59,0.0
20220728:0511,63.2,12.05,9.89,5.1,0.0
20220728:0611,198.56,19.71,10.7,4.55,0.0
20220728:0711,420.64,27.5,11.98,4.48,0.0
20220728:0811,630.36,35.02,13.04,4.28,0.0
20220728:0911,823.83,41.73,14.1,4.14,0.0
20220728:1011,943.49,46.98,14.93,4.0,0.0
20220728:1111,1009.52,49.96,15.48,4.07,0.0
20220728:1211,1063.97,50.09,15.85,4.07,0.0
20220728:1311,971.15,47.31,15.87,4.41,0.0
20220728:1411,838.86,42.22,15.6,4.34,0.0
20220728:1511,635.76,35.6,15.12,4.0,0.0
20220728:1611,428.13,28.13,15.28,3.66,0.0
20220728:1711,217.51,20.35,15.07,3.38,0.0
20220728:1811,50.88,12.66,14.68,2.9,0.0
20220728:1911,25.44,5.43,13.95,2.14,0.0
20220728:2011,0.0,0.0,13.34,1.86,0.0
20220728:2111,0.0,0.0,12.84,1.38,0.0
20220728:2211,0.0,0.0,12.23,0.83,0.0
20220728:2311,0.0,0.0,12.42,0.48,0.0
20220729:0011,0.0,0.0,12.04,0.62,0.0
20220729:0111,0.0,0.0,11.16,0.83,0.0
20220729:0211,0.0,0.0,10.26,0.97,0.0
20220729:0311,0.0,0.0,8.53,1.31,0.0
20220729:0411,4.92,4.68,8.41,1.79,0.0
20220729:0511,45.14,11.86,10.08,2.14,0.0
20220729:0611,112.46,19.52,11.47,2.28,0.0
20220729:0711,252.01,27.31,12.61,2.9,0.0
20220729:0811,538.44,34.82,13.39,3.52,0.0
20220729:0911,722.47,41.52,14.2,3.52,0.0
20220729:1011,879.26,46.76,14.94,3.79,0.0
20220729:1111,960.34,49.73,15.47,4.07,0.0
20220729:1211,973.96,49.85,15.9,4.48,0.0
20220729:1311,937.38,47.09,15.57,4.69,0.0
20220729:1411,825.73,42.01,15.13,4.34,0.0
20220729:1511,616.13,35.39,14.86,3.59,0.0
20220729:1611,419.04,27.93,14.67,2.76,0.0
20220729:1711,210.25,20.15,14.38,2.0,0.0
20220729:1811,73.87,12.46,13.85,1.1,0.0
20220729:1911,27.08,5.23,13.25,0.48,0.0
20220729:2011,0.0,0.0,12.63,0.83,0.0
20220729:2111,0.0,0.0,12.0,1.17,0.0
20220729:2211,0.0,0.0,11.21,1.24,0.0
20220729:2311,0.0,0.0,10.73,1.17,0.0
20220730:0011,0.0,0.0,10.28,1.38,0.0
20220730:0111,0.0,0.0,9.8,1.66,0.0
20220730:0211,0.0,0.0,10.38,2.0,0.0
20220730:0311,0.0,0.0,10.51,1.93,0.0
20220730:0411,6.57,4.47,9.57,1.93,0.0
20220730:0511,49.24,11.66,11.88,2.34,0.0
20220730:0611,156.81,19.33,12.84,2.69,0.0
20220730:0711,248.78,27.12,13.69,4.07,0.0
20220730:0811,391.38,34.62,14.12,4.9,0.0
20220730:0911,683.51,41.31,14.74,5.24,0.0
20220730:1011,537.86,46.53,15.5,5.59,0.0
20220730:1111,832.61,49.5,15.77,5.86,0.0
20220730:1211,615.12,49.62,15.6,6.0,0.0
20220730:1311,561.15,46.86,15.65,6.28,0.0
20220730:1411,408.2,41.79,15.78,6.14,0.0
20220730:1511,173.0,35.19,15.69,5.79,0.0
20220730:1611,210.11,27.73,15.42,5.17,0.0
20220730:1711,191.22,19.95,15.37,4.83,0.0
20220730:1811,68.12,12.26,15.28,4.76,0.0
20220730:1911,22.16,5.02,14.88,4.34,0.0
20220730:2011,0.0,0.0,14.6,4.48,0.0
20220730:2111,0.0,0.0,14.4,4.62,0.0
20220730:2211,0.0,0.0,14.3,4.55,0.0
20220730:2311,0.0,0.0,14.28,4.55,0.0
20220731:0011,0.0,0.0,14.23,4.9,0.0
20220731:0111,0.0,0.0,14.04,4.9,0.0
20220731:0211,0.0,0.0,13.98,4.83,0.0
20220731:0311,0.0,0.0,13.91,4.48,0.0
20220731:0411,3.28,4.26,13.84,4.48,0.0
20220731:0511,10.67,11.46,13.96,4.62,0.0
20220731:0611,31.24,19.13,14.14,4.34,0.0
20220731:0711,120.62,26.92,14.26,1.24,0.0
20220731:0811,88.36,34.41,14.72,0.07,0.0
20220731:0911,141.01,41.1,14.79,0.83,0.0
20220731:1011,161.54,46.3,14.89,2.0,0.0
20220731:1111,105.31,49.26,15.15,2.83,0.0
20220731:1211,103.53,49.37,15.2,3.45,0.0
20220731:1311,141.9,46.62,15.05,4.55,0.0
20220731:1411,330.87,41.57,14.36,5.86,0.0
20220731:1511,528.14,34.97,14.13,5.79,0.0
20220731:1611,394.93,27.52,13.9,5.93,0.0
20220731:1711,194.08,19.74,13.61,6.28,0.0
20220731:1811,60.73,12.04,13.13,6.76,0.0
20220731:1911,24.62,4.8,12.99,6.69,0.0
20220731:2011,0.0,0.0,12.36,6.48,0.0
20220731:2111,0.0,0.0,11.94,6.41,0.0
20220731:2211,0.0,0.0,11.66,6.62,0.0
20220731:2311,0.0,0.0,11.38,6.9,0.0
20220801:0011,0.0,0.0,11.26,7.03,0.0
20220801:0111,0.0,0.0,11.13,7.1,0.0
20220801:0211,0.0,0.0,10.97,7.24,0.0
20220801:0311,0.0,0.0,10.87,7.24,0.0
20220801:0411,5.75,4.05,10.89,7.24,0.0
20220801:0511,62.38,11.25,11.0,7.1,0.0
20220801:0611,180.62,18.93,11.26,7.1,0.0
20220801:0711,395.32,26.72,11.98,6.97,0.0
20220801:0811,530.34,34.2,12.38,6.97,0.0
20220801:0911,702.56,40.88,12.84,6.69,0.0
20220801:1011,926.32,46.07,13.16,6.62,0.0
20220801:1111,982.94,49.01,13.45,6.62,0.0
20220801:1211,1001.37,49.13,13.64,6.55,0.0
20220801:1311,967.68,46.38,13.8,6.41,0.0
20220801:1411,839.36,41.34,13.81,6.21,0.0
20220801:1511,634.7,34.75,13.72,5.79,0.0
20220801:1611,429.84,27.3,13.57,5.1,0.0
20220801:1711,213.31,19.52,13.34,4.28,0.0
20220801:1811,64.84,11.83,12.99,3.24,0.0
20220801:1911,13.95,4.58,12.12,2.28,0.0
20220801:2011,0.0,0.0,11.64,1.31,0.0
20220801:2111,0.0,0.0,11.42,0.97,0.0
20220801:2211,0.0,0.0,11.64,1.17,0.0
20220801:2311,0.0,0.0,11.94,2.48,0.0
20220802:0011,0.0,0.0,11.8,3.45,0.0
20220802:0111,0.0,0.0,11.68,4.14,0.0
20220802:0211,0.0,0.0,11.92,5.17,0.0
20220802:0311,0.0,0.0,12.32,5.93,0.0
20220802:0411,15.59,3.84,12.64,6.62,0.0
20220802:0511,9.85,11.05,12.88,7.38,0.0
20220802:0611,21.42,18.72,13.26,8.48,0.0
20220802:0711,45.52,26.51,13.36,8.9,0.0
20220802:0811,68.72,33.99,13.69,9.59,0.0
20220802:0911,85.68,40.65,13.85,9.72,0.0
20220802:1011,112.45,45.83,14.1,9.52,0.0
20220802:1111,90.14,48.76,13.66,9.03,0.0
20220802:1211,157.97,48.87,14.11,7.93,0.0
20220802:1311,126.73,46.14,14.71,5.72,0.0
20220802:1411,73.18,41.1,15.29,4.62,0.0
20220802:1511,50.87,34.52,15.51,4.69,0.0
20220802:1611,118.7,27.08,15.86,5.38,0.0
20220802:1711,103.49,19.31,16.15,5.66,0.0
20220802:1811,26.26,11.61,16.21,4.76,0.0
20220802:1911,3.28,4.35,15.98,4.97,0.0
20220802:2011,0.0,0.0,15.8,4.83,0.0
20220802:2111,0.0,0.0,15.64,4.83,0.0
20220802:2211,0.0,0.0,15.69,4.9,0.0
20220802:2311,0.0,0.0,15.67,4.9,0.0
20220803:0011,0.0,0.0,15.63,4.97,0.0
20220803:0111,0.0,0.0,15.59,4.97,0.0
20220803:0211,0.0,0.0,15.58,5.03,0.0
20220803:0311,0.0,0.0,15.57,5.17,0.0
20220803:0411,2.46,3.62,15.58,5.31,0.0
20220803:0511,28.73,10.84,15.67,5.59,0.0
20220803:0611,47.3,18.52,15.87,5.72,0.0
20220803:0711,107.1,26.3,16.28,6.0,0.0
20220803:0811,107.99,33.78,15.74,6.21,0.0
20220803:0911,473.69,40.43,16.34,5.17,0.0
20220803:1011,296.99,45.59,16.72,4.55,0.0
20220803:1111,649.63,48.51,16.87,4.62,0.0
20220803:1211,873.06,48.62,17.17,5.03,0.0
20220803:1311,821.64,45.88,17.12,5.1,0.0
20220803:1411,78.54,40.86,16.69,5.24,0.0
20220803:1511,316.87,34.29,15.99,5.59,0.0
20220803:1611,369.87,26.86,15.71,4.41,0.0
20220803:1711,109.3,19.08,15.5,4.34,0.0
20220803:1811,36.11,11.38,15.4,4.55,0.0
20220803:1911,4.92,4.12,14.93,4.97,0.0
20220803:2011,0.0,0.0,14.71,4.48,0.0
20220803:2111,0.0,0.0,14.61,4.21,0.0
20220803:2211,0.0,0.0,14.54,4.0,0.0
20220803:2311,0.0,0.0,14.47,4.14,0.0
20220804:0011,0.0,0.0,14.41,4.07,0.0
20220804:0111,0.0,0.0,14.48,4.41,0.0
20220804:0211,0.0,0.0,14.31,4.48,0.0
20220804:0311,0.0,0.0,14.33,4.62,0.0
20220804:0411,2.46,3.4,14.35,4.76,0.0
20220804:0511,17.24,10.62,14.58,5.52,0.0
20220804:0611,40.16,18.31,14.96,5.66,0.0
20220804:0711,195.76,26.09,15.3,5.45,0.0
20220804:0811,427.62,33.56,15.9,5.31,0.0
20220804:0911,302.61,40.2,16.3,5.86,0.0
20220804:1011,279.56,45.34,15.75,5.1,0.0
20220804:1111,288.22,48.25,16.24,4.28,0.0
20220804:1211,132.09,48.35,16.27,3.03,0.0
20220804:1311,345.3,45.63,15.91,2.62,0.0
20220804:1411,259.65,40.61,15.87,3.17,0.0
20220804:1511,141.01,34.05,15.03,4.14,0.0
20220804:1611,240.92,26.63,14.22,4.69,0.0
20220804:1711,179.28,18.85,13.44,5.03,0.0
20220804:1811,61.55,11.14,12.97,4.9,0.0
20220804:1911,18.06,3.88,12.7,4.55,0.0
20220804:2011,0.0,0.0,12.35,4.62,0.0
20220804:2111,0.0,0.0,12.06,4.55,0.0
20220804:2211,0.0,0.0,11.86,4.41,0.0
20220804:2311,0.0,0.0,11.71,4.28,0.0
20220805:0011,0.0,0.0,11.53,3.86,0.0
20220805:0111,0.0,0.0,11.25,3.66,0.0
20220805:0211,0.0,0.0,11.03,3.66,0.0
20220805:0311,0.0,0.0,10.81,3.72,0.0
20220805:0411,1.64,3.17,10.63,3.72,0.0
20220805:0511,33.65,10.41,10.87,3.45,0.0
20220805:0611,168.44,18.1,11.36,3.79,0.0
20220805:0711,314.74,25.88,11.8,3.31,0.0
20220805:0811,388.28,33.34,12.23,3.59,0.0
20220805:0911,665.98,39.96,12.73,4.48,0.0
20220805:1011,822.75,45.1,13.07,5.17,0.0
20220805:1111,885.44,47.99,13.2,5.59,0.0
20220805:1211,564.06,48.09,13.3,6.0,0.0
20220805:1311,605.58,45.36,13.31,6.14,0.0
20220805:1411,480.26,40.36,13.11,6.41,0.0
20220805:1511,479.76,33.81,13.05,6.28,0.0
20220805:1611,279.63,26.39,12.9,6.28,0.0
20220805:1711,168.14,18.61,12.64,6.28,0.0
20220805:1811,57.45,10.91,12.3,6.28,0.0
20220805:1911,17.24,3.63,11.99,5.59,0.0
20220805:2011,0.0,0.0,11.54,5.72,0.0
20220805:2111,0.0,0.0,11.26,5.86,0.0
20220805:2211,0.0,0.0,11.11,5.86,0.0
20220805:2311,0.0,0.0,10.94,5.66,0.0
20220806:0011,0.0,0.0,10.99,5.38,0.0
20220806:0111,0.0,0.0,10.95,5.31,0.0
20220806:0211,0.0,0.0,11.06,5.31,0.0
20220806:0311,0.0,0.0,11.21,6.0,0.0
20220806:0411,9.85,2.95,11.01,6.9,0.0
20220806:0511,9.85,10.19,10.8,7.31,0.0
20220806:0611,71.4,17.88,10.97,6.76,0.0
20220806:0711,140.91,25.66,11.15,6.21,0.0
20220806:0811,265.16,33.12,11.52,5.72,0.0
20220806:0911,708.52,39.73,12.04,5.72,0.0
20220806:1011,813.45,44.84,12.35,5.93,0.0
20220806:1111,896.89,47.72,12.68,5.79,0.0
20220806:1211,870.99,47.81,12.98,5.59,0.0
20220806:1311,617.84,45.1,13.16,5.59,0.0
20220806:1411,212.87,40.1,13.26,5.24,0.0
20220806:1511,129.41,33.56,13.14,4.83,0.0
20220806:1611,147.24,26.15,13.07,4.62,0.0
20220806:1711,130.9,18.37,12.94,4.21,0.0
20220806:1811,37.75,10.66,12.55,3.66,0.0
20220806:1911,6.57,3.38,12.59,3.24,0.0
20220806:2011,0.0,0.0,12.28,2.83,0.0
20220806:2111,0.0,0.0,12.17,3.1,0.0
20220806:2211,0.0,0.0,12.22,3.45,0.0
20220806:2311,0.0,0.0,12.2,3.72,0.0
20220807:0011,0.0,0.0,12.02,3.93,0.0
20220807:0111,0.0,0.0,12.09,4.0,0.0
20220807:0211,0.0,0.0,12.0,3.93,0.0
20220807:0311,0.0,0.0,12.01,3.79,0.0
20220807:0411,4.92,2.72,12.17,3.72,0.0
20220807:0511,11.49,9.97,12.45,3.45,0.0
20220807:0611,26.77,17.67,12.62,3.52,0.0
20220807:0711,58.9,25.44,13.27,4.14,0.0
20220807:0811,98.17,32.89,13.52,4.34,0.0
20220807:0911,92.82,39.49,13.57,4.62,0.0
20220807:1011,74.97,44.59,13.74,4.41,0.0
20220807:1111,108.88,47.45,13.95,4.21,0.0
20220807:1211,120.48,47.54,14.14,4.34,0.0
20220807:1311,166.89,44.82,14.22,4.41,0.0
20220807:1411,86.57,39.84,14.47,4.76,0.0
20220807:1511,261.19,33.31,14.38,4.21,0.0
20220807:1611,113.35,25.9,14.13,3.66,0.0
20220807:1711,74.08,18.13,14.07,3.31,0.0
20220807:1811,54.99,10.41,13.79,3.59,0.0
20220807:1911,5.75,3.13,13.43,3.24,0.0
20220807:2011,0.0,0.0,13.18,2.97,0.0
20220807:2111,0.0,0.0,12.87,2.9,0.0
20220807:2211,0.0,0.0,12.69,2.83,0.0
20220807:2311,0.0,0.0,12.51,2.76,0.0
20220808:0011,0.0,0.0,12.33,2.9,0.0
20220808:0111,0.0,0.0,12.29,3.1,0.0
20220808:0211,0.0,0.0,12.06,3.31,0.0
20220808:0311,0.0,0.0,11.89,3.24,0.0
20220808:0411,1.64,2.49,11.85,3.17,0.0
20220808:0511,11.49,9.74,11.97,3.17,0.0
20220808:0611,155.92,17.45,12.33,3.66,0.0
20220808:0711,277.2,25.22,12.78,3.72,0.0
20220808:0811,443.21,32.66,13.36,3.86,0.0
20220808:0911,502.43,39.25,13.78,3.66,0.0
20220808:1011,270.35,44.33,14.39,3.45,0.0
20220808:1111,650.83,47.17,15.01,3.03,0.0
20220808:1211,590.66,47.25,15.23,2.76,0.0
20220808:1311,730.34,44.55,15.53,2.69,0.0
20220808:1411,735.97,39.57,15.89,2.9,0.0
20220808:1511,593.46,33.05,15.8,3.24,0.0
20220808:1611,399.0,25.64,15.7,3.45,0.0
20220808:1711,188.31,17.87,15.36,3.31,0.0
20220808:1811,55.81,10.16,14.92,3.1,0.0
20220808:1911,10.67,2.87,14.22,3.17,0.0
20220808:2011,0.0,0.0,13.7,3.17,0.0
20220808:2111,0.0,0.0,13.4,3.17,0.0
20220808:2211,0.0,0.0,13.24,2.9,0.0
20220808:2311,0.0,0.0,13.09,2.41,0.0
20220809:0011,0.0,0.0,13.02,2.14,0.0
20220809:0111,0.0,0.0,13.0,2.34,0.0
20220809:0211,0.0,0.0,13.0,2.62,0.0
20220809:0311,0.0,0.0,12.97,2.34,0.0
20220809:0411,0.82,2.25,12.86,1.93,0.0
20220809:0511,23.8,9.52,12.93,1.66,0.0
20220809:0611,153.12,17.22,13.67,1.38,0.0
20220809:0711,358.58,25.0,14.07,0.69,0.0
20220809:0811,584.54,32.43,15.02,0.69,0.0
20220809:0911,614.28,39.0,15.87,1.1,0.0
20220809:1011,643.73,44.06,16.31,1.45,0.0
20220809:1111,841.7,46.89,16.75,1.66,0.0
20220809:1211,609.69,46.97,17.06,2.62,0.0
20220809:1311,867.7,44.26,16.87,2.9,0.0
20220809:1411,698.87,39.3,16.71,2.48,0.0
20220809:1511,575.92,32.79,16.66,2.41,0.0
20220809:1611,292.68,25.39,16.43,2.14,0.0
20220809:1711,88.85,17.62,16.0,1.86,0.0
20220809:1811,31.19,9.9,15.53,1.45,0.0
20220809:1911,1.64,2.6,15.16,0.97,0.0
20220809:2011,0.0,0.0,14.77,1.17,0.0
20220809:2111,0.0,0.0,14.55,1.38,0.0
20220809:2211,0.0,0.0,14.3,1.52,0.0
20220809:2311,0.0,0.0,14.13,1.86,0.0
20220810:0011,0.0,0.0,13.94,2.0,0.0
20220810:0111,0.0,0.0,13.4,1.93,0.0
20220810:0211,0.0,0.0,13.12,1.79,0.0
20220810:0311,0.0,0.0,12.92,1.79,0.0
20220810:0411,1.64,2.02,12.79,1.86,0.0
20220810:0511,50.88,9.29,13.08,2.0,0.0
20220810:0611,106.63,17.0,14.14,2.28,0.0
20220810:0711,306.42,24.77,15.57,3.79,0.0
20220810:0811,390.4,32.2,16.48,3.66,0.0
20220810:0911,502.24,38.75,17.37,3.79,0.0
20220810:1011,587.94,43.79,17.88,4.14,0.0
20220810:1111,657.92,46.61,18.03,4.21,0.0
20220810:1211,646.04,46.68,18.22,4.28,0.0
20220810:1311,611.1,43.98,18.24,4.14,0.0
20220810:1411,502.74,39.02,18.15,3.86,0.0
20220810:1511,469.76,32.52,18.0,3.72,0.0
20220810:1611,344.31,25.12,17.76,3.24,0.0
20220810:1711,177.98,17.36,17.4,2.55,0.0
20220810:1811,50.88,9.64,16.99,2.41,0.0
20220810:1911,9.03,2.33,16.43,2.62,0.0
20220810:2011,0.0,0.0,15.86,2.62,0.0
20220810:2111,0.0,0.0,15.53,2.69,0.0
20220810:2211,0.0,0.0,15.4,2.62,0.0
20220810:2311,0.0,0.0,15.29,2.55,0.0
20220811:0011,0.0,0.0,15.17,2.14,0.0
20220811:0111,0.0,0.0,14.76,1.66,0.0
20220811:0211,0.0,0.0,14.17,1.72,0.0
20220811:0311,0.0,0.0,13.84,1.59,0.0
20220811:0411,0.82,1.78,14.01,1.45,0.0
20220811:0511,48.42,9.06,14.4,1.52,0.0
20220811:0611,175.36,16.77,15.19,1.79,0.0
20220811:0711,354.82,24.55,15.76,2.83,0.0
20220811:0811,569.36,31.96,16.5,2.97,0.0
20220811:0911,767.2,38.5,17.42,3.24,0.0
20220811:1011,836.49,43.52,18.04,3.79,0.0
20220811:1111,820.72,46.32,18.46,4.34,0.0
20220811:1211,683.03,46.38,18.58,4.41,0.0
20220811:1311,712.55,43.68,18.61,4.28,0.0
20220811:1411,683.46,38.74,18.53,4.14,0.0
20220811:1511,504.34,32.24,18.33,4.0,0.0
20220811:1611,294.16,24.85,17.96,3.66,0.0
20220811:1711,180.31,17.09,17.53,3.38,0.0
20220811:1811,49.24,9.37,17.04,3.1,0.0
20220811:1911,1.64,2.06,16.44,2.21,0.0
20220811:2011,0.0,0.0,15.95,1.86,0.0
20220811:2111,0.0,0.0,15.5,1.31,0.0
20220811:2211,0.0,0.0,14.52,1.1,0.0
20220811:2311,0.0,0.0,13.98,0.97,0.0
20220812:0011,0.0,0.0,13.13,1.24,0.0
20220812:0111,0.0,0.0,12.65,1.31,0.0
20220812:0211,0.0,0.0,12.59,1.17,0.0
20220812:0311,0.0,0.0,13.55,0.97,0.0
20220812:0411,0.82,1.54,14.28,0.55,0.0
20220812:0511,16.41,8.83,14.44,0.34,0.0
20220812:0611,75.65,16.54,14.95,0.21,0.0
20220812:0711,192.28,24.31,14.8,0.34,0.0
20220812:0811,459.16,31.72,15.7,0.48,0.0
20220812:0911,742.42,38.24,16.49,0.69,0.0
20220812:1011,849.72,43.25,17.18,1.1,0.0
20220812:1111,940.41,46.03,17.73,1.72,0.0
20220812:1211,910.93,46.08,18.09,2.0,0.0
20220812:1311,884.49,43.39,18.25,2.07,0.0
20220812:1411,775.28,38.45,18.3,2.28,0.0
20220812:1511,629.14,31.96,18.16,2.55,0.0
20220812:1611,388.2,24.58,17.86,2.62,0.0
20220812:1711,183.18,16.82,17.46,2.55,0.0
20220812:1811,44.32,9.09,16.9,2.48,0.0
20220812:1911,2.46,1.78,16.45,2.76,0.0
20220812:2011,0.0,0.0,15.79,2.83,0.0
20220812:2111,0.0,0.0,15.38,2.76,0.0
20220812:2211,0.0,0.0,15.15,2.55,0.0
20220812:2311,0.0,0.0,14.92,2.48,0.0
20220813:0011,0.0,0.0,14.71,2.62,0.0
20220813:0111,0.0,0.0,14.44,2.76,0.0
20220813:0211,0.0,0.0,14.29,2.83,0.0
20220813:0311,0.0,0.0,14.17,3.03,0.0
20220813:0411,0.0,0.0,14.05,3.17,0.0
20220813:0511,47.6,8.59,14.12,2.97,0.0
20220813:0611,160.35,16.31,14.73,2.48,0.0
20220813:0711,294.37,24.08,15.77,1.79,0.0
20220813:0811,588.06,31.48,16.88,2.07,0.0
20220813:0911,769.48,37.98,17.91,2.28,0.0
20220813:1011,888.46,42.97,18.74,2.28,0.0
20220813:1111,993.63,45.74,19.34,2.34,0.0
20220813:1211,959.17,45.78,19.79,2.34,0.0
20220813:1311,906.43,43.09,20.03,2.48,0.0
20220813:1411,781.49,38.15,20.07,2.55,0.0
20220813:1511,612.35,31.68,19.89,2.55,0.0
20220813:1611,391.2,24.3,19.58,2.41,0.0
20220813:1711,182.76,16.54,19.1,2.14,0.0
20220813:1811,44.32,8.81,18.39,1.79,0.0
20220813:1911,2.46,1.49,17.83,2.21,0.0
20220813:2011,0.0,0.0,17.27,2.34,0.0
20220813:2111,0.0,0.0,16.84,2.28,0.0
20220813:2211,0.0,0.0,16.4,1.86,0.0
20220813:2311,0.0,0.0,15.91,1.52,0.0
20220814:0011,0.0,0.0,15.58,1.45,0.0
20220814:0111,0.0,0.0,15.17,1.45,0.0
20220814:0211,0.0,0.0,15.1,1.66,0.0
20220814:0311,0.0,0.0,13.59,1.93,0.0
20220814:0411,0.0,0.0,13.68,2.14,0.0
20220814:0511,45.96,8.36,14.35,2.28,0.0
20220814:0611,168.23,16.08,15.99,2.14,0.0
20220814:0711,383.46,23.85,17.76,2.21,0.0
20220814:0811,582.76,31.23,19.29,2.83,0.0
20220814:0911,769.33,37.72,20.5,3.45,0.0
20220814:1011,895.76,42.69,21.41,3.79,0.0
20220814:1111,951.57,45.44,22.08,3.93,0.0
20220814:1211,869.78,45.47,22.35,4.28,0.0
20220814:1311,861.55,42.78,22.29,4.07,0.0
20220814:1411,502.59,37.86,22.32,3.72,0.0
20220814:1511,270.12,31.39,22.3,3.45,0.0
20220814:1611,293.12,24.02,22.01,2.9,0.0
20220814:1711,147.18,16.26,21.28,2.41,0.0
20220814:1811,48.42,8.53,20.33,2.21,0.0
20220814:1911,0.82,1.21,19.09,3.24,0.0
20220814:2011,0.0,0.0,18.82,2.9,0.0
20220814:2111,0.0,0.0,18.5,3.59,0.0
20220814:2211,0.0,0.0,18.35,4.69,0.0
20220814:2311,0.0,0.0,17.75,5.03,0.0
20220815:0011,0.0,0.0,17.48,4.76,0.0
20220815:0111,0.0,0.0,17.48,4.9,0.0
20220815:0211,0.0,0.0,17.59,5.38,0.0
20220815:0311,0.0,0.0,17.79,5.59,0.0
20220815:0411,0.0,0.0,17.98,5.38,0.0
20220815:0511,8.21,8.12,18.14,5.45,0.0
20220815:0611,75.5,15.85,18.58,5.1,0.0
20220815:0711,257.48,23.61,19.01,5.79,0.0
20220815:0811,495.29,30.98,19.87,6.14,0.0
20220815:0911,466.64,37.46,20.51,6.76,0.0
20220815:1011,499.77,42.41,20.36,6.48,0.0
20220815:1111,273.23,45.13,20.44,5.59,0.0
20220815:1211,699.01,45.16,21.22,5.59,0.0
20220815:1311,414.11,42.47,21.32,4.83,0.0
20220815:1411,81.22,37.55,21.9,5.03,0.0
20220815:1511,50.87,31.1,21.63,4.07,0.0
20220815:1611,183.76,23.73,21.18,3.79,0.0
20220815:1711,99.35,15.97,20.64,3.52,0.0
20220815:1811,38.57,8.24,19.82,2.69,0.0
20220815:1911,0.0,0.0,19.76,1.86,0.0
20220815:2011,0.0,0.0,19.11,1.86,0.0
20220815:2111,0.0,0.0,18.67,2.14,0.0
20220815:2211,0.0,0.0,18.16,2.62,0.0
20220815:2311,0.0,0.0,18.29,2.76,0.0
20220816:0011,0.0,0.0,18.6,3.24,0.0
20220816:0111,0.0,0.0,18.53,3.59,0.0
20220816:0211,0.0,0.0,18.48,3.79,0.0
20220816:0311,0.0,0.0,18.41,4.0,0.0
20220816:0411,0.0,0.0,18.54,4.14,0.0
20220816:0511,34.47,7.88,18.57,4.28,0.0
20220816:0611,67.66,15.61,18.9,4.62,0.0
20220816:0711,95.5,23.37,18.79,2.14,0.0
20220816:0811,58.01,30.73,19.72,2.76,0.0
20220816:0911,88.36,37.19,20.09,2.83,0.0
20220816:1011,110.67,42.12,20.41,2.76,0.0
20220816:1111,106.21,44.83,20.22,2.62,0.0
20220816:1211,91.93,44.84,19.75,2.14,0.0
20220816:1311,73.18,42.15,18.79,2.28,0.0
20220816:1411,165.73,37.25,18.19,1.93,0.0
20220816:1511,271.4,30.8,17.97,1.79,0.0
20220816:1611,59.8,23.44,18.06,1.93,0.0
20220816:1711,51.76,15.68,17.86,2.14,0.0
20220816:1811,19.7,7.95,17.63,2.28,0.0
20220816:1911,0.0,0.0,17.19,1.1,0.0
20220816:2011,0.0,0.0,16.86,1.17,0.0
20220816:2111,0.0,0.0,16.66,2.0,0.0
20220816:2211,0.0,0.0,16.32,2.69,0.0
20220816:2311,0.0,0.0,15.99,3.1,0.0
20220817:0011,0.0,0.0,15.59,3.72,0.0
20220817:0111,0.0,0.0,15.33,4.34,0.0
20220817:0211,0.0,0.0,14.94,4.76,0.0
20220817:0311,0.0,0.0,14.6,5.03,0.0
20220817:0411,0.0,0.0,14.36,5.45,0.0
20220817:0511,6.57,7.63,14.19,5.86,0.0
20220817:0611,73.03,15.37,13.97,6.28,0.0
20220817:0711,225.72,23.13,14.32,6.14,0.0
20220817:0811,177.31,30.48,14.24,6.0,0.0
20220817:0911,294.58,36.92,14.21,6.48,0.0
20220817:1011,349.51,41.83,14.13,7.17,0.0
20220817:1111,513.35,44.52,14.53,7.66,0.0
20220817:1211,477.66,44.52,14.91,7.59,0.0
20220817:1311,469.22,41.84,14.8,7.1,0.0
20220817:1411,323.06,36.94,14.77,7.24,0.0
20220817:1511,274.76,30.5,14.63,7.24,0.0
20220817:1611,214.62,23.14,14.43,6.83,0.0
20220817:1711,109.84,15.39,14.24,6.55,0.0
20220817:1811,42.68,7.65,13.84,6.28,0.0
20220817:1911,0.0,0.0,12.79,6.28,0.0
20220817:2011,0.0,0.0,12.37,6.07,0.0
20220817:2111,0.0,0.0,12.19,5.66,0.0
20220817:2211,0.0,0.0,11.98,4.9,0.0
20220817:2311,0.0,0.0,11.8,4.69,0.0
20220818:0011,0.0,0.0,11.5,4.62,0.0
20220818:0111,0.0,0.0,11.3,4.48,0.0
20220818:0211,0.0,0.0,11.22,4.21,0.0
20220818:0311,0.0,0.0,11.07,4.07,0.0
20220818:0411,0.0,0.0,10.96,4.07,0.0
20220818:0511,40.22,7.39,10.86,3.79,0.0
20220818:0611,105.98,15.13,11.28,3.66,0.0
20220818:0711,173.95,22.88,12.39,3.31,0.0
20220818:0811,186.59,30.23,12.9,3.24,0.0
20220818:0911,301.92,36.65,13.46,2.69,0.0
20220818:1011,430.13,41.53,14.0,2.07,0.0
20220818:1111,616.17,44.2,14.58,2.28,0.0
20220818:1211,681.4,44.2,14.65,2.41,0.0
20220818:1311,600.65,41.51,14.71,2.9,0.0
20220818:1411,379.14,36.62,13.98,3.03,0.0
20220818:1511,601.12,30.19,13.84,2.41,0.0
20220818:1611,280.77,22.84,13.78,2.55,0.0
20220818:1711,172.38,15.09,13.61,3.17,0.0
20220818:1811,36.93,7.35,13.4,3.38,0.0
20220818:1911,0.0,0.0,13.41,3.24,0.0
20220818:2011,0.0,0.0,13.22,3.79,0.0
20220818:2111,0.0,0.0,13.29,4.28,0.0
20220818:2211,0.0,0.0,13.59,4.76,0.0
20220818:2311,0.0,0.0,13.67,4.69,0.0
20220819:0011,0.0,0.0,13.58,4.83,0.0
20220819:0111,0.0,0.0,13.56,5.31,0.0
20220819:0211,0.0,0.0,13.87,5.79,0.0
20220819:0311,0.0,0.0,14.14,6.28,0.0
20220819:0411,0.0,0.0,13.85,7.03,0.0
20220819:0511,11.49,7.14,13.79,7.45,0.0
20220819:0611,68.59,14.89,13.93,7.45,0.0
20220819:0711,74.08,22.63,14.13,8.07,0.0
20220819:0811,108.88,29.97,14.43,8.14,0.0
20220819:0911,149.94,36.38,14.48,7.72,0.0
20220819:1011,78.54,41.24,14.67,7.38,0.0
20220819:1111,90.14,43.89,14.9,6.83,0.0
20220819:1211,154.4,43.87,15.45,5.86,0.0
20220819:1311,77.65,41.19,15.61,4.9,0.0
20220819:1411,85.68,36.3,15.79,4.07,0.0
20220819:1511,97.28,29.88,15.93,3.66,0.0
20220819:1611,91.03,22.54,15.95,2.83,0.0
20220819:1711,103.95,14.78,15.81,2.14,0.0
20220819:1811,36.11,7.04,15.56,2.21,0.0
20220819:1911,0.0,0.0,15.1,2.07,0.0
20220819:2011,0.0,0.0,14.9,2.69,0.0
20220819:2111,0.0,0.0,14.65,2.83,0.0
20220819:2211,0.0,0.0,14.36,2.69,0.0
20220819:2311,0.0,0.0,14.15,2.48,0.0
20220820:0011,0.0,0.0,13.97,1.72,0.0
20220820:0111,0.0,0.0,13.05,0.9,0.0
20220820:0211,0.0,0.0,12.23,1.31,0.0
20220820:0311,0.0,0.0,11.71,1.66,0.0
20220820:0411,0.0,0.0,11.56,1.86,0.0
20220820:0511,36.93,6.89,12.19,2.07,0.0
20220820:0611,135.5,14.64,12.93,2.48,0.0
20220820:0711,244.72,22.39,14.78,3.31,0.0
20220820:0811,383.57,29.71,15.47,4.14,0.0
20220820:0911,623.12,36.1,15.93,4.83,0.0
20220820:1011,542.39,40.94,16.16,5.24,0.0
20220820:1111,938.12,43.57,16.28,5.31,0.0
20220820:1211,853.85,43.54,16.49,5.1,0.0
20220820:1311,247.04,40.86,16.65,5.31,0.0
20220820:1411,234.4,35.98,16.54,5.86,0.0
20220820:1511,281.0,29.56,16.22,6.21,0.0
20220820:1611,231.26,22.23,15.7,5.79,0.0
20220820:1711,26.77,14.48,15.36,5.93,0.0
20220820:1811,36.11,6.73,15.08,6.34,0.0
20220820:1911,0.0,0.0,14.73,6.14,0.0
20220820:2011,0.0,0.0,14.55,6.21,0.0
20220820:2111,0.0,0.0,14.34,6.21,0.0
20220820:2211,0.0,0.0,14.32,5.72,0.0
20220820:2311,0.0,0.0,14.35,5.45,0.0
20220821:0011,0.0,0.0,14.09,6.07,0.0
20220821:0111,0.0,0.0,14.17,6.48,0.0
20220821:0211,0.0,0.0,13.86,6.83,0.0
20220821:0311,0.0,0.0,13.83,6.9,0.0
20220821:0411,0.0,0.0,13.63,6.69,0.0
20220821:0511,23.8,6.64,13.47,5.59,0.0
20220821:0611,144.68,14.39,14.09,4.48,0.0
20220821:0711,229.46,22.14,14.21,3.93,0.0
20220821:0811,585.69,29.45,14.79,4.0,0.0
20220821:0911,734.37,35.82,14.6,4.48,0.0
20220821:1011,497.62,40.63,15.14,4.55,0.0
20220821:1111,769.09,43.25,15.19,5.1,0.0
20220821:1211,716.67,43.2,14.59,5.93,0.0
20220821:1311,598.67,40.52,14.34,6.07,0.0
20220821:1411,732.43,35.65,13.83,6.14,0.0
20220821:1511,53.55,29.24,13.65,5.52,0.0
20220821:1611,139.54,21.91,13.78,4.9,0.0
20220821:1711,108.79,14.16,13.71,4.83,0.0
20220821:1811,32.83,6.42,12.99,5.1,0.0
20220821:1911,0.0,0.0,12.89,4.83,0.0
20220821:2011,0.0,0.0,12.71,4.34,0.0
20220821:2111,0.0,0.0,12.53,3.86,0.0
20220821:2211,0.0,0.0,12.56,3.59,0.0
20220821:2311,0.0,0.0,12.42,3.45,0.0
20220822:0011,0.0,0.0,12.44,3.52,0.0
20220822:0111,0.0,0.0,12.31,3.31,0.0
20220822:0211,0.0,0.0,12.41,2.83,0.0
20220822:0311,0.0,0.0,12.55,2.41,0.0
20220822:0411,0.0,0.0,12.37,1.86,0.0
20220822:0511,32.83,6.39,11.84,1.1,0.0
20220822:0611,148.36,14.15,11.9,0.76,0.0
20220822:0711,377.23,21.88,13.49,1.03,0.0
20220822:0811,483.17,29.18,13.72,0.48,0.0
20220822:0911,537.72,35.54,14.11,0.48,0.0
20220822:1011,752.88,40.33,14.84,1.1,0.0
20220822:1111,788.4,42.92,15.29,1.59,0.0
20220822:1211,893.81,42.87,15.48,1.79,0.0
20220822:1311,800.48,40.18,15.59,1.66,0.0
20220822:1411,628.74,35.32,15.78,1.72,0.0
20220822:1511,535.02,28.92,15.65,1.72,0.0
20220822:1611,216.31,21.59,15.6,1.45,0.0
20220822:1711,51.76,13.85,15.45,1.31,0.0
20220822:1811,27.9,6.1,14.94,1.86,0.0
20220822:1911,0.0,0.0,14.69,2.0,0.0
20220822:2011,0.0,0.0,14.31,2.55,0.0
20220822:2111,0.0,0.0,13.98,3.1,0.0
20220822:2211,0.0,0.0,13.7,3.45,0.0
20220822:2311,0.0,0.0,13.62,3.52,0.0
20220823:0011,0.0,0.0,13.73,3.59,0.0
20220823:0111,0.0,0.0,13.75,4.07,0.0
20220823:0211,0.0,0.0,13.57,4.41,0.0
20220823:0311,0.0,0.0,13.36,4.48,0.0
20220823:0411,0.0,0.0,13.26,4.69,0.0
20220823:0511,28.73,6.14,13.17,5.03,0.0
20220823:0611,156.89,13.9,13.69,5.38,0.0
20220823:0711,368.8,21.63,14.9,5.66,0.0
20220823:0811,574.86,28.92,15.98,6.34,0.0
20220823:0911,674.05,35.25,16.93,7.03,0.0
20220823:1011,869.59,40.02,17.95,8.07,0.0
20220823:1111,913.93,42.59,18.62,8.14,0.0
20220823:1211,852.73,42.53,18.92,8.28,0.0
20220823:1311,761.73,39.84,18.71,8.34,0.0
20220823:1411,389.07,34.98,18.28,7.1,0.0
20220823:1511,349.67,28.59,17.99,6.83,0.0
20220823:1611,186.95,21.27,17.75,7.24,0.0
20220823:1711,89.92,13.53,17.52,7.31,0.0
20220823:1811,30.37,5.78,17.11,7.38,0.0
20220823:1911,0.0,0.0,16.83,7.38,0.0
20220823:2011,0.0,0.0,16.52,7.1,0.0
20220823:2111,0.0,0.0,16.32,7.24,0.0
20220823:2211,0.0,0.0,16.12,7.52,0.0
20220823:2311,0.0,0.0,16.24,7.66,0.0
20220824:0011,0.0,0.0,16.2,7.72,0.0
20220824:0111,0.0,0.0,16.07,7.72,0.0
20220824:0211,0.0,0.0,16.0,7.66,0.0
20220824:0311,0.0,0.0,15.95,7.66,0.0
20220824:0411,0.0,0.0,15.96,7.66,0.0
20220824:0511,27.08,5.88,16.09,7.79,0.0
20220824:0611,128.07,13.64,16.43,7.93,0.0
20220824:0711,247.05,21.37,17.25,7.66,0.0
20220824:0811,569.11,28.65,17.99,8.07,0.0
20220824:0911,647.97,34.96,18.63,8.62,0.0
20220824:1011,660.38,39.71,19.01,8.9,0.0
20220824:1111,487.53,42.26,19.32,9.1,0.0
20220824:1211,371.05,42.18,19.66,9.1,0.0
20220824:1311,541.49,39.5,19.58,9.03,0.0
20220824:1411,421.98,34.64,19.45,9.72,0.0
20220824:1511,143.12,28.26,19.09,8.76,0.0
20220824:1611,180.22,20.95,18.95,8.55,0.0
20220824:1711,92.27,13.2,18.76,8.21,0.0
20220824:1811,5.75,5.45,18.55,8.21,0.0
20220824:1911,0.0,0.0,18.86,8.21,0.0
20220824:2011,0.0,0.0,18.75,8.07,0.0
20220824:2111,0.0,0.0,18.55,8.0,0.0
20220824:2211,0.0,0.0,18.34,7.59,0.0
20220824:2311,0.0,0.0,18.05,6.97,0.0
20220825:0011,0.0,0.0,17.83,6.62,0.0
20220825:0111,0.0,0.0,17.75,6.41,0.0
20220825:0211,0.0,0.0,17.67,6.07,0.0
20220825:0311,0.0,0.0,17.46,5.66,0.0
20220825:0411,0.0,0.0,17.34,5.31,0.0
20220825:0511,27.9,5.63,17.34,5.17,0.0
20220825:0611,88.79,13.39,17.38,5.52,0.0
20220825:0711,179.0,21.12,17.28,6.48,0.0
20220825:0811,278.38,28.38,17.48,6.69,0.0
20220825:0911,351.73,34.67,17.47,7.17,0.0
20220825:1011,185.53,39.4,17.42,7.45,0.0
20220825:1111,229.11,41.92,17.86,7.38,0.0
20220825:1211,790.64,41.83,18.75,7.79,0.0
20220825:1311,333.55,39.15,19.04,7.31,0.0
20220825:1411,259.82,34.3,19.27,6.83,0.0
20220825:1511,205.44,27.93,19.46,6.41,0.0
20220825:1611,234.35,20.62,19.49,6.62,0.0
20220825:1711,138.39,12.88,19.39,6.9,0.0
20220825:1811,26.26,5.13,19.13,7.31,0.0
20220825:1911,0.0,0.0,18.86,7.38,0.0
20220825:2011,0.0,0.0,18.36,7.52,0.0
20220825:2111,0.0,0.0,17.85,7.66,0.0
20220825:2211,0.0,0.0,17.46,7.86,0.0
20220825:2311,0.0,0.0,17.17,7.79,0.0
20220826:0011,0.0,0.0,16.98,8.0,0.0
20220826:0111,0.0,0.0,16.9,8.07,0.0
20220826:0211,0.0,0.0,16.74,6.55,0.0
20220826:0311,0.0,0.0,15.94,3.79,0.0
20220826:0411,0.0,0.0,15.33,1.79,0.0
20220826:0511,22.16,5.37,14.84,4.48,0.0
20220826:0611,93.37,13.14,14.39,4.9,0.0
20220826:0711,311.89,20.86,15.1,2.28,0.0
20220826:0811,210.22,28.11,15.85,3.52,0.0
20220826:0911,78.54,34.38,15.98,4.48,0.0
20220826:1011,100.85,39.08,16.02,5.1,0.0
20220826:1111,110.67,41.58,15.97,5.38,0.0
20220826:1211,79.43,41.48,15.93,5.79,0.0
20220826:1311,107.99,38.79,15.72,6.21,0.0
20220826:1411,94.6,33.96,15.27,6.55,0.0
20220826:1511,249.4,27.59,14.94,6.97,0.0
20220826:1611,173.96,20.28,14.61,7.24,0.0
20220826:1711,105.37,12.55,14.41,7.24,0.0
20220826:1811,24.62,4.79,14.13,7.03,0.0
20220826:1911,0.0,0.0,13.79,6.48,0.0
20220826:2011,0.0,0.0,13.36,6.62,0.0
20220826:2111,0.0,0.0,13.01,6.9,0.0
20220826:2211,0.0,0.0,12.76,6.97,0.0
20220826:2311,0.0,0.0,12.54,6.97,0.0
20220827:0011,0.0,0.0,12.39,6.76,0.0
20220827:0111,0.0,0.0,12.36,6.76,0.0
20220827:0211,0.0,0.0,12.24,6.9,0.0
20220827:0311,0.0,0.0,12.13,7.03,0.0
20220827:0411,0.0,0.0,11.96,7.1,0.0
20220827:0511,26.26,5.11,12.01,7.31,0.0
20220827:0611,156.59,12.88,12.08,7.45,0.0
20220827:0711,376.85,20.59,12.4,7.17,0.0
20220827:0811,597.12,27.83,12.89,7.45,0.0
20220827:0911,792.21,34.09,13.41,7.66,0.0
20220827:1011,814.91,38.76,14.02,7.72,0.0
20220827:1111,988.89,41.24,14.52,7.59,0.0
20220827:1211,939.67,41.13,14.88,7.45,0.0
20220827:1311,864.68,38.44,15.11,7.66,0.0
20220827:1411,775.64,33.61,15.06,8.0,0.0
20220827:1511,569.62,27.25,14.9,8.34,0.0
20220827:1611,350.25,19.95,14.6,8.41,0.0
20220827:1711,137.05,12.21,14.21,8.14,0.0
20220827:1811,22.98,4.46,13.68,8.21,0.0
20220827:1911,0.0,0.0,13.08,8.14,0.0
20220827:2011,0.0,0.0,12.71,7.93,0.0
20220827:2111,0.0,0.0,12.37,7.79,0.0
20220827:2211,0.0,0.0,12.15,7.59,0.0
20220827:2311,0.0,0.0,12.0,7.52,0.0
20220828:0011,0.0,0.0,11.87,7.38,0.0
20220828:0111,0.0,0.0,11.78,7.24,0.0
20220828:0211,0.0,0.0,11.74,7.31,0.0
20220828:0311,0.0,0.0,11.65,7.31,0.0
20220828:0411,0.0,0.0,11.54,7.24,0.0
20220828:0511,24.62,4.85,11.47,7.1,0.0
20220828:0611,155.05,12.62,11.75,6.97,0.0
20220828:0711,377.75,20.33,12.49,6.34,0.0
20220828:0811,602.03,27.56,13.41,6.55,0.0
20220828:0911,799.55,33.79,14.17,6.69,0.0
20220828:1011,932.8,38.44,14.96,6.62,0.0
20220828:1111,983.93,40.9,15.38,6.76,0.0
20220828:1211,995.47,40.77,15.76,6.76,0.0
20220828:1311,876.63,38.08,16.02,6.76,0.0
20220828:1411,733.71,33.25,15.92,6.83,0.0
20220828:1511,558.76,26.9,15.6,6.9,0.0
20220828:1611,339.89,19.61,15.25,7.03,0.0
20220828:1711,135.77,11.87,14.81,6.83,0.0
20220828:1811,21.34,4.12,14.24,6.48,0.0
20220828:1911,0.0,0.0,13.52,6.14,0.0
20220828:2011,0.0,0.0,13.06,5.86,0.0
20220828:2111,0.0,0.0,12.74,5.72,0.0
20220828:2211,0.0,0.0,12.49,5.38,0.0
20220828:2311,0.0,0.0,12.3,4.76,0.0
20220829:0011,0.0,0.0,12.21,4.21,0.0
20220829:0111,0.0,0.0,12.14,3.86,0.0
20220829:0211,0.0,0.0,12.17,3.52,0.0
20220829:0311,0.0,0.0,12.25,3.1,0.0
20220829:0411,0.0,0.0,12.03,2.83,0.0
20220829:0511,4.92,4.59,11.97,2.83,0.0
20220829:0611,93.47,12.36,12.56,2.62,0.0
20220829:0711,92.41,20.07,13.8,1.59,0.0
20220829:0811,154.56,27.28,14.49,0.9,0.0
20220829:0911,309.68,33.49,15.73,0.48,0.0
20220829:1011,544.45,38.12,16.11,1.59,0.0
20220829:1111,342.31,40.55,16.28,2.07,0.0
20220829:1211,813.76,40.41,16.13,2.28,0.0
20220829:1311,872.51,37.72,15.96,2.14,0.0
20220829:1411,762.97,32.9,15.76,1.79,0.0
20220829:1511,553.05,26.55,15.68,1.66,0.0
20220829:1611,331.66,19.27,15.48,1.52,0.0
20220829:1711,127.15,11.53,15.18,1.24,0.0
20220829:1811,18.88,3.78,14.71,1.17,0.0
20220829:1911,0.0,0.0,14.65,1.03,0.0
20220829:2011,0.0,0.0,13.81,1.1,0.0
20220829:2111,0.0,0.0,13.06,1.38,0.0
20220829:2211,0.0,0.0,12.61,1.59,0.0
20220829:2311,0.0,0.0,11.71,1.38,0.0
20220830:0011,0.0,0.0,11.62,1.38,0.0
20220830:0111,0.0,0.0,11.77,1.31,0.0
20220830:0211,0.0,0.0,11.38,1.24,0.0
20220830:0311,0.0,0.0,11.16,1.1,0.0
20220830:0411,0.0,0.0,10.26,1.17,0.0
20220830:0511,21.34,4.32,10.02,1.38,0.0
20220830:0611,147.62,12.1,11.43,1.1,0.0
20220830:0711,354.82,19.8,13.18,0.48,0.0
20220830:0811,519.76,27.0,14.38,0.34,0.0
20220830:0911,657.31,33.19,15.33,0.83,0.0
20220830:1011,852.45,37.79,16.02,1.17,0.0
20220830:1111,935.43,40.21,16.26,1.52,0.0
20220830:1211,970.82,40.05,16.24,1.93,0.0
20220830:1311,784.48,37.36,16.4,2.28,0.0
20220830:1411,746.92,32.54,16.15,2.62,0.0
20220830:1511,546.5,26.2,15.83,2.83,0.0
20220830:1611,336.5,18.92,15.44,2.83,0.0
20220830:1711,108.68,11.19,14.97,2.69,0.0
20220830:1811,10.67,3.43,14.45,2.41,0.0
20220830:1911,0.0,0.0,13.92,2.28,0.0
20220830:2011,0.0,0.0,13.72,2.0,0.0
20220830:2111,0.0,0.0,13.6,1.72,0.0
20220830:2211,0.0,0.0,13.36,1.59,0.0
20220830:2311,0.0,0.0,13.11,1.52,0.0
20220831:0011,0.0,0.0,12.29,1.38,0.0
20220831:0111,0.0,0.0,11.59,1.24,0.0
20220831:0211,0.0,0.0,11.1,1.03,0.0
20220831:0311,0.0,0.0,10.82,0.97,0.0
20220831:0411,0.0,0.0,10.69,1.1,0.0
20220831:0511,18.06,4.06,10.72,1.17,0.0
20220831:0611,144.07,11.84,11.71,1.1,0.0
20220831:0711,353.85,19.53,13.97,1.66,0.0
20220831:0811,575.96,26.72,14.65,1.86,0.0
20220831:0911,773.58,32.89,15.27,1.72,0.0
20220831:1011,903.25,37.46,16.11,1.38,0.0
20220831:1111,959.38,39.85,16.63,1.31,0.0
20220831:1211,924.52,39.69,16.75,1.86,0.0
20220831:1311,631.24,36.99,16.61,2.62,0.0
20220831:1411,636.54,32.18,16.36,3.1,0.0
20220831:1511,461.43,25.85,16.26,3.38,0.0
20220831:1611,285.67,18.57,15.94,3.59,0.0
20220831:1711,116.2,10.84,15.38,3.59,0.0
20220831:1811,13.95,3.08,14.8,3.52,0.0
20220831:1911,0.0,0.0,14.53,3.31,0.0
20220831:2011,0.0,0.0,14.15,3.52,0.0
20220831:2111,0.0,0.0,13.89,3.59,0.0
20220831:2211,0.0,0.0,13.71,3.52,0.0
20220831:2311,0.0,0.0,13.52,3.52,0.0
20220901:0011,0.0,0.0,13.27,3.45,0.0
20220901:0111,0.0,0.0,12.86,3.17,0.0
20220901:0211,0.0,0.0,12.63,3.31,0.0
20220901:0311,0.0,0.0,12.29,3.17,0.0
20220901:0411,0.0,0.0,12.02,3.17,0.0
20220901:0511,16.41,3.79,11.9,3.31,0.0
20220901:0611,130.4,11.57,12.22,3.31,0.0
20220901:0711,360.43,19.26,13.29,2.69,0.0
20220901:0811,546.32,26.43,14.37,2.34,0.0
20220901:0911,762.85,32.58,15.34,2.0,0.0
20220901:1011,909.91,37.13,16.01,1.72,0.0
20220901:1111,986.79,39.5,16.42,2.0,0.0
20220901:1211,1015.96,39.32,16.59,2.41,0.0
20220901:1311,927.91,36.62,16.58,2.83,0.0
20220901:1411,752.65,31.81,16.3,3.31,0.0
20220901:1511,537.13,25.49,16.0,3.52,0.0
20220901:1611,312.91,18.22,15.53,3.66,0.0
20220901:1711,114.37,10.49,15.07,3.52,0.0
20220901:1811,12.31,2.73,14.4,3.45,0.0
20220901:1911,0.0,0.0,13.74,3.59,0.0
20220901:2011,0.0,0.0,13.31,3.52,0.0
20220901:2111,0.0,0.0,13.02,3.31,0.0
20220901:2211,0.0,0.0,12.85,3.17,0.0
20220901:2311,0.0,0.0,12.75,3.17,0.0
20220902:0011,0.0,0.0,11.97,2.97,0.0
20220902:0111,0.0,0.0,11.72,2.9,0.0
20220902:0211,0.0,0.0,11.45,2.76,0.0
20220902:0311,0.0,0.0,11.16,2.55,0.0
20220902:0411,0.0,0.0,10.87,2.48,0.0
20220902:0511,16.41,3.53,10.58,2.41,0.0
20220902:0611,146.68,11.31,10.82,1.93,0.0
20220902:0711,349.47,18.99,12.91,2.0,0.0
20220902:0811,524.37,26.15,14.18,1.66,0.0
20220902:0911,671.83,32.28,15.11,1.17,0.0
20220902:1011,842.7,36.8,15.93,0.69,0.0
20220902:1111,1010.74,39.14,16.59,1.24,0.0
20220902:1211,965.57,38.95,16.94,1.86,0.0
20220902:1311,873.47,36.25,17.23,2.28,0.0
20220902:1411,726.42,31.44,17.36,2.41,0.0
20220902:1511,513.04,25.13,17.36,2.34,0.0
20220902:1611,302.67,17.86,17.22,2.07,0.0
20220902:1711,107.43,10.14,16.85,1.72,0.0
20220902:1811,8.21,2.38,16.5,1.72,0.0
20220902:1911,0.0,0.0,15.92,1.79,0.0
20220902:2011,0.0,0.0,15.4,1.86,0.0
20220902:2111,0.0,0.0,15.21,2.21,0.0
20220902:2211,0.0,0.0,14.73,2.69,0.0
20220902:2311,0.0,0.0,14.44,3.1,0.0
20220903:0011,0.0,0.0,14.17,3.59,0.0
20220903:0111,0.0,0.0,13.86,3.93,0.0
20220903:0211,0.0,0.0,13.59,4.14,0.0
20220903:0311,0.0,0.0,13.37,4.41,0.0
20220903:0411,0.0,0.0,13.2,4.62,0.0
20220903:0511,13.95,3.26,13.21,4.76,0.0
20220903:0611,134.64,11.04,13.5,4.62,0.0
20220903:0711,357.22,18.72,14.04,4.28,0.0
20220903:0811,572.76,25.86,15.34,4.69,0.0
20220903:0911,756.18,31.97,16.3,4.76,0.0
20220903:1011,885.59,36.46,17.11,4.69,0.0
20220903:1111,898.6,38.79,17.59,4.62,0.0
20220903:1211,693.15,38.58,17.92,4.62,0.0
20220903:1311,803.64,35.87,18.05,4.28,0.0
20220903:1411,715.54,31.07,18.07,3.66,0.0
20220903:1511,509.65,24.76,17.98,3.17,0.0
20220903:1611,295.16,17.51,17.82,2.9,0.0
20220903:1711,80.56,9.78,17.24,2.21,0.0
20220903:1811,7.39,2.02,16.26,2.41,0.0
20220903:1911,0.0,0.0,16.0,2.83,0.0
20220903:2011,0.0,0.0,15.53,3.31,0.0
20220903:2111,0.0,0.0,15.19,3.66,0.0
20220903:2211,0.0,0.0,14.74,4.28,0.0
20220903:2311,0.0,0.0,14.27,4.76,0.0
20220904:0011,0.0,0.0,13.82,4.83,0.0
20220904:0111,0.0,0.0,13.6,4.83,0.0
20220904:0211,0.0,0.0,13.52,5.03,0.0
20220904:0311,0.0,0.0,13.52,5.31,0.0
20220904:0411,0.0,0.0,13.45,5.38,0.0
20220904:0511,11.49,2.99,13.51,5.45,0.0
20220904:0611,136.05,10.78,13.77,5.66,0.0
20220904:0711,336.87,18.45,14.53,5.59,0.0
20220904:0811,554.19,25.57,15.19,5.79,0.0
20220904:0911,749.94,31.65,16.05,6.0,0.0
20220904:1011,869.99,36.13,16.79,6.34,0.0
20220904:1111,716.84,38.43,17.25,6.62,0.0
20220904:1211,891.16,38.2,17.43,6.83,0.0
20220904:1311,661.3,35.49,17.28,6.69,0.0
20220904:1411,524.76,30.7,17.24,6.34,0.0
20220904:1511,380.08,24.4,17.47,6.28,0.0
20220904:1611,124.24,17.15,17.25,6.07,0.0
20220904:1711,47.33,9.43,16.86,5.72,0.0
20220904:1811,4.1,1.66,16.28,5.66,0.0
20220904:1911,0.0,0.0,15.66,6.28,0.0
20220904:2011,0.0,0.0,15.16,6.69,0.0
20220904:2111,0.0,0.0,14.76,6.76,0.0
20220904:2211,0.0,0.0,14.53,6.83,0.0
20220904:2311,0.0,0.0,14.43,6.76,0.0
20220905:0011,0.0,0.0,14.34,6.62,0.0
20220905:0111,0.0,0.0,14.39,6.76,0.0
20220905:0211,0.0,0.0,14.42,6.55,0.0
20220905:0311,0.0,0.0,14.54,6.21,0.0
20220905:0411,0.0,0.0,14.48,6.28,0.0
20220905:0511,3.28,2.72,14.52,6.48,0.0
20220905:0611,37.48,10.51,14.64,6.83,0.0
20220905:0711,101.03,18.17,15.18,6.48,0.0
20220905:0811,149.68,25.28,15.6,7.17,0.0
20220905:0911,272.39,31.34,16.08,7.45,0.0
20220905:1011,287.38,35.79,16.88,7.38,0.0
20220905:1111,112.45,38.06,17.25,7.59,0.0
20220905:1211,160.65,37.83,17.35,7.72,0.0
20220905:1311,157.08,35.12,17.3,7.59,0.0
20220905:1411,149.93,30.33,16.94,7.17,0.0
20220905:1511,97.28,24.03,16.91,7.1,0.0
20220905:1611,49.09,16.78,16.84,7.1,0.0
20220905:1711,41.08,9.07,16.63,7.03,0.0
20220905:1811,0.82,1.3,16.24,6.97,0.0
20220905:1911,0.0,0.0,15.9,6.9,0.0
20220905:2011,0.0,0.0,15.52,7.1,0.0
20220905:2111,0.0,0.0,15.17,7.1,0.0
20220905:2211,0.0,0.0,14.97,7.1,0.0
20220905:2311,0.0,0.0,14.84,7.1,0.0
20220906:0011,0.0,0.0,14.82,7.1,0.0
20220906:0111,0.0,0.0,14.76,6.97,0.0
20220906:0211,0.0,0.0,14.75,6.83,0.0
20220906:0311,0.0,0.0,14.69,6.76,0.0
20220906:0411,0.0,0.0,14.79,6.83,0.0
20220906:0511,1.64,2.45,14.88,6.83,0.0
20220906:0611,31.24,10.24,14.8,6.9,0.0
20220906:0711,0.0,0.0,15.33,6.76,0.0
20220906:0811,447.71,24.99,16.06,7.17,0.0
20220906:0911,559.93,31.03,16.86,7.03,0.0
20220906:1011,688.31,35.45,17.44,7.17,0.0
20220906:1111,605.54,37.7,17.73,7.31,0.0
20220906:1211,443.49,37.45,17.85,7.24,0.0
20220906:1311,721.73,34.73,17.83,7.1,0.0
20220906:1411,343.83,29.95,17.67,6.83,0.0
20220906:1511,471.94,23.66,17.42,6.55,0.0
20220906:1611,204.04,16.42,17.16,6.14,0.0
20220906:1711,71.63,8.7,16.61,5.93,0.0
20220906:1811,0.0,0.0,15.86,5.59,0.0
20220906:1911,0.0,0.0,15.2,5.72,0.0
20220906:2011,0.0,0.0,14.72,5.79,0.0
20220906:2111,0.0,0.0,14.26,6.21,0.0
20220906:2211,0.0,0.0,13.97,6.41,0.0
20220906:2311,0.0,0.0,13.74,6.41,0.0
20220907:0011,0.0,0.0,13.53,6.62,0.0
20220907:0111,0.0,0.0,13.47,6.76,0.0
20220907:0211,0.0,0.0,13.37,6.69,0.0
20220907:0311,0.0,0.0,13.29,6.9,0.0
20220907:0411,0.0,0.0,13.31,7.03,0.0
20220907:0511,0.82,2.17,13.33,7.1,0.0
20220907:0611,9.82,9.96,13.51,7.38,0.0
20220907:0711,34.81,17.61,13.92,7.03,0.0
20220907:0811,77.65,24.69,14.32,7.17,0.0
20220907:0911,157.16,30.71,14.85,7.79,0.0
20220907:1011,157.08,35.1,15.34,7.93,0.0
20220907:1111,127.62,37.33,15.73,7.59,0.0
20220907:1211,60.69,37.07,16.4,7.59,0.0
20220907:1311,77.65,34.35,16.82,7.03,0.0
20220907:1411,64.26,29.57,17.06,6.48,0.0
20220907:1511,85.68,23.29,17.07,5.66,0.0
20220907:1611,87.62,16.05,16.68,5.03,0.0
20220907:1711,28.56,8.34,16.16,4.9,0.0
20220907:1811,0.0,0.0,15.52,4.97,0.0
20220907:1911,0.0,0.0,15.19,6.07,0.0
20220907:2011,0.0,0.0,14.94,6.14,0.0
20220907:2111,0.0,0.0,14.9,6.28,0.0
20220907:2211,0.0,0.0,14.81,6.41,0.0
20220907:2311,0.0,0.0,14.72,6.34,0.0
20220908:0011,0.0,0.0,14.63,6.14,0.0
20220908:0111,0.0,0.0,14.41,6.14,0.0
20220908:0211,0.0,0.0,14.13,6.0,0.0
20220908:0311,0.0,0.0,13.95,5.86,0.0
20220908:0411,0.0,0.0,13.88,6.0,0.0
20220908:0511,0.82,1.9,13.91,6.28,0.0
20220908:0611,18.74,9.69,14.0,6.76,0.0
20220908:0711,90.69,17.33,14.01,7.38,0.0
20220908:0811,109.78,24.4,13.72,7.59,0.0
20220908:0911,180.81,30.39,14.16,7.66,0.0
20220908:1011,211.57,34.76,15.15,7.93,0.0
20220908:1111,463.96,36.97,15.69,8.14,0.0
20220908:1211,679.99,36.69,16.0,8.0,0.0
20220908:1311,574.55,33.97,16.25,7.59,0.0
20220908:1411,660.84,29.19,16.15,6.97,0.0
20220908:1511,460.52,22.91,15.83,6.41,0.0
20220908:1611,88.6,15.68,15.5,5.86,0.0
20220908:1711,27.67,7.97,15.08,5.52,0.0
20220908:1811,0.0,0.0,14.64,5.17,0.0
20220908:1911,0.0,0.0,14.01,6.07,0.0
20220908:2011,0.0,0.0,13.69,5.93,0.0
20220908:2111,0.0,0.0,13.37,5.45,0.0
20220908:2211,0.0,0.0,13.03,5.17,0.0
20220908:2311,0.0,0.0,12.75,5.24,0.0
20220909:0011,0.0,0.0,12.56,5.24,0.0
20220909:0111,0.0,0.0,12.53,5.1,0.0
20220909:0211,0.0,0.0,12.47,4.97,0.0
20220909:0311,0.0,0.0,12.29,4.97,0.0
20220909:0411,0.0,0.0,12.15,5.1,0.0
20220909:0511,3.28,1.63,12.1,5.52,0.0
20220909:0611,44.95,9.42,12.21,5.86,0.0
20220909:0711,50.87,17.05,12.86,4.62,0.0
20220909:0811,159.28,24.1,13.32,4.76,0.0
20220909:0911,117.81,30.07,13.37,4.83,0.0
20220909:1011,175.16,34.41,12.87,4.48,0.0
20220909:1111,131.19,36.6,12.04,4.76,0.0
20220909:1211,138.33,36.3,12.42,5.17,0.0
20220909:1311,127.62,33.58,13.22,5.1,0.0
20220909:1411,135.71,28.81,14.67,4.83,0.0
20220909:1511,69.61,22.54,15.32,4.69,0.0
20220909:1611,72.97,15.31,15.1,4.55,0.0
20220909:1711,23.2,7.61,14.3,4.69,0.0
20220909:1811,0.0,0.0,13.8,4.55,0.0
20220909:1911,0.0,0.0,13.76,4.76,0.0
20220909:2011,0.0,0.0,13.35,4.62,0.0
20220909:2111,0.0,0.0,13.17,4.69,0.0
20220909:2211,0.0,0.0,13.26,4.55,0.0
20220909:2311,0.0,0.0,13.4,4.14,0.0
20220910:0011,0.0,0.0,13.45,3.79,0.0
20220910:0111,0.0,0.0,13.27,3.59,0.0
20220910:0211,0.0,0.0,12.98,3.38,0.0
20220910:0311,0.0,0.0,12.96,2.9,0.0
20220910:0411,0.0,0.0,12.66,2.83,0.0
20220910:0511,0.82,1.35,12.47,2.76,0.0
20220910:0611,35.7,9.14,12.45,2.76,0.0
20220910:0711,68.72,16.77,13.29,2.34,0.0
20220910:0811,116.04,23.8,13.44,2.28,0.0
20220910:0911,183.88,29.75,13.69,1.72,0.0
20220910:1011,194.44,34.07,14.07,1.1,0.0
20220910:1111,349.47,36.23,14.29,0.76,0.0
20220910:1211,323.57,35.92,14.77,0.76,0.0
20220910:1311,191.75,33.19,15.2,0.9,0.0
20220910:1411,156.48,28.42,15.36,0.97,0.0
20220910:1511,115.14,22.16,15.35,1.24,0.0
20220910:1611,67.63,14.94,15.18,1.59,0.0
20220910:1711,40.59,7.24,14.98,1.52,0.0
20220910:1811,0.0,0.0,14.75,1.24,0.0
20220910:1911,0.0,0.0,14.47,1.72,0.0
20220910:2011,0.0,0.0,14.17,1.38,0.0
20220910:2111,0.0,0.0,13.65,0.9,0.0
20220910:2211,0.0,0.0,13.91,0.62,0.0
20220910:2311,0.0,0.0,13.86,0.76,0.0
20220911:0011,0.0,0.0,13.85,0.83,0.0
20220911:0111,0.0,0.0,13.99,1.1,0.0
20220911:0211,0.0,0.0,13.96,1.38,0.0
20220911:0311,0.0,0.0,13.87,1.59,0.0
20220911:0411,0.0,0.0,13.75,1.66,0.0
20220911:0511,0.0,0.0,13.57,1.52,0.0
20220911:0611,42.35,8.87,13.21,1.1,0.0
20220911:0711,94.3,16.49,12.98,0.48,0.0
20220911:0811,240.22,23.5,13.67,0.62,0.0
20220911:0911,623.1,29.43,14.59,1.45,0.0
20220911:1011,826.17,33.72,14.77,1.59,0.0
20220911:1111,912.92,35.85,14.89,1.59,0.0
20220911:1211,888.32,35.53,15.01,1.79,0.0
20220911:1311,743.2,32.8,15.18,2.21,0.0
20220911:1411,477.27,28.04,14.97,2.41,0.0
20220911:1511,139.65,21.78,14.67,1.79,0.0
20220911:1611,86.95,14.57,14.35,1.1,0.0
20220911:1711,60.26,6.86,13.99,0.9,0.0
20220911:1811,0.0,0.0,13.67,1.59,0.0
20220911:1911,0.0,0.0,13.67,3.17,0.0
20220911:2011,0.0,0.0,13.59,3.79,0.0
20220911:2111,0.0,0.0,13.59,4.28,0.0
20220911:2211,0.0,0.0,13.75,4.62,0.0
20220911:2311,0.0,0.0,13.77,4.69,0.0
20220912:0011,0.0,0.0,13.81,4.97,0.0
20220912:0111,0.0,0.0,13.81,4.97,0.0
20220912:0211,0.0,0.0,13.74,5.1,0.0
20220912:0311,0.0,0.0,13.74,5.59,0.0
20220912:0411,0.0,0.0,13.81,6.14,0.0
20220912:0511,0.0,0.0,13.92,6.69,0.0
20220912:0611,22.31,8.59,14.03,7.24,0.0
20220912:0711,117.66,16.2,14.32,8.21,0.0
20220912:0811,54.44,23.2,14.47,8.69,0.0
20220912:0911,69.61,29.1,14.7,9.1,0.0
20220912:1011,65.15,33.37,14.84,10.0,0.0
20220912:1111,50.87,35.48,14.26,9.45,0.0
20220912:1211,67.83,35.14,14.55,8.83,0.0
20220912:1311,92.82,32.41,14.88,7.72,0.0
20220912:1411,70.51,27.65,15.12,6.48,0.0
20220912:1511,57.12,21.4,15.2,4.9,0.0
20220912:1611,38.38,14.19,15.14,3.72,0.0
20220912:1711,22.31,6.49,14.73,3.17,0.0
20220912:1811,0.0,0.0,14.16,3.17,0.0
20220912:1911,0.0,0.0,13.59,4.62,0.0
20220912:2011,0.0,0.0,13.17,4.83,0.0
20220912:2111,0.0,0.0,12.89,4.07,0.0
20220912:2211,0.0,0.0,12.38,3.93,0.0
20220912:2311,0.0,0.0,12.22,3.72,0.0
20220913:0011,0.0,0.0,11.31,4.14,0.0
20220913:0111,0.0,0.0,10.83,5.31,0.0
20220913:0211,0.0,0.0,10.49,5.45,0.0
20220913:0311,0.0,0.0,10.77,5.38,0.0
20220913:0411,0.0,0.0,10.78,6.21,0.0
20220913:0511,0.0,0.0,11.1,5.17,0.0
20220913:0611,63.34,8.31,11.24,4.48,0.0
20220913:0711,26.77,15.91,11.87,3.45,0.0
20220913:0811,54.44,22.9,12.19,5.17,0.0
20220913:0911,189.24,28.78,12.58,8.07,0.0
20220913:1011,169.94,33.01,12.51,9.1,0.0
20220913:1111,134.76,35.1,12.54,9.72,0.0
20220913:1211,125.84,34.75,12.84,9.93,0.0
20220913:1311,142.8,32.02,12.74,10.69,0.0
20220913:1411,72.29,27.26,13.05,10.14,0.0
20220913:1511,89.25,21.02,13.18,9.59,0.0
20220913:1611,106.65,13.81,13.31,9.59,0.0
20220913:1711,45.99,6.12,13.22,9.03,0.0
20220913:1811,0.0,0.0,12.92,8.69,0.0
20220913:1911,0.0,0.0,12.24,9.52,0.0
20220913:2011,0.0,0.0,12.03,8.97,0.0
20220913:2111,0.0,0.0,11.83,8.76,0.0
20220913:2211,0.0,0.0,11.7,8.55,0.0
20220913:2311,0.0,0.0,11.55,8.21,0.0
20220914:0011,0.0,0.0,11.54,8.0,0.0
20220914:0111,0.0,0.0,11.33,7.59,0.0
20220914:0211,0.0,0.0,11.24,7.59,0.0
20220914:0311,0.0,0.0,11.07,7.24,0.0
20220914:0411,0.0,0.0,10.99,6.83,0.0
20220914:0511,0.0,0.0,10.9,6.34,0.0
20220914:0611,16.06,8.03,10.91,5.79,0.0
20220914:0711,118.5,15.63,11.35,5.03,0.0
20220914:0811,131.77,22.59,11.31,4.62,0.0
20220914:0911,103.53,28.45,11.28,4.48,0.0
20220914:1011,170.88,32.66,11.55,4.07,0.0
20220914:1111,874.87,34.73,11.73,4.07,0.0
20220914:1211,187.21,34.36,11.8,4.41,0.0
20220914:1311,560.88,31.62,11.76,4.62,0.0
20220914:1411,359.16,26.87,11.54,4.9,0.0
20220914:1511,367.59,20.63,11.24,5.17,0.0
20220914:1611,127.05,13.44,10.95,5.31,0.0
20220914:1711,44.6,5.74,10.44,5.93,0.0
20220914:1811,0.0,0.0,10.17,5.86,0.0
20220914:1911,0.0,0.0,9.66,6.14,0.0
20220914:2011,0.0,0.0,9.54,6.48,0.0
20220914:2111,0.0,0.0,9.47,6.69,0.0
20220914:2211,0.0,0.0,9.45,6.97,0.0
20220914:2311,0.0,0.0,9.44,7.17,0.0
20220915:0011,0.0,0.0,9.45,7.38,0.0
20220915:0111,0.0,0.0,9.53,7.79,0.0
20220915:0211,0.0,0.0,9.53,7.86,0.0
20220915:0311,0.0,0.0,9.47,7.86,0.0
20220915:0411,0.0,0.0,9.4,8.07,0.0
20220915:0511,0.0,0.0,9.31,8.41,0.0
20220915:0611,10.71,7.75,9.37,8.34,0.0
20220915:0711,48.19,15.34,9.85,9.38,0.0
20220915:0811,203.26,22.29,10.29,9.59,0.0
20220915:0911,323.08,28.12,10.74,9.79,0.0
20220915:1011,58.01,32.3,11.06,9.86,0.0
20220915:1111,745.55,34.35,11.19,10.0,0.0
20220915:1211,475.72,33.97,11.27,10.0,0.0
20220915:1311,347.7,31.23,11.31,10.14,0.0
20220915:1411,228.97,26.48,10.96,10.14,0.0
20220915:1511,262.01,20.25,10.15,10.41,0.0
20220915:1611,78.55,13.06,9.85,9.93,0.0
20220915:1711,7.14,5.36,9.51,10.69,0.0
20220915:1811,0.0,0.0,9.64,10.83,0.0
20220915:1911,0.0,0.0,9.66,9.93,0.0
20220915:2011,0.0,0.0,9.96,9.79,0.0
20220915:2111,0.0,0.0,10.35,9.66,0.0
20220915:2211,0.0,0.0,10.75,9.03,0.0
20220915:2311,0.0,0.0,11.03,7.38,0.0
20220916:0011,0.0,0.0,11.06,6.62,0.0
20220916:0111,0.0,0.0,10.83,6.48,0.0
20220916:0211,0.0,0.0,10.32,6.34,0.0
20220916:0311,0.0,0.0,10.0,6.83,0.0
20220916:0411,0.0,0.0,9.98,7.86,0.0
20220916:0511,0.0,0.0,10.09,8.62,0.0
20220916:0611,70.18,7.47,10.28,9.03,0.0
20220916:0711,244.68,15.05,11.0,8.28,0.0
20220916:0811,460.73,21.98,11.35,8.14,0.0
20220916:0911,565.34,27.79,11.63,8.62,0.0
20220916:1011,721.18,31.95,11.97,9.24,0.0
20220916:1111,666.67,33.97,12.36,10.14,0.0
20220916:1211,758.17,33.58,12.73,11.45,0.0
20220916:1311,772.6,30.83,12.99,11.79,0.0
20220916:1411,588.61,26.09,12.87,11.93,0.0
20220916:1511,443.21,19.86,12.47,11.93,0.0
20220916:1611,224.43,12.68,11.98,12.0,0.0
20220916:1711,40.17,4.99,11.47,12.14,0.0
20220916:1811,0.0,0.0,11.03,11.86,0.0
20220916:1911,0.0,0.0,10.57,11.59,0.0
20220916:2011,0.0,0.0,10.3,11.59,0.0
20220916:2111,0.0,0.0,10.07,11.59,0.0
20220916:2211,0.0,0.0,9.92,11.38,0.0
20220916:2311,0.0,0.0,9.86,11.24,0.0
20220917:0011,0.0,0.0,9.8,11.1,0.0
20220917:0111,0.0,0.0,9.63,10.9,0.0
20220917:0211,0.0,0.0,9.57,10.62,0.0
20220917:0311,0.0,0.0,9.49,10.41,0.0
20220917:0411,0.0,0.0,9.39,10.07,0.0
20220917:0511,0.0,0.0,9.32,10.14,0.0
20220917:0611,54.29,7.19,9.31,10.28,0.0
20220917:0711,268.48,14.76,9.62,10.55,0.0
20220917:0811,489.0,21.67,10.1,10.83,0.0
20220917:0911,540.9,27.46,10.52,10.83,0.0
20220917:1011,463.18,31.59,10.96,10.9,0.0
20220917:1111,360.58,33.59,11.24,10.9,0.0
20220917:1211,656.11,33.19,11.36,11.1,0.0
20220917:1311,780.21,30.43,11.24,11.03,0.0
20220917:1411,633.57,25.69,11.23,10.76,0.0
20220917:1511,416.79,19.48,11.03,10.69,0.0
20220917:1611,225.71,12.3,10.74,10.48,0.0
20220917:1711,41.43,4.61,10.42,10.48,0.0
20220917:1811,0.0,0.0,9.99,10.41,0.0
20220917:1911,0.0,0.0,9.56,10.0,0.0
20220917:2011,0.0,0.0,9.22,9.79,0.0
20220917:2111,0.0,0.0,9.03,9.79,0.0
20220917:2211,0.0,0.0,9.0,9.66,0.0
20220917:2311,0.0,0.0,8.99,9.59,0.0
20220918:0011,0.0,0.0,9.01,9.52,0.0
20220918:0111,0.0,0.0,8.88,9.38,0.0
20220918:0211,0.0,0.0,8.76,9.1,0.0
20220918:0311,0.0,0.0,8.68,8.76,0.0
20220918:0411,0.0,0.0,8.53,8.21,0.0
20220918:0511,0.0,0.0,8.51,8.62,0.0
20220918:0611,105.43,6.91,8.58,8.34,0.0
20220918:0711,316.21,14.47,9.15,7.86,0.0
20220918:0811,482.92,21.36,9.59,8.48,0.0
20220918:0911,682.74,27.12,9.99,8.62,0.0
20220918:1011,661.19,31.23,10.61,8.62,0.0
20220918:1111,587.45,33.21,11.24,8.62,0.0
20220918:1211,724.45,32.79,11.94,8.34,0.0
20220918:1311,830.22,30.03,12.63,8.41,0.0
20220918:1411,567.84,25.3,12.91,7.79,0.0
20220918:1511,474.12,19.09,12.96,7.38,0.0
20220918:1611,226.51,11.91,12.71,6.9,0.0
20220918:1711,37.22,4.23,12.11,6.83,0.0
20220918:1811,0.0,0.0,11.55,6.55,0.0
20220918:1911,0.0,0.0,11.29,6.21,0.0
20220918:2011,0.0,0.0,10.98,5.93,0.0
20220918:2111,0.0,0.0,10.75,6.07,0.0
20220918:2211,0.0,0.0,10.5,6.21,0.0
20220918:2311,0.0,0.0,10.29,6.28,0.0
20220919:0011,0.0,0.0,10.08,6.34,0.0
20220919:0111,0.0,0.0,9.95,6.55,0.0
20220919:0211,0.0,0.0,9.89,6.76,0.0
20220919:0311,0.0,0.0,9.76,6.9,0.0
20220919:0411,0.0,0.0,9.58,6.83,0.0
20220919:0511,0.0,0.0,9.33,6.62,0.0
20220919:0611,93.21,6.62,9.13,6.34,0.0
20220919:0711,301.53,14.17,9.74,5.93,0.0
20220919:0811,521.95,21.05,10.33,6.07,0.0
20220919:0911,697.46,26.79,10.95,6.07,0.0
20220919:1011,839.88,30.87,11.54,6.07,0.0
20220919:1111,874.18,32.83,11.95,6.28,0.0
20220919:1211,881.06,32.4,12.13,6.62,0.0
20220919:1311,819.31,29.64,12.17,7.1,0.0
20220919:1411,646.99,24.91,11.92,7.52,0.0
20220919:1511,481.29,18.7,11.66,7.52,0.0
20220919:1611,225.59,11.53,11.34,7.17,0.0
20220919:1711,31.59,3.85,10.92,6.83,0.0
20220919:1811,0.0,0.0,10.4,6.69,0.0
20220919:1911,0.0,0.0,10.17,6.34,0.0
20220919:2011,0.0,0.0,9.96,6.0,0.0
20220919:2111,0.0,0.0,9.76,5.66,0.0
20220919:2211,0.0,0.0,9.6,5.31,0.0
20220919:2311,0.0,0.0,9.39,4.97,0.0
20220920:0011,0.0,0.0,9.19,4.62,0.0
20220920:0111,0.0,0.0,8.92,4.34,0.0
20220920:0211,0.0,0.0,8.75,4.34,0.0
20220920:0311,0.0,0.0,8.68,4.41,0.0
20220920:0411,0.0,0.0,8.71,4.21,0.0
20220920:0511,0.0,0.0,8.64,3.72,0.0
20220920:0611,92.11,6.34,8.55,3.17,0.0
20220920:0711,323.98,13.88,9.23,2.41,0.0
20220920:0811,492.67,20.74,10.45,1.93,0.0
20220920:0911,158.77,26.46,11.28,1.72,0.0
20220920:1011,656.54,30.51,11.83,1.52,0.0
20220920:1111,464.79,32.44,12.24,1.24,0.0
20220920:1211,821.6,32.0,12.26,1.52,0.0
20220920:1311,825.51,29.24,12.52,1.72,0.0
20220920:1411,425.19,24.51,12.17,1.72,0.0
20220920:1511,452.14,18.31,12.06,1.86,0.0
20220920:1611,239.87,11.15,11.71,2.28,0.0
20220920:1711,35.11,3.47,11.08,2.62,0.0
20220920:1811,0.0,0.0,10.59,2.83,0.0
20220920:1911,0.0,0.0,10.28,2.55,0.0
20220920:2011,0.0,0.0,10.11,2.48,0.0
20220920:2111,0.0,0.0,9.97,2.34,0.0
20220920:2211,0.0,0.0,9.76,2.07,0.0
20220920:2311,0.0,0.0,8.79,1.72,0.0
20220921:0011,0.0,0.0,8.3,1.31,0.0
20220921:0111,0.0,0.0,7.94,0.83,0.0
20220921:0211,0.0,0.0,7.74,0.76,0.0
20220921:0311,0.0,0.0,7.59,0.9,0.0
20220921:0411,0.0,0.0,7.25,1.24,0.0
20220921:0511,0.0,0.0,7.83,1.66,0.0
20220921:0611,11.6,6.06,7.85,1.66,0.0
20220921:0711,110.33,13.58,8.93,1.38,0.0
20220921:0811,165.07,20.43,9.96,1.1,0.0
20220921:0911,130.63,26.12,11.15,0.76,0.0
20220921:1011,154.18,30.15,12.15,0.9,0.0
20220921:1111,334.84,32.06,12.98,1.59,0.0
20220921:1211,223.99,31.6,13.41,2.41,0.0
20220921:1311,418.13,28.84,13.54,3.17,0.0
20220921:1411,457.61,24.11,13.3,3.72,0.0
20220921:1511,146.66,17.92,12.89,3.79,0.0
20220921:1611,77.95,10.77,12.84,4.0,0.0
20220921:1711,21.99,3.09,12.64,4.0,0.0
20220921:1811,0.0,0.0,12.26,4.07,0.0
20220921:1911,0.0,0.0,12.48,3.86,0.0
20220921:2011,0.0,0.0,12.37,3.79,0.0
20220921:2111,0.0,0.0,12.27,3.86,0.0
20220921:2211,0.0,0.0,12.28,4.0,0.0
20220921:2311,0.0,0.0,12.42,4.21,0.0
20220922:0011,0.0,0.0,12.51,4.34,0.0
20220922:0111,0.0,0.0,12.31,4.55,0.0
20220922:0211,0.0,0.0,12.47,4.97,0.0
20220922:0311,0.0,0.0,12.54,5.45,0.0
20220922:0411,0.0,0.0,12.72,5.59,0.0
20220922:0511,0.0,0.0,12.75,5.79,0.0
20220922:0611,16.06,5.77,12.77,6.07,0.0
20220922:0711,25.88,13.29,13.06,6.9,0.0
20220922:0811,82.11,20.12,13.4,6.41,0.0
20220922:0911,146.97,25.78,13.45,7.03,0.0
20220922:1011,72.29,29.79,13.77,7.38,0.0
20220922:1111,85.68,31.68,14.1,7.86,0.0
20220922:1211,99.96,31.21,13.87,8.41,0.0
20220922:1311,64.26,28.44,13.55,8.28,0.0
20220922:1411,98.17,23.72,13.46,8.28,0.0
20220922:1511,58.9,17.54,13.46,8.69,0.0
20220922:1611,41.05,10.38,13.25,8.76,0.0
20220922:1711,8.03,2.71,13.25,8.69,0.0
20220922:1811,0.0,0.0,13.19,8.55,0.0
20220922:1911,0.0,0.0,12.96,8.07,0.0
20220922:2011,0.0,0.0,12.47,7.72,0.0
20220922:2111,0.0,0.0,12.49,7.31,0.0
20220922:2211,0.0,0.0,12.46,7.1,0.0
20220922:2311,0.0,0.0,12.42,6.34,0.0
20220923:0011,0.0,0.0,12.34,5.45,0.0
20220923:0111,0.0,0.0,12.23,4.21,0.0
20220923:0211,0.0,0.0,12.06,2.83,0.0
20220923:0311,0.0,0.0,11.83,1.72,0.0
20220923:0411,0.0,0.0,11.75,2.21,0.0
20220923:0511,0.0,0.0,11.61,3.1,0.0
20220923:0611,36.45,5.48,11.35,4.0,0.0
20220923:0711,170.98,12.99,11.35,3.93,0.0
20220923:0811,183.95,19.8,11.87,4.14,0.0
20220923:0911,385.95,25.44,12.05,4.48,0.0
20220923:1011,515.27,29.42,12.37,4.21,0.0
20220923:1111,598.81,31.29,12.95,4.28,0.0
20220923:1211,518.67,30.81,12.8,4.41,0.0
20220923:1311,406.04,28.04,12.84,4.34,0.0
20220923:1411,412.28,23.32,13.11,4.55,0.0
20220923:1511,311.92,17.15,12.92,4.97,0.0
20220923:1611,143.57,10.0,12.65,5.03,0.0
20220923:1711,12.53,2.33,12.1,4.97,0.0
20220923:1811,0.0,0.0,11.7,4.83,0.0
20220923:1911,0.0,0.0,11.13,4.34,0.0
20220923:2011,0.0,0.0,10.79,4.55,0.0
20220923:2111,0.0,0.0,10.65,4.69,0.0
20220923:2211,0.0,0.0,10.54,4.69,0.0
20220923:2311,0.0,0.0,10.37,4.76,0.0
20220924:0011,0.0,0.0,10.27,5.03,0.0
20220924:0111,0.0,0.0,10.19,5.24,0.0
20220924:0211,0.0,0.0,10.06,5.24,0.0
20220924:0311,0.0,0.0,9.8,5.24,0.0
20220924:0411,0.0,0.0,9.59,5.24,0.0
20220924:0511,0.0,0.0,9.4,5.31,0.0
20220924:0611,64.94,5.19,9.15,5.31,0.0
20220924:0711,297.28,12.69,9.37,5.24,0.0
20220924:0811,534.39,19.48,10.02,5.52,0.0
20220924:0911,708.78,25.1,10.75,5.66,0.0
20220924:1011,840.2,29.06,11.42,5.79,0.0
20220924:1111,776.8,30.91,11.98,6.14,0.0
20220924:1211,731.96,30.41,12.34,6.28,0.0
20220924:1311,712.54,27.64,12.51,6.28,0.0
20220924:1411,537.98,22.93,12.51,6.41,0.0
20220924:1511,405.3,16.76,12.34,6.76,0.0
20220924:1611,179.77,9.62,12.02,6.48,0.0
20220924:1711,8.03,1.95,11.48,6.21,0.0
20220924:1811,0.0,0.0,10.88,6.41,0.0
20220924:1911,0.0,0.0,10.59,6.07,0.0
20220924:2011,0.0,0.0,10.24,5.66,0.0
20220924:2111,0.0,0.0,10.09,5.24,0.0
20220924:2211,0.0,0.0,9.99,5.31,0.0
20220924:2311,0.0,0.0,9.92,5.31,0.0
20220925:0011,0.0,0.0,9.86,5.17,0.0
20220925:0111,0.0,0.0,9.61,5.03,0.0
20220925:0211,0.0,0.0,9.32,4.69,0.0
20220925:0311,0.0,0.0,9.14,4.48,0.0
20220925:0411,0.0,0.0,9.03,4.21,0.0
20220925:0511,0.0,0.0,9.0,3.86,0.0
20220925:0611,64.19,4.91,9.08,3.45,0.0
20220925:0711,99.11,12.39,9.36,2.55,0.0
20220925:0811,109.38,19.17,9.8,2.41,0.0
20220925:0911,87.46,24.77,10.47,2.07,0.0
20220925:1011,244.16,28.69,10.95,1.93,0.0
20220925:1111,74.97,30.52,11.34,2.41,0.0
20220925:1211,64.26,30.01,11.36,3.1,0.0
20220925:1311,124.95,27.24,11.25,3.86,0.0
20220925:1411,114.67,22.53,10.79,4.21,0.0
20220925:1511,72.29,16.37,10.42,4.34,0.0
20220925:1611,42.41,9.23,10.21,4.97,0.0
20220925:1711,0.89,1.57,10.19,5.66,0.0
20220925:1811,0.0,0.0,9.44,6.07,0.0
20220925:1911,0.0,0.0,9.45,6.41,0.0
20220925:2011,0.0,0.0,10.58,6.69,0.0
20220925:2111,0.0,0.0,10.89,6.83,0.0
20220925:2211,0.0,0.0,11.08,6.34,0.0
20220925:2311,0.0,0.0,11.18,6.76,0.0
20220926:0011,0.0,0.0,11.21,6.83,0.0
20220926:0111,0.0,0.0,10.64,6.14,0.0
20220926:0211,0.0,0.0,10.68,5.03,0.0
20220926:0311,0.0,0.0,10.6,3.45,0.0
20220926:0411,0.0,0.0,10.5,2.21,0.0
20220926:0511,0.0,0.0,10.24,1.93,0.0
20220926:0611,32.5,4.62,10.14,2.69,0.0
20220926:0711,200.1,12.09,10.9,2.14,0.0
20220926:0811,173.55,18.85,10.95,2.48,0.0
20220926:0911,134.39,24.42,11.23,2.28,0.0
20220926:1011,680.83,28.33,11.67,2.34,0.0
20220926:1111,580.66,30.14,12.0,2.69,0.0
20220926:1211,430.25,29.62,12.02,3.1,0.0
20220926:1311,607.87,26.84,11.84,3.66,0.0
20220926:1411,117.86,22.14,11.26,4.48,0.0
20220926:1511,158.51,15.98,10.53,5.17,0.0
20220926:1611,112.65,8.85,9.98,5.38,0.0
20220926:1711,0.89,1.19,9.55,5.31,0.0
20220926:1811,0.0,0.0,9.25,5.03,0.0
20220926:1911,0.0,0.0,9.1,5.59,0.0
20220926:2011,0.0,0.0,9.08,5.17,0.0
20220926:2111,0.0,0.0,8.8,4.62,0.0
20220926:2211,0.0,0.0,8.47,4.14,0.0
20220926:2311,0.0,0.0,8.23,4.21,0.0
20220927:0011,0.0,0.0,8.0,4.28,0.0
20220927:0111,0.0,0.0,7.97,3.79,0.0
20220927:0211,0.0,0.0,8.08,3.03,0.0
20220927:0311,0.0,0.0,8.06,2.48,0.0
20220927:0411,0.0,0.0,8.01,2.28,0.0
20220927:0511,0.0,0.0,7.97,2.07,0.0
20220927:0611,40.55,4.33,7.96,1.86,0.0
20220927:0711,22.31,11.79,8.08,1.93,0.0
20220927:0811,397.64,18.53,8.56,1.59,0.0
20220927:0911,481.47,24.08,9.15,1.72,0.0
20220927:1011,400.76,27.96,10.05,1.59,0.0
20220927:1111,702.32,29.75,10.55,0.83,0.0
20220927:1211,688.58,29.22,10.98,1.24,0.0
20220927:1311,422.94,26.44,11.14,1.72,0.0
20220927:1411,186.51,21.74,10.81,2.76,0.0
20220927:1511,101.08,15.59,10.61,3.45,0.0
20220927:1611,12.49,8.47,10.42,3.79,0.0
20220927:1711,0.0,0.0,10.3,4.0,0.0
20220927:1811,0.0,0.0,9.33,3.93,0.0
20220927:1911,0.0,0.0,9.49,3.38,0.0
20220927:2011,0.0,0.0,9.56,3.17,0.0
20220927:2111,0.0,0.0,9.67,4.28,0.0
20220927:2211,0.0,0.0,10.81,5.03,0.0
20220927:2311,0.0,0.0,11.16,5.24,0.0
20220928:0011,0.0,0.0,11.24,5.03,0.0
20220928:0111,0.0,0.0,11.27,4.62,0.0
20220928:0211,0.0,0.0,11.17,4.55,0.0
20220928:0311,0.0,0.0,11.27,4.62,0.0
20220928:0411,0.0,0.0,11.32,4.69,0.0
20220928:0511,0.0,0.0,11.33,4.69,0.0
20220928:0611,2.68,4.04,11.32,4.9,0.0
20220928:0711,164.98,11.49,11.88,4.34,0.0
20220928:0811,42.84,18.21,12.21,4.48,0.0
20220928:0911,62.47,23.74,12.99,4.41,0.0
20220928:1011,262.66,27.6,13.63,4.76,0.0
20220928:1111,82.11,29.37,13.77,5.03,0.0
20220928:1211,69.61,28.82,13.87,5.66,0.0
20220928:1311,72.29,26.04,13.46,5.86,0.0
20220928:1411,67.83,21.35,13.31,5.45,0.0
20220928:1511,114.75,15.21,13.36,5.1,0.0
20220928:1611,95.64,8.09,13.34,4.34,0.0
20220928:1711,0.0,0.0,13.14,4.14,0.0
20220928:1811,0.0,0.0,12.65,4.21,0.0
20220928:1911,0.0,0.0,12.29,3.72,0.0
20220928:2011,0.0,0.0,11.84,3.59,0.0
20220928:2111,0.0,0.0,11.39,3.59,0.0
20220928:2211,0.0,0.0,11.09,3.52,0.0
20220928:2311,0.0,0.0,10.84,3.59,0.0
20220929:0011,0.0,0.0,10.57,3.52,0.0
20220929:0111,0.0,0.0,10.29,3.52,0.0
20220929:0211,0.0,0.0,10.18,3.45,0.0
20220929:0311,0.0,0.0,9.96,3.24,0.0
20220929:0411,0.0,0.0,9.67,2.9,0.0
20220929:0511,0.0,0.0,9.41,2.62,0.0
20220929:0611,9.82,3.75,9.19,2.62,0.0
20220929:0711,210.04,11.19,9.83,2.55,0.0
20220929:0811,528.6,17.9,10.59,2.69,0.0
20220929:0911,687.35,23.4,11.23,2.9,0.0
20220929:1011,830.22,27.23,11.9,2.62,0.0
20220929:1111,800.1,28.98,12.47,2.28,0.0
20220929:1211,653.54,28.43,12.97,2.0,0.0
20220929:1311,650.27,25.64,13.1,2.07,0.0
20220929:1411,524.57,20.96,12.8,2.97,0.0
20220929:1511,360.39,14.82,12.38,3.45,0.0
20220929:1611,145.71,7.71,12.04,3.52,0.0
20220929:1711,0.0,0.0,11.51,3.24,0.0
20220929:1811,0.0,0.0,11.25,2.55,0.0
20220929:1911,0.0,0.0,10.99,2.55,0.0
20220929:2011,0.0,0.0,10.73,2.07,0.0
20220929:2111,0.0,0.0,10.13,1.31,0.0
20220929:2211,0.0,0.0,9.71,0.76,0.0
20220929:2311,0.0,0.0,8.17,0.69,0.0
20220930:0011,0.0,0.0,7.41,0.62,0.0
20220930:0111,0.0,0.0,7.12,0.9,0.0
20220930:0211,0.0,0.0,7.78,1.66,0.0
20220930:0311,0.0,0.0,7.84,2.62,0.0
20220930:0411,0.0,0.0,7.9,3.31,0.0
20220930:0511,0.0,0.0,7.84,3.93,0.0
20220930:0611,39.23,3.46,7.84,4.14,0.0
20220930:0711,255.34,10.89,7.82,4.69,0.0
20220930:0811,472.41,17.58,8.74,5.03,0.0
20220930:0911,686.81,23.06,9.7,6.48,0.0
20220930:1011,770.59,26.87,10.47,8.07,0.0
20220930:1111,704.64,28.59,11.22,9.59,0.0
20220930:1211,532.98,28.03,11.65,9.79,0.0
20220930:1311,71.4,25.25,11.7,9.31,0.0
20220930:1411,284.75,20.56,11.46,9.59,0.0
20220930:1511,180.39,14.43,11.05,9.86,0.0
20220930:1611,69.2,7.33,10.76,9.52,0.0
20220930:1711,0.0,0.0,10.75,9.66,0.0
20220930:1811,0.0,0.0,10.91,10.0,0.0
20220930:1911,0.0,0.0,10.6,10.14,0.0
20220930:2011,0.0,0.0,10.76,9.59,0.0
20220930:2111,0.0,0.0,10.57,10.21,0.0
20220930:2211,0.0,0.0,10.18,10.28,0.0
20220930:2311,0.0,0.0,10.31,10.76,0.0
20221001:0011,0.0,0.0,10.43,10.97,0.0
20221001:0111,0.0,0.0,10.54,11.1,0.0
20221001:0211,0.0,0.0,10.75,10.41,0.0
20221001:0311,0.0,0.0,10.98,7.31,0.0
20221001:0411,0.0,0.0,10.97,3.72,0.0
20221001:0511,0.0,0.0,11.41,4.21,0.0
20221001:0611,26.01,3.16,11.38,4.07,0.0
20221001:0711,254.82,10.59,11.35,2.83,0.0
20221001:0811,397.56,17.25,11.57,1.86,0.0
20221001:0911,711.21,22.71,11.97,1.52,0.0
20221001:1011,744.5,26.5,12.39,1.38,0.0
20221001:1111,909.43,28.21,12.8,1.24,0.0
20221001:1211,742.62,27.63,13.01,1.66,0.0
20221001:1311,496.94,24.85,13.0,2.14,0.0
20221001:1411,111.07,20.17,12.51,2.62,0.0
20221001:1511,58.01,14.05,12.17,2.07,0.0
20221001:1611,50.05,6.95,11.92,1.66,0.0
20221001:1711,0.0,0.0,11.48,1.86,0.0
20221001:1811,0.0,0.0,11.21,2.07,0.0
20221001:1911,0.0,0.0,10.84,3.1,0.0
20221001:2011,0.0,0.0,10.82,3.03,0.0
20221001:2111,0.0,0.0,10.78,3.31,0.0
20221001:2211,0.0,0.0,10.67,3.38,0.0
20221001:2311,0.0,0.0,10.72,3.38,0.0
20221002:0011,0.0,0.0,10.71,3.31,0.0
20221002:0111,0.0,0.0,10.71,3.38,0.0
20221002:0211,0.0,0.0,10.67,3.31,0.0
20221002:0311,0.0,0.0,10.75,3.24,0.0
20221002:0411,0.0,0.0,10.46,3.45,0.0
20221002:0511,0.0,0.0,10.42,3.24,0.0
20221002:0611,1.78,2.87,10.38,3.03,0.0
20221002:0711,287.13,10.28,10.89,3.03,0.0
20221002:0811,348.78,16.93,11.22,3.52,0.0
20221002:0911,319.1,22.37,11.47,3.72,0.0
20221002:1011,514.6,26.13,11.78,3.93,0.0
20221002:1111,621.84,27.82,11.93,4.21,0.0
20221002:1211,259.12,27.24,11.86,4.69,0.0
20221002:1311,31.24,24.45,11.44,5.66,0.0
20221002:1411,97.04,19.78,11.51,5.59,0.0
20221002:1511,36.59,13.67,11.5,6.21,0.0
20221002:1611,34.23,6.57,11.11,7.24,0.0
20221002:1711,0.0,0.0,11.04,7.17,0.0
20221002:1811,0.0,0.0,11.12,7.03,0.0
20221002:1911,0.0,0.0,11.02,6.0,0.0
20221002:2011,0.0,0.0,10.83,5.52,0.0
20221002:2111,0.0,0.0,10.76,5.72,0.0
20221002:2211,0.0,0.0,10.77,5.72,0.0
20221002:2311,0.0,0.0,10.93,5.66,0.0
20221003:0011,0.0,0.0,10.95,5.52,0.0
20221003:0111,0.0,0.0,11.0,6.28,0.0
20221003:0211,0.0,0.0,11.1,6.34,0.0
20221003:0311,0.0,0.0,11.09,6.07,0.0
20221003:0411,0.0,0.0,11.1,5.59,0.0
20221003:0511,0.0,0.0,11.01,5.52,0.0
20221003:0611,14.69,2.58,10.92,5.17,0.0
20221003:0711,88.44,9.98,11.11,4.62,0.0
20221003:0811,231.83,16.61,11.33,4.69,0.0
20221003:0911,407.52,22.03,11.72,4.55,0.0
20221003:1011,725.68,25.77,12.09,4.21,0.0
20221003:1111,496.41,27.44,12.44,3.86,0.0
20221003:1211,629.29,26.85,12.69,3.86,0.0
20221003:1311,511.38,24.06,12.68,3.93,0.0
20221003:1411,484.9,19.39,12.67,3.59,0.0
20221003:1511,177.52,13.28,12.4,3.03,0.0
20221003:1611,45.8,6.2,11.93,2.62,0.0
20221003:1711,0.0,0.0,11.39,2.0,0.0
20221003:1811,0.0,0.0,11.11,1.38,0.0
20221003:1911,0.0,0.0,11.07,1.93,0.0
20221003:2011,0.0,0.0,10.99,2.69,0.0
20221003:2111,0.0,0.0,10.91,3.52,0.0
20221003:2211,0.0,0.0,10.84,3.79,0.0
20221003:2311,0.0,0.0,10.94,4.21,0.0
20221004:0011,0.0,0.0,11.1,4.62,0.0
20221004:0111,0.0,0.0,11.41,4.83,0.0
20221004:0211,0.0,0.0,11.65,5.52,0.0
20221004:0311,0.0,0.0,11.7,5.66,0.0
20221004:0411,0.0,0.0,11.72,5.72,0.0
20221004:0511,0.0,0.0,11.85,6.34,0.0
20221004:0611,1.64,2.29,11.95,6.83,0.0
20221004:0711,39.27,9.68,12.04,6.9,0.0
20221004:0811,54.44,16.29,12.42,7.66,0.0
20221004:0911,149.84,21.68,12.71,7.72,0.0
20221004:1011,78.54,25.4,13.05,8.07,0.0
20221004:1111,115.13,27.06,13.17,8.0,0.0
20221004:1211,56.23,26.45,13.34,8.07,0.0
20221004:1311,44.62,23.66,13.24,7.17,0.0
20221004:1411,44.62,19.0,13.18,7.03,0.0
20221004:1511,24.1,12.9,13.09,7.03,0.0
20221004:1611,10.71,5.83,13.05,7.24,0.0
20221004:1711,0.0,0.0,12.93,7.17,0.0
20221004:1811,0.0,0.0,12.82,7.38,0.0
20221004:1911,0.0,0.0,12.59,7.59,0.0
20221004:2011,0.0,0.0,12.86,7.59,0.0
20221004:2111,0.0,0.0,12.93,6.07,0.0
20221004:2211,0.0,0.0,12.97,4.28,0.0
20221004:2311,0.0,0.0,12.66,2.28,0.0
20221005:0011,0.0,0.0,12.37,1.24,0.0
20221005:0111,0.0,0.0,12.09,0.48,0.0
20221005:0211,0.0,0.0,11.91,1.31,0.0
20221005:0311,0.0,0.0,11.97,2.21,0.0
20221005:0411,0.0,0.0,12.0,3.52,0.0
20221005:0511,0.0,0.0,12.17,5.24,0.0
20221005:0611,4.1,1.99,12.15,6.9,0.0
20221005:0711,18.74,9.37,12.66,7.1,0.0
20221005:0811,40.16,15.97,13.38,7.66,0.0
20221005:0911,58.9,21.34,13.24,8.0,0.0
20221005:1011,59.8,25.04,13.39,8.14,0.0
20221005:1111,33.91,26.67,13.19,8.76,0.0
20221005:1211,39.27,26.06,13.23,7.24,0.0
20221005:1311,37.48,23.27,13.19,6.62,0.0
20221005:1411,47.3,18.62,12.97,6.55,0.0
20221005:1511,39.27,12.53,12.32,6.34,0.0
20221005:1611,18.74,5.45,11.72,6.0,0.0
20221005:1711,0.0,0.0,11.12,5.52,0.0
20221005:1811,0.0,0.0,10.73,5.31,0.0
20221005:1911,0.0,0.0,10.89,5.79,0.0
20221005:2011,0.0,0.0,10.76,5.59,0.0
20221005:2111,0.0,0.0,10.72,5.59,0.0
20221005:2211,0.0,0.0,10.42,5.59,0.0
20221005:2311,0.0,0.0,10.0,5.59,0.0
20221006:0011,0.0,0.0,9.94,6.48,0.0
20221006:0111,0.0,0.0,9.73,6.83,0.0
20221006:0211,0.0,0.0,10.05,6.83,0.0
20221006:0311,0.0,0.0,9.71,7.79,0.0
20221006:0411,0.0,0.0,9.44,8.28,0.0
20221006:0511,0.0,0.0,9.46,8.55,0.0
20221006:0611,1.64,1.7,10.0,7.86,0.0
20221006:0711,229.73,9.07,10.54,7.66,0.0
20221006:0811,170.05,15.65,10.92,7.79,0.0
20221006:0911,46.41,21.0,11.2,8.21,0.0
20221006:1011,83.89,24.67,10.48,10.0,0.0
20221006:1111,343.82,26.29,10.99,8.41,0.0
20221006:1211,500.7,25.67,11.65,8.97,0.0
20221006:1311,599.67,22.88,11.33,10.14,0.0
20221006:1411,66.04,18.23,11.71,8.62,0.0
20221006:1511,62.62,12.15,11.47,8.14,0.0
20221006:1611,18.74,5.08,11.01,8.28,0.0
20221006:1711,0.0,0.0,11.14,7.72,0.0
20221006:1811,0.0,0.0,11.24,7.93,0.0
20221006:1911,0.0,0.0,11.74,7.52,0.0
20221006:2011,0.0,0.0,11.94,6.9,0.0
20221006:2111,0.0,0.0,11.88,6.0,0.0
20221006:2211,0.0,0.0,11.6,6.0,0.0
20221006:2311,0.0,0.0,11.88,6.34,0.0
20221007:0011,0.0,0.0,11.94,7.31,0.0
20221007:0111,0.0,0.0,11.47,9.31,0.0
20221007:0211,0.0,0.0,11.95,10.41,0.0
20221007:0311,0.0,0.0,12.68,9.86,0.0
20221007:0411,0.0,0.0,12.69,9.86,0.0
20221007:0511,0.0,0.0,12.32,10.34,0.0
20221007:0611,0.82,1.41,12.06,10.07,0.0
20221007:0711,76.71,8.76,12.15,10.28,0.0
20221007:0811,33.02,15.32,11.97,9.31,0.0
20221007:0911,59.8,20.65,11.45,9.24,0.0
20221007:1011,41.95,24.31,11.35,9.59,0.0
20221007:1111,66.04,25.91,11.5,9.38,0.0
20221007:1211,108.88,25.28,11.57,7.93,0.0
20221007:1311,73.18,22.49,11.47,6.97,0.0
20221007:1411,84.73,17.85,11.48,6.34,0.0
20221007:1511,41.05,11.77,11.34,5.79,0.0
20221007:1611,8.92,4.71,10.92,5.79,0.0
20221007:1711,0.0,0.0,10.02,5.52,0.0
20221007:1811,0.0,0.0,9.56,4.97,0.0
20221007:1911,0.0,0.0,10.23,4.21,0.0
20221007:2011,0.0,0.0,9.8,4.21,0.0
20221007:2111,0.0,0.0,9.84,4.0,0.0
20221007:2211,0.0,0.0,9.39,4.28,0.0
20221007:2311,0.0,0.0,9.02,4.48,0.0
20221008:0011,0.0,0.0,8.88,4.28,0.0
20221008:0111,0.0,0.0,8.69,3.72,0.0
20221008:0211,0.0,0.0,8.37,4.07,0.0
20221008:0311,0.0,0.0,8.49,4.28,0.0
20221008:0411,0.0,0.0,8.29,4.41,0.0
20221008:0511,0.0,0.0,8.13,4.55,0.0
20221008:0611,0.0,0.0,7.96,4.28,0.0
20221008:0711,143.95,8.46,8.33,3.66,0.0
20221008:0811,372.33,15.0,8.87,4.41,0.0
20221008:0911,178.8,20.31,9.06,4.9,0.0
20221008:1011,75.86,23.94,9.27,4.62,0.0
20221008:1111,602.59,25.53,9.46,4.41,0.0
20221008:1211,413.98,24.89,9.68,4.55,0.0
20221008:1311,457.89,22.1,9.6,4.76,0.0
20221008:1411,346.13,17.46,9.33,5.03,0.0
20221008:1511,311.41,11.4,8.96,5.31,0.0
20221008:1611,44.16,4.35,8.51,5.59,0.0
20221008:1711,0.0,0.0,8.19,4.97,0.0
20221008:1811,0.0,0.0,8.1,4.14,0.0
20221008:1911,0.0,0.0,8.77,3.86,0.0
20221008:2011,0.0,0.0,8.84,2.76,0.0
20221008:2111,0.0,0.0,9.17,2.62,0.0
20221008:2211,0.0,0.0,9.44,2.97,0.0
20221008:2311,0.0,0.0,9.82,3.79,0.0
20221009:0011,0.0,0.0,10.06,4.28,0.0
20221009:0111,0.0,0.0,10.07,4.9,0.0
20221009:0211,0.0,0.0,10.17,5.03,0.0
20221009:0311,0.0,0.0,10.28,4.83,0.0
20221009:0411,0.0,0.0,10.4,4.97,0.0
20221009:0511,0.0,0.0,10.4,5.38,0.0
20221009:0611,0.0,0.0,10.35,5.79,0.0
20221009:0711,80.43,8.15,10.67,6.0,0.0
20221009:0811,120.44,14.68,11.14,6.55,0.0
20221009:0911,210.56,19.97,11.45,7.38,0.0
20221009:1011,237.29,23.58,11.42,8.14,0.0
20221009:1111,395.97,25.15,11.73,8.48,0.0
20221009:1211,89.25,24.51,11.79,8.34,0.0
20221009:1311,380.65,21.72,11.92,8.21,0.0
20221009:1411,534.34,17.09,11.78,7.59,0.0
20221009:1511,69.1,11.03,11.82,7.79,0.0
20221009:1611,12.49,3.98,11.76,7.93,0.0
20221009:1711,0.0,0.0,11.54,7.86,0.0
20221009:1811,0.0,0.0,11.48,8.0,0.0
20221009:1911,0.0,0.0,11.63,8.0,0.0
20221009:2011,0.0,0.0,11.45,8.41,0.0
20221009:2111,0.0,0.0,11.31,9.17,0.0
20221009:2211,0.0,0.0,11.22,9.79,0.0
20221009:2311,0.0,0.0,11.16,10.76,0.0
20221010:0011,0.0,0.0,11.19,10.48,0.0
20221010:0111,0.0,0.0,11.28,9.66,0.0
20221010:0211,0.0,0.0,11.48,9.79,0.0
20221010:0311,0.0,0.0,11.54,9.86,0.0
20221010:0411,0.0,0.0,11.66,9.93,0.0
20221010:0511,0.0,0.0,11.61,10.0,0.0
20221010:0611,0.0,0.0,10.99,9.72,0.0
20221010:0711,56.11,7.85,10.85,7.59,0.0
20221010:0811,19.63,14.36,10.34,5.79,0.0
20221010:0911,114.43,19.62,9.77,5.59,0.0
20221010:1011,62.47,23.22,10.01,5.66,0.0
20221010:1111,124.87,24.77,10.2,5.03,0.0
20221010:1211,659.15,24.12,10.65,5.38,0.0
20221010:1311,302.67,21.33,10.17,6.21,0.0
20221010:1411,339.01,16.71,10.15,6.62,0.0
20221010:1511,194.75,10.66,9.87,6.34,0.0
20221010:1611,2.68,3.62,9.12,6.83,0.0
20221010:1711,0.0,0.0,8.59,7.03,0.0
20221010:1811,0.0,0.0,8.55,7.59,0.0
20221010:1911,0.0,0.0,8.25,7.59,0.0
20221010:2011,0.0,0.0,8.27,8.21,0.0
20221010:2111,0.0,0.0,8.01,8.55,0.0
20221010:2211,0.0,0.0,8.02,8.34,0.0
20221010:2311,0.0,0.0,7.75,8.48,0.0
20221011:0011,0.0,0.0,7.73,8.14,0.0
20221011:0111,0.0,0.0,7.66,7.93,0.0
20221011:0211,0.0,0.0,7.69,7.79,0.0
20221011:0311,0.0,0.0,7.58,7.59,0.0
20221011:0411,0.0,0.0,7.64,7.59,0.0
20221011:0511,0.0,0.0,7.62,7.24,0.0
20221011:0611,0.0,0.0,7.64,7.31,0.0
20221011:0711,65.12,7.54,8.08,6.41,0.0
20221011:0811,332.87,14.03,8.31,6.28,0.0
20221011:0911,237.52,19.28,8.58,6.28,0.0
20221011:1011,93.71,22.85,8.73,6.41,0.0
20221011:1111,0.0,0.0,9.01,6.41,0.0
20221011:1211,66.04,23.74,9.27,5.93,0.0
20221011:1311,123.36,20.95,9.52,5.72,0.0
20221011:1411,61.58,16.33,9.58,5.17,0.0
20221011:1511,124.59,10.29,9.42,4.21,0.0
20221011:1611,11.6,3.26,9.27,3.72,0.0
20221011:1711,0.0,0.0,9.04,3.24,0.0
20221011:1811,0.0,0.0,9.15,2.76,0.0
20221011:1911,0.0,0.0,9.24,2.14,0.0
20221011:2011,0.0,0.0,9.33,1.52,0.0
20221011:2111,0.0,0.0,9.26,2.0,0.0
20221011:2211,0.0,0.0,9.28,2.48,0.0
20221011:2311,0.0,0.0,9.42,2.83,0.0
20221012:0011,0.0,0.0,9.67,2.97,0.0
20221012:0111,0.0,0.0,9.88,3.24,0.0
20221012:0211,0.0,0.0,9.96,3.66,0.0
20221012:0311,0.0,0.0,9.86,4.0,0.0
20221012:0411,0.0,0.0,9.99,4.76,0.0
20221012:0511,0.0,0.0,10.1,4.76,0.0
20221012:0611,0.0,0.0,10.17,4.9,0.0
20221012:0711,86.69,7.24,10.18,5.45,0.0
20221012:0811,70.85,13.71,10.52,5.79,0.0
20221012:0911,42.84,18.94,10.7,6.41,0.0
20221012:1011,130.47,22.49,11.09,6.76,0.0
20221012:1111,0.0,0.0,11.26,7.24,0.0
20221012:1211,66.04,23.36,11.2,7.59,0.0
20221012:1311,27.67,20.57,11.22,7.79,0.0
20221012:1411,22.31,15.96,10.82,7.45,0.0
20221012:1511,16.06,9.93,10.75,7.24,0.0
20221012:1611,17.97,2.9,10.73,7.45,0.0
20221012:1711,0.0,0.0,10.81,7.24,0.0
20221012:1811,0.0,0.0,10.78,8.14,0.0
20221012:1911,0.0,0.0,10.2,7.45,0.0
20221012:2011,0.0,0.0,10.2,7.79,0.0
20221012:2111,0.0,0.0,10.2,8.07,0.0
20221012:2211,0.0,0.0,10.28,7.93,0.0
20221012:2311,0.0,0.0,10.62,6.69,0.0
20221013:0011,0.0,0.0,10.85,5.24,0.0
20221013:0111,0.0,0.0,11.15,4.48,0.0
20221013:0211,0.0,0.0,11.16,4.48,0.0
20221013:0311,0.0,0.0,10.81,3.86,0.0
20221013:0411,0.0,0.0,10.47,3.38,0.0
20221013:0511,0.0,0.0,10.25,3.1,0.0
20221013:0611,0.0,0.0,9.94,3.59,0.0
20221013:0711,142.39,6.93,9.7,4.28,0.0
20221013:0811,236.14,13.39,9.78,4.97,0.0
20221013:0911,111.27,18.6,9.79,4.83,0.0
20221013:1011,361.09,22.13,9.9,4.76,0.0
20221013:1111,606.37,23.65,10.19,4.62,0.0
20221013:1211,632.78,22.98,10.41,4.21,0.0
20221013:1311,579.62,20.19,10.47,4.0,0.0
20221013:1411,445.34,15.59,10.21,3.93,0.0
20221013:1511,213.81,9.56,9.92,3.66,0.0
20221013:1611,31.01,2.55,9.38,3.24,0.0
20221013:1711,0.0,0.0,8.75,2.69,0.0
20221013:1811,0.0,0.0,8.46,2.0,0.0
20221013:1911,0.0,0.0,8.04,1.03,0.0
20221013:2011,0.0,0.0,7.63,1.17,0.0
20221013:2111,0.0,0.0,7.51,1.79,0.0
20221013:2211,0.0,0.0,7.15,1.93,0.0
20221013:2311,0.0,0.0,7.11,2.34,0.0
20221014:0011,0.0,0.0,6.93,2.48,0.0
20221014:0111,0.0,0.0,7.09,2.76,0.0
20221014:0211,0.0,0.0,7.9,3.52,0.0
20221014:0311,0.0,0.0,8.36,4.14,0.0
20221014:0411,0.0,0.0,8.66,4.48,0.0
20221014:0511,0.0,0.0,9.05,4.9,0.0
20221014:0611,0.0,0.0,9.43,5.72,0.0
20221014:0711,19.63,6.63,9.81,6.48,0.0
20221014:0811,24.1,13.07,9.95,7.1,0.0
20221014:0911,22.31,18.26,10.29,7.45,0.0
20221014:1011,49.98,21.77,10.66,7.93,0.0
20221014:1111,36.59,23.28,10.47,7.17,0.0
20221014:1211,30.34,22.6,10.73,7.66,0.0
20221014:1311,24.99,19.82,10.72,6.9,0.0
20221014:1411,38.38,15.22,10.64,6.62,0.0
20221014:1511,26.77,9.2,10.6,5.86,0.0
20221014:1611,3.57,2.2,10.48,5.38,0.0
20221014:1711,0.0,0.0,10.35,5.03,0.0
20221014:1811,0.0,0.0,10.32,5.17,0.0
20221014:1911,0.0,0.0,10.04,7.24,0.0
20221014:2011,0.0,0.0,10.51,8.21,0.0
20221014:2111,0.0,0.0,10.59,8.21,0.0
20221014:2211,0.0,0.0,10.3,7.38,0.0
20221014:2311,0.0,0.0,9.8,6.07,0.0
20221015:0011,0.0,0.0,9.11,5.38,0.0
20221015:0111,0.0,0.0,8.51,5.03,0.0
20221015:0211,0.0,0.0,8.04,4.55,0.0
20221015:0311,0.0,0.0,7.66,4.07,0.0
20221015:0411,0.0,0.0,7.59,2.83,0.0
20221015:0511,0.0,0.0,7.63,1.66,0.0
20221015:0611,0.0,0.0,7.29,0.55,0.0
20221015:0711,9.82,6.32,7.35,1.59,0.0
20221015:0811,134.59,12.75,7.99,2.28,0.0
20221015:0911,191.09,17.92,8.56,2.34,0.0
20221015:1011,77.65,21.42,8.92,3.66,0.0
20221015:1111,96.39,22.91,9.5,6.0,0.0
20221015:1211,28.56,22.22,9.57,7.1,0.0
20221015:1311,32.13,19.44,9.35,7.66,0.0
20221015:1411,36.59,14.85,8.95,8.21,0.0
20221015:1511,9.82,8.85,7.58,9.72,0.0
20221015:1611,3.57,1.85,6.98,10.14,0.0
20221015:1711,0.0,0.0,8.98,8.9,0.0
20221015:1811,0.0,0.0,10.1,7.38,0.0
20221015:1911,0.0,0.0,10.17,6.9,0.0
20221015:2011,0.0,0.0,9.93,5.79,0.0
20221015:2111,0.0,0.0,9.7,5.31,0.0
20221015:2211,0.0,0.0,9.71,5.03,0.0
20221015:2311,0.0,0.0,9.07,5.59,0.0
20221016:0011,0.0,0.0,8.87,6.0,0.0
20221016:0111,0.0,0.0,9.09,6.69,0.0
20221016:0211,0.0,0.0,9.42,7.72,0.0
20221016:0311,0.0,0.0,9.31,8.55,0.0
20221016:0411,0.0,0.0,9.26,8.76,0.0
20221016:0511,0.0,0.0,9.13,8.69,0.0
20221016:0611,0.0,0.0,9.41,8.41,0.0
20221016:0711,21.42,6.02,9.3,8.97,0.0
20221016:0811,29.45,12.43,9.24,8.76,0.0
20221016:0911,523.88,17.58,8.96,8.76,0.0
20221016:1011,220.61,21.06,9.02,8.83,0.0
20221016:1111,50.87,22.54,9.7,8.28,0.0
20221016:1211,27.67,21.85,9.37,8.55,0.0
20221016:1311,461.68,19.07,8.79,8.9,0.0
20221016:1411,100.89,14.49,9.1,8.14,0.0
20221016:1511,83.39,8.49,8.92,8.41,0.0
20221016:1611,0.89,1.5,9.22,7.45,0.0
20221016:1711,0.0,0.0,9.36,6.83,0.0
20221016:1811,0.0,0.0,9.35,6.07,0.0
20221016:1911,0.0,0.0,9.54,6.48,0.0
20221016:2011,0.0,0.0,9.62,6.41,0.0
20221016:2111,0.0,0.0,9.82,5.52,0.0
20221016:2211,0.0,0.0,9.72,4.55,0.0
20221016:2311,0.0,0.0,9.94,3.17,0.0
20221017:0011,0.0,0.0,10.03,2.97,0.0
20221017:0111,0.0,0.0,9.91,2.97,0.0
20221017:0211,0.0,0.0,9.8,2.34,0.0
20221017:0311,0.0,0.0,9.63,2.48,0.0
20221017:0411,0.0,0.0,9.52,3.52,0.0
20221017:0511,0.0,0.0,9.5,4.0,0.0
20221017:0611,0.0,0.0,9.39,4.69,0.0
20221017:0711,8.92,5.71,9.17,5.93,0.0
20221017:0811,28.56,12.11,9.02,6.14,0.0
20221017:0911,24.99,17.24,9.05,7.93,0.0
20221017:1011,50.87,20.71,9.04,8.55,0.0
20221017:1111,76.75,22.17,8.98,9.03,0.0
20221017:1211,30.34,21.48,9.18,9.31,0.0
20221017:1311,23.2,18.71,9.21,9.38,0.0
20221017:1411,65.15,14.13,9.3,8.48,0.0
20221017:1511,8.92,8.14,9.36,7.66,0.0
20221017:1611,0.0,0.0,9.41,7.17,0.0
20221017:1711,0.0,0.0,9.51,6.55,0.0
20221017:1811,0.0,0.0,9.56,6.0,0.0
20221017:1911,0.0,0.0,9.89,4.41,0.0
20221017:2011,0.0,0.0,9.86,4.48,0.0
20221017:2111,0.0,0.0,9.74,5.1,0.0
20221017:2211,0.0,0.0,10.11,5.72,0.0
20221017:2311,0.0,0.0,9.86,5.72,0.0
20221018:0011,0.0,0.0,10.12,6.0,0.0
20221018:0111,0.0,0.0,10.55,5.79,0.0
20221018:0211,0.0,0.0,10.35,5.59,0.0
20221018:0311,0.0,0.0,10.54,5.72,0.0
20221018:0411,0.0,0.0,10.42,4.48,0.0
20221018:0511,0.0,0.0,10.32,4.07,0.0
20221018:0611,0.0,0.0,10.05,4.48,0.0
20221018:0711,36.32,5.41,10.35,4.41,0.0
20221018:0811,134.68,11.79,10.38,4.62,0.0
20221018:0911,267.51,16.91,10.45,5.03,0.0
20221018:1011,622.14,20.35,10.9,5.45,0.0
20221018:1111,226.87,21.81,10.72,6.62,0.0
20221018:1211,305.02,21.11,10.58,7.45,0.0
20221018:1311,293.14,18.34,10.64,7.72,0.0
20221018:1411,355.76,13.77,10.57,7.79,0.0
20221018:1511,192.06,7.8,10.21,8.34,0.0
20221018:1611,0.0,0.0,9.72,8.55,0.0
20221018:1711,0.0,0.0,9.27,8.62,0.0
20221018:1811,0.0,0.0,8.86,8.28,0.0
20221018:1911,0.0,0.0,8.71,7.72,0.0
20221018:2011,0.0,0.0,8.26,7.24,0.0
20221018:2111,0.0,0.0,7.9,6.69,0.0
20221018:2211,0.0,0.0,7.65,6.28,0.0
20221018:2311,0.0,0.0,7.45,6.34,0.0
20221019:0011,0.0,0.0,7.37,6.48,0.0
20221019:0111,0.0,0.0,7.32,6.55,0.0
20221019:0211,0.0,0.0,7.04,6.07,0.0
20221019:0311,0.0,0.0,6.87,5.31,0.0
20221019:0411,0.0,0.0,6.74,5.03,0.0
20221019:0511,0.0,0.0,6.6,5.03,0.0
20221019:0611,0.0,0.0,6.51,4.9,0.0
20221019:0711,102.06,5.11,6.73,4.41,0.0
20221019:0811,330.08,11.47,6.88,4.14,0.0
20221019:0911,465.26,16.57,7.28,3.24,0.0
20221019:1011,557.0,20.0,7.73,3.03,0.0
20221019:1111,554.57,21.44,8.24,3.1,0.0
20221019:1211,373.59,20.74,8.66,3.1,0.0
20221019:1311,489.01,17.98,8.73,3.17,0.0
20221019:1411,196.63,13.42,8.65,3.24,0.0
20221019:1511,100.96,7.45,8.37,3.38,0.0
20221019:1611,0.0,0.0,7.81,3.66,0.0
20221019:1711,0.0,0.0,7.35,3.52,0.0
20221019:1811,0.0,0.0,7.04,3.1,0.0
20221019:1911,0.0,0.0,7.29,2.76,0.0
20221019:2011,0.0,0.0,6.62,2.69,0.0
20221019:2111,0.0,0.0,5.98,2.41,0.0
20221019:2211,0.0,0.0,5.8,2.07,0.0
20221019:2311,0.0,0.0,5.45,1.52,0.0
20221020:0011,0.0,0.0,5.3,1.72,0.0
20221020:0111,0.0,0.0,5.23,2.0,0.0
20221020:0211,0.0,0.0,5.4,1.86,0.0
20221020:0311,0.0,0.0,5.49,2.07,0.0
20221020:0411,0.0,0.0,5.62,2.34,0.0
20221020:0511,0.0,0.0,5.63,2.69,0.0
20221020:0611,0.0,0.0,5.56,2.97,0.0
20221020:0711,9.82,4.8,6.4,3.45,0.0
20221020:0811,211.6,11.15,6.62,3.66,0.0
20221020:0911,154.76,16.24,7.38,3.93,0.0
20221020:1011,467.83,19.65,8.42,4.9,0.0
20221020:1111,281.89,21.08,9.11,5.52,0.0
20221020:1211,514.63,20.38,9.64,5.59,0.0
20221020:1311,405.88,17.62,9.9,5.72,0.0
20221020:1411,216.86,13.07,9.84,5.59,0.0
20221020:1511,91.15,7.11,9.45,5.72,0.0
20221020:1611,0.0,0.0,9.0,6.07,0.0
20221020:1711,0.0,0.0,8.59,6.41,0.0
20221020:1811,0.0,0.0,8.4,6.48,0.0
20221020:1911,0.0,0.0,8.14,7.38,0.0
20221020:2011,0.0,0.0,8.01,7.79,0.0
20221020:2111,0.0,0.0,8.0,7.31,0.0
20221020:2211,0.0,0.0,8.0,7.38,0.0
20221020:2311,0.0,0.0,8.19,7.66,0.0
20221021:0011,0.0,0.0,8.35,7.66,0.0
20221021:0111,0.0,0.0,8.43,8.14,0.0
20221021:0211,0.0,0.0,8.48,8.34,0.0
20221021:0311,0.0,0.0,8.42,8.28,0.0
20221021:0411,0.0,0.0,8.29,8.14,0.0
20221021:0511,0.0,0.0,7.97,8.28,0.0
20221021:0611,0.0,0.0,7.57,8.41,0.0
20221021:0711,64.38,4.5,7.97,8.48,0.0
20221021:0811,118.24,10.84,7.97,8.14,0.0
20221021:0911,56.23,15.9,8.32,7.24,0.0
20221021:1011,58.01,19.3,8.86,7.45,0.0
20221021:1111,107.42,20.73,9.39,7.86,0.0
20221021:1211,217.29,20.02,9.76,8.14,0.0
20221021:1311,178.12,17.27,9.82,7.45,0.0
20221021:1411,360.99,12.72,9.45,6.9,0.0
20221021:1511,49.83,6.78,8.86,6.83,0.0
20221021:1611,0.0,0.0,8.43,6.9,0.0
20221021:1711,0.0,0.0,8.17,6.9,0.0
20221021:1811,0.0,0.0,8.1,6.83,0.0
20221021:1911,0.0,0.0,8.63,6.97,0.0
20221021:2011,0.0,0.0,8.65,6.83,0.0
20221021:2111,0.0,0.0,8.63,6.83,0.0
20221021:2211,0.0,0.0,8.62,6.62,0.0
20221021:2311,0.0,0.0,8.6,6.48,0.0
20221022:0011,0.0,0.0,8.47,6.28,0.0
20221022:0111,0.0,0.0,8.42,6.28,0.0
20221022:0211,0.0,0.0,8.62,6.21,0.0
20221022:0311,0.0,0.0,8.86,6.0,0.0
20221022:0411,0.0,0.0,9.04,5.66,0.0
20221022:0511,0.0,0.0,9.16,5.59,0.0
20221022:0611,0.0,0.0,9.32,5.38,0.0
20221022:0711,7.14,4.2,9.1,5.17,0.0
20221022:0811,12.49,10.52,9.35,4.97,0.0
20221022:0911,22.31,15.57,9.75,4.83,0.0
20221022:1011,73.18,18.96,10.18,5.38,0.0
20221022:1111,100.3,20.37,10.47,5.38,0.0
20221022:1211,24.1,19.66,10.94,5.17,0.0
20221022:1311,100.78,16.91,11.07,4.55,0.0
20221022:1411,135.54,12.38,11.11,4.07,0.0
20221022:1511,6.25,6.44,10.85,4.21,0.0
20221022:1611,0.0,0.0,10.32,4.55,0.0
20221022:1711,0.0,0.0,10.18,4.55,0.0
20221022:1811,0.0,0.0,9.96,4.62,0.0
20221022:1911,0.0,0.0,10.14,5.52,0.0
20221022:2011,0.0,0.0,10.3,5.45,0.0
20221022:2111,0.0,0.0,10.36,5.31,0.0
20221022:2211,0.0,0.0,10.36,5.24,0.0
20221022:2311,0.0,0.0,10.37,5.1,0.0
20221023:0011,0.0,0.0,10.39,4.83,0.0
20221023:0111,0.0,0.0,10.31,4.48,0.0
20221023:0211,0.0,0.0,10.35,4.28,0.0
20221023:0311,0.0,0.0,10.37,4.14,0.0
20221023:0411,0.0,0.0,10.47,3.86,0.0
20221023:0511,0.0,0.0,10.62,3.79,0.0
20221023:0611,0.0,0.0,10.77,3.79,0.0
20221023:0711,15.17,3.9,10.77,3.59,0.0
20221023:0811,113.43,10.21,10.96,2.9,0.0
20221023:0911,53.55,15.24,11.32,3.17,0.0
20221023:1011,97.76,18.62,11.56,3.1,0.0
20221023:1111,187.96,20.02,11.91,3.52,0.0
20221023:1211,339.25,19.31,11.98,3.86,0.0
20221023:1311,206.43,16.56,12.06,3.72,0.0
20221023:1411,156.45,12.04,12.07,3.93,0.0
20221023:1511,30.88,6.11,11.72,4.21,0.0
20221023:1611,0.0,0.0,11.24,4.34,0.0
20221023:1711,0.0,0.0,10.85,4.55,0.0
20221023:1811,0.0,0.0,10.38,4.55,0.0
20221023:1911,0.0,0.0,10.67,4.83,0.0
20221023:2011,0.0,0.0,10.46,5.24,0.0
20221023:2111,0.0,0.0,10.32,5.79,0.0
20221023:2211,0.0,0.0,10.08,6.41,0.0
20221023:2311,0.0,0.0,10.04,6.97,0.0
20221024:0011,0.0,0.0,10.15,7.38,0.0
20221024:0111,0.0,0.0,10.21,7.66,0.0
20221024:0211,0.0,0.0,10.15,8.07,0.0
20221024:0311,0.0,0.0,10.11,8.34,0.0
20221024:0411,0.0,0.0,10.15,8.62,0.0
20221024:0511,0.0,0.0,10.17,9.03,0.0
20221024:0611,0.0,0.0,10.03,9.17,0.0
20221024:0711,3.57,3.6,9.84,9.03,0.0
20221024:0811,221.32,9.9,9.95,9.1,0.0
20221024:0911,98.76,14.91,10.06,9.24,0.0
20221024:1011,481.1,18.27,10.32,9.38,0.0
20221024:1111,512.53,19.67,10.5,9.03,0.0
20221024:1211,648.93,18.96,10.48,8.41,0.0
20221024:1311,108.88,16.22,10.36,8.41,0.0
20221024:1411,13.39,11.71,10.14,8.62,0.0
20221024:1511,159.69,5.79,9.94,8.34,0.0
20221024:1611,0.0,0.0,10.07,7.86,0.0
20221024:1711,0.0,0.0,10.07,7.59,0.0
20221024:1811,0.0,0.0,10.1,7.03,0.0
20221024:1911,0.0,0.0,10.26,6.34,0.0
20221024:2011,0.0,0.0,10.15,5.93,0.0
20221024:2111,0.0,0.0,10.14,5.24,0.0
20221024:2211,0.0,0.0,10.18,4.76,0.0
20221024:2311,0.0,0.0,10.12,4.0,0.0
20221025:0011,0.0,0.0,10.01,3.45,0.0
20221025:0111,0.0,0.0,9.93,3.31,0.0
20221025:0211,0.0,0.0,9.97,3.52,0.0
20221025:0311,0.0,0.0,10.01,3.79,0.0
20221025:0411,0.0,0.0,10.04,3.66,0.0
20221025:0511,0.0,0.0,10.2,3.03,0.0
20221025:0611,0.0,0.0,10.13,2.41,0.0
20221025:0711,5.35,3.31,10.26,2.69,0.0
20221025:0811,27.67,9.59,10.05,3.72,0.0
20221025:0911,29.45,14.59,10.75,3.86,0.0
20221025:1011,248.75,17.94,11.19,4.14,0.0
20221025:1111,33.91,19.32,11.52,4.34,0.0
20221025:1211,30.34,18.61,11.22,4.07,0.0
20221025:1311,47.3,15.88,11.19,4.0,0.0
20221025:1411,16.96,11.37,11.28,3.52,0.0
20221025:1511,76.92,5.47,10.97,2.97,0.0
20221025:1611,0.0,0.0,10.64,2.9,0.0
20221025:1711,0.0,0.0,10.54,2.76,0.0
20221025:1811,0.0,0.0,10.48,2.21,0.0
20221025:1911,0.0,0.0,10.67,1.17,0.0
20221025:2011,0.0,0.0,10.55,1.72,0.0
20221025:2111,0.0,0.0,10.34,1.38,0.0
20221025:2211,0.0,0.0,10.2,1.24,0.0
20221025:2311,0.0,0.0,10.21,2.07,0.0
20221026:0011,0.0,0.0,10.17,1.79,0.0
20221026:0111,0.0,0.0,10.17,1.38,0.0
20221026:0211,0.0,0.0,10.16,1.38,0.0
20221026:0311,0.0,0.0,10.1,2.14,0.0
20221026:0411,0.0,0.0,9.91,2.55,0.0
20221026:0511,0.0,0.0,9.93,2.83,0.0
20221026:0611,0.0,0.0,9.84,3.31,0.0
20221026:0711,4.46,3.01,9.85,4.21,0.0
20221026:0811,101.62,9.28,9.91,4.69,0.0
20221026:0911,73.16,14.26,9.92,5.38,0.0
20221026:1011,366.31,17.6,10.29,5.93,0.0
20221026:1111,113.32,18.98,10.61,6.0,0.0
20221026:1211,54.44,18.27,10.91,6.28,0.0
20221026:1311,58.01,15.54,11.07,6.97,0.0
20221026:1411,14.28,11.04,11.15,7.45,0.0
20221026:1511,27.95,5.15,11.35,8.14,0.0
20221026:1611,0.0,0.0,11.54,8.48,0.0
20221026:1711,0.0,0.0,11.57,8.48,0.0
20221026:1811,0.0,0.0,11.65,7.72,0.0
20221026:1911,0.0,0.0,11.93,6.55,0.0
20221026:2011,0.0,0.0,11.9,6.07,0.0
20221026:2111,0.0,0.0,11.87,6.07,0.0
20221026:2211,0.0,0.0,12.09,5.59,0.0
20221026:2311,0.0,0.0,12.17,5.24,0.0
20221027:0011,0.0,0.0,12.02,5.59,0.0
20221027:0111,0.0,0.0,11.97,5.52,0.0
20221027:0211,0.0,0.0,11.86,5.38,0.0
20221027:0311,0.0,0.0,11.68,4.83,0.0
20221027:0411,0.0,0.0,11.6,4.14,0.0
20221027:0511,0.0,0.0,11.3,3.24,0.0
20221027:0611,0.0,0.0,11.24,3.59,0.0
20221027:0711,39.11,2.72,11.08,4.14,0.0
20221027:0811,72.51,8.97,11.28,4.14,0.0
20221027:0911,328.66,13.94,11.46,4.76,0.0
20221027:1011,280.26,17.26,11.69,4.48,0.0
20221027:1111,389.54,18.64,11.95,4.62,0.0
20221027:1211,404.36,17.93,11.85,4.9,0.0
20221027:1311,215.6,15.2,11.78,4.83,0.0
20221027:1411,33.02,10.72,11.68,4.97,0.0
20221027:1511,51.2,4.84,11.48,4.69,0.0
20221027:1611,0.0,0.0,11.27,4.62,0.0
20221027:1711,0.0,0.0,11.07,5.17,0.0
20221027:1811,0.0,0.0,11.21,5.1,0.0
20221027:1911,0.0,0.0,11.62,5.45,0.0
20221027:2011,0.0,0.0,11.67,5.17,0.0
20221027:2111,0.0,0.0,11.7,5.1,0.0
20221027:2211,0.0,0.0,11.83,4.41,0.0
20221027:2311,0.0,0.0,11.78,3.38,0.0
20221028:0011,0.0,0.0,11.7,3.24,0.0
20221028:0111,0.0,0.0,11.63,3.66,0.0
20221028:0211,0.0,0.0,11.51,3.45,0.0
20221028:0311,0.0,0.0,11.57,3.17,0.0
20221028:0411,0.0,0.0,11.54,3.17,0.0
20221028:0511,0.0,0.0,11.54,3.03,0.0
20221028:0611,0.0,0.0,11.59,2.9,0.0
20221028:0711,1.78,2.42,11.65,2.9,0.0
20221028:0811,125.74,8.66,11.82,4.21,0.0
20221028:0911,30.34,13.62,11.97,5.72,0.0
20221028:1011,40.16,16.93,12.05,6.41,0.0
20221028:1111,56.23,18.3,12.39,6.48,0.0
20221028:1211,60.69,17.59,12.54,7.1,0.0
20221028:1311,20.53,14.87,12.61,6.97,0.0
20221028:1411,11.6,10.4,12.73,6.83,0.0
20221028:1511,24.05,4.53,12.71,6.62,0.0
20221028:1611,0.0,0.0,12.68,6.62,0.0
20221028:1711,0.0,0.0,12.34,6.69,0.0
20221028:1811,0.0,0.0,12.44,7.38,0.0
20221028:1911,0.0,0.0,12.45,5.66,0.0
20221028:2011,0.0,0.0,11.94,6.34,0.0
20221028:2111,0.0,0.0,11.42,5.66,0.0
20221028:2211,0.0,0.0,11.09,4.62,0.0
20221028:2311,0.0,0.0,10.82,3.93,0.0
20221029:0011,0.0,0.0,10.76,3.45,0.0
20221029:0111,0.0,0.0,10.76,3.38,0.0
20221029:0211,0.0,0.0,10.96,3.66,0.0
20221029:0311,0.0,0.0,11.09,3.45,0.0
20221029:0411,0.0,0.0,11.05,3.45,0.0
20221029:0511,0.0,0.0,10.91,3.72,0.0
20221029:0611,0.0,0.0,10.95,4.14,0.0
20221029:0711,3.57,2.13,11.0,4.48,0.0
20221029:0811,45.76,8.36,11.14,4.0,0.0
20221029:0911,31.24,13.3,11.32,3.93,0.0
20221029:1011,62.47,16.61,11.47,4.48,0.0
20221029:1111,103.19,17.97,11.69,4.07,0.0
20221029:1211,366.22,17.26,11.66,3.31,0.0
20221029:1311,287.2,14.55,11.56,2.34,0.0
20221029:1411,263.7,10.09,11.39,1.45,0.0
20221029:1511,85.59,4.22,10.98,1.38,0.0
20221029:1611,0.0,0.0,10.36,0.48,0.0
20221029:1711,0.0,0.0,9.34,0.62,0.0
20221029:1811,0.0,0.0,9.14,1.45,0.0
20221029:1911,0.0,0.0,9.06,2.76,0.0
20221029:2011,0.0,0.0,8.79,2.9,0.0
20221029:2111,0.0,0.0,8.5,3.1,0.0
20221029:2211,0.0,0.0,8.46,3.17,0.0
20221029:2311,0.0,0.0,8.5,3.38,0.0
20221030:0011,0.0,0.0,9.15,3.52,0.0
20221030:0111,0.0,0.0,9.8,4.07,0.0
20221030:0211,0.0,0.0,10.19,4.34,0.0
20221030:0311,0.0,0.0,10.24,4.48,0.0
20221030:0411,0.0,0.0,10.44,4.69,0.0
20221030:0511,0.0,0.0,10.6,5.31,0.0
20221030:0611,0.0,0.0,10.76,5.93,0.0
20221030:0711,0.89,1.84,11.18,6.14,0.0
20221030:0811,33.02,8.05,11.5,6.34,0.0
20221030:0911,27.67,12.99,11.93,6.69,0.0
20221030:1011,57.12,16.28,12.35,6.76,0.0
20221030:1111,213.23,17.64,12.96,6.55,0.0
20221030:1211,30.34,16.93,13.33,6.83,0.0
20221030:1311,16.96,14.23,13.22,6.97,0.0
20221030:1411,10.71,9.77,12.84,6.69,0.0
20221030:1511,57.52,3.92,12.43,6.62,0.0
20221030:1611,0.0,0.0,12.08,6.21,0.0
20221030:1711,0.0,0.0,11.89,6.0,0.0
20221030:1811,0.0,0.0,11.69,5.86,0.0
20221030:1911,0.0,0.0,11.5,5.86,0.0
20221030:2011,0.0,0.0,11.62,6.41,0.0
20221030:2111,0.0,0.0,11.07,6.48,0.0
20221030:2211,0.0,0.0,10.77,6.41,0.0
20221030:2311,0.0,0.0,11.07,6.07,0.0
20221031:0011,0.0,0.0,11.06,5.86,0.0
20221031:0111,0.0,0.0,11.01,5.86,0.0
20221031:0211,0.0,0.0,11.09,5.72,0.0
20221031:0311,0.0,0.0,11.2,5.38,0.0
20221031:0411,0.0,0.0,11.18,4.83,0.0
20221031:0511,0.0,0.0,10.96,4.62,0.0
20221031:0611,0.0,0.0,10.84,4.76,0.0
20221031:0711,0.89,1.55,10.98,4.62,0.0
20221031:0811,132.1,7.75,11.1,4.62,0.0
20221031:0911,27.67,12.68,11.28,4.48,0.0
20221031:1011,71.4,15.96,11.4,4.62,0.0
20221031:1111,47.3,17.31,11.39,4.9,0.0
20221031:1211,20.53,16.6,11.42,5.17,0.0
20221031:1311,29.45,13.91,11.57,5.72,0.0
20221031:1411,33.02,9.47,11.47,5.24,0.0
20221031:1511,14.28,3.63,11.21,5.38,0.0
20221031:1611,0.0,0.0,11.18,5.45,0.0
20221031:1711,0.0,0.0,11.12,5.52,0.0
20221031:1811,0.0,0.0,11.04,5.79,0.0
20221031:1911,0.0,0.0,10.65,5.86,0.0
20221031:2011,0.0,0.0,10.7,6.28,0.0
20221031:2111,0.0,0.0,10.81,6.07,0.0
20221031:2211,0.0,0.0,10.92,5.79,0.0
20221031:2311,0.0,0.0,11.02,5.93,0.0
20221101:0011,0.0,0.0,11.04,6.07,0.0
20221101:0111,0.0,0.0,11.03,6.34,0.0
20221101:0211,0.0,0.0,10.91,6.76,0.0
20221101:0311,0.0,0.0,10.78,7.79,0.0
20221101:0411,0.0,0.0,10.56,7.86,0.0
20221101:0511,0.0,0.0,10.39,9.03,0.0
20221101:0611,0.0,0.0,10.53,9.79,0.0
20221101:0711,0.0,0.0,11.2,10.34,0.0
20221101:0811,17.85,7.45,11.33,11.1,0.0
20221101:0911,21.42,12.37,11.12,10.34,0.0
20221101:1011,64.26,15.64,10.49,10.21,0.0
20221101:1111,41.95,16.99,10.49,10.28,0.0
20221101:1211,19.63,16.28,10.64,9.52,0.0
20221101:1311,16.06,13.6,11.25,10.14,0.0
20221101:1411,12.49,9.17,11.33,10.69,0.0
20221101:1511,8.92,3.34,11.5,10.28,0.0
20221101:1611,0.0,0.0,11.31,9.79,0.0
20221101:1711,0.0,0.0,11.03,8.97,0.0
20221101:1811,0.0,0.0,10.97,7.86,0.0
20221101:1911,0.0,0.0,10.99,7.79,0.0
20221101:2011,0.0,0.0,10.7,7.45,0.0
20221101:2111,0.0,0.0,10.61,6.48,0.0
20221101:2211,0.0,0.0,10.56,5.66,0.0
20221101:2311,0.0,0.0,10.33,5.79,0.0
20221102:0011,0.0,0.0,10.05,5.86,0.0
20221102:0111,0.0,0.0,9.75,5.59,0.0
20221102:0211,0.0,0.0,9.72,5.31,0.0
20221102:0311,0.0,0.0,9.66,4.9,0.0
20221102:0411,0.0,0.0,9.36,4.0,0.0
20221102:0511,0.0,0.0,9.27,2.97,0.0
20221102:0611,0.0,0.0,8.99,2.48,0.0
20221102:0711,0.0,0.0,8.94,2.62,0.0
20221102:0811,29.45,7.16,8.94,2.34,0.0
20221102:0911,61.19,12.06,9.04,2.34,0.0
20221102:1011,85.96,15.32,9.06,2.76,0.0
20221102:1111,20.53,16.67,9.48,3.72,0.0
20221102:1211,19.63,15.97,9.62,4.28,0.0
20221102:1311,15.17,13.29,9.89,3.52,0.0
20221102:1411,239.85,8.87,9.67,3.52,0.0
20221102:1511,2.68,3.05,9.45,5.03,0.0
20221102:1611,0.0,0.0,9.14,4.76,0.0
20221102:1711,0.0,0.0,9.02,4.55,0.0
20221102:1811,0.0,0.0,9.1,5.86,0.0
20221102:1911,0.0,0.0,9.11,6.76,0.0
20221102:2011,0.0,0.0,9.15,8.48,0.0
20221102:2111,0.0,0.0,9.17,8.41,0.0
20221102:2211,0.0,0.0,9.35,9.24,0.0
20221102:2311,0.0,0.0,9.64,9.1,0.0
20221103:0011,0.0,0.0,10.08,10.07,0.0
20221103:0111,0.0,0.0,10.05,9.52,0.0
20221103:0211,0.0,0.0,9.93,10.55,0.0
20221103:0311,0.0,0.0,10.16,9.86,0.0
20221103:0411,0.0,0.0,11.08,8.55,0.0
20221103:0511,0.0,0.0,11.01,8.34,0.0
20221103:0611,0.0,0.0,10.64,7.59,0.0
20221103:0711,0.0,0.0,10.35,6.69,0.0
20221103:0811,73.87,6.87,10.18,6.28,0.0
20221103:0911,68.21,11.76,10.02,5.45,0.0
20221103:1011,206.02,15.01,10.05,5.45,0.0
20221103:1111,114.14,16.35,9.92,5.72,0.0
20221103:1211,333.71,15.65,9.88,5.66,0.0
20221103:1311,43.73,12.98,9.61,5.52,0.0
20221103:1411,26.77,8.58,9.47,5.52,0.0
20221103:1511,5.35,2.77,9.15,5.66,0.0
20221103:1611,0.0,0.0,8.89,5.66,0.0
20221103:1711,0.0,0.0,8.73,5.45,0.0
20221103:1811,0.0,0.0,8.46,4.97,0.0
20221103:1911,0.0,0.0,7.76,3.38,0.0
20221103:2011,0.0,0.0,7.64,1.93,0.0
20221103:2111,0.0,0.0,7.66,3.03,0.0
20221103:2211,0.0,0.0,7.64,3.52,0.0
20221103:2311,0.0,0.0,7.73,3.93,0.0
20221104:0011,0.0,0.0,7.82,4.34,0.0
20221104:0111,0.0,0.0,7.91,4.28,0.0
20221104:0211,0.0,0.0,8.0,4.0,0.0
20221104:0311,0.0,0.0,8.1,4.14,0.0
20221104:0411,0.0,0.0,8.23,3.66,0.0
20221104:0511,0.0,0.0,8.38,3.52,0.0
20221104:0611,0.0,0.0,8.46,3.52,0.0
20221104:0711,0.0,0.0,8.27,4.69,0.0
20221104:0811,24.99,6.57,8.31,4.83,0.0
20221104:0911,34.81,11.45,8.28,5.45,0.0
20221104:1011,38.38,14.7,8.23,6.0,0.0
20221104:1111,33.02,16.04,8.25,6.07,0.0
20221104:1211,17.85,15.34,8.25,6.28,0.0
20221104:1311,33.02,12.68,8.19,6.76,0.0
20221104:1411,26.77,8.29,8.11,7.17,0.0
20221104:1511,2.68,2.5,8.04,7.45,0.0
20221104:1611,0.0,0.0,7.96,7.38,0.0
20221104:1711,0.0,0.0,7.85,7.03,0.0
20221104:1811,0.0,0.0,7.81,6.62,0.0
20221104:1911,0.0,0.0,7.36,6.83,0.0
20221104:2011,0.0,0.0,7.25,6.28,0.0
20221104:2111,0.0,0.0,7.18,6.14,0.0
20221104:2211,0.0,0.0,7.08,5.93,0.0
20221104:2311,0.0,0.0,7.56,5.59,0.0
20221105:0011,0.0,0.0,7.58,5.03,0.0
20221105:0111,0.0,0.0,7.57,4.14,0.0
20221105:0211,0.0,0.0,7.46,3.45,0.0
20221105:0311,0.0,0.0,7.3,2.55,0.0
20221105:0411,0.0,0.0,7.46,2.14,0.0
20221105:0511,0.0,0.0,7.53,1.52,0.0
20221105:0611,0.0,0.0,7.51,1.72,0.0
20221105:0711,0.0,0.0,7.87,3.72,0.0
20221105:0811,32.73,6.28,8.01,4.21,0.0
20221105:0911,254.19,11.16,8.02,4.83,0.0
20221105:1011,312.18,14.4,8.56,4.76,0.0
20221105:1111,169.5,15.73,9.06,4.34,0.0
20221105:1211,88.05,15.04,8.86,4.55,0.0
20221105:1311,43.73,12.39,8.63,4.69,0.0
20221105:1411,8.03,8.01,8.45,4.21,0.0
20221105:1511,10.71,2.23,8.17,4.14,0.0
20221105:1611,0.0,0.0,7.97,3.79,0.0
20221105:1711,0.0,0.0,7.97,3.72,0.0
20221105:1811,0.0,0.0,8.03,3.93,0.0
20221105:1911,0.0,0.0,8.18,4.0,0.0
20221105:2011,0.0,0.0,8.23,4.07,0.0
20221105:2111,0.0,0.0,8.35,4.34,0.0
20221105:2211,0.0,0.0,8.49,5.1,0.0
20221105:2311,0.0,0.0,8.51,5.72,0.0
20221106:0011,0.0,0.0,8.11,5.52,0.0
20221106:0111,0.0,0.0,8.36,4.97,0.0
20221106:0211,0.0,0.0,8.64,4.07,0.0
20221106:0311,0.0,0.0,9.38,4.48,0.0
20221106:0411,0.0,0.0,9.4,5.24,0.0
20221106:0511,0.0,0.0,9.41,5.45,0.0
20221106:0611,0.0,0.0,9.39,4.83,0.0
20221106:0711,0.0,0.0,9.5,4.62,0.0
20221106:0811,13.39,6.0,9.37,4.21,0.0
20221106:0911,162.18,10.86,9.65,4.83,0.0
20221106:1011,193.91,14.09,9.76,3.79,0.0
20221106:1111,153.77,15.43,9.87,3.93,0.0
20221106:1211,284.12,14.74,9.93,4.0,0.0
20221106:1311,199.05,12.1,9.94,3.38,0.0
20221106:1411,248.29,7.73,9.79,3.31,0.0
20221106:1511,5.35,1.96,9.41,4.07,0.0
20221106:1611,0.0,0.0,9.02,4.69,0.0
20221106:1711,0.0,0.0,8.82,5.1,0.0
20221106:1811,0.0,0.0,8.6,5.72,0.0
20221106:1911,0.0,0.0,8.3,6.34,0.0
20221106:2011,0.0,0.0,8.32,6.28,0.0
20221106:2111,0.0,0.0,8.51,6.21,0.0
20221106:2211,0.0,0.0,8.79,6.34,0.0
20221106:2311,0.0,0.0,8.62,6.41,0.0
20221107:0011,0.0,0.0,7.66,6.0,0.0
20221107:0111,0.0,0.0,7.36,5.66,0.0
20221107:0211,0.0,0.0,7.16,5.24,0.0
20221107:0311,0.0,0.0,7.13,4.41,0.0
20221107:0411,0.0,0.0,7.24,3.72,0.0
20221107:0511,0.0,0.0,7.59,3.17,0.0
20221107:0611,0.0,0.0,8.01,2.62,0.0
20221107:0711,0.0,0.0,8.06,1.38,0.0
20221107:0811,56.58,5.72,8.16,2.62,0.0
20221107:0911,63.69,10.57,8.99,2.69,0.0
20221107:1011,42.84,13.8,9.23,2.55,0.0
20221107:1111,59.8,15.13,9.45,3.24,0.0
20221107:1211,96.42,14.45,9.71,3.52,0.0
20221107:1311,44.62,11.81,9.65,3.31,0.0
20221107:1411,23.2,7.46,9.55,2.34,0.0
20221107:1511,2.68,1.7,9.56,2.14,0.0
20221107:1611,0.0,0.0,9.44,2.83,0.0
20221107:1711,0.0,0.0,9.33,2.97,0.0
20221107:1811,0.0,0.0,9.32,3.59,0.0
20221107:1911,0.0,0.0,9.48,4.07,0.0
20221107:2011,0.0,0.0,9.63,4.83,0.0
20221107:2111,0.0,0.0,9.62,4.9,0.0
20221107:2211,0.0,0.0,9.22,5.31,0.0
20221107:2311,0.0,0.0,9.36,4.97,0.0
20221108:0011,0.0,0.0,10.13,4.97,0.0
20221108:0111,0.0,0.0,10.43,4.83,0.0
20221108:0211,0.0,0.0,10.51,5.1,0.0
20221108:0311,0.0,0.0,10.58,5.59,0.0
20221108:0411,0.0,0.0,10.7,6.07,0.0
20221108:0511,0.0,0.0,10.96,6.55,0.0
20221108:0611,0.0,0.0,11.07,6.62,0.0
20221108:0711,0.0,0.0,11.09,6.97,0.0
20221108:0811,8.92,5.44,11.18,7.24,0.0
20221108:0911,16.96,10.28,11.5,7.72,0.0
20221108:1011,31.24,13.5,11.6,8.62,0.0
20221108:1111,33.91,14.83,11.62,9.24,0.0
20221108:1211,16.96,14.16,10.96,9.17,0.0
20221108:1311,35.7,11.54,10.83,8.55,0.0
20221108:1411,62.83,7.19,10.65,7.38,0.0
20221108:1511,0.89,1.45,10.84,6.14,0.0
20221108:1611,0.0,0.0,10.72,5.59,0.0
20221108:1711,0.0,0.0,10.6,5.66,0.0
20221108:1811,0.0,0.0,10.52,5.86,0.0
20221108:1911,0.0,0.0,10.55,6.34,0.0
20221108:2011,0.0,0.0,10.55,6.48,0.0
20221108:2111,0.0,0.0,10.6,6.9,0.0
20221108:2211,0.0,0.0,10.58,6.97,0.0
20221108:2311,0.0,0.0,10.35,6.62,0.0
20221109:0011,0.0,0.0,9.76,6.62,0.0
20221109:0111,0.0,0.0,9.59,7.24,0.0
20221109:0211,0.0,0.0,9.94,6.97,0.0
20221109:0311,0.0,0.0,9.71,7.38,0.0
20221109:0411,0.0,0.0,9.42,7.24,0.0
20221109:0511,0.0,0.0,9.53,6.48,0.0
20221109:0611,0.0,0.0,9.61,6.41,0.0
20221109:0711,0.0,0.0,9.52,6.28,0.0
20221109:0811,4.46,5.16,9.46,6.21,0.0
20221109:0911,17.85,9.99,9.47,6.34,0.0
20221109:1011,15.17,13.21,9.5,6.14,0.0
20221109:1111,55.33,14.54,9.72,5.93,0.0
20221109:1211,58.9,13.87,9.86,5.66,0.0
20221109:1311,33.91,11.26,9.97,5.59,0.0
20221109:1411,11.6,6.93,9.94,5.52,0.0
20221109:1511,0.0,0.0,9.73,5.45,0.0
20221109:1611,0.0,0.0,9.64,5.17,0.0
20221109:1711,0.0,0.0,9.59,5.1,0.0
20221109:1811,0.0,0.0,9.28,5.17,0.0
20221109:1911,0.0,0.0,9.53,4.69,0.0
20221109:2011,0.0,0.0,9.5,4.14,0.0
20221109:2111,0.0,0.0,9.61,3.93,0.0
20221109:2211,0.0,0.0,9.48,4.41,0.0
20221109:2311,0.0,0.0,9.52,4.48,0.0
20221110:0011,0.0,0.0,9.57,4.48,0.0
20221110:0111,0.0,0.0,9.64,4.21,0.0
20221110:0211,0.0,0.0,9.62,4.97,0.0
20221110:0311,0.0,0.0,9.79,5.66,0.0
20221110:0411,0.0,0.0,9.78,6.21,0.0
20221110:0511,0.0,0.0,9.71,6.14,0.0
20221110:0611,0.0,0.0,9.78,6.34,0.0
20221110:0711,0.0,0.0,9.81,7.24,0.0
20221110:0811,4.46,4.88,9.46,7.79,0.0
20221110:0911,36.59,9.71,9.79,7.45,0.0
20221110:1011,37.48,12.93,10.77,6.55,0.0
20221110:1111,41.05,14.26,11.22,6.9,0.0
20221110:1211,79.79,13.59,11.44,7.24,0.0
20221110:1311,21.42,10.99,11.43,6.76,0.0
20221110:1411,15.17,6.67,11.3,6.62,0.0
20221110:1511,0.0,0.0,11.36,7.17,0.0
20221110:1611,0.0,0.0,11.42,7.66,0.0
20221110:1711,0.0,0.0,11.55,8.21,0.0
20221110:1811,0.0,0.0,11.7,8.34,0.0
20221110:1911,0.0,0.0,12.12,8.83,0.0
20221110:2011,0.0,0.0,12.18,8.69,0.0
20221110:2111,0.0,0.0,12.16,8.48,0.0
20221110:2211,0.0,0.0,12.13,8.07,0.0
20221110:2311,0.0,0.0,12.11,8.07,0.0
20221111:0011,0.0,0.0,12.11,7.93,0.0
20221111:0111,0.0,0.0,12.25,8.0,0.0
20221111:0211,0.0,0.0,12.34,7.52,0.0
20221111:0311,0.0,0.0,12.27,7.38,0.0
20221111:0411,0.0,0.0,12.26,7.45,0.0
20221111:0511,0.0,0.0,11.76,7.31,0.0
20221111:0611,0.0,0.0,11.77,7.31,0.0
20221111:0711,0.0,0.0,12.42,7.86,0.0
20221111:0811,8.92,4.61,11.9,7.93,0.0
20221111:0911,18.74,9.44,12.32,7.79,0.0
20221111:1011,111.72,12.64,12.42,8.07,0.0
20221111:1111,23.2,13.98,12.5,7.66,0.0
20221111:1211,89.46,13.32,12.56,7.17,0.0
20221111:1311,115.09,10.73,12.58,6.83,0.0
20221111:1411,18.74,6.42,12.48,6.69,0.0
20221111:1511,0.0,0.0,12.39,6.41,0.0
20221111:1611,0.0,0.0,12.27,6.14,0.0
20221111:1711,0.0,0.0,12.25,6.41,0.0
20221111:1811,0.0,0.0,12.27,6.48,0.0
20221111:1911,0.0,0.0,12.66,6.0,0.0
20221111:2011,0.0,0.0,12.72,6.48,0.0
20221111:2111,0.0,0.0,12.79,6.76,0.0
20221111:2211,0.0,0.0,12.96,6.76,0.0
20221111:2311,0.0,0.0,13.05,6.69,0.0
20221112:0011,0.0,0.0,12.94,5.93,0.0
20221112:0111,0.0,0.0,12.47,4.97,0.0
20221112:0211,0.0,0.0,11.98,4.62,0.0
20221112:0311,0.0,0.0,11.32,4.34,0.0
20221112:0411,0.0,0.0,10.83,3.93,0.0
20221112:0511,0.0,0.0,10.59,3.59,0.0
20221112:0611,0.0,0.0,10.39,3.1,0.0
20221112:0711,0.0,0.0,10.04,1.86,0.0
20221112:0811,81.28,4.35,9.9,1.59,0.0
20221112:0911,257.58,9.16,9.89,1.59,0.0
20221112:1011,387.54,12.37,10.08,1.38,0.0
20221112:1111,455.13,13.7,10.47,1.31,0.0
20221112:1211,508.99,13.05,10.91,1.45,0.0
20221112:1311,417.71,10.47,11.05,1.66,0.0
20221112:1411,31.45,6.18,10.91,2.0,0.0
20221112:1511,0.0,0.0,10.55,2.55,0.0
20221112:1611,0.0,0.0,10.04,3.03,0.0
20221112:1711,0.0,0.0,9.76,3.38,0.0
20221112:1811,0.0,0.0,9.86,3.79,0.0
20221112:1911,0.0,0.0,10.52,4.55,0.0
20221112:2011,0.0,0.0,10.71,4.55,0.0
20221112:2111,0.0,0.0,10.71,4.48,0.0
20221112:2211,0.0,0.0,10.6,4.69,0.0
20221112:2311,0.0,0.0,10.5,4.9,0.0
20221113:0011,0.0,0.0,10.37,4.9,0.0
20221113:0111,0.0,0.0,10.4,4.83,0.0
20221113:0211,0.0,0.0,10.35,5.1,0.0
20221113:0311,0.0,0.0,10.35,5.59,0.0
20221113:0411,0.0,0.0,10.45,5.66,0.0
20221113:0511,0.0,0.0,10.58,5.52,0.0
20221113:0611,0.0,0.0,10.7,5.52,0.0
20221113:0711,0.0,0.0,10.67,5.93,0.0
20221113:0811,44.98,4.08,10.66,6.07,0.0
20221113:0911,71.81,8.89,10.76,6.21,0.0
20221113:1011,180.01,12.09,10.9,6.07,0.0
20221113:1111,443.56,13.43,11.15,6.76,0.0
20221113:1211,230.15,12.79,11.21,6.83,0.0
20221113:1311,241.81,10.22,11.11,6.55,0.0
20221113:1411,69.37,5.94,11.0,6.0,0.0
20221113:1511,0.0,0.0,10.79,5.79,0.0
20221113:1611,0.0,0.0,10.57,5.52,0.0
20221113:1711,0.0,0.0,10.41,5.66,0.0
20221113:1811,0.0,0.0,10.2,5.93,0.0
20221113:1911,0.0,0.0,10.05,6.14,0.0
20221113:2011,0.0,0.0,10.03,6.41,0.0
20221113:2111,0.0,0.0,9.99,6.41,0.0
20221113:2211,0.0,0.0,10.05,6.34,0.0
20221113:2311,0.0,0.0,10.01,6.34,0.0
20221114:0011,0.0,0.0,9.97,6.48,0.0
20221114:0111,0.0,0.0,9.91,6.48,0.0
20221114:0211,0.0,0.0,9.83,6.76,0.0
20221114:0311,0.0,0.0,9.67,7.03,0.0
20221114:0411,0.0,0.0,9.5,7.38,0.0
20221114:0511,0.0,0.0,9.34,7.45,0.0
20221114:0611,0.0,0.0,9.24,7.66,0.0
20221114:0711,0.0,0.0,9.82,7.45,0.0
20221114:0811,74.68,3.82,9.93,7.52,0.0
20221114:0911,226.26,8.63,10.12,7.66,0.0
20221114:1011,357.7,11.83,10.4,7.52,0.0
20221114:1111,409.19,13.17,10.64,7.79,0.0
20221114:1211,448.61,12.53,10.72,7.79,0.0
20221114:1311,382.25,9.97,10.7,7.79,0.0
20221114:1411,104.98,5.71,10.64,8.0,0.0
20221114:1511,0.0,0.0,10.49,8.28,0.0
20221114:1611,0.0,0.0,10.25,8.21,0.0
20221114:1711,0.0,0.0,10.16,8.14,0.0
20221114:1811,0.0,0.0,10.05,8.21,0.0
20221114:1911,0.0,0.0,10.3,8.55,0.0
20221114:2011,0.0,0.0,10.17,8.9,0.0
20221114:2111,0.0,0.0,9.89,9.24,0.0
20221114:2211,0.0,0.0,9.79,9.17,0.0
20221114:2311,0.0,0.0,9.66,8.76,0.0
20221115:0011,0.0,0.0,9.52,8.41,0.0
20221115:0111,0.0,0.0,9.24,8.76,0.0
20221115:0211,0.0,0.0,8.99,9.24,0.0
20221115:0311,0.0,0.0,8.81,9.45,0.0
20221115:0411,0.0,0.0,8.76,9.24,0.0
20221115:0511,0.0,0.0,8.66,9.1,0.0
20221115:0611,0.0,0.0,8.54,9.66,0.0
20221115:0711,0.0,0.0,8.77,9.38,0.0
20221115:0811,123.59,3.57,8.7,9.93,0.0
20221115:0911,44.86,8.37,8.73,9.45,0.0
20221115:1011,19.63,11.56,8.76,9.93,0.0
20221115:1111,230.14,12.91,8.84,9.38,0.0
20221115:1211,347.06,12.28,8.96,11.24,0.0
20221115:1311,59.42,9.73,9.17,11.59,0.0
20221115:1411,9.82,5.48,9.13,11.93,0.0
20221115:1511,0.0,0.0,9.05,12.07,0.0
20221115:1611,0.0,0.0,9.01,11.93,0.0
20221115:1711,0.0,0.0,8.85,12.28,0.0
20221115:1811,0.0,0.0,8.5,12.34,0.0
20221115:1911,0.0,0.0,7.82,12.14,0.0
20221115:2011,0.0,0.0,7.64,12.28,0.0
20221115:2111,0.0,0.0,7.39,12.76,0.0
20221115:2211,0.0,0.0,7.09,12.69,0.0
20221115:2311,0.0,0.0,6.93,12.9,0.0
20221116:0011,0.0,0.0,7.02,12.76,0.0
20221116:0111,0.0,0.0,6.95,12.76,0.0
20221116:0211,0.0,0.0,6.83,12.83,0.0
20221116:0311,0.0,0.0,6.7,12.76,0.0
20221116:0411,0.0,0.0,6.59,12.9,0.0
20221116:0511,0.0,0.0,6.54,12.97,0.0
20221116:0611,0.0,0.0,6.54,13.1,0.0
20221116:0711,0.0,0.0,6.31,13.24,0.0
20221116:0811,3.57,3.31,6.34,13.1,0.0
20221116:0911,28.56,8.11,6.39,13.1,0.0
20221116:1011,115.22,11.31,6.33,12.14,0.0
20221116:1111,195.09,12.65,6.45,12.62,0.0
20221116:1211,289.67,12.03,6.75,12.9,0.0
20221116:1311,413.14,9.5,6.83,12.55,0.0
20221116:1411,233.49,5.26,6.78,13.24,0.0
20221116:1511,0.0,0.0,6.73,12.9,0.0
20221116:1611,0.0,0.0,6.58,12.69,0.0
20221116:1711,0.0,0.0,6.48,12.83,0.0
20221116:1811,0.0,0.0,6.4,12.76,0.0
20221116:1911,0.0,0.0,6.49,12.69,0.0
20221116:2011,0.0,0.0,6.2,12.41,0.0
20221116:2111,0.0,0.0,6.12,12.41,0.0
20221116:2211,0.0,0.0,5.96,12.41,0.0
20221116:2311,0.0,0.0,5.84,12.21,0.0
20221117:0011,0.0,0.0,5.74,11.86,0.0
20221117:0111,0.0,0.0,5.6,11.72,0.0
20221117:0211,0.0,0.0,5.54,11.52,0.0
20221117:0311,0.0,0.0,5.44,11.24,0.0
20221117:0411,0.0,0.0,5.4,11.45,0.0
20221117:0511,0.0,0.0,5.3,11.24,0.0
20221117:0611,0.0,0.0,5.1,10.83,0.0
20221117:0711,0.0,0.0,4.69,9.52,0.0
20221117:0811,58.22,3.06,4.33,9.38,0.0
20221117:0911,236.93,7.86,4.26,9.38,0.0
20221117:1011,443.83,11.05,4.2,9.1,0.0
20221117:1111,380.58,12.4,4.26,9.38,0.0
20221117:1211,469.1,11.79,4.19,9.45,0.0
20221117:1311,384.77,9.27,4.17,9.59,0.0
20221117:1411,126.01,5.05,4.03,9.45,0.0
20221117:1511,0.0,0.0,3.9,9.86,0.0
20221117:1611,0.0,0.0,3.8,10.0,0.0
20221117:1711,0.0,0.0,3.77,10.0,0.0
20221117:1811,0.0,0.0,4.02,11.45,0.0
20221117:1911,0.0,0.0,3.58,10.41,0.0
20221117:2011,0.0,0.0,3.44,10.07,0.0
20221117:2111,0.0,0.0,3.44,10.0,0.0
20221117:2211,0.0,0.0,3.51,9.86,0.0
20221117:2311,0.0,0.0,3.47,9.59,0.0
20221118:0011,0.0,0.0,3.61,10.69,0.0
20221118:0111,0.0,0.0,3.7,10.69,0.0
20221118:0211,0.0,0.0,3.66,10.62,0.0
20221118:0311,0.0,0.0,3.44,10.55,0.0
20221118:0411,0.0,0.0,3.09,9.59,0.0
20221118:0511,0.0,0.0,3.01,9.52,0.0
20221118:0611,0.0,0.0,3.2,10.41,0.0
20221118:0711,0.0,0.0,2.8,10.97,0.0
20221118:0811,47.94,2.82,2.99,9.72,0.0
20221118:0911,368.14,7.61,3.28,9.72,0.0
20221118:1011,484.75,10.8,3.24,9.03,0.0
20221118:1111,485.67,12.16,3.59,8.9,0.0
20221118:1211,538.42,11.56,3.84,8.83,0.0
20221118:1311,420.79,9.05,3.87,8.62,0.0
20221118:1411,118.98,4.84,3.77,9.59,0.0
20221118:1511,0.0,0.0,3.62,9.31,0.0
20221118:1611,0.0,0.0,3.37,8.76,0.0
20221118:1711,0.0,0.0,3.34,8.21,0.0
20221118:1811,0.0,0.0,3.17,7.66,0.0
20221118:1911,0.0,0.0,2.97,7.72,0.0
20221118:2011,0.0,0.0,2.84,7.24,0.0
20221118:2111,0.0,0.0,2.69,6.69,0.0
20221118:2211,0.0,0.0,2.5,6.28,0.0
20221118:2311,0.0,0.0,2.25,5.93,0.0
20221119:0011,0.0,0.0,2.0,5.79,0.0
20221119:0111,0.0,0.0,1.73,5.86,0.0
20221119:0211,0.0,0.0,1.53,5.86,0.0
20221119:0311,0.0,0.0,1.25,5.79,0.0
20221119:0411,0.0,0.0,1.01,5.66,0.0
20221119:0511,0.0,0.0,0.86,5.72,0.0
20221119:0611,0.0,0.0,0.76,5.66,0.0
20221119:0711,0.0,0.0,0.71,5.03,0.0
20221119:0811,37.41,2.58,0.72,4.9,0.0
20221119:0911,375.18,7.37,0.93,4.62,0.0
20221119:1011,495.83,10.56,1.35,4.07,0.0
20221119:1111,484.55,11.92,1.77,3.31,0.0
20221119:1211,526.08,11.33,2.12,2.55,0.0
20221119:1311,373.75,8.83,2.25,1.93,0.0
20221119:1411,86.13,4.63,2.28,1.38,0.0
20221119:1511,0.0,0.0,1.53,0.97,0.0
20221119:1611,0.0,0.0,1.59,0.76,0.0
20221119:1711,0.0,0.0,1.76,0.83,0.0
20221119:1811,0.0,0.0,0.99,1.1,0.0
20221119:1911,0.0,0.0,0.35,1.24,0.0
20221119:2011,0.0,0.0,0.0,2.07,0.0
20221119:2111,0.0,0.0,0.71,3.03,0.0
20221119:2211,0.0,0.0,0.53,4.21,0.0
20221119:2311,0.0,0.0,0.01,5.17,0.0
20221120:0011,0.0,0.0,-0.45,5.59,0.0
20221120:0111,0.0,0.0,-0.79,5.45,0.0
20221120:0211,0.0,0.0,-0.8,5.66,0.0
20221120:0311,0.0,0.0,-0.61,6.0,0.0
20221120:0411,0.0,0.0,-0.4,6.28,0.0
20221120:0511,0.0,0.0,-0.2,6.55,0.0
20221120:0611,0.0,0.0,-0.12,6.83,0.0
20221120:0711,0.0,0.0,0.13,6.97,0.0
20221120:0811,52.32,2.34,0.26,6.83,0.0
20221120:0911,430.85,7.13,0.53,6.76,0.0
20221120:1011,489.51,10.32,0.9,6.83,0.0
20221120:1111,562.57,11.69,1.27,6.83,0.0
20221120:1211,245.1,11.1,1.5,6.55,0.0
20221120:1311,225.36,8.62,1.53,6.07,0.0
20221120:1411,16.96,4.44,1.28,5.72,0.0
20221120:1511,0.0,0.0,0.92,5.38,0.0
20221120:1611,0.0,0.0,0.72,5.1,0.0
20221120:1711,0.0,0.0,0.65,4.76,0.0
20221120:1811,0.0,0.0,0.6,4.34,0.0
20221120:1911,0.0,0.0,0.83,3.1,0.0
20221120:2011,0.0,0.0,0.7,2.69,0.0
20221120:2111,0.0,0.0,0.65,2.34,0.0
20221120:2211,0.0,0.0,0.68,2.07,0.0
20221120:2311,0.0,0.0,0.64,1.79,0.0
20221121:0011,0.0,0.0,0.6,1.72,0.0
20221121:0111,0.0,0.0,0.7,1.79,0.0
20221121:0211,0.0,0.0,0.9,2.07,0.0
20221121:0311,0.0,0.0,0.97,2.41,0.0
20221121:0411,0.0,0.0,0.91,2.69,0.0
20221121:0511,0.0,0.0,0.89,2.9,0.0
20221121:0611,0.0,0.0,0.83,2.97,0.0
20221121:0711,0.0,0.0,1.22,2.41,0.0
20221121:0811,1.78,2.11,1.17,2.14,0.0
20221121:0911,230.99,6.89,1.22,2.28,0.0
20221121:1011,70.44,10.09,1.22,3.17,0.0
20221121:1111,113.14,11.46,1.19,3.31,0.0
20221121:1211,389.14,10.89,1.29,3.66,0.0
20221121:1311,121.14,8.42,1.3,3.86,0.0
20221121:1411,8.92,4.25,1.25,4.28,0.0
20221121:1511,0.0,0.0,1.04,5.03,0.0
20221121:1611,0.0,0.0,0.82,5.93,0.0
20221121:1711,0.0,0.0,0.85,6.69,0.0
20221121:1811,0.0,0.0,0.85,7.45,0.0
20221121:1911,0.0,0.0,0.43,7.79,0.0
20221121:2011,0.0,0.0,0.45,8.0,0.0
20221121:2111,0.0,0.0,0.62,8.14,0.0
20221121:2211,0.0,0.0,0.75,8.41,0.0
20221121:2311,0.0,0.0,0.68,8.62,0.0
20221122:0011,0.0,0.0,0.54,8.55,0.0
20221122:0111,0.0,0.0,0.41,8.62,0.0
20221122:0211,0.0,0.0,0.28,8.55,0.0
20221122:0311,0.0,0.0,0.26,8.41,0.0
20221122:0411,0.0,0.0,0.32,8.55,0.0
20221122:0511,0.0,0.0,0.37,8.83,0.0
20221122:0611,0.0,0.0,0.37,8.97,0.0
20221122:0711,0.0,0.0,0.6,8.9,0.0
20221122:0811,4.46,1.89,0.81,9.03,0.0
20221122:0911,64.65,6.67,1.12,9.31,0.0
20221122:1011,156.72,9.87,1.41,8.97,0.0
20221122:1111,41.95,11.24,1.98,9.1,0.0
20221122:1211,209.11,10.68,2.4,9.17,0.0
20221122:1311,258.51,8.22,2.6,9.79,0.0
20221122:1411,12.49,4.07,2.79,9.72,0.0
20221122:1511,0.0,0.0,2.76,9.66,0.0
20221122:1611,0.0,0.0,3.02,9.72,0.0
20221122:1711,0.0,0.0,3.29,10.14,0.0
20221122:1811,0.0,0.0,3.44,10.55,0.0
20221122:1911,0.0,0.0,3.43,10.83,0.0
20221122:2011,0.0,0.0,3.5,11.17,0.0
20221122:2111,0.0,0.0,3.59,11.38,0.0
20221122:2211,0.0,0.0,3.64,11.24,0.0
20221122:2311,0.0,0.0,3.57,10.97,0.0
20221123:0011,0.0,0.0,3.66,10.69,0.0
20221123:0111,0.0,0.0,3.75,10.48,0.0
20221123:0211,0.0,0.0,3.73,10.28,0.0
20221123:0311,0.0,0.0,3.72,10.14,0.0
20221123:0411,0.0,0.0,3.76,10.0,0.0
20221123:0511,0.0,0.0,3.77,9.93,0.0
20221123:0611,0.0,0.0,3.85,9.93,0.0
20221123:0711,0.0,0.0,4.13,9.72,0.0
20221123:0811,0.89,1.66,4.15,9.66,0.0
20221123:0911,23.2,6.44,4.42,10.34,0.0
20221123:1011,542.22,9.64,4.85,10.83,0.0
20221123:1111,421.22,11.03,5.08,10.62,0.0
20221123:1211,580.9,10.47,5.25,10.41,0.0
20221123:1311,93.65,8.03,5.49,11.24,0.0
20221123:1411,11.6,3.89,5.65,11.31,0.0
20221123:1511,0.0,0.0,5.75,11.52,0.0
20221123:1611,0.0,0.0,5.7,11.38,0.0
20221123:1711,0.0,0.0,5.67,11.31,0.0
20221123:1811,0.0,0.0,5.62,11.79,0.0
20221123:1911,0.0,0.0,5.59,10.41,0.0
20221123:2011,0.0,0.0,5.48,10.34,0.0
20221123:2111,0.0,0.0,5.57,10.76,0.0
20221123:2211,0.0,0.0,5.63,10.76,0.0
20221123:2311,0.0,0.0,5.6,10.83,0.0
20221124:0011,0.0,0.0,5.68,10.9,0.0
20221124:0111,0.0,0.0,5.91,10.97,0.0
20221124:0211,0.0,0.0,6.25,11.1,0.0
20221124:0311,0.0,0.0,6.17,10.69,0.0
20221124:0411,0.0,0.0,5.85,10.48,0.0
20221124:0511,0.0,0.0,5.73,10.14,0.0
20221124:0611,0.0,0.0,5.95,9.72,0.0
20221124:0711,0.0,0.0,6.08,9.17,0.0
20221124:0811,2.68,1.45,6.08,8.69,0.0
20221124:0911,363.73,6.22,6.06,8.55,0.0
20221124:1011,89.79,9.43,6.15,8.21,0.0
20221124:1111,102.39,10.82,6.35,7.72,0.0
20221124:1211,185.04,10.27,6.55,7.59,0.0
20221124:1311,8.03,7.84,6.59,7.1,0.0
20221124:1411,2.68,3.72,6.65,7.03,0.0
20221124:1511,0.0,0.0,6.77,7.24,0.0
20221124:1611,0.0,0.0,6.86,7.45,0.0
20221124:1711,0.0,0.0,6.77,7.52,0.0
20221124:1811,0.0,0.0,6.7,7.72,0.0
20221124:1911,0.0,0.0,7.03,8.34,0.0
20221124:2011,0.0,0.0,7.15,8.34,0.0
20221124:2111,0.0,0.0,7.16,8.69,0.0
20221124:2211,0.0,0.0,7.28,9.1,0.0
20221124:2311,0.0,0.0,7.44,9.79,0.0
20221125:0011,0.0,0.0,7.6,10.07,0.0
20221125:0111,0.0,0.0,7.66,10.62,0.0
20221125:0211,0.0,0.0,7.68,10.97,0.0
20221125:0311,0.0,0.0,7.48,11.24,0.0
20221125:0411,0.0,0.0,7.12,11.45,0.0
20221125:0511,0.0,0.0,7.06,10.83,0.0
20221125:0611,0.0,0.0,6.88,10.76,0.0
20221125:0711,0.0,0.0,6.88,10.62,0.0
20221125:0811,0.0,0.0,6.86,9.93,0.0
20221125:0911,24.1,6.01,6.67,9.31,0.0
20221125:1011,46.65,9.22,6.6,9.45,0.0
20221125:1111,37.48,10.62,6.61,9.03,0.0
20221125:1211,112.91,10.08,6.59,8.9,0.0
20221125:1311,40.2,7.67,6.83,8.76,0.0
20221125:1411,2.68,3.56,6.86,8.62,0.0
20221125:1511,0.0,0.0,6.91,8.28,0.0
20221125:1611,0.0,0.0,6.86,7.79,0.0
20221125:1711,0.0,0.0,7.06,7.24,0.0
20221125:1811,0.0,0.0,7.2,6.69,0.0
20221125:1911,0.0,0.0,6.9,6.0,0.0
20221125:2011,0.0,0.0,7.22,5.17,0.0
20221125:2111,0.0,0.0,7.48,4.21,0.0
20221125:2211,0.0,0.0,7.67,3.72,0.0
20221125:2311,0.0,0.0,7.86,3.93,0.0
20221126:0011,0.0,0.0,7.96,4.14,0.0
20221126:0111,0.0,0.0,7.64,4.21,0.0
20221126:0211,0.0,0.0,7.45,3.79,0.0
20221126:0311,0.0,0.0,7.45,3.17,0.0
20221126:0411,0.0,0.0,7.63,2.97,0.0
20221126:0511,0.0,0.0,7.69,2.97,0.0
20221126:0611,0.0,0.0,7.4,3.03,0.0
20221126:0711,0.0,0.0,7.71,3.93,0.0
20221126:0811,0.0,0.0,7.85,4.0,0.0
20221126:0911,52.95,5.8,7.92,4.14,0.0
20221126:1011,33.02,9.02,8.15,4.21,0.0
20221126:1111,232.26,10.42,8.35,4.48,0.0
20221126:1211,10.71,9.9,8.55,4.9,0.0
20221126:1311,134.81,7.5,8.51,4.9,0.0
20221126:1411,157.34,3.4,8.47,5.03,0.0
20221126:1511,0.0,0.0,8.39,5.1,0.0
20221126:1611,0.0,0.0,8.23,5.38,0.0
20221126:1711,0.0,0.0,8.17,5.79,0.0
20221126:1811,0.0,0.0,8.07,6.07,0.0
20221126:1911,0.0,0.0,7.58,7.03,0.0
20221126:2011,0.0,0.0,7.41,7.52,0.0
20221126:2111,0.0,0.0,7.32,7.79,0.0
20221126:2211,0.0,0.0,7.4,8.0,0.0
20221126:2311,0.0,0.0,7.55,8.07,0.0
20221127:0011,0.0,0.0,7.75,8.0,0.0
20221127:0111,0.0,0.0,8.05,8.07,0.0
20221127:0211,0.0,0.0,8.36,8.62,0.0
20221127:0311,0.0,0.0,8.51,8.83,0.0
20221127:0411,0.0,0.0,8.59,9.31,0.0
20221127:0511,0.0,0.0,8.7,10.0,0.0
20221127:0611,0.0,0.0,8.84,10.07,0.0
20221127:0711,0.0,0.0,8.74,10.97,0.0
20221127:0811,0.0,0.0,8.53,11.52,0.0
20221127:0911,6.25,5.6,8.12,10.69,0.0
20221127:1011,12.49,8.82,8.14,10.34,0.0
20221127:1111,15.17,10.23,8.13,10.14,0.0
20221127:1211,15.17,9.72,8.13,10.0,0.0
20221127:1311,9.82,7.33,8.09,9.93,0.0
20221127:1411,2.68,3.25,8.14,9.52,0.0
20221127:1511,0.0,0.0,8.1,8.62,0.0
20221127:1611,0.0,0.0,8.16,7.93,0.0
20221127:1711,0.0,0.0,8.19,7.24,0.0
20221127:1811,0.0,0.0,8.02,7.17,0.0
20221127:1911,0.0,0.0,7.92,7.38,0.0
20221127:2011,0.0,0.0,7.77,7.52,0.0
20221127:2111,0.0,0.0,7.45,7.79,0.0
20221127:2211,0.0,0.0,7.27,8.28,0.0
20221127:2311,0.0,0.0,6.94,8.83,0.0
20221128:0011,0.0,0.0,6.63,9.03,0.0
20221128:0111,0.0,0.0,6.42,9.03,0.0
20221128:0211,0.0,0.0,6.35,8.83,0.0
20221128:0311,0.0,0.0,6.35,8.41,0.0
20221128:0411,0.0,0.0,6.42,8.55,0.0
20221128:0511,0.0,0.0,6.43,8.55,0.0
20221128:0611,0.0,0.0,6.17,8.76,0.0
20221128:0711,0.0,0.0,5.42,9.03,0.0
20221128:0811,0.0,0.0,5.14,9.31,0.0
20221128:0911,43.91,5.41,4.93,9.24,0.0
20221128:1011,36.59,8.63,4.78,8.97,0.0
20221128:1111,40.16,10.05,4.77,9.03,0.0
20221128:1211,34.81,9.55,4.76,8.9,0.0
20221128:1311,36.98,7.17,4.75,8.76,0.0
20221128:1411,2.68,3.11,4.72,8.83,0.0
20221128:1511,0.0,0.0,4.97,9.03,0.0
20221128:1611,0.0,0.0,4.97,9.03,0.0
20221128:1711,0.0,0.0,5.0,9.1,0.0
20221128:1811,0.0,0.0,5.0,9.1,0.0
20221128:1911,0.0,0.0,5.13,8.55,0.0
20221128:2011,0.0,0.0,5.1,8.76,0.0
20221128:2111,0.0,0.0,4.96,8.62,0.0
20221128:2211,0.0,0.0,4.9,8.55,0.0
20221128:2311,0.0,0.0,4.84,8.69,0.0
20221129:0011,0.0,0.0,4.86,8.76,0.0
20221129:0111,0.0,0.0,4.89,8.9,0.0
20221129:0211,0.0,0.0,4.93,8.97,0.0
20221129:0311,0.0,0.0,4.95,8.97,0.0
20221129:0411,0.0,0.0,4.99,8.83,0.0
20221129:0511,0.0,0.0,4.99,8.41,0.0
20221129:0611,0.0,0.0,4.99,8.07,0.0
20221129:0711,0.0,0.0,5.07,7.52,0.0
20221129:0811,0.0,0.0,4.94,7.24,0.0
20221129:0911,175.02,5.22,4.88,7.17,0.0
20221129:1011,34.81,8.44,4.87,6.97,0.0
20221129:1111,30.34,9.87,4.96,6.76,0.0
20221129:1211,15.17,9.38,5.0,6.55,0.0
20221129:1311,7.14,7.02,4.98,6.28,0.0
20221129:1411,1.78,2.98,4.97,6.07,0.0
20221129:1511,0.0,0.0,4.82,5.93,0.0
20221129:1611,0.0,0.0,4.69,5.72,0.0
20221129:1711,0.0,0.0,4.66,5.52,0.0
20221129:1811,0.0,0.0,4.65,5.52,0.0
20221129:1911,0.0,0.0,4.77,5.52,0.0
20221129:2011,0.0,0.0,4.5,5.52,0.0
20221129:2111,0.0,0.0,4.42,5.66,0.0
20221129:2211,0.0,0.0,4.28,5.66,0.0
20221129:2311,0.0,0.0,4.21,5.59,0.0
20221130:0011,0.0,0.0,4.2,5.45,0.0
20221130:0111,0.0,0.0,4.25,5.38,0.0
20221130:0211,0.0,0.0,4.25,5.45,0.0
20221130:0311,0.0,0.0,4.23,5.45,0.0
20221130:0411,0.0,0.0,4.07,5.38,0.0
20221130:0511,0.0,0.0,3.96,5.38,0.0
20221130:0611,0.0,0.0,3.94,5.45,0.0
20221130:0711,0.0,0.0,3.96,5.52,0.0
20221130:0811,0.0,0.0,3.85,5.45,0.0
20221130:0911,9.82,5.03,3.87,5.24,0.0
20221130:1011,25.88,8.26,4.09,5.03,0.0
20221130:1111,32.13,9.7,4.48,5.03,0.0
20221130:1211,29.45,9.23,4.72,4.9,0.0
20221130:1311,13.39,6.88,4.72,5.03,0.0
20221130:1411,1.78,2.85,4.52,4.97,0.0
20221130:1511,0.0,0.0,4.08,4.76,0.0
20221130:1611,0.0,0.0,3.79,4.69,0.0
20221130:1711,0.0,0.0,3.63,4.69,0.0
20221130:1811,0.0,0.0,3.5,4.76,0.0
20221130:1911,0.0,0.0,3.56,5.03,0.0
20221130:2011,0.0,0.0,3.37,5.03,0.0
20221130:2111,0.0,0.0,3.21,4.97,0.0
20221130:2211,0.0,0.0,3.09,4.9,0.0
20221130:2311,0.0,0.0,3.03,4.9,0.0
20221201:0011,0.0,0.0,2.95,4.83,0.0
20221201:0111,0.0,0.0,2.88,4.62,0.0
20221201:0211,0.0,0.0,2.8,4.48,0.0
20221201:0311,0.0,0.0,2.65,4.48,0.0
20221201:0411,0.0,0.0,2.58,4.41,0.0
20221201:0511,0.0,0.0,2.57,4.34,0.0
20221201:0611,0.0,0.0,2.51,4.21,0.0
20221201:0711,0.0,0.0,3.01,4.21,0.0
20221201:0811,0.0,0.0,2.99,4.21,0.0
20221201:0911,16.96,4.85,3.01,4.34,0.0
20221201:1011,103.01,8.09,3.23,4.34,0.0
20221201:1111,291.76,9.54,3.48,4.28,0.0
20221201:1211,511.89,9.08,3.69,4.21,0.0
20221201:1311,375.64,6.75,3.73,4.14,0.0
20221201:1411,65.88,2.73,3.52,4.07,0.0
20221201:1511,0.0,0.0,3.12,4.07,0.0
20221201:1611,0.0,0.0,2.83,4.14,0.0
20221201:1711,0.0,0.0,2.59,4.28,0.0
20221201:1811,0.0,0.0,2.34,4.34,0.0
20221201:1911,0.0,0.0,2.81,4.21,0.0
20221201:2011,0.0,0.0,2.6,4.14,0.0
20221201:2111,0.0,0.0,2.37,4.14,0.0
20221201:2211,0.0,0.0,2.21,4.14,0.0
20221201:2311,0.0,0.0,2.03,4.28,0.0
20221202:0011,0.0,0.0,1.89,4.48,0.0
20221202:0111,0.0,0.0,1.74,4.41,0.0
20221202:0211,0.0,0.0,1.66,4.21,0.0
20221202:0311,0.0,0.0,1.58,4.21,0.0
20221202:0411,0.0,0.0,1.62,4.34,0.0
20221202:0511,0.0,0.0,1.55,4.34,0.0
20221202:0611,0.0,0.0,1.49,4.34,0.0
20221202:0711,0.0,0.0,1.53,4.48,0.0
20221202:0811,0.0,0.0,1.51,4.34,0.0
20221202:0911,118.83,4.68,1.69,4.28,0.0
20221202:1011,328.79,7.93,2.06,4.14,0.0
20221202:1111,311.04,9.38,2.48,4.0,0.0
20221202:1211,359.39,8.93,2.78,3.93,0.0
20221202:1311,232.22,6.62,2.82,3.86,0.0
20221202:1411,7.14,2.61,2.63,3.59,0.0
20221202:1511,0.0,0.0,2.25,3.59,0.0
20221202:1611,0.0,0.0,2.04,3.59,0.0
20221202:1711,0.0,0.0,1.91,3.59,0.0
20221202:1811,0.0,0.0,1.78,3.52,0.0
20221202:1911,0.0,0.0,2.0,3.59,0.0
20221202:2011,0.0,0.0,1.97,3.38,0.0
20221202:2111,0.0,0.0,2.07,3.38,0.0
20221202:2211,0.0,0.0,2.2,3.45,0.0
20221202:2311,0.0,0.0,2.13,3.52,0.0
20221203:0011,0.0,0.0,1.95,3.52,0.0
20221203:0111,0.0,0.0,1.92,3.45,0.0
20221203:0211,0.0,0.0,1.82,3.38,0.0
20221203:0311,0.0,0.0,1.73,3.31,0.0
20221203:0411,0.0,0.0,1.69,3.38,0.0
20221203:0511,0.0,0.0,1.66,3.52,0.0
20221203:0611,0.0,0.0,1.58,3.52,0.0
20221203:0711,0.0,0.0,2.09,3.17,0.0
20221203:0811,0.0,0.0,2.06,3.1,0.0
20221203:0911,140.91,4.52,2.04,3.17,0.0
20221203:1011,321.29,7.77,2.28,3.17,0.0
20221203:1111,402.95,9.23,2.65,3.59,0.0
20221203:1211,356.4,8.8,2.79,3.79,0.0
20221203:1311,256.05,6.49,2.73,3.93,0.0
20221203:1411,6.25,2.51,2.41,4.28,0.0
20221203:1511,0.0,0.0,2.0,4.41,0.0
20221203:1611,0.0,0.0,1.66,4.34,0.0
20221203:1711,0.0,0.0,1.38,4.21,0.0
20221203:1811,0.0,0.0,1.17,4.14,0.0
20221203:1911,0.0,0.0,1.2,4.21,0.0
20221203:2011,0.0,0.0,0.97,4.07,0.0
20221203:2111,0.0,0.0,0.89,3.86,0.0
20221203:2211,0.0,0.0,0.85,3.72,0.0
20221203:2311,0.0,0.0,0.73,3.59,0.0
20221204:0011,0.0,0.0,0.61,3.59,0.0
20221204:0111,0.0,0.0,0.53,3.59,0.0
20221204:0211,0.0,0.0,0.49,3.52,0.0
20221204:0311,0.0,0.0,0.48,3.38,0.0
20221204:0411,0.0,0.0,0.37,3.31,0.0
20221204:0511,0.0,0.0,0.34,3.24,0.0
20221204:0611,0.0,0.0,0.3,3.24,0.0
20221204:0711,0.0,0.0,0.38,3.86,0.0
20221204:0811,0.0,0.0,0.42,3.86,0.0
20221204:0911,141.76,4.36,0.5,3.72,0.0
20221204:1011,325.25,7.61,0.7,3.52,0.0
20221204:1111,373.49,9.09,1.01,3.38,0.0
20221204:1211,365.86,8.67,1.2,3.1,0.0
20221204:1311,244.74,6.38,1.23,2.83,0.0
20221204:1411,8.92,2.41,1.06,2.69,0.0
20221204:1511,0.0,0.0,0.8,2.62,0.0
20221204:1611,0.0,0.0,0.61,2.55,0.0
20221204:1711,0.0,0.0,0.55,2.62,0.0
20221204:1811,0.0,0.0,0.45,2.55,0.0
20221204:1911,0.0,0.0,0.32,2.14,0.0
20221204:2011,0.0,0.0,0.17,2.07,0.0
20221204:2111,0.0,0.0,0.08,2.14,0.0
20221204:2211,0.0,0.0,0.0,2.14,0.0
20221204:2311,0.0,0.0,-0.14,2.07,0.0
20221205:0011,0.0,0.0,-0.24,2.07,0.0
20221205:0111,0.0,0.0,-0.27,2.07,0.0
20221205:0211,0.0,0.0,-0.35,2.0,0.0
20221205:0311,0.0,0.0,-0.64,1.72,0.0
20221205:0411,0.0,0.0,-1.27,1.31,0.0
20221205:0511,0.0,0.0,-1.16,1.1,0.0
20221205:0611,0.0,0.0,-1.67,1.45,0.0
20221205:0711,0.0,0.0,-1.21,1.24,0.0
20221205:0811,0.0,0.0,-1.52,1.45,0.0
20221205:0911,8.03,4.2,-0.69,1.93,0.0
20221205:1011,21.42,7.47,0.35,2.21,0.0
20221205:1111,26.77,8.95,0.84,2.34,0.0
20221205:1211,215.6,8.54,0.93,2.48,0.0
20221205:1311,134.66,6.27,0.84,2.55,0.0
20221205:1411,3.57,2.31,0.64,2.69,0.0
20221205:1511,0.0,0.0,0.53,2.76,0.0
20221205:1611,0.0,0.0,0.76,2.76,0.0
20221205:1711,0.0,0.0,1.12,2.55,0.0
20221205:1811,0.0,0.0,1.67,2.21,0.0
20221205:1911,0.0,0.0,2.03,2.21,0.0
20221205:2011,0.0,0.0,2.31,2.0,0.0
20221205:2111,0.0,0.0,2.37,1.86,0.0
20221205:2211,0.0,0.0,2.66,2.0,0.0
20221205:2311,0.0,0.0,2.88,2.83,0.0
20221206:0011,0.0,0.0,2.89,3.59,0.0
20221206:0111,0.0,0.0,2.71,3.93,0.0
20221206:0211,0.0,0.0,2.58,4.14,0.0
20221206:0311,0.0,0.0,2.31,4.28,0.0
20221206:0411,0.0,0.0,2.12,4.48,0.0
20221206:0511,0.0,0.0,1.89,4.55,0.0
20221206:0611,0.0,0.0,1.58,4.69,0.0
20221206:0711,0.0,0.0,1.31,4.62,0.0
20221206:0811,0.0,0.0,0.92,4.28,0.0
20221206:0911,124.6,4.06,0.63,3.59,0.0
20221206:1011,289.69,7.33,0.67,3.1,0.0
20221206:1111,352.49,8.83,1.06,2.83,0.0
20221206:1211,352.02,8.43,1.47,2.41,0.0
20221206:1311,193.68,6.17,1.85,3.1,0.0
20221206:1411,3.57,2.23,2.11,4.07,0.0
20221206:1511,0.0,0.0,2.0,5.38,0.0
20221206:1611,0.0,0.0,1.77,6.48,0.0
20221206:1711,0.0,0.0,1.67,7.17,0.0
20221206:1811,0.0,0.0,1.57,7.66,0.0
20221206:1911,0.0,0.0,1.33,7.03,0.0
20221206:2011,0.0,0.0,1.23,7.38,0.0
20221206:2111,0.0,0.0,1.14,7.72,0.0
20221206:2211,0.0,0.0,0.98,7.66,0.0
20221206:2311,0.0,0.0,0.89,7.38,0.0
20221207:0011,0.0,0.0,0.73,7.1,0.0
20221207:0111,0.0,0.0,0.43,6.97,0.0
20221207:0211,0.0,0.0,0.28,6.76,0.0
20221207:0311,0.0,0.0,0.13,6.48,0.0
20221207:0411,0.0,0.0,0.03,6.14,0.0
20221207:0511,0.0,0.0,-0.15,5.66,0.0
20221207:0611,0.0,0.0,-0.32,5.24,0.0
20221207:0711,0.0,0.0,-0.73,4.28,0.0
20221207:0811,0.0,0.0,-0.78,4.07,0.0
20221207:0911,15.17,3.92,-0.77,3.79,0.0
20221207:1011,79.31,7.2,-0.49,3.52,0.0
20221207:1111,149.91,8.7,-0.18,3.31,0.0
20221207:1211,374.22,8.32,0.0,3.1,0.0
20221207:1311,86.04,6.08,-0.05,2.9,0.0
20221207:1411,8.03,2.15,-0.18,2.9,0.0
20221207:1511,0.0,0.0,-0.31,2.9,0.0
20221207:1611,0.0,0.0,-0.43,2.97,0.0
20221207:1711,0.0,0.0,-0.66,3.17,0.0
20221207:1811,0.0,0.0,-0.86,3.17,0.0
20221207:1911,0.0,0.0,-0.7,2.62,0.0
20221207:2011,0.0,0.0,-0.91,3.1,0.0
20221207:2111,0.0,0.0,-1.27,3.86,0.0
20221207:2211,0.0,0.0,-1.55,3.86,0.0
20221207:2311,0.0,0.0,-1.7,3.59,0.0
20221208:0011,0.0,0.0,-1.8,3.59,0.0
20221208:0111,0.0,0.0,-1.82,3.59,0.0
20221208:0211,0.0,0.0,-1.75,3.45,0.0
20221208:0311,0.0,0.0,-1.6,2.83,0.0
20221208:0411,0.0,0.0,-1.16,1.79,0.0
20221208:0511,0.0,0.0,-0.85,0.48,0.0
20221208:0611,0.0,0.0,-0.24,1.59,0.0
20221208:0711,0.0,0.0,0.82,5.1,0.0
20221208:0811,0.0,0.0,1.61,6.14,0.0
20221208:0911,253.66,3.78,1.23,4.62,0.0
20221208:1011,25.88,7.07,1.69,4.69,0.0
20221208:1111,99.4,8.59,1.65,5.59,0.0
20221208:1211,257.61,8.22,1.1,5.59,0.0
20221208:1311,195.75,5.99,0.56,5.1,0.0
20221208:1411,8.92,2.08,0.16,4.34,0.0
20221208:1511,0.0,0.0,0.04,3.52,0.0
20221208:1611,0.0,0.0,0.16,2.76,0.0
20221208:1711,0.0,0.0,-0.02,1.86,0.0
20221208:1811,0.0,0.0,-0.2,1.59,0.0
20221208:1911,0.0,0.0,-0.53,2.28,0.0
20221208:2011,0.0,0.0,-0.42,3.03,0.0
20221208:2111,0.0,0.0,-0.17,3.93,0.0
20221208:2211,0.0,0.0,0.21,4.97,0.0
20221208:2311,0.0,0.0,0.21,6.07,0.0
20221209:0011,0.0,0.0,0.0,7.17,0.0
20221209:0111,0.0,0.0,-0.31,7.86,0.0
20221209:0211,0.0,0.0,-0.57,8.34,0.0
20221209:0311,0.0,0.0,-0.83,8.62,0.0
20221209:0411,0.0,0.0,-1.03,8.69,0.0
20221209:0511,0.0,0.0,-1.18,8.76,0.0
20221209:0611,0.0,0.0,-1.25,8.97,0.0
20221209:0711,0.0,0.0,-1.31,8.69,0.0
20221209:0811,0.0,0.0,-1.27,8.62,0.0
20221209:0911,130.39,3.66,-1.28,8.62,0.0
20221209:1011,87.17,6.95,-1.16,8.69,0.0
20221209:1111,25.88,8.48,-1.07,8.48,0.0
20221209:1211,33.91,8.13,-0.95,8.34,0.0
20221209:1311,350.51,5.92,-0.94,8.14,0.0
20221209:1411,2.68,2.02,-1.13,8.28,0.0
20221209:1511,0.0,0.0,-1.33,8.21,0.0
20221209:1611,0.0,0.0,-1.43,8.0,0.0
20221209:1711,0.0,0.0,-1.49,7.93,0.0
20221209:1811,0.0,0.0,-1.78,7.86,0.0
20221209:1911,0.0,0.0,-1.77,7.93,0.0
20221209:2011,0.0,0.0,-1.85,7.86,0.0
20221209:2111,0.0,0.0,-1.93,7.72,0.0
20221209:2211,0.0,0.0,-1.99,7.59,0.0
20221209:2311,0.0,0.0,-2.08,7.45,0.0
20221210:0011,0.0,0.0,-2.21,7.31,0.0
20221210:0111,0.0,0.0,-2.38,7.1,0.0
20221210:0211,0.0,0.0,-2.5,6.76,0.0
20221210:0311,0.0,0.0,-2.67,6.28,0.0
20221210:0411,0.0,0.0,-2.8,5.79,0.0
20221210:0511,0.0,0.0,-2.92,5.59,0.0
20221210:0611,0.0,0.0,-3.02,5.38,0.0
20221210:0711,0.0,0.0,-3.07,5.31,0.0
20221210:0811,0.0,0.0,-3.22,4.97,0.0
20221210:0911,6.25,3.54,-3.21,4.62,0.0
20221210:1011,128.8,6.84,-2.86,4.41,0.0
20221210:1111,112.97,8.38,-2.43,4.28,0.0
20221210:1211,44.93,8.04,-2.15,4.21,0.0
20221210:1311,23.2,5.85,-2.11,4.0,0.0
20221210:1411,0.89,1.96,-2.28,3.79,0.0
20221210:1511,0.0,0.0,-2.61,3.72,0.0
20221210:1611,0.0,0.0,-2.81,3.72,0.0
20221210:1711,0.0,0.0,-3.07,3.86,0.0
20221210:1811,0.0,0.0,-3.27,3.86,0.0
20221210:1911,0.0,0.0,-3.03,4.21,0.0
20221210:2011,0.0,0.0,-3.16,4.48,0.0
20221210:2111,0.0,0.0,-3.26,4.83,0.0
20221210:2211,0.0,0.0,-3.44,5.31,0.0
20221210:2311,0.0,0.0,-3.53,5.72,0.0
20221211:0011,0.0,0.0,-3.6,5.86,0.0
20221211:0111,0.0,0.0,-3.55,5.93,0.0
20221211:0211,0.0,0.0,-3.4,6.07,0.0
20221211:0311,0.0,0.0,-3.41,6.34,0.0
20221211:0411,0.0,0.0,-3.43,6.62,0.0
20221211:0511,0.0,0.0,-3.38,6.9,0.0
20221211:0611,0.0,0.0,-3.34,7.24,0.0
20221211:0711,0.0,0.0,-2.66,8.14,0.0
20221211:0811,0.0,0.0,-2.7,8.34,0.0
20221211:0911,11.6,3.42,-2.61,8.48,0.0
20221211:1011,47.94,6.74,-2.59,8.55,0.0
20221211:1111,33.91,8.29,-2.68,8.69,0.0
20221211:1211,26.77,7.97,-2.72,8.62,0.0
20221211:1311,23.2,5.78,-2.79,8.62,0.0
20221211:1411,1.78,1.91,-2.91,9.17,0.0
20221211:1511,0.0,0.0,-3.42,9.1,0.0
20221211:1611,0.0,0.0,-3.78,9.17,0.0
20221211:1711,0.0,0.0,-4.01,9.17,0.0
20221211:1811,0.0,0.0,-4.16,9.1,0.0
20221211:1911,0.0,0.0,-3.99,8.97,0.0
20221211:2011,0.0,0.0,-4.05,9.03,0.0
20221211:2111,0.0,0.0,-4.06,9.17,0.0
20221211:2211,0.0,0.0,-4.09,9.17,0.0
20221211:2311,0.0,0.0,-4.04,9.03,0.0
20221212:0011,0.0,0.0,-4.04,8.9,0.0
20221212:0111,0.0,0.0,-4.08,8.9,0.0
20221212:0211,0.0,0.0,-4.1,8.83,0.0
20221212:0311,0.0,0.0,-4.19,8.69,0.0
20221212:0411,0.0,0.0,-4.22,8.55,0.0
20221212:0511,0.0,0.0,-4.36,8.41,0.0
20221212:0611,0.0,0.0,-4.48,8.41,0.0
20221212:0711,0.0,0.0,-4.11,8.69,0.0
20221212:0811,0.0,0.0,-4.19,8.62,0.0
20221212:0911,2.68,3.32,-4.05,8.48,0.0
20221212:1011,12.49,6.64,-3.87,8.34,0.0
20221212:1111,10.71,8.21,-3.6,8.48,0.0
20221212:1211,14.28,7.9,-3.39,8.21,0.0
20221212:1311,16.96,5.73,-3.22,8.41,0.0
20221212:1411,0.89,1.87,-3.12,8.28,0.0
20221212:1511,0.0,0.0,-3.14,8.28,0.0
20221212:1611,0.0,0.0,-3.27,8.14,0.0
20221212:1711,0.0,0.0,-3.41,8.07,0.0
20221212:1811,0.0,0.0,-3.4,7.93,0.0
20221212:1911,0.0,0.0,-3.11,8.0,0.0
20221212:2011,0.0,0.0,-3.19,8.07,0.0
20221212:2111,0.0,0.0,-3.36,8.07,0.0
20221212:2211,0.0,0.0,-3.5,7.93,0.0
20221212:2311,0.0,0.0,-3.57,7.72,0.0
20221213:0011,0.0,0.0,-3.58,7.52,0.0
20221213:0111,0.0,0.0,-3.69,7.52,0.0
20221213:0211,0.0,0.0,-3.73,7.59,0.0
20221213:0311,0.0,0.0,-3.72,7.72,0.0
20221213:0411,0.0,0.0,-3.74,7.72,0.0
20221213:0511,0.0,0.0,-3.77,7.66,0.0
20221213:0611,0.0,0.0,-3.79,7.59,0.0
20221213:0711,0.0,0.0,-2.6,8.62,0.0
20221213:0811,0.0,0.0,-2.39,8.48,0.0
20221213:0911,26.34,3.22,-2.22,8.14,0.0
20221213:1011,22.31,6.55,-1.61,8.0,0.0
20221213:1111,213.44,8.13,-1.17,8.07,0.0
20221213:1211,8.03,7.83,-0.79,6.83,0.0
20221213:1311,128.5,5.68,-0.23,5.59,0.0
20221213:1411,0.89,1.84,0.06,4.34,0.0
20221213:1511,0.0,0.0,-0.08,3.24,0.0
20221213:1611,0.0,0.0,0.47,1.72,0.0
20221213:1711,0.0,0.0,-0.15,1.31,0.0
20221213:1811,0.0,0.0,-1.51,3.1,0.0
20221213:1911,0.0,0.0,-1.07,6.69,0.0
20221213:2011,0.0,0.0,0.04,6.76,0.0
20221213:2111,0.0,0.0,-0.17,6.76,0.0
20221213:2211,0.0,0.0,-0.29,6.62,0.0
20221213:2311,0.0,0.0,-0.52,6.21,0.0
20221214:0011,0.0,0.0,-0.81,5.59,0.0
20221214:0111,0.0,0.0,-1.18,4.83,0.0
20221214:0211,0.0,0.0,-1.48,3.93,0.0
20221214:0311,0.0,0.0,-1.76,3.1,0.0
20221214:0411,0.0,0.0,-2.1,2.69,0.0
20221214:0511,0.0,0.0,-2.35,2.41,0.0
20221214:0611,0.0,0.0,-2.53,2.34,0.0
20221214:0711,0.0,0.0,-3.59,2.62,0.0
20221214:0811,0.0,0.0,-4.29,2.62,0.0
20221214:0911,39.06,3.12,-4.86,2.55,0.0
20221214:1011,23.2,6.47,-4.31,2.34,0.0
20221214:1111,30.34,8.06,-3.46,2.0,0.0
20221214:1211,29.45,7.78,-2.89,1.86,0.0
20221214:1311,407.19,5.64,-2.58,2.07,0.0
20221214:1411,1.78,1.81,-2.41,2.9,0.0
20221214:1511,0.0,0.0,-2.58,3.59,0.0
20221214:1611,0.0,0.0,-2.75,4.07,0.0
20221214:1711,0.0,0.0,-3.23,4.41,0.0
20221214:1811,0.0,0.0,-3.28,4.83,0.0
20221214:1911,0.0,0.0,-3.24,4.28,0.0
20221214:2011,0.0,0.0,-3.14,4.48,0.0
20221214:2111,0.0,0.0,-3.33,4.34,0.0
20221214:2211,0.0,0.0,-3.53,3.79,0.0
20221214:2311,0.0,0.0,-3.72,3.17,0.0
20221215:0011,0.0,0.0,-4.0,2.62,0.0
20221215:0111,0.0,0.0,-4.21,2.14,0.0
20221215:0211,0.0,0.0,-3.93,1.86,0.0
20221215:0311,0.0,0.0,-3.23,2.21,0.0
20221215:0411,0.0,0.0,-2.8,2.97,0.0
20221215:0511,0.0,0.0,-2.61,3.72,0.0
20221215:0611,0.0,0.0,-2.66,3.93,0.0
20221215:0711,0.0,0.0,-3.27,3.66,0.0
20221215:0811,0.0,0.0,-3.83,3.38,0.0
20221215:0911,251.26,3.04,-4.11,3.1,0.0
20221215:1011,459.01,6.39,-3.9,2.76,0.0
20221215:1111,424.42,8.0,-3.17,2.34,0.0
20221215:1211,89.97,7.73,-2.53,2.07,0.0
20221215:1311,20.53,5.61,-2.42,2.0,0.0
20221215:1411,0.89,1.79,-2.18,1.86,0.0
20221215:1511,0.0,0.0,-2.0,1.59,0.0
20221215:1611,0.0,0.0,-2.76,1.38,0.0
20221215:1711,0.0,0.0,-3.37,1.24,0.0
20221215:1811,0.0,0.0,-2.91,1.1,0.0
20221215:1911,0.0,0.0,-0.94,0.34,0.0
20221215:2011,0.0,0.0,-1.13,0.62,0.0
20221215:2111,0.0,0.0,-2.41,1.1,0.0
20221215:2211,0.0,0.0,-3.35,1.52,0.0
20221215:2311,0.0,0.0,-3.51,1.86,0.0
20221216:0011,0.0,0.0,-3.21,2.14,0.0
20221216:0111,0.0,0.0,-2.25,2.48,0.0
20221216:0211,0.0,0.0,-1.94,2.62,0.0
20221216:0311,0.0,0.0,-1.13,2.9,0.0
20221216:0411,0.0,0.0,-0.41,3.31,0.0
20221216:0511,0.0,0.0,0.21,3.45,0.0
20221216:0611,0.0,0.0,0.5,3.93,0.0
20221216:0711,0.0,0.0,0.93,5.38,0.0
20221216:0811,0.0,0.0,0.59,4.76,0.0
20221216:0911,2.68,2.96,0.73,4.41,0.0
20221216:1011,15.17,6.33,1.06,4.34,0.0
20221216:1111,73.12,7.95,1.31,4.62,0.0
20221216:1211,40.67,7.69,1.28,4.48,0.0
20221216:1311,55.1,5.58,1.23,4.48,0.0
20221216:1411,0.89,1.78,1.22,4.34,0.0
20221216:1511,0.0,0.0,1.07,3.93,0.0
20221216:1611,0.0,0.0,0.8,3.66,0.0
20221216:1711,0.0,0.0,0.88,3.38,0.0
20221216:1811,0.0,0.0,1.07,3.31,0.0
20221216:1911,0.0,0.0,1.29,3.24,0.0
20221216:2011,0.0,0.0,1.36,3.66,0.0
20221216:2111,0.0,0.0,1.32,3.66,0.0
20221216:2211,0.0,0.0,1.56,3.38,0.0
20221216:2311,0.0,0.0,1.52,2.9,0.0
20221217:0011,0.0,0.0,2.05,2.9,0.0
20221217:0111,0.0,0.0,2.33,3.38,0.0
20221217:0211,0.0,0.0,2.32,4.07,0.0
20221217:0311,0.0,0.0,1.93,5.24,0.0
20221217:0411,0.0,0.0,2.53,6.69,0.0
20221217:0511,0.0,0.0,3.11,7.59,0.0
20221217:0611,0.0,0.0,3.33,7.38,0.0
20221217:0711,0.0,0.0,3.36,6.97,0.0
20221217:0811,0.0,0.0,3.43,6.0,0.0
20221217:0911,39.85,2.89,3.44,5.79,0.0
20221217:1011,111.6,6.27,3.85,5.79,0.0
20221217:1111,185.72,7.9,3.91,5.86,0.0
20221217:1211,111.99,7.66,3.95,5.72,0.0
20221217:1311,56.21,5.57,3.4,5.79,0.0
20221217:1411,0.89,1.78,4.06,5.79,0.0
20221217:1511,0.0,0.0,4.1,5.72,0.0
20221217:1611,0.0,0.0,4.26,5.72,0.0
20221217:1711,0.0,0.0,4.46,5.72,0.0
20221217:1811,0.0,0.0,4.72,5.66,0.0
20221217:1911,0.0,0.0,4.44,6.14,0.0
20221217:2011,0.0,0.0,4.45,6.48,0.0
20221217:2111,0.0,0.0,4.33,6.62,0.0
20221217:2211,0.0,0.0,4.01,6.9,0.0
20221217:2311,0.0,0.0,3.85,6.34,0.0
20221218:0011,0.0,0.0,4.26,5.93,0.0
20221218:0111,0.0,0.0,4.68,6.0,0.0
20221218:0211,0.0,0.0,4.91,6.34,0.0
20221218:0311,0.0,0.0,4.87,6.69,0.0
20221218:0411,0.0,0.0,4.79,6.76,0.0
20221218:0511,0.0,0.0,4.74,6.41,0.0
20221218:0611,0.0,0.0,4.33,5.45,0.0
20221218:0711,0.0,0.0,3.83,5.24,0.0
20221218:0811,0.0,0.0,3.79,4.28,0.0
20221218:0911,2.68,2.82,3.86,3.45,0.0
20221218:1011,68.62,6.21,3.94,3.03,0.0
20221218:1111,96.53,7.86,4.02,2.41,0.0
20221218:1211,382.45,7.64,4.12,2.14,0.0
20221218:1311,103.15,5.56,3.99,1.66,0.0
20221218:1411,0.89,1.78,3.64,2.07,0.0
20221218:1511,0.0,0.0,3.17,2.97,0.0
20221218:1611,0.0,0.0,2.99,3.72,0.0
20221218:1711,0.0,0.0,3.09,4.55,0.0
20221218:1811,0.0,0.0,3.6,5.31,0.0
20221218:1911,0.0,0.0,4.08,6.28,0.0
20221218:2011,0.0,0.0,4.12,7.03,0.0
20221218:2111,0.0,0.0,4.06,7.86,0.0
20221218:2211,0.0,0.0,3.91,8.55,0.0
20221218:2311,0.0,0.0,3.51,8.97,0.0
20221219:0011,0.0,0.0,2.81,9.31,0.0
20221219:0111,0.0,0.0,2.51,9.86,0.0
20221219:0211,0.0,0.0,2.06,10.21,0.0
20221219:0311,0.0,0.0,1.81,10.34,0.0
20221219:0411,0.0,0.0,1.53,10.48,0.0
20221219:0511,0.0,0.0,1.29,10.41,0.0
20221219:0611,0.0,0.0,1.01,10.69,0.0
20221219:0711,0.0,0.0,1.3,10.62,0.0
20221219:0811,0.0,0.0,1.42,10.69,0.0
20221219:0911,1.78,2.77,1.57,10.9,0.0
20221219:1011,6.25,6.17,1.74,10.97,0.0
20221219:1111,126.16,7.83,1.84,11.1,0.0
20221219:1211,8.03,7.62,2.11,10.9,0.0
20221219:1311,334.47,5.55,2.47,10.9,0.0
20221219:1411,0.89,1.79,2.75,10.48,0.0
20221219:1511,0.0,0.0,3.1,10.28,0.0
20221219:1611,0.0,0.0,3.4,9.93,0.0
20221219:1711,0.0,0.0,3.66,9.72,0.0
20221219:1811,0.0,0.0,4.02,9.31,0.0
20221219:1911,0.0,0.0,4.32,9.24,0.0
20221219:2011,0.0,0.0,4.64,9.17,0.0
20221219:2111,0.0,0.0,4.85,8.69,0.0
20221219:2211,0.0,0.0,5.13,8.41,0.0
20221219:2311,0.0,0.0,4.95,7.86,0.0
20221220:0011,0.0,0.0,5.51,6.69,0.0
20221220:0111,0.0,0.0,6.17,5.52,0.0
20221220:0211,0.0,0.0,6.74,5.31,0.0
20221220:0311,0.0,0.0,7.6,5.17,0.0
20221220:0411,0.0,0.0,7.56,5.1,0.0
20221220:0511,0.0,0.0,7.38,4.76,0.0
20221220:0611,0.0,0.0,7.04,4.28,0.0
20221220:0711,0.0,0.0,6.53,3.66,0.0
20221220:0811,0.0,0.0,5.9,3.52,0.0
20221220:0911,2.68,2.72,5.38,3.72,0.0
20221220:1011,8.92,6.13,5.51,3.52,0.0
20221220:1111,9.82,7.81,5.55,3.31,0.0
20221220:1211,23.2,7.61,5.4,2.97,0.0
20221220:1311,8.92,5.56,5.3,2.34,0.0
20221220:1411,0.89,1.81,5.28,2.62,0.0
20221220:1511,0.0,0.0,6.08,3.72,0.0
20221220:1611,0.0,0.0,5.99,3.72,0.0
20221220:1711,0.0,0.0,5.88,4.07,0.0
20221220:1811,0.0,0.0,5.67,4.34,0.0
20221220:1911,0.0,0.0,5.95,4.97,0.0
20221220:2011,0.0,0.0,5.99,5.59,0.0
20221220:2111,0.0,0.0,6.11,6.07,0.0
20221220:2211,0.0,0.0,6.18,5.86,0.0
20221220:2311,0.0,0.0,6.07,5.45,0.0
20221221:0011,0.0,0.0,5.94,5.66,0.0
20221221:0111,0.0,0.0,5.75,5.45,0.0
20221221:0211,0.0,0.0,5.59,4.83,0.0
20221221:0311,0.0,0.0,5.04,4.76,0.0
20221221:0411,0.0,0.0,5.06,5.03,0.0
20221221:0511,0.0,0.0,5.22,5.52,0.0
20221221:0611,0.0,0.0,5.13,5.31,0.0
20221221:0711,0.0,0.0,5.54,5.24,0.0
20221221:0811,0.0,0.0,5.51,5.1,0.0
20221221:0911,8.03,2.67,5.42,5.38,0.0
20221221:1011,372.02,6.1,5.56,5.66,0.0
20221221:1111,127.74,7.79,4.85,5.1,0.0
20221221:1211,26.77,7.61,5.55,4.62,0.0
20221221:1311,19.63,5.57,5.63,5.03,0.0
20221221:1411,0.89,1.84,5.59,4.76,0.0
20221221:1511,0.0,0.0,5.25,4.9,0.0
20221221:1611,0.0,0.0,4.89,4.76,0.0
20221221:1711,0.0,0.0,4.75,4.41,0.0
20221221:1811,0.0,0.0,4.9,4.28,0.0
20221221:1911,0.0,0.0,4.99,4.41,0.0
20221221:2011,0.0,0.0,5.04,4.69,0.0
20221221:2111,0.0,0.0,4.9,4.34,0.0
20221221:2211,0.0,0.0,5.01,4.41,0.0
20221221:2311,0.0,0.0,5.04,3.93,0.0
20221222:0011,0.0,0.0,5.04,3.86,0.0
20221222:0111,0.0,0.0,5.23,3.52,0.0
20221222:0211,0.0,0.0,5.21,3.72,0.0
20221222:0311,0.0,0.0,5.24,4.07,0.0
20221222:0411,0.0,0.0,5.46,4.34,0.0
20221222:0511,0.0,0.0,5.53,4.41,0.0
20221222:0611,0.0,0.0,5.58,4.76,0.0
20221222:0711,0.0,0.0,4.88,2.69,0.0
20221222:0811,0.0,0.0,4.84,2.21,0.0
20221222:0911,41.0,2.64,4.75,1.52,0.0
20221222:1011,67.23,6.08,4.35,0.76,0.0
20221222:1111,45.22,7.78,4.72,0.69,0.0
20221222:1211,29.45,7.62,4.89,1.86,0.0
20221222:1311,13.39,5.59,4.89,2.97,0.0
20221222:1411,0.89,1.87,4.67,4.55,0.0
20221222:1511,0.0,0.0,4.23,5.1,0.0
20221222:1611,0.0,0.0,4.08,5.03,0.0
20221222:1711,0.0,0.0,4.2,4.69,0.0
20221222:1811,0.0,0.0,4.31,4.41,0.0
20221222:1911,0.0,0.0,3.64,5.17,0.0
20221222:2011,0.0,0.0,3.54,5.45,0.0
20221222:2111,0.0,0.0,3.4,5.86,0.0
20221222:2211,0.0,0.0,3.29,6.41,0.0
20221222:2311,0.0,0.0,2.91,6.62,0.0
20221223:0011,0.0,0.0,2.77,6.76,0.0
20221223:0111,0.0,0.0,2.53,6.48,0.0
20221223:0211,0.0,0.0,2.22,5.72,0.0
20221223:0311,0.0,0.0,1.78,5.24,0.0
20221223:0411,0.0,0.0,1.55,5.03,0.0
20221223:0511,0.0,0.0,1.46,4.83,0.0
20221223:0611,0.0,0.0,1.34,4.62,0.0
20221223:0711,0.0,0.0,0.98,4.55,0.0
20221223:0811,0.0,0.0,0.63,4.28,0.0
20221223:0911,24.93,2.61,0.22,4.07,0.0
20221223:1011,280.05,6.06,0.05,3.79,0.0
20221223:1111,475.85,7.78,-0.02,3.45,0.0
20221223:1211,432.48,7.63,-0.1,3.1,0.0
20221223:1311,156.31,5.62,-0.27,2.97,0.0
20221223:1411,1.78,1.91,-0.69,3.17,0.0
20221223:1511,0.0,0.0,-1.15,3.45,0.0
20221223:1611,0.0,0.0,-1.51,3.38,0.0
20221223:1711,0.0,0.0,-1.78,3.31,0.0
20221223:1811,0.0,0.0,-2.13,3.45,0.0
20221223:1911,0.0,0.0,-2.93,2.83,0.0
20221223:2011,0.0,0.0,-3.6,2.55,0.0
20221223:2111,0.0,0.0,-3.64,2.34,0.0
20221223:2211,0.0,0.0,-3.85,1.93,0.0
20221223:2311,0.0,0.0,-3.88,1.93,0.0
20221224:0011,0.0,0.0,-3.93,1.79,0.0
20221224:0111,0.0,0.0,-3.96,1.86,0.0
20221224:0211,0.0,0.0,-3.91,2.14,0.0
20221224:0311,0.0,0.0,-4.04,2.21,0.0
20221224:0411,0.0,0.0,-3.93,2.34,0.0
20221224:0511,0.0,0.0,-3.3,2.48,0.0
20221224:0611,0.0,0.0,-2.82,2.69,0.0
20221224:0711,0.0,0.0,-1.53,4.14,0.0
20221224:0811,0.0,0.0,-1.07,4.69,0.0
20221224:0911,41.43,2.59,-0.75,4.69,0.0
20221224:1011,315.49,6.06,-0.46,4.9,0.0
20221224:1111,486.34,7.79,-0.24,5.45,0.0
20221224:1211,512.32,7.65,0.0,5.86,0.0
20221224:1311,75.21,5.66,0.05,6.0,0.0
20221224:1411,0.89,1.96,-0.02,6.21,0.0
20221224:1511,0.0,0.0,-0.12,6.41,0.0
20221224:1611,0.0,0.0,-0.08,6.97,0.0
20221224:1711,0.0,0.0,-0.06,7.45,0.0
20221224:1811,0.0,0.0,0.03,8.0,0.0
20221224:1911,0.0,0.0,-0.23,8.0,0.0
20221224:2011,0.0,0.0,-0.02,8.41,0.0
20221224:2111,0.0,0.0,0.12,8.76,0.0
20221224:2211,0.0,0.0,0.29,8.76,0.0
20221224:2311,0.0,0.0,0.5,8.9,0.0
20221225:0011,0.0,0.0,0.66,9.17,0.0
20221225:0111,0.0,0.0,0.81,9.59,0.0
20221225:0211,0.0,0.0,1.1,9.72,0.0
20221225:0311,0.0,0.0,1.31,10.0,0.0
20221225:0411,0.0,0.0,1.54,10.28,0.0
20221225:0511,0.0,0.0,1.93,10.69,0.0
20221225:0611,0.0,0.0,2.12,10.76,0.0
20221225:0711,0.0,0.0,2.78,10.14,0.0
20221225:0811,0.0,0.0,3.43,9.24,0.0
20221225:0911,1.78,2.58,3.92,7.31,0.0
20221225:1011,5.35,6.06,4.24,6.07,0.0
20221225:1111,8.03,7.8,4.57,5.45,0.0
20221225:1211,53.14,7.68,4.8,5.38,0.0
20221225:1311,5.35,5.7,5.0,5.72,0.0
20221225:1411,0.89,2.02,5.15,5.79,0.0
20221225:1511,0.0,0.0,5.33,5.72,0.0
20221225:1611,0.0,0.0,5.42,5.79,0.0
20221225:1711,0.0,0.0,5.32,5.66,0.0
20221225:1811,0.0,0.0,5.22,5.66,0.0
20221225:1911,0.0,0.0,5.26,5.03,0.0
20221225:2011,0.0,0.0,5.38,5.31,0.0
20221225:2111,0.0,0.0,5.3,5.38,0.0
20221225:2211,0.0,0.0,5.27,5.17,0.0
20221225:2311,0.0,0.0,5.09,4.97,0.0
20221226:0011,0.0,0.0,5.09,4.76,0.0
20221226:0111,0.0,0.0,5.04,4.9,0.0
20221226:0211,0.0,0.0,5.35,5.59,0.0
20221226:0311,0.0,0.0,5.38,6.07,0.0
20221226:0411,0.0,0.0,5.59,6.48,0.0
20221226:0511,0.0,0.0,5.57,6.62,0.0
20221226:0611,0.0,0.0,5.56,6.83,0.0
20221226:0711,0.0,0.0,5.62,6.34,0.0
20221226:0811,0.0,0.0,5.22,6.07,0.0
20221226:0911,1.78,2.57,4.8,4.48,0.0
20221226:1011,13.39,6.07,3.92,5.93,0.0
20221226:1111,11.6,7.83,2.71,5.17,0.0
20221226:1211,8.92,7.72,2.81,3.93,0.0
20221226:1311,32.35,5.75,3.2,3.93,0.0
20221226:1411,0.89,2.08,3.56,5.17,0.0
20221226:1511,0.0,0.0,3.6,6.07,0.0
20221226:1611,0.0,0.0,3.97,6.55,0.0
20221226:1711,0.0,0.0,3.66,7.24,0.0
20221226:1811,0.0,0.0,3.42,7.66,0.0
20221226:1911,0.0,0.0,3.54,7.45,0.0
20221226:2011,0.0,0.0,3.59,6.83,0.0
20221226:2111,0.0,0.0,4.09,7.31,0.0
20221226:2211,0.0,0.0,3.83,8.55,0.0
20221226:2311,0.0,0.0,4.29,8.62,0.0
20221227:0011,0.0,0.0,4.26,9.52,0.0
20221227:0111,0.0,0.0,3.73,9.52,0.0
20221227:0211,0.0,0.0,3.29,9.59,0.0
20221227:0311,0.0,0.0,2.69,9.45,0.0
20221227:0411,0.0,0.0,2.5,9.1,0.0
20221227:0511,0.0,0.0,2.87,8.21,0.0
20221227:0611,0.0,0.0,3.0,7.86,0.0
20221227:0711,0.0,0.0,3.0,7.66,0.0
20221227:0811,0.0,0.0,3.03,7.38,0.0
20221227:0911,40.45,2.57,2.93,7.03,0.0
20221227:1011,6.25,6.08,2.82,6.55,0.0
20221227:1111,8.03,7.86,2.71,6.14,0.0
20221227:1211,45.21,7.77,2.65,5.66,0.0
20221227:1311,147.89,5.81,2.52,5.24,0.0
20221227:1411,7.14,2.15,2.2,4.69,0.0
20221227:1511,0.0,0.0,2.09,4.07,0.0
20221227:1611,0.0,0.0,2.04,3.31,0.0
20221227:1711,0.0,0.0,2.16,2.41,0.0
20221227:1811,0.0,0.0,1.55,0.9,0.0
20221227:1911,0.0,0.0,0.82,0.97,0.0
20221227:2011,0.0,0.0,0.96,2.62,0.0
20221227:2111,0.0,0.0,0.75,3.93,0.0
20221227:2211,0.0,0.0,0.78,5.24,0.0
20221227:2311,0.0,0.0,1.09,6.41,0.0
20221228:0011,0.0,0.0,1.17,7.17,0.0
20221228:0111,0.0,0.0,1.41,7.72,0.0
20221228:0211,0.0,0.0,1.55,8.28,0.0
20221228:0311,0.0,0.0,1.59,8.97,0.0
20221228:0411,0.0,0.0,1.7,9.38,0.0
20221228:0511,0.0,0.0,1.62,9.31,0.0
20221228:0611,0.0,0.0,1.54,9.03,0.0
20221228:0711,0.0,0.0,1.44,8.83,0.0
20221228:0811,0.0,0.0,1.6,8.41,0.0
20221228:0911,7.14,2.58,1.85,8.14,0.0
20221228:1011,163.75,6.11,2.0,7.79,0.0
20221228:1111,226.46,7.9,2.05,7.59,0.0
20221228:1211,260.27,7.82,2.13,7.45,0.0
20221228:1311,120.76,5.88,2.2,7.52,0.0
20221228:1411,1.78,2.23,2.24,7.72,0.0
20221228:1511,0.0,0.0,2.2,8.0,0.0
20221228:1611,0.0,0.0,2.15,8.14,0.0
20221228:1711,0.0,0.0,2.13,8.28,0.0
20221228:1811,0.0,0.0,2.08,8.62,0.0
20221228:1911,0.0,0.0,1.97,9.03,0.0
20221228:2011,0.0,0.0,1.95,9.52,0.0
20221228:2111,0.0,0.0,1.93,9.79,0.0
20221228:2211,0.0,0.0,1.9,10.21,0.0
20221228:2311,0.0,0.0,1.89,10.76,0.0
20221229:0011,0.0,0.0,2.09,11.31,0.0
20221229:0111,0.0,0.0,2.31,11.38,0.0
20221229:0211,0.0,0.0,2.49,10.97,0.0
20221229:0311,0.0,0.0,2.54,10.28,0.0
20221229:0411,0.0,0.0,2.77,9.38,0.0
20221229:0511,0.0,0.0,3.34,8.62,0.0
20221229:0611,0.0,0.0,3.59,7.52,0.0
20221229:0711,0.0,0.0,4.9,7.24,0.0
20221229:0811,0.0,0.0,5.39,7.66,0.0
20221229:0911,3.57,2.6,5.72,7.93,0.0
20221229:1011,136.49,6.14,6.14,8.76,0.0
20221229:1111,26.77,7.94,5.91,9.17,0.0
20221229:1211,8.03,7.88,5.7,8.55,0.0
20221229:1311,9.82,5.95,5.68,9.03,0.0
20221229:1411,1.78,2.31,5.47,8.97,0.0
20221229:1511,0.0,0.0,5.82,8.55,0.0
20221229:1611,0.0,0.0,5.86,8.21,0.0
20221229:1711,0.0,0.0,5.67,7.93,0.0
20221229:1811,0.0,0.0,5.47,7.17,0.0
20221229:1911,0.0,0.0,4.65,5.59,0.0
20221229:2011,0.0,0.0,4.56,4.97,0.0
20221229:2111,0.0,0.0,4.35,4.07,0.0
20221229:2211,0.0,0.0,4.33,3.38,0.0
20221229:2311,0.0,0.0,4.24,3.17,0.0
20221230:0011,0.0,0.0,4.11,3.72,0.0
20221230:0111,0.0,0.0,3.91,4.28,0.0
20221230:0211,0.0,0.0,3.86,5.45,0.0
20221230:0311,0.0,0.0,4.15,5.31,0.0
20221230:0411,0.0,0.0,4.24,4.83,0.0
20221230:0511,0.0,0.0,4.25,4.34,0.0
20221230:0611,0.0,0.0,4.34,4.14,0.0
20221230:0711,0.0,0.0,4.82,4.07,0.0
20221230:0811,0.0,0.0,4.55,5.66,0.0
20221230:0911,2.68,2.63,4.79,7.24,0.0
20221230:1011,18.74,6.18,4.82,8.76,0.0
20221230:1111,16.06,8.0,4.66,10.41,0.0
20221230:1211,17.85,7.95,5.13,10.83,0.0
20221230:1311,10.71,6.03,5.79,12.28,0.0
20221230:1411,1.78,2.4,6.57,12.14,0.0
20221230:1511,0.0,0.0,6.45,11.45,0.0
20221230:1611,0.0,0.0,5.97,12.28,0.0
20221230:1711,0.0,0.0,5.74,11.72,0.0
20221230:1811,0.0,0.0,5.9,11.31,0.0
20221230:1911,0.0,0.0,6.08,11.03,0.0
20221230:2011,0.0,0.0,6.35,9.79,0.0
20221230:2111,0.0,0.0,6.61,9.59,0.0
20221230:2211,0.0,0.0,7.12,10.21,0.0
20221230:2311,0.0,0.0,7.01,10.41,0.0
20221231:0011,0.0,0.0,7.0,10.48,0.0
20221231:0111,0.0,0.0,6.88,10.55,0.0
20221231:0211,0.0,0.0,6.71,10.55,0.0
20221231:0311,0.0,0.0,6.51,10.48,0.0
20221231:0411,0.0,0.0,6.33,11.31,0.0
20221231:0511,0.0,0.0,6.06,12.07,0.0
20221231:0611,0.0,0.0,5.84,12.69,0.0
20221231:0711,0.0,0.0,5.86,12.97,0.0
20221231:0811,0.0,0.0,4.82,10.97,0.0
20221231:0911,24.55,2.66,4.37,9.59,0.0
20221231:1011,226.67,6.22,4.22,8.14,0.0
20221231:1111,475.02,8.06,4.17,6.41,0.0
20221231:1211,252.43,8.02,3.98,5.31,0.0
20221231:1311,111.4,6.12,3.53,4.14,0.0
20221231:1411,6.25,2.5,3.12,3.31,0.0
20221231:1511,0.0,0.0,2.62,2.28,0.0
20221231:1611,0.0,0.0,2.5,1.45,0.0
20221231:1711,0.0,0.0,2.03,0.97,0.0
20221231:1811,0.0,0.0,1.59,0.83,0.0
20221231:1911,0.0,0.0,0.78,1.72,0.0
20221231:2011,0.0,0.0,-0.66,1.79,0.0
20221231:2111,0.0,0.0,-0.75,2.76,0.0
20221231:2211,0.0,0.0,-0.33,3.31,0.0
20221231:2311,0.0,0.0,1.14,3.1,0.0
20230101:0011,0.0,0.0,0.57,3.1,0.0
20230101:0111,0.0,0.0,0.11,3.52,0.0
20230101:0211,0.0,0.0,-0.1,3.66,0.0
20230101:0311,0.0,0.0,-0.33,3.72,0.0
20230101:0411,0.0,0.0,-0.45,3.59,0.0
20230101:0511,0.0,0.0,-0.61,3.45,0.0
20230101:0611,0.0,0.0,-0.7,3.38,0.0
20230101:0711,0.0,0.0,-1.22,3.52,0.0
20230101:0811,0.0,0.0,-1.34,3.24,0.0
20230101:0911,53.67,2.71,-0.9,3.17,0.0
20230101:1011,11.6,6.29,0.31,3.93,0.0
20230101:1111,16.96,8.14,0.88,5.03,0.0
20230101:1211,8.03,8.13,0.88,5.66,0.0
20230101:1311,33.56,6.24,0.66,6.07,0.0
20230101:1411,2.68,2.63,0.37,6.0,0.0
20230101:1511,0.0,0.0,0.11,5.79,0.0
20230101:1611,0.0,0.0,0.17,5.86,0.0
20230101:1711,0.0,0.0,0.2,5.59,0.0
20230101:1811,0.0,0.0,0.27,5.1,0.0
20230101:1911,0.0,0.0,0.71,4.14,0.0
20230101:2011,0.0,0.0,0.78,4.55,0.0
20230101:2111,0.0,0.0,1.12,4.62,0.0
20230101:2211,0.0,0.0,1.28,4.97,0.0
20230101:2311,0.0,0.0,1.44,5.17,0.0
20230102:0011,0.0,0.0,1.5,5.1,0.0
20230102:0111,0.0,0.0,1.37,5.03,0.0
20230102:0211,0.0,0.0,1.51,5.24,0.0
20230102:0311,0.0,0.0,1.54,5.38,0.0
20230102:0411,0.0,0.0,1.55,5.17,0.0
20230102:0511,0.0,0.0,1.29,5.1,0.0
20230102:0611,0.0,0.0,1.49,5.03,0.0
20230102:0711,0.0,0.0,2.13,5.38,0.0
20230102:0811,0.0,0.0,2.19,5.24,0.0
20230102:0911,1.78,2.76,2.12,5.31,0.0
20230102:1011,93.66,6.35,2.19,5.38,0.0
20230102:1111,80.68,8.22,2.25,5.45,0.0
20230102:1211,95.1,8.22,2.22,5.72,0.0
20230102:1311,34.36,6.35,2.19,6.0,0.0
20230102:1411,159.57,2.75,2.3,6.07,0.0
20230102:1511,0.0,0.0,2.46,6.0,0.0
20230102:1611,0.0,0.0,2.59,6.0,0.0
20230102:1711,0.0,0.0,2.64,5.93,0.0
20230102:1811,0.0,0.0,2.66,5.93,0.0
20230102:1911,0.0,0.0,2.67,5.03,0.0
20230102:2011,0.0,0.0,2.77,4.62,0.0
20230102:2111,0.0,0.0,2.91,3.79,0.0
20230102:2211,0.0,0.0,2.86,3.03,0.0
20230102:2311,0.0,0.0,2.96,2.0,0.0
20230103:0011,0.0,0.0,2.93,0.83,0.0
20230103:0111,0.0,0.0,2.75,1.24,0.0
20230103:0211,0.0,0.0,1.94,1.72,0.0
20230103:0311,0.0,0.0,1.88,1.59,0.0
20230103:0411,0.0,0.0,1.66,1.45,0.0
20230103:0511,0.0,0.0,1.54,1.38,0.0
20230103:0611,0.0,0.0,0.97,1.1,0.0
20230103:0711,0.0,0.0,0.54,1.52,0.0
20230103:0811,0.0,0.0,0.58,1.59,0.0
20230103:0911,66.49,2.81,0.64,2.21,0.0
20230103:1011,74.94,6.43,1.68,2.83,0.0
20230103:1111,11.6,8.31,3.87,3.31,0.0
20230103:1211,117.7,8.32,4.08,3.86,0.0
20230103:1311,314.66,6.46,4.11,4.48,0.0
20230103:1411,23.57,2.87,4.17,5.1,0.0
20230103:1511,0.0,0.0,4.13,5.72,0.0
20230103:1611,0.0,0.0,3.98,6.69,0.0
20230103:1711,0.0,0.0,3.81,7.38,0.0
20230103:1811,0.0,0.0,3.54,8.28,0.0
20230103:1911,0.0,0.0,3.89,8.62,0.0
20230103:2011,0.0,0.0,3.85,9.24,0.0
20230103:2111,0.0,0.0,3.42,9.59,0.0
20230103:2211,0.0,0.0,3.38,10.28,0.0
20230103:2311,0.0,0.0,3.28,10.55,0.0
20230104:0011,0.0,0.0,3.15,10.55,0.0
20230104:0111,0.0,0.0,3.51,10.62,0.0
20230104:0211,0.0,0.0,3.55,10.55,0.0
20230104:0311,0.0,0.0,3.51,10.62,0.0
20230104:0411,0.0,0.0,3.08,10.55,0.0
20230104:0511,0.0,0.0,3.08,10.55,0.0
20230104:0611,0.0,0.0,3.23,10.62,0.0
20230104:0711,0.0,0.0,3.49,11.24,0.0
20230104:0811,0.0,0.0,3.57,11.31,0.0
20230104:0911,2.68,2.88,3.27,11.17,0.0
20230104:1011,14.28,6.5,3.45,11.03,0.0
20230104:1111,33.91,8.4,3.15,10.69,0.0
20230104:1211,26.77,8.43,2.82,10.76,0.0
20230104:1311,7.14,6.58,2.51,10.28,0.0
20230104:1411,3.57,2.99,1.99,9.72,0.0
20230104:1511,0.0,0.0,1.81,9.31,0.0
20230104:1611,0.0,0.0,1.61,9.1,0.0
20230104:1711,0.0,0.0,1.14,9.24,0.0
20230104:1811,0.0,0.0,0.81,8.97,0.0
20230104:1911,0.0,0.0,0.46,8.34,0.0
20230104:2011,0.0,0.0,0.48,7.66,0.0
20230104:2111,0.0,0.0,0.65,6.69,0.0
20230104:2211,0.0,0.0,0.76,5.17,0.0
20230104:2311,0.0,0.0,0.8,3.31,0.0
20230105:0011,0.0,0.0,0.85,2.41,0.0
20230105:0111,0.0,0.0,0.87,2.0,0.0
20230105:0211,0.0,0.0,0.86,1.38,0.0
20230105:0311,0.0,0.0,0.72,0.62,0.0
20230105:0411,0.0,0.0,0.73,0.55,0.0
20230105:0511,0.0,0.0,0.88,1.17,0.0
20230105:0611,0.0,0.0,0.85,1.72,0.0
20230105:0711,0.0,0.0,1.03,3.72,0.0
20230105:0811,0.0,0.0,0.88,4.62,0.0
20230105:0911,5.35,2.95,0.76,5.59,0.0
20230105:1011,109.13,6.59,0.69,6.28,0.0
20230105:1111,24.1,8.5,0.55,6.9,0.0
20230105:1211,12.49,8.54,0.45,7.31,0.0
20230105:1311,65.74,6.7,0.26,7.66,0.0
20230105:1411,1.78,3.13,0.1,7.93,0.0
20230105:1511,0.0,0.0,-0.04,8.41,0.0
20230105:1611,0.0,0.0,-0.17,8.62,0.0
20230105:1711,0.0,0.0,-0.19,8.76,0.0
20230105:1811,0.0,0.0,-0.17,8.97,0.0
20230105:1911,0.0,0.0,-0.11,9.38,0.0
20230105:2011,0.0,0.0,0.06,9.79,0.0
20230105:2111,0.0,0.0,0.29,10.0,0.0
20230105:2211,0.0,0.0,0.54,10.48,0.0
20230105:2311,0.0,0.0,1.02,11.31,0.0
20230106:0011,0.0,0.0,1.29,12.34,0.0
20230106:0111,0.0,0.0,1.44,12.34,0.0
20230106:0211,0.0,0.0,1.44,12.14,0.0
20230106:0311,0.0,0.0,1.75,13.17,0.0
20230106:0411,0.0,0.0,2.2,12.9,0.0
20230106:0511,0.0,0.0,2.4,12.28,0.0
20230106:0611,0.0,0.0,2.46,11.66,0.0
20230106:0711,0.0,0.0,2.35,10.48,0.0
20230106:0811,0.0,0.0,2.37,9.1,0.0
20230106:0911,23.81,3.03,2.47,7.86,0.0
20230106:1011,27.67,6.68,2.99,6.83,0.0
20230106:1111,8.92,8.61,3.38,5.93,0.0
20230106:1211,33.02,8.67,3.29,5.66,0.0
20230106:1311,11.6,6.84,3.65,6.0,0.0
20230106:1411,2.68,3.27,4.08,5.45,0.0
20230106:1511,0.0,0.0,4.48,4.76,0.0
20230106:1611,0.0,0.0,4.59,5.31,0.0
20230106:1711,0.0,0.0,4.77,6.21,0.0
20230106:1811,0.0,0.0,6.15,7.17,0.0
20230106:1911,0.0,0.0,6.46,7.31,0.0
20230106:2011,0.0,0.0,6.54,6.97,0.0
20230106:2111,0.0,0.0,6.47,6.76,0.0
20230106:2211,0.0,0.0,6.31,5.79,0.0
20230106:2311,0.0,0.0,6.1,4.48,0.0
20230107:0011,0.0,0.0,5.75,3.93,0.0
20230107:0111,0.0,0.0,5.53,4.07,0.0
20230107:0211,0.0,0.0,5.56,3.93,0.0
20230107:0311,0.0,0.0,5.43,4.14,0.0
20230107:0411,0.0,0.0,5.34,4.76,0.0
20230107:0511,0.0,0.0,5.25,5.66,0.0
20230107:0611,0.0,0.0,5.58,6.48,0.0
20230107:0711,0.0,0.0,5.45,7.45,0.0
20230107:0811,0.0,0.0,5.62,8.21,0.0
20230107:0911,1.78,3.11,5.82,8.76,0.0
20230107:1011,11.6,6.78,6.07,8.69,0.0
20230107:1111,15.17,8.73,5.97,8.21,0.0
20230107:1211,19.63,8.8,6.32,8.41,0.0
20230107:1311,9.82,6.98,6.7,8.69,0.0
20230107:1411,2.68,3.42,6.95,9.1,0.0
20230107:1511,0.0,0.0,7.04,9.38,0.0
20230107:1611,0.0,0.0,7.13,9.59,0.0
20230107:1711,0.0,0.0,6.97,9.93,0.0
20230107:1811,0.0,0.0,6.9,10.34,0.0
20230107:1911,0.0,0.0,6.78,10.55,0.0
20230107:2011,0.0,0.0,6.81,10.34,0.0
20230107:2111,0.0,0.0,6.78,9.86,0.0
20230107:2211,0.0,0.0,6.67,9.52,0.0
20230107:2311,0.0,0.0,6.54,9.24,0.0
20230108:0011,0.0,0.0,6.46,8.9,0.0
20230108:0111,0.0,0.0,6.46,8.97,0.0
20230108:0211,0.0,0.0,6.49,8.62,0.0
20230108:0311,0.0,0.0,6.65,8.0,0.0
20230108:0411,0.0,0.0,6.85,8.48,0.0
20230108:0511,0.0,0.0,6.3,8.28,0.0
20230108:0611,0.0,0.0,6.38,8.07,0.0
20230108:0711,0.0,0.0,6.3,8.0,0.0
20230108:0811,0.0,0.0,6.22,7.66,0.0
20230108:0911,2.68,3.21,6.05,7.59,0.0
20230108:1011,19.63,6.89,5.99,7.66,0.0
20230108:1111,46.16,8.85,6.04,7.38,0.0
20230108:1211,47.03,8.93,5.76,7.31,0.0
20230108:1311,26.77,7.12,5.58,7.31,0.0
20230108:1411,7.14,3.57,5.66,7.31,0.0
20230108:1511,0.0,0.0,5.84,7.17,0.0
20230108:1611,0.0,0.0,5.64,7.1,0.0
20230108:1711,0.0,0.0,5.4,7.17,0.0
20230108:1811,0.0,0.0,5.42,7.59,0.0
20230108:1911,0.0,0.0,4.78,6.55,0.0
20230108:2011,0.0,0.0,5.17,6.9,0.0
20230108:2111,0.0,0.0,5.48,7.38,0.0
20230108:2211,0.0,0.0,5.42,7.45,0.0
20230108:2311,0.0,0.0,5.31,7.59,0.0
20230109:0011,0.0,0.0,5.52,8.21,0.0
20230109:0111,0.0,0.0,5.64,8.9,0.0
20230109:0211,0.0,0.0,5.78,9.52,0.0
20230109:0311,0.0,0.0,5.26,9.1,0.0
20230109:0411,0.0,0.0,5.21,9.17,0.0
20230109:0511,0.0,0.0,5.07,8.28,0.0
20230109:0611,0.0,0.0,4.97,6.07,0.0
20230109:0711,0.0,0.0,4.53,7.1,0.0
20230109:0811,0.0,0.0,4.23,5.31,0.0
20230109:0911,153.92,3.31,3.98,4.28,0.0
20230109:1011,338.7,7.01,4.57,3.59,0.0
20230109:1111,439.06,8.98,4.93,3.31,0.0
20230109:1211,12.49,9.08,5.04,3.31,0.0
20230109:1311,11.6,7.28,5.04,3.24,0.0
20230109:1411,2.68,3.73,4.99,3.1,0.0
20230109:1511,0.0,0.0,4.6,3.1,0.0
20230109:1611,0.0,0.0,4.41,3.17,0.0
20230109:1711,0.0,0.0,4.37,3.17,0.0
20230109:1811,0.0,0.0,4.16,2.9,0.0
20230109:1911,0.0,0.0,4.43,1.86,0.0
20230109:2011,0.0,0.0,4.43,2.07,0.0
20230109:2111,0.0,0.0,4.3,2.14,0.0
20230109:2211,0.0,0.0,4.0,2.07,0.0
20230109:2311,0.0,0.0,3.96,1.86,0.0
20230110:0011,0.0,0.0,4.15,1.72,0.0
20230110:0111,0.0,0.0,4.2,1.72,0.0
20230110:0211,0.0,0.0,3.67,1.93,0.0
20230110:0311,0.0,0.0,3.7,2.14,0.0
20230110:0411,0.0,0.0,3.53,2.41,0.0
20230110:0511,0.0,0.0,3.92,2.69,0.0
20230110:0611,0.0,0.0,2.7,2.83,0.0
20230110:0711,0.0,0.0,3.58,3.59,0.0
20230110:0811,0.0,0.0,4.78,3.93,0.0
20230110:0911,85.35,3.41,5.11,4.0,0.0
20230110:1011,129.38,7.13,5.38,4.14,0.0
20230110:1111,144.75,9.12,5.6,4.28,0.0
20230110:1211,82.78,9.23,5.86,5.03,0.0
20230110:1311,280.92,7.44,5.77,5.38,0.0
20230110:1411,219.95,3.9,5.66,5.79,0.0
20230110:1511,0.0,0.0,5.49,6.07,0.0
20230110:1611,0.0,0.0,5.36,6.62,0.0
20230110:1711,0.0,0.0,5.28,7.45,0.0
20230110:1811,0.0,0.0,5.23,8.21,0.0
20230110:1911,0.0,0.0,5.34,9.24,0.0
20230110:2011,0.0,0.0,4.88,10.07,0.0
20230110:2111,0.0,0.0,4.86,11.03,0.0
20230110:2211,0.0,0.0,4.8,11.52,0.0
20230110:2311,0.0,0.0,4.65,12.21,0.0
20230111:0011,0.0,0.0,4.56,12.83,0.0
20230111:0111,0.0,0.0,4.85,10.48,0.0
20230111:0211,0.0,0.0,5.73,6.55,0.0
20230111:0311,0.0,0.0,6.46,8.48,0.0
20230111:0411,0.0,0.0,7.69,8.76,0.0
20230111:0511,0.0,0.0,7.47,7.45,0.0
20230111:0611,0.0,0.0,7.1,7.31,0.0
20230111:0711,0.0,0.0,6.63,7.66,0.0
20230111:0811,0.0,0.0,6.31,7.79,0.0
20230111:0911,8.92,3.53,5.98,8.07,0.0
20230111:1011,7.14,7.26,6.01,8.14,0.0
20230111:1111,31.24,9.27,5.89,8.9,0.0
20230111:1211,37.48,9.38,5.62,9.66,0.0
20230111:1311,129.11,7.61,5.64,9.72,0.0
20230111:1411,2.68,4.07,5.63,9.38,0.0
20230111:1511,0.0,0.0,5.55,9.31,0.0
20230111:1611,0.0,0.0,5.6,8.62,0.0
20230111:1711,0.0,0.0,5.5,8.21,0.0
20230111:1811,0.0,0.0,5.32,8.07,0.0
20230111:1911,0.0,0.0,5.32,7.24,0.0
20230111:2011,0.0,0.0,5.31,6.55,0.0
20230111:2111,0.0,0.0,5.4,6.28,0.0
20230111:2211,0.0,0.0,5.18,5.86,0.0
20230111:2311,0.0,0.0,5.31,5.86,0.0
20230112:0011,0.0,0.0,5.43,5.24,0.0
20230112:0111,0.0,0.0,5.3,5.03,0.0
20230112:0211,0.0,0.0,5.09,4.9,0.0
20230112:0311,0.0,0.0,5.11,4.21,0.0
20230112:0411,0.0,0.0,5.03,3.52,0.0
20230112:0511,0.0,0.0,4.86,4.0,0.0
20230112:0611,0.0,0.0,4.59,3.79,0.0
20230112:0711,0.0,0.0,4.4,3.86,0.0
20230112:0811,0.0,0.0,4.56,3.86,0.0
20230112:0911,114.04,3.65,4.8,3.38,0.0
20230112:1011,25.88,7.4,4.93,2.83,0.0
20230112:1111,41.05,9.42,4.56,2.34,0.0
20230112:1211,9.82,9.55,5.06,2.21,0.0
20230112:1311,40.29,7.78,5.25,2.34,0.0
20230112:1411,3.57,4.25,5.33,2.14,0.0
20230112:1511,0.0,0.0,5.03,2.0,0.0
20230112:1611,0.0,0.0,4.75,2.21,0.0
20230112:1711,0.0,0.0,4.67,2.69,0.0
20230112:1811,0.0,0.0,4.72,3.1,0.0
20230112:1911,0.0,0.0,4.67,4.34,0.0
20230112:2011,0.0,0.0,4.39,5.24,0.0
20230112:2111,0.0,0.0,4.14,6.34,0.0
20230112:2211,0.0,0.0,3.92,6.76,0.0
20230112:2311,0.0,0.0,3.86,7.17,0.0
20230113:0011,0.0,0.0,4.47,5.59,0.0
20230113:0111,0.0,0.0,4.71,3.93,0.0
20230113:0211,0.0,0.0,4.65,3.86,0.0
20230113:0311,0.0,0.0,4.75,3.86,0.0
20230113:0411,0.0,0.0,4.62,4.07,0.0
20230113:0511,0.0,0.0,4.72,4.07,0.0
20230113:0611,0.0,0.0,4.67,3.93,0.0
20230113:0711,0.0,0.0,4.35,4.55,0.0
20230113:0811,0.0,0.0,3.99,4.55,0.0
20230113:0911,3.57,3.78,3.89,4.28,0.0
20230113:1011,9.82,7.54,3.89,3.72,0.0
20230113:1111,105.0,9.58,3.93,3.31,0.0
20230113:1211,24.1,9.72,3.96,3.24,0.0
20230113:1311,51.08,7.96,3.86,3.79,0.0
20230113:1411,25.89,4.44,3.59,4.41,0.0
20230113:1511,0.0,0.0,3.52,4.55,0.0
20230113:1611,0.0,0.0,3.46,4.62,0.0
20230113:1711,0.0,0.0,3.51,4.76,0.0
20230113:1811,0.0,0.0,3.47,4.9,0.0
20230113:1911,0.0,0.0,4.0,5.52,0.0
20230113:2011,0.0,0.0,4.21,5.24,0.0
20230113:2111,0.0,0.0,4.36,5.24,0.0
20230113:2211,0.0,0.0,4.3,5.24,0.0
20230113:2311,0.0,0.0,4.41,5.45,0.0
20230114:0011,0.0,0.0,4.46,5.52,0.0
20230114:0111,0.0,0.0,4.58,5.45,0.0
20230114:0211,0.0,0.0,4.49,5.1,0.0
20230114:0311,0.0,0.0,4.37,4.69,0.0
20230114:0411,0.0,0.0,4.31,4.28,0.0
20230114:0511,0.0,0.0,4.38,3.59,0.0
20230114:0611,0.0,0.0,4.47,2.34,0.0
20230114:0711,0.0,0.0,3.96,0.62,0.0
20230114:0811,0.0,0.0,3.64,1.86,0.0
20230114:0911,59.4,3.92,3.18,3.31,0.0
20230114:1011,40.29,7.7,3.41,4.34,0.0
20230114:1111,105.16,9.74,3.52,5.24,0.0
20230114:1211,32.13,9.9,3.67,6.14,0.0
20230114:1311,16.96,8.15,3.65,6.83,0.0
20230114:1411,6.25,4.63,3.56,7.66,0.0
20230114:1511,0.0,0.0,2.8,8.9,0.0
20230114:1611,0.0,0.0,2.6,10.62,0.0
20230114:1711,0.0,0.0,2.52,11.03,0.0
20230114:1811,0.0,0.0,2.35,10.41,0.0
20230114:1911,0.0,0.0,2.19,9.86,0.0
20230114:2011,0.0,0.0,1.93,9.45,0.0
20230114:2111,0.0,0.0,2.0,9.24,0.0
20230114:2211,0.0,0.0,2.56,6.97,0.0
20230114:2311,0.0,0.0,3.0,4.83,0.0
20230115:0011,0.0,0.0,3.26,4.9,0.0
20230115:0111,0.0,0.0,3.1,5.59,0.0
20230115:0211,0.0,0.0,3.37,5.86,0.0
20230115:0311,0.0,0.0,3.56,5.79,0.0
20230115:0411,0.0,0.0,3.54,5.66,0.0
20230115:0511,0.0,0.0,3.6,5.45,0.0
20230115:0611,0.0,0.0,3.23,5.17,0.0
20230115:0711,0.0,0.0,3.33,4.14,0.0
20230115:0811,0.0,0.0,3.17,2.69,0.0
20230115:0911,202.01,4.06,3.09,1.93,0.0
20230115:1011,318.4,7.85,3.18,1.79,0.0
20230115:1111,539.21,9.92,3.47,1.72,0.0
20230115:1211,156.5,10.08,3.52,2.41,0.0
20230115:1311,100.66,8.34,3.47,4.28,0.0
20230115:1411,130.34,4.82,3.21,5.59,0.0
20230115:1511,0.0,0.0,2.89,5.79,0.0
20230115:1611,0.0,0.0,2.47,6.14,0.0
20230115:1711,0.0,0.0,2.62,7.1,0.0
20230115:1811,0.0,0.0,2.93,7.66,0.0
20230115:1911,0.0,0.0,2.91,8.0,0.0
20230115:2011,0.0,0.0,2.93,8.07,0.0
20230115:2111,0.0,0.0,2.86,7.79,0.0
20230115:2211,0.0,0.0,2.58,7.31,0.0
20230115:2311,0.0,0.0,2.19,6.48,0.0
20230116:0011,0.0,0.0,2.0,5.86,0.0
20230116:0111,0.0,0.0,1.94,4.76,0.0
20230116:0211,0.0,0.0,2.11,2.97,0.0
20230116:0311,0.0,0.0,2.04,2.0,0.0
20230116:0411,0.0,0.0,1.71,1.38,0.0
20230116:0511,0.0,0.0,0.92,1.1,0.0
20230116:0611,0.0,0.0,0.46,0.9,0.0
20230116:0711,0.0,0.0,-0.05,0.97,0.0
20230116:0811,0.0,0.0,-0.82,1.1,0.0
20230116:0911,59.95,4.21,-0.88,0.97,0.0
20230116:1011,245.25,8.02,0.18,1.17,0.0
20230116:1111,282.18,10.1,1.26,1.79,0.0
20230116:1211,328.04,10.27,1.3,2.0,0.0
20230116:1311,55.8,8.54,1.35,1.86,0.0
20230116:1411,256.54,5.03,1.23,1.45,0.0
20230116:1511,0.0,0.0,0.78,0.9,0.0
20230116:1611,0.0,0.0,0.32,0.62,0.0
20230116:1711,0.0,0.0,-0.01,0.9,0.0
20230116:1811,0.0,0.0,-0.51,1.31,0.0
20230116:1911,0.0,0.0,-0.72,1.17,0.0
20230116:2011,0.0,0.0,-0.79,1.52,0.0
20230116:2111,0.0,0.0,-0.66,1.93,0.0
20230116:2211,0.0,0.0,-0.23,2.07,0.0
20230116:2311,0.0,0.0,-0.21,2.55,0.0
20230117:0011,0.0,0.0,0.31,2.69,0.0
20230117:0111,0.0,0.0,0.38,3.03,0.0
20230117:0211,0.0,0.0,0.34,3.31,0.0
20230117:0311,0.0,0.0,0.33,3.45,0.0
20230117:0411,0.0,0.0,0.27,3.45,0.0
20230117:0511,0.0,0.0,0.25,3.31,0.0
20230117:0611,0.0,0.0,0.2,3.17,0.0
20230117:0711,0.0,0.0,0.21,3.31,0.0
20230117:0811,0.0,0.0,0.16,3.45,0.0
20230117:0911,7.14,4.37,0.23,3.24,0.0
20230117:1011,33.02,8.19,0.41,3.31,0.0
20230117:1111,43.73,10.28,0.66,3.38,0.0
20230117:1211,36.59,10.47,0.64,3.52,0.0
20230117:1311,21.42,8.74,0.6,3.66,0.0
20230117:1411,11.6,5.24,0.49,3.52,0.0
20230117:1511,0.0,0.0,0.23,3.38,0.0
20230117:1611,0.0,0.0,0.33,3.38,0.0
20230117:1711,0.0,0.0,0.39,3.38,0.0
20230117:1811,0.0,0.0,0.5,3.31,0.0
20230117:1911,0.0,0.0,0.6,3.45,0.0
20230117:2011,0.0,0.0,0.59,3.31,0.0
20230117:2111,0.0,0.0,0.67,3.1,0.0
20230117:2211,0.0,0.0,0.58,2.69,0.0
20230117:2311,0.0,0.0,0.58,2.07,0.0
20230118:0011,0.0,0.0,0.55,1.59,0.0
20230118:0111,0.0,0.0,0.57,1.1,0.0
20230118:0211,0.0,0.0,0.38,0.48,0.0
20230118:0311,0.0,0.0,0.6,0.0,0.0
20230118:0411,0.0,0.0,-0.23,0.62,0.0
20230118:0511,0.0,0.0,0.03,0.76,0.0
20230118:0611,0.0,0.0,-0.4,0.9,0.0
20230118:0711,0.0,0.0,-0.98,1.59,0.0
20230118:0811,0.0,0.0,0.16,1.86,0.0
20230118:0911,38.87,4.53,0.69,1.93,0.0
20230118:1011,47.05,8.37,1.0,1.72,0.0
20230118:1111,30.34,10.48,1.21,1.38,0.0
20230118:1211,47.3,10.68,1.35,1.45,0.0
20230118:1311,58.01,8.95,1.48,1.72,0.0
20230118:1411,41.47,5.45,1.69,1.79,0.0
20230118:1511,0.0,0.0,1.64,1.79,0.0
20230118:1611,0.0,0.0,1.6,1.52,0.0
20230118:1711,0.0,0.0,1.47,1.17,0.0
20230118:1811,0.0,0.0,1.13,0.83,0.0
20230118:1911,0.0,0.0,-0.66,1.38,0.0
20230118:2011,0.0,0.0,-0.56,1.24,0.0
20230118:2111,0.0,0.0,-0.36,1.24,0.0
20230118:2211,0.0,0.0,0.02,1.17,0.0
20230118:2311,0.0,0.0,-0.16,1.17,0.0
20230119:0011,0.0,0.0,-0.19,1.38,0.0
20230119:0111,0.0,0.0,-0.17,1.66,0.0
20230119:0211,0.0,0.0,-0.62,1.45,0.0
20230119:0311,0.0,0.0,-1.6,1.38,0.0
20230119:0411,0.0,0.0,-2.27,1.59,0.0
20230119:0511,0.0,0.0,-2.24,1.72,0.0
20230119:0611,0.0,0.0,-2.56,1.86,0.0
20230119:0711,0.0,0.0,-1.03,2.48,0.0
20230119:0811,0.0,0.0,-0.88,2.28,0.0
20230119:0911,212.05,4.7,-0.95,2.07,0.0
20230119:1011,274.42,8.56,-0.98,1.86,0.0
20230119:1111,16.06,10.68,-0.68,1.45,0.0
20230119:1211,12.49,10.89,-0.47,1.24,0.0
20230119:1311,9.82,9.17,-0.09,1.1,0.0
20230119:1411,11.6,5.67,0.55,1.59,0.0
20230119:1511,0.0,0.0,0.63,2.28,0.0
20230119:1611,0.0,0.0,0.55,2.97,0.0
20230119:1711,0.0,0.0,0.39,3.1,0.0
20230119:1811,0.0,0.0,0.2,3.1,0.0
20230119:1911,0.0,0.0,0.32,2.62,0.0
20230119:2011,0.0,0.0,0.2,2.83,0.0
20230119:2111,0.0,0.0,0.22,2.97,0.0
20230119:2211,0.0,0.0,0.22,2.9,0.0
20230119:2311,0.0,0.0,0.02,2.69,0.0
20230120:0011,0.0,0.0,-0.17,2.34,0.0
20230120:0111,0.0,0.0,-0.38,2.07,0.0
20230120:0211,0.0,0.0,-0.3,1.93,0.0
20230120:0311,0.0,0.0,-0.27,1.93,0.0
20230120:0411,0.0,0.0,-0.16,1.93,0.0
20230120:0511,0.0,0.0,-0.04,2.07,0.0
20230120:0611,0.0,0.0,0.1,2.14,0.0
20230120:0711,0.0,0.0,-0.53,1.31,0.0
20230120:0811,0.0,0.0,-1.65,1.45,0.0
20230120:0911,291.71,4.88,-2.81,1.79,0.0
20230120:1011,272.2,8.75,-3.0,2.07,0.0
20230120:1111,128.95,10.88,-2.31,2.14,0.0
20230120:1211,60.35,11.1,-0.8,2.28,0.0
20230120:1311,524.91,9.39,-0.17,2.34,0.0
20230120:1411,347.48,5.9,-0.32,2.28,0.0
20230120:1511,0.0,0.0,-0.82,2.34,0.0
20230120:1611,0.0,0.0,-1.56,2.34,0.0
20230120:1711,0.0,0.0,-2.41,2.14,0.0
20230120:1811,0.0,0.0,-3.01,1.86,0.0
20230120:1911,0.0,0.0,-3.25,1.59,0.0
20230120:2011,0.0,0.0,-3.63,1.72,0.0
20230120:2111,0.0,0.0,-3.78,2.07,0.0
20230120:2211,0.0,0.0,-4.2,2.07,0.0
20230120:2311,0.0,0.0,-4.95,1.93,0.0
20230121:0011,0.0,0.0,-5.59,2.14,0.0
20230121:0111,0.0,0.0,-6.15,2.48,0.0
20230121:0211,0.0,0.0,-6.23,2.55,0.0
20230121:0311,0.0,0.0,-6.27,2.55,0.0
20230121:0411,0.0,0.0,-6.1,2.69,0.0
20230121:0511,0.0,0.0,-5.37,2.83,0.0
20230121:0611,0.0,0.0,-4.65,3.17,0.0
20230121:0711,0.0,0.0,-3.06,4.41,0.0
20230121:0811,0.0,0.0,-2.3,4.28,0.0
20230121:0911,4.46,5.06,-2.23,4.41,0.0
20230121:1011,139.91,8.95,-1.83,4.41,0.0
20230121:1111,18.74,11.1,-1.15,4.21,0.0
20230121:1211,15.17,11.33,-0.55,4.21,0.0
20230121:1311,17.85,9.62,-0.19,4.34,0.0
20230121:1411,17.85,6.13,-0.05,4.55,0.0
20230121:1511,0.0,0.0,-0.06,4.62,0.0
20230121:1611,0.0,0.0,-0.36,4.41,0.0
20230121:1711,0.0,0.0,-0.62,4.34,0.0
20230121:1811,0.0,0.0,-0.83,4.41,0.0
20230121:1911,0.0,0.0,0.0,5.52,0.0
20230121:2011,0.0,0.0,-0.01,5.86,0.0
20230121:2111,0.0,0.0,-0.08,6.21,0.0
20230121:2211,0.0,0.0,-0.11,6.14,0.0
20230121:2311,0.0,0.0,-0.06,5.79,0.0
20230122:0011,0.0,0.0,-0.02,5.52,0.0
20230122:0111,0.0,0.0,-0.01,5.31,0.0
20230122:0211,0.0,0.0,-0.06,5.17,0.0
20230122:0311,0.0,0.0,-0.05,5.38,0.0
20230122:0411,0.0,0.0,0.02,5.86,0.0
20230122:0511,0.0,0.0,0.12,6.07,0.0
20230122:0611,0.0,0.0,0.2,5.93,0.0
20230122:0711,0.0,0.0,0.13,6.41,0.0
20230122:0811,0.0,0.0,-0.04,6.76,0.0
20230122:0911,5.35,5.26,0.07,6.83,0.0
20230122:1011,16.96,9.16,0.33,6.9,0.0
20230122:1111,27.67,11.32,0.4,6.55,0.0
20230122:1211,22.31,11.56,0.53,6.48,0.0
20230122:1311,22.31,9.86,0.69,6.21,0.0
20230122:1411,9.82,6.36,0.77,5.86,0.0
20230122:1511,0.0,0.0,0.7,5.59,0.0
20230122:1611,0.0,0.0,0.64,6.07,0.0
20230122:1711,0.0,0.0,0.55,6.28,0.0
20230122:1811,0.0,0.0,0.34,5.93,0.0
20230122:1911,0.0,0.0,0.5,6.34,0.0
20230122:2011,0.0,0.0,0.47,6.62,0.0
20230122:2111,0.0,0.0,0.4,6.97,0.0
20230122:2211,0.0,0.0,0.41,6.34,0.0
20230122:2311,0.0,0.0,0.36,6.28,0.0
20230123:0011,0.0,0.0,0.35,6.34,0.0
20230123:0111,0.0,0.0,0.39,6.28,0.0
20230123:0211,0.0,0.0,0.54,6.21,0.0
20230123:0311,0.0,0.0,0.62,6.21,0.0
20230123:0411,0.0,0.0,0.78,6.14,0.0
20230123:0511,0.0,0.0,1.01,6.14,0.0
20230123:0611,0.0,0.0,1.26,6.14,0.0
20230123:0711,0.0,0.0,1.47,6.28,0.0
20230123:0811,0.0,0.0,1.74,6.55,0.0
20230123:0911,11.6,5.45,1.96,6.97,0.0
20230123:1011,85.89,9.37,2.24,6.97,0.0
20230123:1111,14.28,11.54,2.46,6.83,0.0
20230123:1211,15.17,11.79,2.67,6.55,0.0
20230123:1311,14.28,10.1,2.82,6.34,0.0
20230123:1411,14.28,6.6,2.97,6.28,0.0
20230123:1511,0.0,0.0,3.29,6.28,0.0
20230123:1611,0.0,0.0,3.51,5.72,0.0
20230123:1711,0.0,0.0,3.66,5.93,0.0
20230123:1811,0.0,0.0,3.86,5.79,0.0
20230123:1911,0.0,0.0,3.86,6.07,0.0
20230123:2011,0.0,0.0,4.0,5.93,0.0
20230123:2111,0.0,0.0,4.14,5.66,0.0
20230123:2211,0.0,0.0,4.26,5.17,0.0
20230123:2311,0.0,0.0,4.39,4.97,0.0
20230124:0011,0.0,0.0,4.57,4.9,0.0
20230124:0111,0.0,0.0,4.63,4.97,0.0
20230124:0211,0.0,0.0,4.78,4.9,0.0
20230124:0311,0.0,0.0,4.93,4.69,0.0
20230124:0411,0.0,0.0,5.0,4.41,0.0
20230124:0511,0.0,0.0,5.12,4.34,0.0
20230124:0611,0.0,0.0,5.22,4.28,0.0
20230124:0711,0.0,0.0,5.11,4.21,0.0
20230124:0811,0.0,0.0,5.29,4.28,0.0
20230124:0911,129.38,5.66,5.38,4.14,0.0
20230124:1011,16.06,9.59,5.45,3.93,0.0
20230124:1111,14.28,11.77,5.47,3.93,0.0
20230124:1211,16.96,12.03,5.52,3.93,0.0
20230124:1311,18.74,10.34,5.56,3.93,0.0
20230124:1411,85.32,6.85,5.41,3.72,0.0
20230124:1511,0.89,1.81,5.34,3.52,0.0
20230124:1611,0.0,0.0,5.29,3.31,0.0
20230124:1711,0.0,0.0,5.28,3.24,0.0
20230124:1811,0.0,0.0,5.28,3.1,0.0
20230124:1911,0.0,0.0,5.32,3.93,0.0
20230124:2011,0.0,0.0,5.36,4.14,0.0
20230124:2111,0.0,0.0,5.38,4.34,0.0
20230124:2211,0.0,0.0,5.42,4.41,0.0
20230124:2311,0.0,0.0,5.45,4.48,0.0
20230125:0011,0.0,0.0,5.59,4.34,0.0
20230125:0111,0.0,0.0,5.54,4.34,0.0
20230125:0211,0.0,0.0,5.65,4.41,0.0
20230125:0311,0.0,0.0,5.76,4.34,0.0
20230125:0411,0.0,0.0,5.79,4.21,0.0
20230125:0511,0.0,0.0,5.83,4.21,0.0
20230125:0611,0.0,0.0,5.82,4.07,0.0
20230125:0711,0.0,0.0,5.78,4.41,0.0
20230125:0811,0.0,0.0,5.83,4.69,0.0
20230125:0911,8.03,5.87,5.99,5.03,0.0
20230125:1011,26.77,9.81,6.13,5.24,0.0
20230125:1111,17.85,12.01,6.22,4.9,0.0
20230125:1211,41.95,12.28,6.24,4.9,0.0
20230125:1311,60.78,10.59,6.11,4.14,0.0
20230125:1411,85.7,7.1,5.8,3.79,0.0
20230125:1511,0.89,2.06,5.62,4.14,0.0
20230125:1611,0.0,0.0,5.27,4.07,0.0
20230125:1711,0.0,0.0,5.05,4.34,0.0
20230125:1811,0.0,0.0,4.97,4.76,0.0
20230125:1911,0.0,0.0,5.04,4.83,0.0
20230125:2011,0.0,0.0,4.86,4.83,0.0
20230125:2111,0.0,0.0,4.54,4.83,0.0
20230125:2211,0.0,0.0,4.44,4.97,0.0
20230125:2311,0.0,0.0,4.2,5.03,0.0
20230126:0011,0.0,0.0,4.33,5.45,0.0
20230126:0111,0.0,0.0,4.3,6.0,0.0
20230126:0211,0.0,0.0,4.27,6.76,0.0
20230126:0311,0.0,0.0,4.18,7.1,0.0
20230126:0411,0.0,0.0,4.04,7.1,0.0
20230126:0511,0.0,0.0,3.82,7.1,0.0
20230126:0611,0.0,0.0,3.51,7.1,0.0
20230126:0711,0.0,0.0,3.08,6.07,0.0
20230126:0811,0.0,0.0,2.89,5.59,0.0
20230126:0911,265.37,6.08,2.72,5.31,0.0
20230126:1011,491.46,10.04,2.69,5.31,0.0
20230126:1111,630.97,12.25,2.96,5.38,0.0
20230126:1211,642.41,12.53,3.1,5.66,0.0
20230126:1311,295.66,10.85,3.03,5.72,0.0
20230126:1411,356.98,7.35,2.84,5.52,0.0
20230126:1511,1.78,2.31,2.57,5.31,0.0
20230126:1611,0.0,0.0,1.93,4.9,0.0
20230126:1711,0.0,0.0,1.59,4.28,0.0
20230126:1811,0.0,0.0,1.29,3.79,0.0
20230126:1911,0.0,0.0,1.01,3.79,0.0
20230126:2011,0.0,0.0,0.55,3.17,0.0
20230126:2111,0.0,0.0,0.36,2.48,0.0
20230126:2211,0.0,0.0,0.39,1.79,0.0
20230126:2311,0.0,0.0,0.38,1.45,0.0
20230127:0011,0.0,0.0,-0.17,1.17,0.0
20230127:0111,0.0,0.0,0.6,0.69,0.0
20230127:0211,0.0,0.0,-0.99,1.31,0.0
20230127:0311,0.0,0.0,-0.86,1.79,0.0
20230127:0411,0.0,0.0,-0.92,1.1,0.0
20230127:0511,0.0,0.0,0.21,0.83,0.0
20230127:0611,0.0,0.0,-0.39,0.97,0.0
20230127:0711,0.0,0.0,0.43,1.03,0.0
20230127:0811,0.0,0.0,0.02,0.97,0.0
20230127:0911,12.49,6.31,-0.45,1.31,0.0
20230127:1011,33.91,10.28,0.7,1.31,0.0
20230127:1111,88.86,12.5,2.02,0.9,0.0
20230127:1211,137.85,12.79,2.29,0.76,0.0
20230127:1311,179.93,11.11,2.69,0.97,0.0
20230127:1411,18.74,7.61,2.55,1.38,0.0
20230127:1511,1.78,2.57,2.61,1.59,0.0
20230127:1611,0.0,0.0,2.6,1.79,0.0
20230127:1711,0.0,0.0,2.75,1.93,0.0
20230127:1811,0.0,0.0,3.12,2.14,0.0
20230127:1911,0.0,0.0,3.46,2.69,0.0
20230127:2011,0.0,0.0,3.67,3.45,0.0
20230127:2111,0.0,0.0,3.86,3.72,0.0
20230127:2211,0.0,0.0,4.08,3.86,0.0
20230127:2311,0.0,0.0,4.24,4.14,0.0
20230128:0011,0.0,0.0,4.28,4.34,0.0
20230128:0111,0.0,0.0,4.38,4.69,0.0
20230128:0211,0.0,0.0,4.54,4.9,0.0
20230128:0311,0.0,0.0,4.25,5.59,0.0
20230128:0411,0.0,0.0,4.9,6.14,0.0
20230128:0511,0.0,0.0,5.35,6.69,0.0
20230128:0611,0.0,0.0,4.91,6.55,0.0
20230128:0711,0.0,0.0,4.92,6.07,0.0
20230128:0811,0.0,0.0,4.83,6.21,0.0
20230128:0911,134.05,6.53,4.83,6.0,0.0
20230128:1011,471.01,10.52,4.91,6.14,0.0
20230128:1111,356.01,12.76,5.09,5.86,0.0
20230128:1211,551.35,13.05,5.15,5.79,0.0
20230128:1311,389.82,11.38,5.32,5.66,0.0
20230128:1411,43.24,7.88,5.26,6.07,0.0
20230128:1511,1.78,2.83,5.11,6.14,0.0
20230128:1611,0.0,0.0,4.9,6.28,0.0
20230128:1711,0.0,0.0,4.59,6.34,0.0
20230128:1811,0.0,0.0,4.5,5.17,0.0
20230128:1911,0.0,0.0,4.31,4.14,0.0
20230128:2011,0.0,0.0,4.37,4.0,0.0
20230128:2111,0.0,0.0,4.3,4.34,0.0
20230128:2211,0.0,0.0,4.36,4.76,0.0
20230128:2311,0.0,0.0,4.46,5.17,0.0
20230129:0011,0.0,0.0,4.5,5.24,0.0
20230129:0111,0.0,0.0,4.52,6.07,0.0
20230129:0211,0.0,0.0,4.77,5.72,0.0
20230129:0311,0.0,0.0,4.97,6.48,0.0
20230129:0411,0.0,0.0,5.12,6.41,0.0
20230129:0511,0.0,0.0,5.16,6.07,0.0
20230129:0611,0.0,0.0,5.11,6.14,0.0
20230129:0711,0.0,0.0,4.85,5.66,0.0
20230129:0811,0.0,0.0,4.9,6.28,0.0
20230129:0911,13.39,6.77,5.04,6.41,0.0
20230129:1011,16.06,10.77,5.19,6.55,0.0
20230129:1111,14.28,13.02,5.35,6.69,0.0
20230129:1211,40.16,13.32,5.57,7.24,0.0
20230129:1311,25.88,11.65,5.81,7.03,0.0
20230129:1411,30.34,8.14,5.98,7.17,0.0
20230129:1511,1.78,3.09,6.06,7.66,0.0
20230129:1611,0.0,0.0,6.24,8.07,0.0
20230129:1711,0.0,0.0,5.94,9.1,0.0
20230129:1811,0.0,0.0,6.21,10.34,0.0
20230129:1911,0.0,0.0,5.92,10.21,0.0
20230129:2011,0.0,0.0,5.55,9.93,0.0
20230129:2111,0.0,0.0,4.68,10.76,0.0
20230129:2211,0.0,0.0,4.16,10.55,0.0
20230129:2311,0.0,0.0,4.19,10.62,0.0
20230130:0011,0.0,0.0,4.22,11.03,0.0
20230130:0111,0.0,0.0,3.94,11.03,0.0
20230130:0211,0.0,0.0,3.06,11.93,0.0
20230130:0311,0.0,0.0,2.6,11.31,0.0
20230130:0411,0.0,0.0,2.5,10.62,0.0
20230130:0511,0.0,0.0,2.76,10.0,0.0
20230130:0611,0.0,0.0,2.95,10.21,0.0
20230130:0711,0.0,0.0,3.61,9.31,0.0
20230130:0811,0.0,0.0,3.81,9.59,0.0
20230130:0911,223.99,7.01,3.4,11.59,0.0
20230130:1011,94.13,11.03,3.24,12.62,0.0
20230130:1111,42.84,13.29,3.01,12.97,0.0
20230130:1211,42.84,13.59,2.52,12.76,0.0
20230130:1311,42.84,11.92,2.32,12.48,0.0
20230130:1411,18.74,8.42,2.31,12.55,0.0
20230130:1511,2.68,3.36,2.26,12.21,0.0
20230130:1611,0.0,0.0,2.25,11.59,0.0
20230130:1711,0.0,0.0,2.29,11.03,0.0
20230130:1811,0.0,0.0,2.22,10.62,0.0
20230130:1911,0.0,0.0,2.04,10.07,0.0
20230130:2011,0.0,0.0,1.95,9.17,0.0
20230130:2111,0.0,0.0,1.94,8.48,0.0
20230130:2211,0.0,0.0,2.05,8.07,0.0
20230130:2311,0.0,0.0,2.14,7.1,0.0
20230131:0011,0.0,0.0,2.25,6.48,0.0
20230131:0111,0.0,0.0,2.53,5.52,0.0
20230131:0211,0.0,0.0,2.53,4.55,0.0
20230131:0311,0.0,0.0,2.36,3.72,0.0
20230131:0411,0.0,0.0,2.28,2.76,0.0
20230131:0511,0.0,0.0,2.14,3.38,0.0
20230131:0611,0.0,0.0,1.56,4.21,0.0
20230131:0711,0.0,0.0,2.44,4.62,0.0
20230131:0811,0.89,1.77,3.28,4.14,0.0
20230131:0911,7.14,7.26,3.83,4.0,0.0
20230131:1011,12.49,11.29,4.16,7.31,0.0
20230131:1111,23.2,13.56,4.09,9.66,0.0
20230131:1211,16.06,13.87,3.78,9.72,0.0
20230131:1311,213.75,12.2,2.99,10.14,0.0
20230131:1411,404.51,8.69,2.71,9.79,0.0
20230131:1511,2.68,3.63,3.15,9.79,0.0
20230131:1611,0.0,0.0,3.14,10.76,0.0
20230131:1711,0.0,0.0,3.3,10.48,0.0
20230131:1811,0.0,0.0,2.87,9.52,0.0
20230131:1911,0.0,0.0,3.01,10.62,0.0
20230131:2011,0.0,0.0,3.1,10.28,0.0
20230131:2111,0.0,0.0,3.16,10.48,0.0
20230131:2211,0.0,0.0,3.38,10.07,0.0
20230131:2311,0.0,0.0,3.5,9.72,0.0
20230201:0011,0.0,0.0,3.5,9.38,0.0
20230201:0111,0.0,0.0,3.53,9.93,0.0
20230201:0211,0.0,0.0,3.25,9.79,0.0
20230201:0311,0.0,0.0,2.79,9.38,0.0
20230201:0411,0.0,0.0,2.95,8.48,0.0
20230201:0511,0.0,0.0,2.97,8.21,0.0
20230201:0611,0.0,0.0,3.39,9.17,0.0
20230201:0711,0.0,0.0,4.0,8.76,0.0
20230201:0811,3.57,2.01,4.1,8.76,0.0
20230201:0911,216.75,7.51,4.29,8.76,0.0
20230201:1011,34.81,11.55,4.57,8.97,0.0
20230201:1111,48.19,13.84,4.7,7.45,0.0
20230201:1211,16.96,14.16,4.68,6.28,0.0
20230201:1311,36.59,12.49,4.39,7.59,0.0
20230201:1411,131.62,8.97,4.07,9.52,0.0
20230201:1511,3.57,3.9,4.12,9.86,0.0
20230201:1611,0.0,0.0,4.04,9.24,0.0
20230201:1711,0.0,0.0,3.74,8.97,0.0
20230201:1811,0.0,0.0,3.51,8.69,0.0
20230201:1911,0.0,0.0,3.56,8.21,0.0
20230201:2011,0.0,0.0,3.54,8.21,0.0
20230201:2111,0.0,0.0,3.64,8.0,0.0
20230201:2211,0.0,0.0,3.63,7.59,0.0
20230201:2311,0.0,0.0,3.62,7.24,0.0
20230202:0011,0.0,0.0,3.49,6.83,0.0
20230202:0111,0.0,0.0,3.27,6.34,0.0
20230202:0211,0.0,0.0,3.14,5.72,0.0
20230202:0311,0.0,0.0,3.0,4.9,0.0
20230202:0411,0.0,0.0,2.78,4.14,0.0
20230202:0511,0.0,0.0,2.65,3.45,0.0
20230202:0611,0.0,0.0,2.57,2.9,0.0
20230202:0711,0.0,0.0,2.3,3.17,0.0
20230202:0811,0.89,2.25,1.98,2.41,0.0
20230202:0911,209.15,7.77,1.52,1.45,0.0
20230202:1011,295.35,11.83,1.87,0.97,0.0
20230202:1111,314.87,14.12,2.37,1.1,0.0
20230202:1211,299.76,14.44,2.87,1.72,0.0
20230202:1311,186.38,12.78,3.1,2.34,0.0
20230202:1411,96.87,9.26,3.24,3.03,0.0
20230202:1511,8.03,4.18,3.12,3.66,0.0
20230202:1611,0.0,0.0,2.92,4.41,0.0
20230202:1711,0.0,0.0,2.82,5.38,0.0
20230202:1811,0.0,0.0,2.82,6.97,0.0
20230202:1911,0.0,0.0,2.28,8.9,0.0
20230202:2011,0.0,0.0,2.32,9.45,0.0
20230202:2111,0.0,0.0,2.18,9.31,0.0
20230202:2211,0.0,0.0,2.05,9.59,0.0
20230202:2311,0.0,0.0,2.15,9.59,0.0
20230203:0011,0.0,0.0,2.9,6.62,0.0
20230203:0111,0.0,0.0,3.19,2.83,0.0
20230203:0211,0.0,0.0,3.82,4.34,0.0
20230203:0311,0.0,0.0,4.15,9.86,0.0
20230203:0411,0.0,0.0,5.85,12.0,0.0
20230203:0511,0.0,0.0,5.74,11.45,0.0
20230203:0611,0.0,0.0,5.52,11.45,0.0
20230203:0711,0.0,0.0,5.9,10.83,0.0
20230203:0811,1.78,2.5,6.19,10.97,0.0
20230203:0911,27.67,8.03,6.03,10.69,0.0
20230203:1011,33.02,12.1,5.52,10.41,0.0
20230203:1111,33.02,14.41,5.12,10.21,0.0
20230203:1211,105.91,14.74,4.61,8.34,0.0
20230203:1311,593.61,13.07,4.24,7.1,0.0
20230203:1411,481.48,9.55,4.18,6.07,0.0
20230203:1511,200.15,4.46,3.96,5.38,0.0
20230203:1611,0.0,0.0,3.77,5.03,0.0
20230203:1711,0.0,0.0,3.52,4.48,0.0
20230203:1811,0.0,0.0,3.04,3.66,0.0
20230203:1911,0.0,0.0,2.5,2.21,0.0
20230203:2011,0.0,0.0,2.24,2.55,0.0
20230203:2111,0.0,0.0,1.84,4.07,0.0
20230203:2211,0.0,0.0,1.36,4.97,0.0
20230203:2311,0.0,0.0,1.1,5.38,0.0
20230204:0011,0.0,0.0,0.78,5.66,0.0
20230204:0111,0.0,0.0,0.48,5.86,0.0
20230204:0211,0.0,0.0,0.24,6.07,0.0
20230204:0311,0.0,0.0,0.0,6.28,0.0
20230204:0411,0.0,0.0,-0.26,6.28,0.0
20230204:0511,0.0,0.0,-0.39,6.41,0.0
20230204:0611,0.0,0.0,-0.34,6.69,0.0
20230204:0711,0.0,0.0,-0.31,7.1,0.0
20230204:0811,1.78,2.76,-0.4,7.24,0.0
20230204:0911,73.19,8.3,-0.3,7.38,0.0
20230204:1011,214.89,12.39,0.06,7.79,0.0
20230204:1111,100.84,14.7,0.47,7.93,0.0
20230204:1211,281.29,15.04,0.89,8.41,0.0
20230204:1311,39.27,13.37,1.27,8.41,0.0
20230204:1411,209.43,9.84,1.65,8.14,0.0
20230204:1511,8.92,4.74,1.9,8.34,0.0
20230204:1611,0.0,0.0,2.17,8.69,0.0
20230204:1711,0.0,0.0,2.54,8.97,0.0
20230204:1811,0.0,0.0,2.89,9.03,0.0
20230204:1911,0.0,0.0,3.41,8.9,0.0
20230204:2011,0.0,0.0,3.36,8.97,0.0
20230204:2111,0.0,0.0,3.91,8.97,0.0
20230204:2211,0.0,0.0,4.35,8.34,0.0
20230204:2311,0.0,0.0,4.75,7.1,0.0
20230205:0011,0.0,0.0,4.99,6.0,0.0
20230205:0111,0.0,0.0,4.24,8.9,0.0
20230205:0211,0.0,0.0,3.93,9.1,0.0
20230205:0311,0.0,0.0,4.26,8.97,0.0
20230205:0411,0.0,0.0,3.93,9.17,0.0
20230205:0511,0.0,0.0,3.68,9.31,0.0
20230205:0611,0.0,0.0,3.6,9.31,0.0
20230205:0711,0.0,0.0,4.24,8.55,0.0
20230205:0811,9.82,3.02,4.15,7.03,0.0
20230205:0911,375.19,8.58,4.14,6.14,0.0
20230205:1011,613.3,12.67,4.31,5.52,0.0
20230205:1111,582.87,15.0,4.73,4.55,0.0
20230205:1211,59.8,15.34,4.95,4.97,0.0
20230205:1311,25.88,13.67,4.92,5.1,0.0
20230205:1411,335.5,10.14,4.95,4.34,0.0
20230205:1511,60.34,5.03,4.88,3.79,0.0
20230205:1611,0.0,0.0,4.64,3.93,0.0
20230205:1711,0.0,0.0,4.51,3.72,0.0
20230205:1811,0.0,0.0,4.57,3.31,0.0
20230205:1911,0.0,0.0,4.7,4.07,0.0
20230205:2011,0.0,0.0,4.67,3.45,0.0
20230205:2111,0.0,0.0,4.65,3.17,0.0
20230205:2211,0.0,0.0,4.82,2.34,0.0
20230205:2311,0.0,0.0,4.4,0.55,0.0
20230206:0011,0.0,0.0,4.35,1.1,0.0
20230206:0111,0.0,0.0,4.35,1.72,0.0
20230206:0211,0.0,0.0,4.73,2.41,0.0
20230206:0311,0.0,0.0,4.74,2.97,0.0
20230206:0411,0.0,0.0,5.09,3.38,0.0
20230206:0511,0.0,0.0,5.19,3.24,0.0
20230206:0611,0.0,0.0,5.28,2.55,0.0
20230206:0711,0.0,0.0,4.69,2.14,0.0
20230206:0811,2.68,3.29,4.36,2.28,0.0
20230206:0911,46.86,8.86,4.05,2.69,0.0
20230206:1011,38.38,12.97,4.39,2.76,0.0
20230206:1111,238.74,15.3,4.47,2.97,0.0
20230206:1211,170.54,15.65,4.79,2.9,0.0
20230206:1311,224.6,13.97,5.06,3.03,0.0
20230206:1411,200.84,10.44,4.95,3.03,0.0
20230206:1511,15.17,5.32,4.56,2.83,0.0
20230206:1611,0.0,0.0,4.12,2.69,0.0
20230206:1711,0.0,0.0,3.62,3.03,0.0
20230206:1811,0.0,0.0,3.64,3.79,0.0
20230206:1911,0.0,0.0,4.37,4.14,0.0
20230206:2011,0.0,0.0,4.56,4.28,0.0
20230206:2111,0.0,0.0,4.79,4.28,0.0
20230206:2211,0.0,0.0,4.94,4.14,0.0
20230206:2311,0.0,0.0,4.98,4.14,0.0
20230207:0011,0.0,0.0,5.18,4.41,0.0
20230207:0111,0.0,0.0,5.2,3.93,0.0
20230207:0211,0.0,0.0,5.05,3.79,0.0
20230207:0311,0.0,0.0,4.85,3.93,0.0
20230207:0411,0.0,0.0,4.75,4.14,0.0
20230207:0511,0.0,0.0,4.69,4.14,0.0
20230207:0611,0.0,0.0,4.71,3.52,0.0
20230207:0711,0.0,0.0,4.58,2.9,0.0
20230207:0811,2.68,3.56,4.63,2.97,0.0
20230207:0911,14.28,9.14,4.8,3.1,0.0
20230207:1011,17.85,13.26,5.13,3.1,0.0
20230207:1111,153.44,15.61,5.44,3.1,0.0
20230207:1211,82.22,15.96,5.81,3.24,0.0
20230207:1311,41.05,14.28,5.99,3.38,0.0
20230207:1411,40.16,10.74,6.08,3.1,0.0
20230207:1511,9.82,5.62,5.97,3.1,0.0
20230207:1611,0.0,0.0,5.91,3.17,0.0
20230207:1711,0.0,0.0,5.91,3.45,0.0
20230207:1811,0.0,0.0,5.88,3.79,0.0
20230207:1911,0.0,0.0,5.87,3.38,0.0
20230207:2011,0.0,0.0,5.9,3.45,0.0
20230207:2111,0.0,0.0,5.89,3.38,0.0
20230207:2211,0.0,0.0,5.85,3.24,0.0
20230207:2311,0.0,0.0,5.8,3.1,0.0
20230208:0011,0.0,0.0,5.67,2.97,0.0
20230208:0111,0.0,0.0,5.62,2.9,0.0
20230208:0211,0.0,0.0,5.59,3.03,0.0
20230208:0311,0.0,0.0,5.5,3.59,0.0
20230208:0411,0.0,0.0,5.47,4.21,0.0
20230208:0511,0.0,0.0,5.5,4.48,0.0
20230208:0611,0.0,0.0,5.59,4.83,0.0
20230208:0711,0.0,0.0,5.44,5.31,0.0
20230208:0811,2.68,3.84,5.54,5.31,0.0
20230208:0911,30.34,9.43,5.67,5.59,0.0
20230208:1011,16.06,13.57,5.81,6.41,0.0
20230208:1111,24.99,15.92,5.84,7.1,0.0
20230208:1211,20.53,16.27,5.79,7.59,0.0
20230208:1311,17.85,14.6,5.7,7.52,0.0
20230208:1411,13.39,11.04,5.46,7.93,0.0
20230208:1511,11.6,5.91,5.24,8.21,0.0
20230208:1611,0.0,0.0,5.06,8.62,0.0
20230208:1711,0.0,0.0,4.86,9.1,0.0
20230208:1811,0.0,0.0,4.66,9.38,0.0
20230208:1911,0.0,0.0,4.86,9.24,0.0
20230208:2011,0.0,0.0,4.78,8.9,0.0
20230208:2111,0.0,0.0,4.84,8.62,0.0
20230208:2211,0.0,0.0,5.09,7.59,0.0
20230208:2311,0.0,0.0,5.56,8.9,0.0
20230209:0011,0.0,0.0,5.86,9.38,0.0
20230209:0111,0.0,0.0,5.88,9.1,0.0
20230209:0211,0.0,0.0,4.95,7.45,0.0
20230209:0311,0.0,0.0,4.05,5.86,0.0
20230209:0411,0.0,0.0,3.72,7.03,0.0
20230209:0511,0.0,0.0,3.9,6.97,0.0
20230209:0611,0.0,0.0,4.1,8.0,0.0
20230209:0711,0.0,0.0,4.43,8.62,0.0
20230209:0811,5.35,4.12,4.51,8.83,0.0
20230209:0911,138.68,9.73,4.54,9.03,0.0
20230209:1011,395.39,13.87,4.81,9.17,0.0
20230209:1111,518.88,16.23,4.4,10.14,0.0
20230209:1211,172.79,16.59,4.16,10.28,0.0
20230209:1311,144.17,14.91,4.12,10.69,0.0
20230209:1411,48.19,11.35,3.9,12.21,0.0
20230209:1511,248.0,6.21,3.6,12.21,0.0
20230209:1611,0.0,0.0,3.28,11.03,0.0
20230209:1711,0.0,0.0,2.78,10.97,0.0
20230209:1811,0.0,0.0,2.44,10.97,0.0
20230209:1911,0.0,0.0,2.93,10.07,0.0
20230209:2011,0.0,0.0,2.93,9.52,0.0
20230209:2111,0.0,0.0,3.01,9.24,0.0
20230209:2211,0.0,0.0,2.69,8.97,0.0
20230209:2311,0.0,0.0,2.58,8.62,0.0
20230210:0011,0.0,0.0,2.49,8.0,0.0
20230210:0111,0.0,0.0,2.39,7.03,0.0
20230210:0211,0.0,0.0,2.23,6.07,0.0
20230210:0311,0.0,0.0,2.15,5.17,0.0
20230210:0411,0.0,0.0,2.23,4.9,0.0
20230210:0511,0.0,0.0,2.28,4.14,0.0
20230210:0611,0.0,0.0,2.37,3.38,0.0
20230210:0711,0.0,0.0,2.25,1.45,0.0
20230210:0811,6.25,4.4,2.34,3.17,0.0
20230210:0911,11.6,10.03,2.61,5.03,0.0
20230210:1011,28.56,14.19,3.2,5.93,0.0
20230210:1111,44.62,16.56,3.13,5.79,0.0
20230210:1211,23.2,16.92,4.06,7.45,0.0
20230210:1311,26.77,15.23,4.52,8.07,0.0
20230210:1411,16.96,11.66,4.91,8.28,0.0
20230210:1511,16.06,6.51,5.32,8.41,0.0
20230210:1611,0.0,0.0,5.69,9.38,0.0
20230210:1711,0.0,0.0,6.27,9.93,0.0
20230210:1811,0.0,0.0,7.22,9.31,0.0
20230210:1911,0.0,0.0,7.11,8.41,0.0
20230210:2011,0.0,0.0,7.13,8.0,0.0
20230210:2111,0.0,0.0,7.15,7.86,0.0
20230210:2211,0.0,0.0,7.06,7.24,0.0
20230210:2311,0.0,0.0,6.91,7.17,0.0
20230211:0011,0.0,0.0,6.81,7.93,0.0
20230211:0111,0.0,0.0,6.76,8.83,0.0
20230211:0211,0.0,0.0,6.68,8.9,0.0
20230211:0311,0.0,0.0,6.64,9.1,0.0
20230211:0411,0.0,0.0,6.56,9.31,0.0
20230211:0511,0.0,0.0,6.58,9.17,0.0
20230211:0611,0.0,0.0,6.5,8.69,0.0
20230211:0711,0.0,0.0,6.6,8.28,0.0
20230211:0811,182.98,4.7,6.58,8.62,0.0
20230211:0911,464.71,10.33,6.64,8.62,0.0
20230211:1011,523.25,14.5,6.71,8.41,0.0
20230211:1111,680.41,16.88,6.78,8.07,0.0
20230211:1211,708.5,17.24,7.0,7.59,0.0
20230211:1311,384.51,15.56,7.03,6.83,0.0
20230211:1411,52.66,11.98,6.89,5.52,0.0
20230211:1511,11.6,6.81,6.75,4.0,0.0
20230211:1611,0.0,0.0,6.52,2.69,0.0
20230211:1711,0.0,0.0,6.29,2.9,0.0
20230211:1811,0.0,0.0,6.39,3.86,0.0
20230211:1911,0.0,0.0,6.59,4.55,0.0
20230211:2011,0.0,0.0,6.65,5.17,0.0
20230211:2111,0.0,0.0,6.62,5.45,0.0
20230211:2211,0.0,0.0,6.55,5.31,0.0
20230211:2311,0.0,0.0,6.46,4.97,0.0
20230212:0011,0.0,0.0,6.31,4.76,0.0
20230212:0111,0.0,0.0,6.22,4.69,0.0
20230212:0211,0.0,0.0,6.23,4.41,0.0
20230212:0311,0.0,0.0,6.17,3.79,0.0
20230212:0411,0.0,0.0,6.13,3.31,0.0
20230212:0511,0.0,0.0,6.09,3.03,0.0
20230212:0611,0.0,0.0,6.09,2.55,0.0
20230212:0711,0.0,0.0,5.78,2.21,0.0
20230212:0811,64.43,4.99,5.55,2.0,0.0
20230212:0911,282.88,10.64,6.04,1.93,0.0
20230212:1011,83.16,14.82,6.55,2.41,0.0
20230212:1111,116.65,17.21,6.66,2.76,0.0
20230212:1211,41.05,17.57,6.8,3.1,0.0
20230212:1311,69.61,15.88,6.68,3.17,0.0
20230212:1411,49.09,12.3,6.58,3.03,0.0
20230212:1511,16.96,7.12,6.4,3.17,0.0
20230212:1611,0.0,0.0,6.1,3.45,0.0
20230212:1711,0.0,0.0,5.88,3.45,0.0
20230212:1811,0.0,0.0,5.81,3.59,0.0
20230212:1911,0.0,0.0,5.8,3.52,0.0
20230212:2011,0.0,0.0,5.75,3.38,0.0
20230212:2111,0.0,0.0,5.64,3.31,0.0
20230212:2211,0.0,0.0,5.59,3.24,0.0
20230212:2311,0.0,0.0,5.44,3.24,0.0
20230213:0011,0.0,0.0,5.42,3.31,0.0
20230213:0111,0.0,0.0,5.42,3.31,0.0
20230213:0211,0.0,0.0,5.5,3.38,0.0
20230213:0311,0.0,0.0,5.41,3.31,0.0
20230213:0411,0.0,0.0,5.4,3.31,0.0
20230213:0511,0.0,0.0,5.37,3.38,0.0
20230213:0611,0.0,0.0,5.3,3.24,0.0
20230213:0711,0.0,0.0,5.51,3.17,0.0
20230213:0811,64.53,5.29,5.49,2.62,0.0
20230213:0911,171.35,10.95,5.67,2.21,0.0
20230213:1011,157.13,15.15,5.93,1.72,0.0
20230213:1111,48.19,17.54,6.14,1.79,0.0
20230213:1211,43.73,17.91,6.27,2.55,0.0
20230213:1311,44.62,16.21,6.43,2.9,0.0
20230213:1411,44.62,12.62,6.21,2.76,0.0
20230213:1511,13.39,7.43,5.99,2.34,0.0
20230213:1611,0.0,0.0,5.55,2.07,0.0
20230213:1711,0.0,0.0,5.24,1.86,0.0
20230213:1811,0.0,0.0,5.16,1.66,0.0
20230213:1911,0.0,0.0,5.19,1.45,0.0
20230213:2011,0.0,0.0,5.11,1.59,0.0
20230213:2111,0.0,0.0,5.12,1.86,0.0
20230213:2211,0.0,0.0,4.88,2.34,0.0
20230213:2311,0.0,0.0,4.72,2.55,0.0
20230214:0011,0.0,0.0,4.56,2.76,0.0
20230214:0111,0.0,0.0,4.46,2.9,0.0
20230214:0211,0.0,0.0,4.22,3.1,0.0
20230214:0311,0.0,0.0,4.05,3.31,0.0
20230214:0411,0.0,0.0,3.98,3.59,0.0
20230214:0511,0.0,0.0,3.94,3.72,0.0
20230214:0611,0.0,0.0,3.96,3.66,0.0
20230214:0711,0.0,0.0,4.16,3.66,0.0
20230214:0811,9.82,5.6,4.23,4.0,0.0
20230214:0911,28.56,11.27,4.42,4.48,0.0
20230214:1011,30.34,15.48,4.87,5.1,0.0
20230214:1111,74.97,17.88,5.25,5.24,0.0
20230214:1211,23.2,18.25,5.58,5.52,0.0
20230214:1311,34.81,16.54,5.76,5.59,0.0
20230214:1411,69.82,12.94,5.69,5.66,0.0
20230214:1511,27.67,7.74,5.71,5.86,0.0
20230214:1611,0.0,0.0,5.46,5.31,0.0
20230214:1711,0.0,0.0,5.26,5.17,0.0
20230214:1811,0.0,0.0,5.18,5.03,0.0
20230214:1911,0.0,0.0,5.07,4.97,0.0
20230214:2011,0.0,0.0,5.05,4.69,0.0
20230214:2111,0.0,0.0,5.02,4.48,0.0
20230214:2211,0.0,0.0,5.04,4.21,0.0
20230214:2311,0.0,0.0,4.99,4.14,0.0
20230215:0011,0.0,0.0,4.88,4.14,0.0
20230215:0111,0.0,0.0,4.73,4.07,0.0
20230215:0211,0.0,0.0,4.52,4.34,0.0
20230215:0311,0.0,0.0,4.39,4.48,0.0
20230215:0411,0.0,0.0,4.24,4.83,0.0
20230215:0511,0.0,0.0,4.12,5.38,0.0
20230215:0611,0.0,0.0,4.14,5.45,0.0
20230215:0711,0.0,0.0,4.38,5.93,0.0
20230215:0811,14.28,5.91,4.41,5.86,0.0
20230215:0911,171.04,11.59,4.58,6.0,0.0
20230215:1011,149.46,15.81,4.96,6.55,0.0
20230215:1111,103.01,18.22,5.21,7.03,0.0
20230215:1211,23.2,18.59,5.24,7.72,0.0
20230215:1311,95.14,16.88,5.08,7.1,0.0
20230215:1411,416.87,13.26,4.96,7.24,0.0
20230215:1511,32.13,8.05,4.88,7.66,0.0
20230215:1611,0.0,0.0,4.65,7.86,0.0
20230215:1711,0.0,0.0,4.46,7.66,0.0
20230215:1811,0.0,0.0,4.41,7.52,0.0
20230215:1911,0.0,0.0,4.6,7.03,0.0
20230215:2011,0.0,0.0,4.74,6.41,0.0
20230215:2111,0.0,0.0,4.87,5.72,0.0
20230215:2211,0.0,0.0,4.71,4.83,0.0
20230215:2311,0.0,0.0,5.28,3.93,0.0
20230216:0011,0.0,0.0,5.46,3.66,0.0
20230216:0111,0.0,0.0,5.51,4.14,0.0
20230216:0211,0.0,0.0,5.54,4.07,0.0
20230216:0311,0.0,0.0,5.57,4.0,0.0
20230216:0411,0.0,0.0,5.62,4.28,0.0
20230216:0511,0.0,0.0,5.7,4.34,0.0
20230216:0611,0.0,0.0,5.55,3.93,0.0
20230216:0711,0.0,0.0,5.53,3.17,0.0
20230216:0811,47.18,6.23,5.37,2.48,0.0
20230216:0911,219.62,11.92,5.38,1.86,0.0
20230216:1011,267.76,16.15,5.43,1.72,0.0
20230216:1111,683.16,18.57,5.61,1.79,0.0
20230216:1211,501.12,18.93,5.62,1.66,0.0
20230216:1311,597.82,17.22,5.82,2.0,0.0
20230216:1411,214.82,13.59,5.73,1.86,0.0
20230216:1511,172.07,8.36,5.52,1.72,0.0
20230216:1611,0.89,1.93,5.05,2.14,0.0
20230216:1711,0.0,0.0,5.04,2.48,0.0
20230216:1811,0.0,0.0,5.09,2.9,0.0
20230216:1911,0.0,0.0,5.1,3.66,0.0
20230216:2011,0.0,0.0,5.11,4.07,0.0
20230216:2111,0.0,0.0,5.17,4.34,0.0
20230216:2211,0.0,0.0,5.12,4.48,0.0
20230216:2311,0.0,0.0,5.0,4.34,0.0
20230217:0011,0.0,0.0,4.99,4.21,0.0
20230217:0111,0.0,0.0,4.82,4.34,0.0
20230217:0211,0.0,0.0,4.78,4.41,0.0
20230217:0311,0.0,0.0,4.96,4.69,0.0
20230217:0411,0.0,0.0,4.89,5.24,0.0
20230217:0511,0.0,0.0,4.94,5.86,0.0
20230217:0611,0.0,0.0,4.97,7.45,0.0
20230217:0711,0.0,0.0,5.12,7.86,0.0
20230217:0811,6.25,6.55,5.51,5.59,0.0
20230217:0911,16.06,12.25,6.3,6.34,0.0
20230217:1011,181.64,16.49,6.9,9.52,0.0
20230217:1111,24.1,18.91,7.15,9.03,0.0
20230217:1211,29.45,19.28,6.57,6.97,0.0
20230217:1311,69.61,17.56,6.24,8.97,0.0
20230217:1411,33.91,13.92,5.66,15.24,0.0
20230217:1511,8.92,8.68,4.75,14.28,0.0
20230217:1611,0.89,2.23,4.22,14.41,0.0
20230217:1711,0.0,0.0,4.51,13.52,0.0
20230217:1811,0.0,0.0,4.49,12.62,0.0
20230217:1911,0.0,0.0,4.2,11.59,0.0
20230217:2011,0.0,0.0,4.18,10.62,0.0
20230217:2111,0.0,0.0,4.03,10.14,0.0
20230217:2211,0.0,0.0,3.68,9.72,0.0
20230217:2311,0.0,0.0,3.55,8.97,0.0
20230218:0011,0.0,0.0,3.49,8.97,0.0
20230218:0111,0.0,0.0,3.38,8.83,0.0
20230218:0211,0.0,0.0,3.29,8.76,0.0
20230218:0311,0.0,0.0,3.24,8.41,0.0
20230218:0411,0.0,0.0,3.14,8.21,0.0
20230218:0511,0.0,0.0,3.06,8.07,0.0
20230218:0611,0.0,0.0,2.82,7.93,0.0
20230218:0711,0.0,0.0,2.91,6.76,0.0
20230218:0811,42.68,6.87,2.83,6.48,0.0
20230218:0911,336.44,12.59,2.92,6.34,0.0
20230218:1011,103.69,16.84,3.05,6.28,0.0
20230218:1111,834.99,19.27,3.37,6.48,0.0
20230218:1211,776.22,19.63,3.45,6.34,0.0
20230218:1311,737.34,17.9,3.47,6.34,0.0
20230218:1411,500.72,14.25,3.41,6.69,0.0
20230218:1511,398.65,9.0,3.16,6.62,0.0
20230218:1611,1.78,2.53,2.79,6.07,0.0
20230218:1711,0.0,0.0,2.44,5.79,0.0
20230218:1811,0.0,0.0,2.08,5.79,0.0
20230218:1911,0.0,0.0,1.8,5.17,0.0
20230218:2011,0.0,0.0,1.65,4.97,0.0
20230218:2111,0.0,0.0,1.47,4.76,0.0
20230218:2211,0.0,0.0,1.48,4.62,0.0
20230218:2311,0.0,0.0,1.4,4.55,0.0
20230219:0011,0.0,0.0,1.42,4.48,0.0
20230219:0111,0.0,0.0,1.62,4.55,0.0
20230219:0211,0.0,0.0,1.82,4.0,0.0
20230219:0311,0.0,0.0,2.0,3.38,0.0
20230219:0411,0.0,0.0,2.19,3.38,0.0
20230219:0511,0.0,0.0,2.44,2.9,0.0
20230219:0611,0.0,0.0,2.82,3.52,0.0
20230219:0711,0.0,0.0,3.69,6.21,0.0
20230219:0811,74.38,7.2,3.57,6.55,0.0
20230219:0911,218.56,12.93,4.03,7.17,0.0
20230219:1011,342.95,17.19,4.48,7.17,0.0
20230219:1111,282.49,19.62,4.56,6.62,0.0
20230219:1211,353.12,19.99,4.56,6.28,0.0
20230219:1311,217.92,18.25,4.68,6.14,0.0
20230219:1411,103.13,14.58,4.51,6.21,0.0
20230219:1511,45.97,9.31,4.31,6.48,0.0
20230219:1611,2.68,2.84,4.11,5.38,0.0
20230219:1711,0.0,0.0,4.06,4.34,0.0
20230219:1811,0.0,0.0,3.78,4.07,0.0
20230219:1911,0.0,0.0,4.37,4.9,0.0
20230219:2011,0.0,0.0,5.07,6.14,0.0
20230219:2111,0.0,0.0,5.68,7.24,0.0
20230219:2211,0.0,0.0,6.01,8.14,0.0
20230219:2311,0.0,0.0,6.23,8.55,0.0
20230220:0011,0.0,0.0,7.02,8.69,0.0
20230220:0111,0.0,0.0,6.66,9.86,0.0
20230220:0211,0.0,0.0,6.89,11.03,0.0
20230220:0311,0.0,0.0,7.14,11.31,0.0
20230220:0411,0.0,0.0,7.79,12.21,0.0
20230220:0511,0.0,0.0,7.43,12.28,0.0
20230220:0611,0.0,0.0,6.93,11.24,0.0
20230220:0711,0.0,0.0,6.35,11.24,0.0
20230220:0811,28.56,7.53,5.88,11.03,0.0
20230220:0911,41.95,13.27,5.69,10.48,0.0
20230220:1011,335.29,17.54,5.44,11.59,0.0
20230220:1111,358.57,19.98,5.7,10.76,0.0
20230220:1211,83.0,20.34,5.76,10.9,0.0
20230220:1311,123.91,18.6,5.78,11.17,0.0
20230220:1411,104.57,14.92,5.34,11.72,0.0
20230220:1511,30.34,9.63,5.46,11.66,0.0
20230220:1611,3.57,3.15,5.57,11.72,0.0
20230220:1711,0.0,0.0,5.54,12.07,0.0
20230220:1811,0.0,0.0,5.34,12.14,0.0
20230220:1911,0.0,0.0,5.33,12.07,0.0
20230220:2011,0.0,0.0,5.22,12.0,0.0
20230220:2111,0.0,0.0,5.15,11.93,0.0
20230220:2211,0.0,0.0,5.12,11.45,0.0
20230220:2311,0.0,0.0,5.29,10.69,0.0
20230221:0011,0.0,0.0,5.27,10.0,0.0
20230221:0111,0.0,0.0,5.3,9.45,0.0
20230221:0211,0.0,0.0,5.49,8.83,0.0
20230221:0311,0.0,0.0,5.47,8.48,0.0
20230221:0411,0.0,0.0,5.45,8.14,0.0
20230221:0511,0.0,0.0,5.44,7.45,0.0
20230221:0611,0.0,0.0,5.36,6.55,0.0
20230221:0711,0.0,0.0,5.15,4.97,0.0
20230221:0811,300.62,7.86,5.23,4.41,0.0
20230221:0911,547.28,13.62,5.4,4.0,0.0
20230221:1011,329.12,17.9,5.66,3.66,0.0
20230221:1111,294.46,20.34,5.83,3.52,0.0
20230221:1211,755.04,20.7,6.07,3.31,0.0
20230221:1311,536.49,18.95,6.36,2.41,0.0
20230221:1411,578.36,15.25,6.37,1.38,0.0
20230221:1511,179.78,9.96,6.17,1.59,0.0
20230221:1611,7.14,3.45,5.68,1.86,0.0
20230221:1711,0.0,0.0,5.25,2.0,0.0
20230221:1811,0.0,0.0,4.87,2.48,0.0
20230221:1911,0.0,0.0,4.83,2.62,0.0
20230221:2011,0.0,0.0,4.65,3.45,0.0
20230221:2111,0.0,0.0,4.69,4.48,0.0
20230221:2211,0.0,0.0,4.58,5.72,0.0
20230221:2311,0.0,0.0,4.23,6.34,0.0
20230222:0011,0.0,0.0,3.96,6.76,0.0
20230222:0111,0.0,0.0,4.0,7.03,0.0
20230222:0211,0.0,0.0,4.07,7.17,0.0
20230222:0311,0.0,0.0,4.18,7.24,0.0
20230222:0411,0.0,0.0,4.29,7.31,0.0
20230222:0511,0.0,0.0,4.41,7.52,0.0
20230222:0611,0.0,0.0,4.38,7.45,0.0
20230222:0711,0.0,0.0,4.29,7.72,0.0
20230222:0811,13.39,8.2,4.37,7.38,0.0
20230222:0911,21.42,13.97,4.47,7.03,0.0
20230222:1011,94.99,18.26,4.74,6.76,0.0
20230222:1111,59.8,20.7,4.94,7.03,0.0
20230222:1211,36.59,21.07,5.13,6.62,0.0
20230222:1311,24.1,19.3,5.14,5.86,0.0
20230222:1411,24.1,15.59,5.14,5.59,0.0
20230222:1511,12.49,10.28,4.76,5.86,0.0
20230222:1611,9.82,3.76,4.69,5.59,0.0
20230222:1711,0.0,0.0,4.71,4.62,0.0
20230222:1811,0.0,0.0,4.72,3.86,0.0
20230222:1911,0.0,0.0,4.85,3.52,0.0
20230222:2011,0.0,0.0,4.9,2.83,0.0
20230222:2111,0.0,0.0,4.9,2.9,0.0
20230222:2211,0.0,0.0,4.9,2.14,0.0
20230222:2311,0.0,0.0,4.86,1.1,0.0
20230223:0011,0.0,0.0,4.79,5.24,0.0
20230223:0111,0.0,0.0,4.19,6.83,0.0
20230223:0211,0.0,0.0,3.55,7.31,0.0
20230223:0311,0.0,0.0,3.13,8.14,0.0
20230223:0411,0.0,0.0,2.56,8.62,0.0
20230223:0511,0.0,0.0,2.04,8.55,0.0
20230223:0611,0.0,0.0,1.64,8.48,0.0
20230223:0711,0.82,1.71,1.83,7.86,0.0
20230223:0811,220.71,8.54,1.89,7.38,0.0
20230223:0911,247.28,14.32,2.12,7.31,0.0
20230223:1011,286.71,18.62,2.45,7.45,0.0
20230223:1111,605.34,21.07,2.87,7.52,0.0
20230223:1211,817.76,21.43,3.27,7.79,0.0
20230223:1311,782.24,19.65,3.47,6.62,0.0
20230223:1411,553.45,15.93,3.66,5.86,0.0
20230223:1511,124.78,10.6,3.73,4.97,0.0
20230223:1611,3.57,4.07,3.92,4.14,0.0
20230223:1711,0.0,0.0,3.71,3.1,0.0
20230223:1811,0.0,0.0,3.64,5.52,0.0
20230223:1911,0.0,0.0,3.38,7.03,0.0
20230223:2011,0.0,0.0,3.74,7.86,0.0
20230223:2111,0.0,0.0,4.01,7.59,0.0
20230223:2211,0.0,0.0,4.57,7.17,0.0
20230223:2311,0.0,0.0,4.86,8.0,0.0
20230224:0011,0.0,0.0,5.06,8.0,0.0
20230224:0111,0.0,0.0,4.86,7.31,0.0
20230224:0211,0.0,0.0,4.67,7.1,0.0
20230224:0311,0.0,0.0,4.47,7.03,0.0
20230224:0411,0.0,0.0,4.26,7.1,0.0
20230224:0511,0.0,0.0,3.98,7.59,0.0
20230224:0611,0.0,0.0,3.84,8.28,0.0
20230224:0711,0.89,2.04,3.65,8.48,0.0
20230224:0811,120.49,8.89,3.53,9.52,0.0
20230224:0911,550.89,14.67,3.5,10.14,0.0
20230224:1011,669.74,18.98,3.61,10.07,0.0
20230224:1111,801.32,21.44,3.8,10.48,0.0
20230224:1211,883.08,21.8,3.96,10.48,0.0
20230224:1311,809.8,20.01,4.15,10.41,0.0
20230224:1411,469.77,16.27,4.21,10.21,0.0
20230224:1511,437.8,10.93,4.03,9.79,0.0
20230224:1611,29.04,4.38,3.69,9.72,0.0
20230224:1711,0.0,0.0,3.22,9.38,0.0
20230224:1811,0.0,0.0,2.78,9.17,0.0
20230224:1911,0.0,0.0,2.59,9.03,0.0
20230224:2011,0.0,0.0,2.33,8.55,0.0
20230224:2111,0.0,0.0,2.08,7.86,0.0
20230224:2211,0.0,0.0,1.76,7.17,0.0
20230224:2311,0.0,0.0,1.54,6.76,0.0
20230225:0011,0.0,0.0,1.31,6.55,0.0
20230225:0111,0.0,0.0,1.06,6.14,0.0
20230225:0211,0.0,0.0,0.83,5.79,0.0
20230225:0311,0.0,0.0,0.68,5.72,0.0
20230225:0411,0.0,0.0,0.56,5.66,0.0
20230225:0511,0.0,0.0,0.48,5.86,0.0
20230225:0611,0.0,0.0,0.45,6.0,0.0
20230225:0711,5.35,2.38,0.48,5.24,0.0
20230225:0811,335.83,9.24,0.72,5.52,0.0
20230225:0911,575.91,15.03,1.32,5.59,0.0
20230225:1011,774.12,19.35,2.07,5.93,0.0
20230225:1111,897.64,21.81,2.69,6.07,0.0
20230225:1211,892.62,22.17,3.16,6.14,0.0
20230225:1311,808.32,20.37,3.4,6.28,0.0
20230225:1411,668.62,16.62,3.42,6.14,0.0
20230225:1511,381.92,11.25,3.24,5.72,0.0
20230225:1611,24.48,4.69,2.66,5.66,0.0
20230225:1711,0.0,0.0,1.95,5.66,0.0
20230225:1811,0.0,0.0,1.48,5.52,0.0
20230225:1911,0.0,0.0,1.19,5.03,0.0
20230225:2011,0.0,0.0,0.96,4.97,0.0
20230225:2111,0.0,0.0,0.79,4.76,0.0
20230225:2211,0.0,0.0,0.59,4.41,0.0
20230225:2311,0.0,0.0,0.44,4.14,0.0
20230226:0011,0.0,0.0,0.33,4.0,0.0
20230226:0111,0.0,0.0,0.29,3.79,0.0
20230226:0211,0.0,0.0,0.21,3.59,0.0
20230226:0311,0.0,0.0,0.13,3.52,0.0
20230226:0411,0.0,0.0,0.1,3.72,0.0
20230226:0511,0.0,0.0,0.12,3.79,0.0
20230226:0611,0.0,0.0,0.13,3.93,0.0
20230226:0711,6.25,2.72,0.32,3.79,0.0
20230226:0811,289.66,9.59,0.73,4.0,0.0
20230226:0911,565.12,15.4,1.67,4.21,0.0
20230226:1011,760.53,19.72,2.5,4.97,0.0
20230226:1111,857.88,22.19,3.07,5.45,0.0
20230226:1211,895.96,22.54,3.52,5.72,0.0
20230226:1311,805.59,20.73,3.87,6.0,0.0
20230226:1411,445.52,16.96,4.03,6.34,0.0
20230226:1511,147.33,11.58,4.0,6.83,0.0
20230226:1611,6.25,5.01,3.74,6.83,0.0
20230226:1711,0.0,0.0,3.13,6.41,0.0
20230226:1811,0.0,0.0,2.79,5.66,0.0
20230226:1911,0.0,0.0,2.74,6.14,0.0
20230226:2011,0.0,0.0,2.68,6.14,0.0
20230226:2111,0.0,0.0,2.61,6.0,0.0
20230226:2211,0.0,0.0,2.45,5.86,0.0
20230226:2311,0.0,0.0,2.34,5.86,0.0
20230227:0011,0.0,0.0,2.26,5.79,0.0
20230227:0111,0.0,0.0,2.3,6.07,0.0
20230227:0211,0.0,0.0,2.28,6.34,0.0
20230227:0311,0.0,0.0,2.26,6.28,0.0
20230227:0411,0.0,0.0,2.24,6.0,0.0
20230227:0511,0.0,0.0,2.12,5.52,0.0
20230227:0611,0.0,0.0,1.91,5.31,0.0
20230227:0711,9.82,3.07,1.47,4.83,0.0
20230227:0811,349.1,9.95,1.75,4.62,0.0
20230227:0911,580.22,15.76,2.78,4.21,0.0
20230227:1011,784.36,20.1,4.0,3.86,0.0
20230227:1111,882.98,22.57,4.94,3.59,0.0
20230227:1211,907.23,22.91,5.61,3.52,0.0
20230227:1311,824.65,21.09,5.98,3.52,0.0
20230227:1411,667.81,17.3,6.06,3.52,0.0
20230227:1511,439.52,11.91,5.81,3.45,0.0
20230227:1611,21.42,5.32,5.39,3.59,0.0
20230227:1711,0.0,0.0,4.73,3.66,0.0
20230227:1811,0.0,0.0,4.05,3.93,0.0
20230227:1911,0.0,0.0,2.67,2.69,0.0
20230227:2011,0.0,0.0,2.3,2.83,0.0
20230227:2111,0.0,0.0,2.22,2.9,0.0
20230227:2211,0.0,0.0,2.16,2.83,0.0
20230227:2311,0.0,0.0,2.09,2.83,0.0
20230228:0011,0.0,0.0,1.94,3.03,0.0
20230228:0111,0.0,0.0,1.83,3.59,0.0
20230228:0211,0.0,0.0,1.98,4.07,0.0
20230228:0311,0.0,0.0,2.08,4.41,0.0
20230228:0411,0.0,0.0,2.13,4.83,0.0
20230228:0511,0.0,0.0,2.13,5.45,0.0
20230228:0611,0.0,0.0,2.11,6.14,0.0
20230228:0711,12.49,3.42,2.04,5.31,0.0
20230228:0811,352.0,10.3,2.27,5.86,0.0
20230228:0911,614.7,16.13,3.25,6.34,0.0
20230228:1011,791.27,20.48,4.3,6.83,0.0
20230228:1111,845.44,22.95,5.25,6.97,0.0
20230228:1211,880.38,23.29,5.8,6.76,0.0
20230228:1311,824.06,21.45,6.21,6.69,0.0
20230228:1411,658.09,17.65,6.28,6.48,0.0
20230228:1511,419.35,12.23,5.95,6.34,0.0
20230228:1611,41.32,5.63,5.25,6.07,0.0
20230228:1711,0.0,0.0,4.5,5.66,0.0
20230228:1811,0.0,0.0,3.86,5.31,0.0
20230228:1911,0.0,0.0,3.85,4.9,0.0
20230228:2011,0.0,0.0,3.26,4.55,0.0
20230228:2111,0.0,0.0,2.5,4.14,0.0
20230228:2211,0.0,0.0,1.96,3.86,0.0
20230228:2311,0.0,0.0,1.66,3.59,0.0
20230301:0011,0.0,0.0,1.44,3.38,0.0
20230301:0111,0.0,0.0,1.19,3.03,0.0
20230301:0211,0.0,0.0,1.09,2.83,0.0
20230301:0311,0.0,0.0,1.05,2.69,0.0
20230301:0411,0.0,0.0,1.04,2.76,0.0
20230301:0511,0.0,0.0,0.89,2.97,0.0
20230301:0611,0.0,0.0,0.84,3.03,0.0
20230301:0711,20.01,3.77,0.65,2.0,0.0
20230301:0811,364.25,10.66,1.29,2.0,0.0
20230301:0911,610.59,16.5,3.03,1.93,0.0
20230301:1011,756.81,20.85,4.45,1.59,0.0
20230301:1111,857.03,23.33,5.25,1.1,0.0
20230301:1211,901.42,23.66,5.61,0.48,0.0
20230301:1311,829.31,21.82,5.76,0.97,0.0
20230301:1411,674.37,18.0,5.53,1.38,0.0
20230301:1511,432.08,12.56,5.09,1.31,0.0
20230301:1611,47.19,5.94,4.54,1.17,0.0
20230301:1711,0.0,0.0,3.93,1.17,0.0
20230301:1811,0.0,0.0,3.21,1.38,0.0
20230301:1911,0.0,0.0,2.63,1.59,0.0
20230301:2011,0.0,0.0,1.8,1.45,0.0
20230301:2111,0.0,0.0,0.65,1.17,0.0
20230301:2211,0.0,0.0,0.3,0.9,0.0
20230301:2311,0.0,0.0,0.12,1.03,0.0
20230302:0011,0.0,0.0,-0.27,1.1,0.0
20230302:0111,0.0,0.0,-0.08,0.9,0.0
20230302:0211,0.0,0.0,0.55,0.76,0.0
20230302:0311,0.0,0.0,-0.55,1.1,0.0
20230302:0411,0.0,0.0,-1.73,1.66,0.0
20230302:0511,0.0,0.0,-1.92,1.93,0.0
20230302:0611,0.0,0.0,-1.91,1.79,0.0
20230302:0711,26.87,4.13,-2.17,1.72,0.0
20230302:0811,383.73,11.03,0.33,2.07,0.0
20230302:0911,621.14,16.88,2.84,2.0,0.0
20230302:1011,754.58,21.24,4.58,1.93,0.0
20230302:1111,831.58,23.71,5.42,2.41,0.0
20230302:1211,872.77,24.04,5.62,3.72,0.0
20230302:1311,809.83,22.18,5.46,4.69,0.0
20230302:1411,620.07,18.34,5.17,5.38,0.0
20230302:1511,465.59,12.89,4.8,5.45,0.0
20230302:1611,200.29,6.26,4.26,5.38,0.0
20230302:1711,0.0,0.0,3.59,5.45,0.0
20230302:1811,0.0,0.0,3.25,5.79,0.0
20230302:1911,0.0,0.0,3.47,6.14,0.0
20230302:2011,0.0,0.0,3.42,6.55,0.0
20230302:2111,0.0,0.0,3.25,6.97,0.0
20230302:2211,0.0,0.0,2.96,6.97,0.0
20230302:2311,0.0,0.0,2.73,6.97,0.0
20230303:0011,0.0,0.0,2.61,6.9,0.0
20230303:0111,0.0,0.0,2.53,6.69,0.0
20230303:0211,0.0,0.0,2.5,6.9,0.0
20230303:0311,0.0,0.0,2.54,7.24,0.0
20230303:0411,0.0,0.0,2.54,7.66,0.0
20230303:0511,0.0,0.0,2.54,7.79,0.0
20230303:0611,0.0,0.0,2.55,7.93,0.0
20230303:0711,29.0,4.48,2.59,7.38,0.0
20230303:0811,397.01,11.39,3.06,7.31,0.0
20230303:0911,616.24,17.25,3.81,7.17,0.0
20230303:1011,732.74,21.62,4.54,7.31,0.0
20230303:1111,805.12,24.1,5.17,7.17,0.0
20230303:1211,909.45,24.42,5.68,8.34,0.0
20230303:1311,757.9,22.55,5.98,8.48,0.0
20230303:1411,183.58,18.69,6.06,9.1,0.0
20230303:1511,192.82,13.22,5.86,9.66,0.0
20230303:1611,24.99,6.57,5.66,9.52,0.0
20230303:1711,0.0,0.0,5.38,9.38,0.0
20230303:1811,0.0,0.0,4.95,9.66,0.0
20230303:1911,0.0,0.0,5.03,9.03,0.0
20230303:2011,0.0,0.0,4.48,9.24,0.0
20230303:2111,0.0,0.0,3.9,9.86,0.0
20230303:2211,0.0,0.0,3.33,10.41,0.0
20230303:2311,0.0,0.0,2.88,10.76,0.0
20230304:0011,0.0,0.0,2.46,11.03,0.0
20230304:0111,0.0,0.0,1.98,11.24,0.0
20230304:0211,0.0,0.0,1.78,11.45,0.0
20230304:0311,0.0,0.0,1.5,11.45,0.0
20230304:0411,0.0,0.0,1.29,11.45,0.0
20230304:0511,0.0,0.0,1.08,11.31,0.0
20230304:0611,0.0,0.0,0.93,11.03,0.0
20230304:0711,8.92,4.84,0.94,10.21,0.0
20230304:0811,130.66,11.76,1.07,9.45,0.0
20230304:0911,337.34,17.63,1.36,8.9,0.0
20230304:1011,336.56,22.01,1.58,8.55,0.0
20230304:1111,135.54,24.49,1.79,8.97,0.0
20230304:1211,234.13,24.8,1.73,8.9,0.0
20230304:1311,517.25,22.92,1.78,9.1,0.0
20230304:1411,133.73,19.04,1.5,10.0,0.0
20230304:1511,356.24,13.55,1.21,9.45,0.0
20230304:1611,227.56,6.89,0.88,9.31,0.0
20230304:1711,0.0,0.0,0.51,9.17,0.0
20230304:1811,0.0,0.0,0.38,8.97,0.0
20230304:1911,0.0,0.0,0.23,7.93,0.0
20230304:2011,0.0,0.0,0.01,7.45,0.0
20230304:2111,0.0,0.0,-0.21,7.24,0.0
20230304:2211,0.0,0.0,-0.3,6.83,0.0
20230304:2311,0.0,0.0,-0.39,6.69,0.0
20230305:0011,0.0,0.0,-0.41,6.55,0.0
20230305:0111,0.0,0.0,-0.4,6.41,0.0
20230305:0211,0.0,0.0,-0.49,6.28,0.0
20230305:0311,0.0,0.0,-0.62,6.14,0.0
20230305:0411,0.0,0.0,-0.7,6.21,0.0
20230305:0511,0.0,0.0,-0.84,6.21,0.0
20230305:0611,0.0,0.0,-0.99,6.28,0.0
20230305:0711,46.78,5.21,-0.9,6.21,0.0
20230305:0811,429.39,12.13,-0.58,6.14,0.0
20230305:0911,656.48,18.01,-0.11,6.28,0.0
20230305:1011,832.46,22.39,0.43,6.48,0.0
20230305:1111,928.92,24.88,0.88,6.62,0.0
20230305:1211,940.86,25.18,1.25,7.03,0.0
20230305:1311,867.58,23.28,1.44,7.1,0.0
20230305:1411,689.3,19.39,1.45,7.24,0.0
20230305:1511,485.75,13.88,1.31,7.24,0.0
20230305:1611,235.2,7.2,1.01,6.97,0.0
20230305:1711,0.0,0.0,0.48,6.76,0.0
20230305:1811,0.0,0.0,0.0,6.48,0.0
20230305:1911,0.0,0.0,0.12,6.0,0.0
20230305:2011,0.0,0.0,-0.05,5.93,0.0
20230305:2111,0.0,0.0,-0.23,5.86,0.0
20230305:2211,0.0,0.0,-0.34,5.72,0.0
20230305:2311,0.0,0.0,-0.43,5.24,0.0
20230306:0011,0.0,0.0,-0.57,4.76,0.0
20230306:0111,0.0,0.0,-0.62,4.69,0.0
20230306:0211,0.0,0.0,-0.73,4.34,0.0
20230306:0311,0.0,0.0,-0.85,3.86,0.0
20230306:0411,0.0,0.0,-0.89,3.24,0.0
20230306:0511,0.0,0.0,-1.01,2.69,0.0
20230306:0611,0.0,0.0,-1.13,2.28,0.0
20230306:0711,16.06,5.57,-1.38,2.07,0.0
20230306:0811,111.44,12.51,-1.12,1.86,0.0
20230306:0911,235.45,18.39,-0.34,1.59,0.0
20230306:1011,476.07,22.78,0.4,1.38,0.0
20230306:1111,586.92,25.27,0.96,1.31,0.0
20230306:1211,533.2,25.57,1.39,1.38,0.0
20230306:1311,429.53,23.65,1.57,1.72,0.0
20230306:1411,314.68,19.74,1.5,2.21,0.0
20230306:1511,164.05,14.21,1.15,2.76,0.0
20230306:1611,38.13,7.51,0.69,3.03,0.0
20230306:1711,0.0,0.0,0.14,3.31,0.0
20230306:1811,0.0,0.0,-0.27,3.59,0.0
20230306:1911,0.0,0.0,-0.29,3.66,0.0
20230306:2011,0.0,0.0,-0.4,3.79,0.0
20230306:2111,0.0,0.0,-0.47,3.93,0.0
20230306:2211,0.0,0.0,-0.62,4.07,0.0
20230306:2311,0.0,0.0,-0.76,4.07,0.0
20230307:0011,0.0,0.0,-0.88,3.93,0.0
20230307:0111,0.0,0.0,-1.06,3.79,0.0
20230307:0211,0.0,0.0,-1.26,3.72,0.0
20230307:0311,0.0,0.0,-1.45,3.59,0.0
20230307:0411,0.0,0.0,-1.64,3.66,0.0
20230307:0511,0.0,0.0,-1.87,3.66,0.0
20230307:0611,0.0,0.0,-1.99,3.59,0.0
20230307:0711,180.11,5.94,-2.14,3.59,0.0
20230307:0811,459.63,12.88,-1.61,3.31,0.0
20230307:0911,692.11,18.78,-0.95,3.24,0.0
20230307:1011,867.45,23.17,-0.32,3.45,0.0
20230307:1111,953.17,25.66,0.09,3.79,0.0
20230307:1211,936.23,25.95,0.36,3.93,0.0
20230307:1311,849.77,24.02,0.56,3.93,0.0
20230307:1411,701.77,20.09,0.62,4.0,0.0
20230307:1511,525.24,14.54,0.49,4.07,0.0
20230307:1611,181.88,7.83,0.25,4.0,0.0
20230307:1711,0.0,0.0,-0.27,3.72,0.0
20230307:1811,0.0,0.0,-0.64,3.59,0.0
20230307:1911,0.0,0.0,-0.92,3.38,0.0
20230307:2011,0.0,0.0,-1.04,3.03,0.0
20230307:2111,0.0,0.0,-1.12,2.76,0.0
20230307:2211,0.0,0.0,-1.2,2.34,0.0
20230307:2311,0.0,0.0,-1.36,2.0,0.0
20230308:0011,0.0,0.0,-1.74,1.66,0.0
20230308:0111,0.0,0.0,-2.73,1.38,0.0
20230308:0211,0.0,0.0,-3.14,1.17,0.0
20230308:0311,0.0,0.0,-3.03,1.1,0.0
20230308:0411,0.0,0.0,-2.92,0.97,0.0
20230308:0511,0.0,0.0,-2.81,0.9,0.0
20230308:0611,0.0,0.0,-2.45,0.76,0.0
20230308:0711,170.56,6.31,-3.3,1.79,0.0
20230308:0811,445.84,13.26,-1.97,1.93,0.0
20230308:0911,606.98,19.16,-0.52,2.07,0.0
20230308:1011,550.31,23.57,0.27,2.48,0.0
20230308:1111,711.99,26.05,0.83,2.9,0.0
20230308:1211,738.45,26.34,1.17,3.38,0.0
20230308:1311,710.81,24.39,1.38,3.52,0.0
20230308:1411,56.23,20.44,1.25,3.24,0.0
20230308:1511,365.07,14.87,1.01,3.03,0.0
20230308:1611,33.02,8.14,0.69,2.97,0.0
20230308:1711,0.0,0.0,0.04,2.83,0.0
20230308:1811,0.0,0.0,-0.27,2.83,0.0
20230308:1911,0.0,0.0,-0.32,3.59,0.0
20230308:2011,0.0,0.0,-0.56,3.45,0.0
20230308:2111,0.0,0.0,-0.57,3.45,0.0
20230308:2211,0.0,0.0,-0.27,3.17,0.0
20230308:2311,0.0,0.0,-0.43,3.24,0.0
20230309:0011,0.0,0.0,-0.78,3.38,0.0
20230309:0111,0.0,0.0,-0.93,3.31,0.0
20230309:0211,0.0,0.0,-1.15,3.24,0.0
20230309:0311,0.0,0.0,-1.38,3.24,0.0
20230309:0411,0.0,0.0,-1.63,3.59,0.0
20230309:0511,0.0,0.0,-1.63,3.72,0.0
20230309:0611,0.0,0.0,-1.56,3.66,0.0
20230309:0711,175.22,6.68,-2.23,3.1,0.0
20230309:0811,284.41,13.64,-1.97,2.28,0.0
20230309:0911,464.95,19.55,-1.27,1.66,0.0
20230309:1011,416.81,23.96,-0.42,1.52,0.0
20230309:1111,529.88,26.45,0.28,2.14,0.0
20230309:1211,605.74,26.73,0.72,3.59,0.0
20230309:1311,78.54,24.76,0.35,5.45,0.0
20230309:1411,66.04,20.79,-0.42,5.59,0.0
20230309:1511,45.52,15.2,-0.81,4.55,0.0
20230309:1611,114.95,8.46,-0.95,4.97,0.0
20230309:1711,0.0,0.0,-1.28,5.45,0.0
20230309:1811,0.0,0.0,-1.81,5.17,0.0
20230309:1911,0.0,0.0,-2.96,5.1,0.0
20230309:2011,0.0,0.0,-3.04,4.41,0.0
20230309:2111,0.0,0.0,-3.25,4.28,0.0
20230309:2211,0.0,0.0,-3.41,4.34,0.0
20230309:2311,0.0,0.0,-3.63,4.41,0.0
20230310:0011,0.0,0.0,-3.88,4.34,0.0
20230310:0111,0.0,0.0,-4.15,4.14,0.0
20230310:0211,0.0,0.0,-4.52,3.86,0.0
20230310:0311,0.0,0.0,-4.85,3.59,0.0
20230310:0411,0.0,0.0,-5.13,3.17,0.0
20230310:0511,0.0,0.0,-5.29,2.83,0.0
20230310:0611,0.0,0.0,-5.47,2.55,0.0
20230310:0711,87.43,7.05,-5.7,3.17,0.0
20230310:0811,229.1,14.02,-5.03,2.9,0.0
20230310:0911,363.46,19.94,-3.92,2.34,0.0
20230310:1011,483.82,24.36,-2.64,2.0,0.0
20230310:1111,592.09,26.84,-1.7,1.72,0.0
20230310:1211,757.31,27.11,-1.09,1.93,0.0
20230310:1311,665.86,25.13,-0.77,2.76,0.0
20230310:1411,464.31,21.14,-0.64,3.52,0.0
20230310:1511,286.47,15.53,-0.58,3.86,0.0
20230310:1611,93.53,8.77,-0.73,3.72,0.0
20230310:1711,0.0,0.0,-1.03,3.86,0.0
20230310:1811,0.0,0.0,-1.18,4.07,0.0
20230310:1911,0.0,0.0,-1.1,3.59,0.0
20230310:2011,0.0,0.0,-1.09,3.1,0.0
20230310:2111,0.0,0.0,-1.13,2.48,0.0
20230310:2211,0.0,0.0,-1.27,1.86,0.0
20230310:2311,0.0,0.0,-1.45,1.52,0.0
20230311:0011,0.0,0.0,-1.51,1.72,0.0
20230311:0111,0.0,0.0,-2.16,2.21,0.0
20230311:0211,0.0,0.0,-1.66,2.55,0.0
20230311:0311,0.0,0.0,-1.32,3.72,0.0
20230311:0411,0.0,0.0,-1.03,5.59,0.0
20230311:0511,0.0,0.0,-0.95,7.1,0.0
20230311:0611,0.0,0.0,-1.0,7.24,0.0
20230311:0711,35.93,7.42,-1.18,6.0,0.0
20230311:0811,62.47,14.4,-1.0,6.34,0.0
20230311:0911,29.45,20.33,-0.99,6.07,0.0
20230311:1011,127.36,24.75,-0.64,6.28,0.0
20230311:1111,156.31,27.24,-0.35,6.97,0.0
20230311:1211,49.98,27.5,-0.45,7.45,0.0
20230311:1311,81.22,25.51,-0.72,7.66,0.0
20230311:1411,244.98,21.49,-0.72,7.79,0.0
20230311:1511,105.79,15.86,-0.65,7.59,0.0
20230311:1611,68.96,9.08,-1.34,7.86,0.0
20230311:1711,0.0,0.0,-1.55,7.93,0.0
20230311:1811,0.0,0.0,-1.82,7.59,0.0
20230311:1911,0.0,0.0,-1.52,6.83,0.0
20230311:2011,0.0,0.0,-1.64,6.55,0.0
20230311:2111,0.0,0.0,-1.85,6.48,0.0
20230311:2211,0.0,0.0,-1.87,5.66,0.0
20230311:2311,0.0,0.0,-1.95,5.24,0.0
20230312:0011,0.0,0.0,-1.87,4.62,0.0
20230312:0111,0.0,0.0,-1.63,3.66,0.0
20230312:0211,0.0,0.0,-1.79,2.48,0.0
20230312:0311,0.0,0.0,-2.5,1.45,0.0
20230312:0411,0.0,0.0,-3.31,1.1,0.0
20230312:0511,0.0,0.0,-3.22,1.1,0.0
20230312:0611,0.0,0.0,-5.38,1.59,0.0
20230312:0711,27.67,7.8,-4.87,3.79,0.0
20230312:0811,72.11,14.78,-3.07,4.07,0.0
20230312:0911,121.6,20.72,-1.39,4.76,0.0
20230312:1011,176.48,25.15,-0.29,5.79,0.0
20230312:1111,188.16,27.64,0.35,6.97,0.0
20230312:1211,69.61,27.89,0.76,8.41,0.0
20230312:1311,54.44,25.88,1.05,8.97,0.0
20230312:1411,50.87,21.84,1.51,8.21,0.0
20230312:1511,87.99,16.19,1.42,8.55,0.0
20230312:1611,40.16,9.4,1.42,8.83,0.0
20230312:1711,0.89,1.91,1.36,8.97,0.0
20230312:1811,0.0,0.0,1.41,9.45,0.0
20230312:1911,0.0,0.0,1.44,10.14,0.0
20230312:2011,0.0,0.0,1.46,9.93,0.0
20230312:2111,0.0,0.0,1.53,9.1,0.0
20230312:2211,0.0,0.0,1.63,7.72,0.0
20230312:2311,0.0,0.0,1.59,6.55,0.0
20230313:0011,0.0,0.0,1.52,6.07,0.0
20230313:0111,0.0,0.0,1.62,5.93,0.0
20230313:0211,0.0,0.0,1.67,5.93,0.0
20230313:0311,0.0,0.0,2.0,6.34,0.0
20230313:0411,0.0,0.0,1.55,6.41,0.0
20230313:0511,0.0,0.0,1.98,6.76,0.0
20230313:0611,0.0,0.0,2.41,6.83,0.0
20230313:0711,22.31,8.18,2.5,6.48,0.0
20230313:0811,28.56,15.17,2.73,6.69,0.0
20230313:0911,47.3,21.11,2.85,7.1,0.0
20230313:1011,32.13,25.55,2.88,7.17,0.0
20230313:1111,73.18,28.04,3.02,7.24,0.0
20230313:1211,36.59,28.28,3.14,7.93,0.0
20230313:1311,33.91,26.25,3.85,6.14,0.0
20230313:1411,27.67,22.19,5.13,7.17,0.0
20230313:1511,51.76,16.52,5.64,7.24,0.0
20230313:1611,51.65,9.71,5.59,4.97,0.0
20230313:1711,0.89,2.21,4.8,4.83,0.0
20230313:1811,0.0,0.0,3.68,7.1,0.0
20230313:1911,0.0,0.0,2.99,8.28,0.0
20230313:2011,0.0,0.0,2.83,8.14,0.0
20230313:2111,0.0,0.0,2.59,8.0,0.0
20230313:2211,0.0,0.0,2.51,8.34,0.0
20230313:2311,0.0,0.0,2.28,8.55,0.0
20230314:0011,0.0,0.0,2.01,9.38,0.0
20230314:0111,0.0,0.0,1.6,10.0,0.0
20230314:0211,0.0,0.0,1.35,10.07,0.0
20230314:0311,0.0,0.0,1.35,9.72,0.0
20230314:0411,0.0,0.0,1.24,9.38,0.0
20230314:0511,0.0,0.0,1.1,8.97,0.0
20230314:0611,0.0,0.0,1.04,8.62,0.0
20230314:0711,230.42,8.55,1.73,8.14,0.0
20230314:0811,449.39,15.55,1.96,8.14,0.0
20230314:0911,712.57,21.51,2.26,8.55,0.0
20230314:1011,835.94,25.95,2.54,9.1,0.0
20230314:1111,916.3,28.44,2.82,9.66,0.0
20230314:1211,616.44,28.67,2.95,9.72,0.0
20230314:1311,821.99,26.62,2.79,9.52,0.0
20230314:1411,695.8,22.54,2.32,8.97,0.0
20230314:1511,401.5,16.85,1.79,8.48,0.0
20230314:1611,125.41,10.02,1.33,8.07,0.0
20230314:1711,4.46,2.51,0.83,7.79,0.0
20230314:1811,0.0,0.0,0.68,7.45,0.0
20230314:1911,0.0,0.0,-0.83,6.97,0.0
20230314:2011,0.0,0.0,-0.82,6.28,0.0
20230314:2111,0.0,0.0,-0.82,6.34,0.0
20230314:2211,0.0,0.0,-0.47,6.28,0.0
20230314:2311,0.0,0.0,-0.31,6.21,0.0
20230315:0011,0.0,0.0,-0.15,6.0,0.0
20230315:0111,0.0,0.0,0.38,5.59,0.0
20230315:0211,0.0,0.0,0.57,5.38,0.0
20230315:0311,0.0,0.0,0.33,5.1,0.0
20230315:0411,0.0,0.0,0.2,4.48,0.0
20230315:0511,0.0,0.0,0.13,3.52,0.0
20230315:0611,0.0,0.0,0.34,2.69,0.0
20230315:0711,16.06,8.93,1.23,2.41,0.0
20230315:0811,91.96,15.94,1.64,1.45,0.0
20230315:0911,255.23,21.9,2.27,0.55,0.0
20230315:1011,532.85,26.35,2.93,1.59,0.0
20230315:1111,759.03,28.84,2.77,2.21,0.0
20230315:1211,731.14,29.06,2.99,2.34,0.0
20230315:1311,735.48,26.99,3.13,2.97,0.0
20230315:1411,481.75,22.89,3.1,3.45,0.0
20230315:1511,501.46,17.18,2.97,3.45,0.0
20230315:1611,218.26,10.33,2.62,3.03,0.0
20230315:1711,7.14,2.81,2.14,2.55,0.0
20230315:1811,0.0,0.0,1.43,1.79,0.0
20230315:1911,0.0,0.0,-0.11,1.24,0.0
20230315:2011,0.0,0.0,-1.98,1.45,0.0
20230315:2111,0.0,0.0,-3.52,1.86,0.0
20230315:2211,0.0,0.0,-4.78,2.48,0.0
20230315:2311,0.0,0.0,-3.34,3.1,0.0
20230316:0011,0.0,0.0,-1.29,3.79,0.0
20230316:0111,0.0,0.0,-0.53,4.62,0.0
20230316:0211,0.0,0.0,-0.04,5.24,0.0
20230316:0311,0.0,0.0,0.43,5.72,0.0
20230316:0411,0.0,0.0,0.83,6.34,0.0
20230316:0511,0.0,0.0,1.01,7.03,0.0
20230316:0611,0.82,1.71,1.21,7.45,0.0
20230316:0711,23.2,9.31,1.73,8.34,0.0
20230316:0811,86.77,16.32,1.93,9.38,0.0
20230316:0911,67.83,22.3,2.11,10.28,0.0
20230316:1011,75.86,26.75,2.32,10.48,0.0
20230316:1111,132.98,29.24,2.38,11.03,0.0
20230316:1211,132.09,29.45,2.06,10.9,0.0
20230316:1311,176.9,27.36,1.98,12.14,0.0
20230316:1411,83.0,23.24,1.73,12.21,0.0
20230316:1511,48.19,17.5,1.5,12.21,0.0
20230316:1611,26.77,10.65,1.36,12.21,0.0
20230316:1711,3.57,3.12,1.39,12.28,0.0
20230316:1811,0.0,0.0,1.42,12.48,0.0
20230316:1911,0.0,0.0,1.93,12.48,0.0
20230316:2011,0.0,0.0,2.14,11.45,0.0
20230316:2111,0.0,0.0,2.64,10.28,0.0
20230316:2211,0.0,0.0,3.53,8.83,0.0
20230316:2311,0.0,0.0,4.33,8.34,0.0
20230317:0011,0.0,0.0,4.69,7.86,0.0
20230317:0111,0.0,0.0,4.6,7.38,0.0
20230317:0211,0.0,0.0,4.76,6.83,0.0
20230317:0311,0.0,0.0,4.84,6.14,0.0
20230317:0411,0.0,0.0,4.82,5.66,0.0
20230317:0511,0.0,0.0,4.78,5.59,0.0
20230317:0611,1.64,2.08,4.77,5.17,0.0
20230317:0711,44.28,9.69,4.78,4.76,0.0
20230317:0811,56.23,16.71,4.88,4.48,0.0
20230317:0911,51.76,22.69,4.95,4.48,0.0
20230317:1011,37.48,27.15,5.11,4.34,0.0
20230317:1111,38.38,29.64,5.58,4.21,0.0
20230317:1211,38.38,29.84,5.75,4.14,0.0
20230317:1311,35.7,27.74,5.98,4.14,0.0
20230317:1411,57.12,23.58,5.78,3.72,0.0
20230317:1511,31.24,17.83,5.85,3.52,0.0
20230317:1611,75.0,10.96,5.7,3.72,0.0
20230317:1711,2.68,3.42,5.45,3.66,0.0
20230317:1811,0.0,0.0,5.34,3.45,0.0
20230317:1911,0.0,0.0,5.25,2.97,0.0
20230317:2011,0.0,0.0,5.27,2.97,0.0
20230317:2111,0.0,0.0,5.25,2.48,0.0
20230317:2211,0.0,0.0,5.16,2.0,0.0
20230317:2311,0.0,0.0,5.05,1.86,0.0
20230318:0011,0.0,0.0,5.03,1.86,0.0
20230318:0111,0.0,0.0,4.85,1.59,0.0
20230318:0211,0.0,0.0,4.73,1.24,0.0
20230318:0311,0.0,0.0,4.62,0.76,0.0
20230318:0411,0.0,0.0,4.42,0.48,0.0
20230318:0511,0.0,0.0,4.16,0.62,0.0
20230318:0611,1.78,2.46,3.95,0.9,0.0
20230318:0711,67.92,10.07,3.52,1.24,0.0
20230318:0811,112.82,17.1,4.42,1.03,0.0
20230318:0911,143.43,23.09,5.05,0.97,0.0
20230318:1011,167.48,27.56,5.44,0.97,0.0
20230318:1111,176.8,30.04,6.08,0.9,0.0
20230318:1211,282.49,30.23,6.56,0.9,0.0
20230318:1311,248.2,28.11,6.86,0.83,0.0
20230318:1411,239.9,23.93,7.04,0.41,0.0
20230318:1511,166.29,18.16,7.05,0.55,0.0
20230318:1611,130.62,11.27,7.01,1.31,0.0
20230318:1711,8.03,3.72,6.41,2.14,0.0
20230318:1811,0.0,0.0,5.63,2.83,0.0
20230318:1911,0.0,0.0,5.46,3.17,0.0
20230318:2011,0.0,0.0,5.33,3.66,0.0
20230318:2111,0.0,0.0,5.1,4.14,0.0
20230318:2211,0.0,0.0,5.13,4.48,0.0
20230318:2311,0.0,0.0,5.19,4.76,0.0
20230319:0011,0.0,0.0,5.2,5.03,0.0
20230319:0111,0.0,0.0,5.22,5.1,0.0
20230319:0211,0.0,0.0,5.22,5.1,0.0
20230319:0311,0.0,0.0,5.13,5.38,0.0
20230319:0411,0.0,0.0,5.08,5.79,0.0
20230319:0511,0.0,0.0,4.95,6.0,0.0
20230319:0611,4.46,2.84,4.78,5.38,0.0
20230319:0711,93.26,10.45,4.47,5.38,0.0
20230319:0811,102.62,17.49,4.58,5.45,0.0
20230319:0911,72.29,23.49,4.77,5.38,0.0
20230319:1011,56.23,27.96,5.1,5.03,0.0
20230319:1111,88.36,30.44,5.49,4.83,0.0
20230319:1211,128.52,30.62,5.69,4.14,0.0
20230319:1311,50.87,28.48,5.55,3.38,0.0
20230319:1411,44.62,24.28,5.59,2.97,0.0
20230319:1511,74.97,18.48,5.51,2.69,0.0
20230319:1611,28.56,11.58,5.33,2.48,0.0
20230319:1711,3.57,4.02,4.99,2.41,0.0
20230319:1811,0.0,0.0,4.71,2.28,0.0
20230319:1911,0.0,0.0,4.62,2.21,0.0
20230319:2011,0.0,0.0,4.62,1.93,0.0
20230319:2111,0.0,0.0,4.7,1.93,0.0
20230319:2211,0.0,0.0,4.75,2.0,0.0
20230319:2311,0.0,0.0,4.78,2.55,0.0
20230320:0011,0.0,0.0,4.8,3.24,0.0
20230320:0111,0.0,0.0,4.69,4.0,0.0
20230320:0211,0.0,0.0,4.52,4.55,0.0
20230320:0311,0.0,0.0,4.29,4.9,0.0
20230320:0411,0.0,0.0,4.06,4.55,0.0
20230320:0511,0.0,0.0,3.83,4.07,0.0
20230320:0611,8.03,3.21,3.65,3.59,0.0
20230320:0711,157.63,10.84,3.66,3.79,0.0
20230320:0811,215.21,17.88,4.03,3.93,0.0
20230320:0911,462.6,23.88,4.54,4.34,0.0
20230320:1011,861.92,28.36,4.9,4.41,0.0
20230320:1111,959.68,30.84,5.28,4.62,0.0
20230320:1211,937.78,31.01,5.59,4.76,0.0
20230320:1311,914.36,28.85,5.74,4.62,0.0
20230320:1411,762.58,24.63,5.73,4.34,0.0
20230320:1511,550.87,18.81,5.66,4.14,0.0
20230320:1611,264.23,11.88,5.25,4.0,0.0
20230320:1711,14.28,4.32,4.55,3.79,0.0
20230320:1811,0.0,0.0,3.82,3.45,0.0
20230320:1911,0.0,0.0,3.66,2.83,0.0
20230320:2011,0.0,0.0,3.32,2.28,0.0
20230320:2111,0.0,0.0,3.03,2.07,0.0
20230320:2211,0.0,0.0,2.38,1.93,0.0
20230320:2311,0.0,0.0,1.61,1.45,0.0
20230321:0011,0.0,0.0,1.17,1.72,0.0
20230321:0111,0.0,0.0,0.98,1.38,0.0
20230321:0211,0.0,0.0,0.69,1.59,0.0
20230321:0311,0.0,0.0,0.62,2.0,0.0
20230321:0411,0.0,0.0,0.87,2.69,0.0
20230321:0511,0.0,0.0,1.1,3.24,0.0
20230321:0611,4.46,3.59,1.53,3.72,0.0
20230321:0711,0.0,0.0,2.34,4.9,0.0
20230321:0811,0.0,0.0,2.92,5.59,0.0
20230321:0911,120.84,24.28,3.27,6.14,0.0
20230321:1011,120.48,28.76,3.37,6.83,0.0
20230321:1111,143.69,31.24,3.41,7.45,0.0
20230321:1211,202.37,31.4,3.28,7.66,0.0
20230321:1311,264.36,29.22,3.44,8.07,0.0
20230321:1411,97.28,24.97,3.52,8.07,0.0
20230321:1511,59.8,19.13,3.62,8.14,0.0
20230321:1611,69.76,12.19,3.7,7.86,0.0
20230321:1711,6.25,4.62,3.34,7.59,0.0
20230321:1811,0.0,0.0,3.4,7.1,0.0
20230321:1911,0.0,0.0,3.66,6.14,0.0
20230321:2011,0.0,0.0,3.89,5.86,0.0
20230321:2111,0.0,0.0,4.3,5.52,0.0
20230321:2211,0.0,0.0,4.44,5.17,0.0
20230321:2311,0.0,0.0,4.49,5.1,0.0
20230322:0011,0.0,0.0,4.64,5.03,0.0
20230322:0111,0.0,0.0,4.65,5.1,0.0
20230322:0211,0.0,0.0,4.7,5.38,0.0
20230322:0311,0.0,0.0,4.79,5.66,0.0
20230322:0411,0.0,0.0,4.85,5.52,0.0
20230322:0511,0.0,0.0,4.85,5.66,0.0
20230322:0611,2.68,3.97,4.95,5.93,0.0
20230322:0711,0.0,0.0,5.04,6.69,0.0
20230322:0811,38.38,18.66,5.3,7.17,0.0
20230322:0911,64.26,24.68,5.52,7.86,0.0
20230322:1011,72.29,29.17,5.6,8.28,0.0
20230322:1111,96.39,31.64,5.6,7.93,0.0
20230322:1211,307.86,31.79,5.78,6.97,0.0
20230322:1311,898.49,29.58,6.07,7.24,0.0
20230322:1411,712.68,25.32,6.37,6.55,0.0
20230322:1511,521.4,19.45,6.62,6.14,0.0
20230322:1611,260.29,12.5,6.52,6.34,0.0
20230322:1711,26.68,4.92,6.13,6.69,0.0
20230322:1811,0.0,0.0,5.75,6.76,0.0
20230322:1911,0.0,0.0,6.02,7.66,0.0
20230322:2011,0.0,0.0,6.08,7.24,0.0
20230322:2111,0.0,0.0,5.87,6.9,0.0
20230322:2211,0.0,0.0,5.75,6.14,0.0
20230322:2311,0.0,0.0,5.6,5.31,0.0
20230323:0011,0.0,0.0,5.32,4.97,0.0
20230323:0111,0.0,0.0,5.12,4.97,0.0
20230323:0211,0.0,0.0,4.87,4.55,0.0
20230323:0311,0.0,0.0,4.8,4.48,0.0
20230323:0411,0.0,0.0,4.65,4.97,0.0
20230323:0511,0.0,0.0,4.69,5.45,0.0
20230323:0611,3.57,4.35,4.74,5.52,0.0
20230323:0711,15.17,11.98,4.61,6.21,0.0
20230323:0811,93.98,19.04,4.71,6.07,0.0
20230323:0911,36.59,25.07,5.09,5.66,0.0
20230323:1011,160.43,29.57,5.47,5.31,0.0
20230323:1111,480.34,32.04,5.63,6.0,0.0
20230323:1211,335.48,32.18,5.97,6.34,0.0
20230323:1311,124.95,29.95,6.15,5.79,0.0
20230323:1411,160.97,25.66,6.31,5.66,0.0
20230323:1511,117.27,19.78,6.15,5.24,0.0
20230323:1611,28.56,12.8,5.78,5.31,0.0
20230323:1711,19.63,5.21,5.51,4.55,0.0
20230323:1811,0.0,0.0,5.04,4.21,0.0
20230323:1911,0.0,0.0,5.18,4.21,0.0
20230323:2011,0.0,0.0,5.17,3.72,0.0
20230323:2111,0.0,0.0,5.16,3.72,0.0
20230323:2211,0.0,0.0,5.11,3.72,0.0
20230323:2311,0.0,0.0,5.06,3.59,0.0
20230324:0011,0.0,0.0,4.93,3.72,0.0
20230324:0111,0.0,0.0,4.91,3.93,0.0
20230324:0211,0.0,0.0,4.7,3.93,0.0
20230324:0311,0.0,0.0,4.69,3.86,0.0
20230324:0411,0.0,0.0,4.46,3.86,0.0
20230324:0511,0.0,0.0,4.47,3.79,0.0
20230324:0611,3.57,4.73,4.58,3.72,0.0
20230324:0711,27.67,12.36,4.74,3.52,0.0
20230324:0811,74.08,19.43,4.7,2.97,0.0
20230324:0911,61.58,25.47,4.93,2.55,0.0
20230324:1011,86.57,29.97,5.04,2.34,0.0
20230324:1111,83.89,32.44,5.0,2.55,0.0
20230324:1211,141.01,32.56,4.87,2.9,0.0
20230324:1311,128.52,30.32,4.81,3.1,0.0
20230324:1411,64.26,26.0,4.84,2.76,0.0
20230324:1511,67.83,20.1,4.89,2.48,0.0
20230324:1611,56.23,13.11,4.91,3.17,0.0
20230324:1711,21.42,5.51,4.81,4.14,0.0
20230324:1811,0.0,0.0,4.94,4.48,0.0
20230324:1911,0.0,0.0,4.95,3.93,0.0
20230324:2011,0.0,0.0,4.82,3.31,0.0
20230324:2111,0.0,0.0,4.57,3.17,0.0
20230324:2211,0.0,0.0,4.49,3.03,0.0
20230324:2311,0.0,0.0,4.37,2.83,0.0
20230325:0011,0.0,0.0,4.3,2.48,0.0
20230325:0111,0.0,0.0,4.43,2.41,0.0
20230325:0211,0.0,0.0,4.38,2.07,0.0
20230325:0311,0.0,0.0,4.28,1.66,0.0
20230325:0411,0.0,0.0,4.16,1.17,0.0
20230325:0511,0.0,0.0,3.99,0.97,0.0
20230325:0611,17.85,5.1,3.87,0.69,0.0
20230325:0711,131.79,12.74,4.46,0.9,0.0
20230325:0811,194.43,19.82,4.74,1.03,0.0
20230325:0911,169.06,25.87,4.92,1.17,0.0
20230325:1011,303.32,30.37,5.17,1.66,0.0
20230325:1111,346.38,32.84,5.64,2.07,0.0
20230325:1211,758.04,32.95,5.69,2.76,0.0
20230325:1311,545.42,30.69,5.74,3.72,0.0
20230325:1411,257.91,26.35,5.62,4.41,0.0
20230325:1511,192.95,20.42,5.03,4.48,0.0
20230325:1611,120.61,13.41,4.79,4.76,0.0
20230325:1711,18.74,5.81,4.45,5.24,0.0
20230325:1811,0.0,0.0,4.0,5.45,0.0
20230325:1911,0.0,0.0,3.64,6.21,0.0
20230325:2011,0.0,0.0,3.27,6.14,0.0
20230325:2111,0.0,0.0,2.99,6.07,0.0
20230325:2211,0.0,0.0,2.86,6.48,0.0
20230325:2311,0.0,0.0,2.72,6.83,0.0
20230326:0011,0.0,0.0,2.51,7.03,0.0
20230326:0111,0.0,0.0,2.18,7.03,0.0
20230326:0211,0.0,0.0,2.07,7.24,0.0
20230326:0311,0.0,0.0,1.88,7.45,0.0
20230326:0411,0.0,0.0,1.69,7.52,0.0
20230326:0511,0.0,0.0,1.58,7.52,0.0
20230326:0611,37.39,5.48,1.44,7.52,0.0
20230326:0711,300.65,13.13,1.69,7.52,0.0
20230326:0811,572.86,20.21,2.14,7.86,0.0
20230326:0911,794.0,26.26,2.68,7.93,0.0
20230326:1011,956.61,30.77,3.16,8.07,0.0
20230326:1111,1042.79,33.24,3.51,8.34,0.0
20230326:1211,961.87,33.34,3.61,8.62,0.0
20230326:1311,737.43,31.05,3.43,8.62,0.0
20230326:1411,674.1,26.69,3.22,8.55,0.0
20230326:1511,561.06,20.74,3.0,8.28,0.0
20230326:1611,268.83,13.72,2.72,7.79,0.0
20230326:1711,98.53,6.1,2.39,7.38,0.0
20230326:1811,0.0,0.0,1.86,7.52,0.0
20230326:1911,0.0,0.0,1.51,6.83,0.0
20230326:2011,0.0,0.0,1.13,6.76,0.0
20230326:2111,0.0,0.0,0.84,6.62,0.0
20230326:2211,0.0,0.0,0.69,6.41,0.0
20230326:2311,0.0,0.0,0.65,6.62,0.0
20230327:0011,0.0,0.0,0.61,6.83,0.0
20230327:0111,0.0,0.0,0.34,6.76,0.0
20230327:0211,0.0,0.0,0.06,6.62,0.0
20230327:0311,0.0,0.0,-0.07,6.55,0.0
20230327:0411,0.0,0.0,-0.05,6.48,0.0
20230327:0511,0.0,0.0,0.03,7.03,0.0
20230327:0611,7.14,5.86,0.12,7.31,0.0
20230327:0711,308.6,13.51,0.13,8.14,0.0
20230327:0811,463.48,20.59,0.56,7.93,0.0
20230327:0911,162.79,26.66,1.15,8.07,0.0
20230327:1011,502.71,31.17,1.95,8.28,0.0
20230327:1111,594.73,33.64,2.56,8.21,0.0
20230327:1211,990.84,33.72,3.1,8.28,0.0
20230327:1311,907.72,31.41,3.49,8.48,0.0
20230327:1411,622.12,27.03,3.66,8.48,0.0
20230327:1511,434.66,21.05,3.73,8.34,0.0
20230327:1611,312.9,14.02,3.54,7.79,0.0
20230327:1711,91.57,6.4,3.16,7.17,0.0
20230327:1811,0.0,0.0,2.5,6.69,0.0
20230327:1911,0.0,0.0,2.03,5.93,0.0
20230327:2011,0.0,0.0,1.79,5.66,0.0
20230327:2111,0.0,0.0,1.56,4.97,0.0
20230327:2211,0.0,0.0,1.38,4.48,0.0
20230327:2311,0.0,0.0,1.33,3.72,0.0
20230328:0011,0.0,0.0,1.39,2.62,0.0
20230328:0111,0.0,0.0,1.15,1.45,0.0
20230328:0211,0.0,0.0,0.8,0.9,0.0
20230328:0311,0.0,0.0,0.42,1.03,0.0
20230328:0411,0.0,0.0,-0.01,2.0,0.0
20230328:0511,0.0,0.0,0.33,2.55,0.0
20230328:0611,6.25,6.23,0.83,2.83,0.0
20230328:0711,72.32,13.88,0.77,4.48,0.0
20230328:0811,177.23,20.98,1.38,5.52,0.0
20230328:0911,246.6,27.05,2.23,6.07,0.0
20230328:1011,325.24,31.57,2.85,6.21,0.0
20230328:1111,143.69,34.04,3.27,6.41,0.0
20230328:1211,350.16,34.11,3.58,6.97,0.0
20230328:1311,59.8,31.78,2.76,6.83,0.0
20230328:1411,47.3,27.36,2.65,6.62,0.0
20230328:1511,26.77,21.37,3.0,4.9,0.0
20230328:1611,72.32,14.32,3.06,2.97,0.0
20230328:1711,11.6,6.69,3.18,2.48,0.0
20230328:1811,0.0,0.0,3.2,2.55,0.0
20230328:1911,0.0,0.0,3.51,1.24,0.0
20230328:2011,0.0,0.0,2.75,1.38,0.0
20230328:2111,0.0,0.0,2.57,1.52,0.0
20230328:2211,0.0,0.0,2.48,1.38,0.0
20230328:2311,0.0,0.0,2.3,1.1,0.0
20230329:0011,0.0,0.0,2.82,1.31,0.0
20230329:0111,0.0,0.0,1.94,1.59,0.0
20230329:0211,0.0,0.0,1.87,1.86,0.0
20230329:0311,0.0,0.0,2.47,2.0,0.0
20230329:0411,0.0,0.0,2.37,2.0,0.0
20230329:0511,0.0,0.0,2.21,1.86,0.0
20230329:0611,56.65,6.61,2.04,1.79,0.0
20230329:0711,86.6,14.26,2.62,1.93,0.0
20230329:0811,100.05,21.37,3.48,1.93,0.0
20230329:0911,159.65,27.44,4.33,2.41,0.0
20230329:1011,97.28,31.97,4.54,3.31,0.0
20230329:1111,132.98,34.43,4.47,4.34,0.0
20230329:1211,508.94,34.49,4.03,5.1,0.0
20230329:1311,330.15,32.14,3.96,5.52,0.0
20230329:1411,251.58,27.7,4.12,5.66,0.0
20230329:1511,201.77,21.69,4.0,6.07,0.0
20230329:1611,136.94,14.62,3.55,6.41,0.0
20230329:1711,41.19,6.98,3.29,6.83,0.0
20230329:1811,0.0,0.0,2.88,6.97,0.0
20230329:1911,0.0,0.0,2.16,7.45,0.0
20230329:2011,0.0,0.0,1.89,7.79,0.0
20230329:2111,0.0,0.0,1.52,8.21,0.0
20230329:2211,0.0,0.0,1.23,8.62,0.0
20230329:2311,0.0,0.0,1.05,8.97,0.0
20230330:0011,0.0,0.0,0.87,8.97,0.0
20230330:0111,0.0,0.0,1.01,9.45,0.0
20230330:0211,0.0,0.0,0.93,9.66,0.0
20230330:0311,0.0,0.0,0.88,9.59,0.0
20230330:0411,0.0,0.0,0.76,9.72,0.0
20230330:0511,0.0,0.0,0.29,9.86,0.0
20230330:0611,6.25,6.98,0.39,10.07,0.0
20230330:0711,16.06,14.64,0.45,10.0,0.0
20230330:0811,96.39,21.75,0.94,9.93,0.0
20230330:0911,154.9,27.84,1.38,9.79,0.0
20230330:1011,162.61,32.37,1.91,9.31,0.0
20230330:1111,92.82,34.83,2.38,8.83,0.0
20230330:1211,94.6,34.87,2.7,8.07,0.0
20230330:1311,149.04,32.5,2.89,7.24,0.0
20230330:1411,190.36,28.04,2.97,6.34,0.0
20230330:1511,71.4,22.0,3.05,5.17,0.0
20230330:1611,57.12,14.92,3.02,3.66,0.0
20230330:1711,60.99,7.27,3.05,2.55,0.0
20230330:1811,0.0,0.0,2.96,2.0,0.0
20230330:1911,0.0,0.0,2.31,1.72,0.0
20230330:2011,0.0,0.0,2.21,1.66,0.0
20230330:2111,0.0,0.0,2.13,1.45,0.0
20230330:2211,0.0,0.0,2.13,1.17,0.0
20230330:2311,0.0,0.0,1.93,1.24,0.0
20230331:0011,0.0,0.0,1.89,1.38,0.0
20230331:0111,0.0,0.0,1.66,1.45,0.0
20230331:0211,0.0,0.0,1.64,1.1,0.0
20230331:0311,0.0,0.0,1.46,0.9,0.0
20230331:0411,0.0,0.0,0.83,0.97,0.0
20230331:0511,0.0,0.0,0.7,0.83,0.0
20230331:0611,24.1,7.35,0.85,0.76,0.0
20230331:0711,107.56,15.02,2.28,1.59,0.0
20230331:0811,150.92,22.13,2.64,1.79,0.0
20230331:0911,407.16,28.23,3.29,1.93,0.0
20230331:1011,419.85,32.76,3.61,2.14,0.0
20230331:1111,226.96,35.22,4.35,2.14,0.0
20230331:1211,327.11,35.25,4.95,2.34,0.0
20230331:1311,366.38,32.86,5.4,2.28,0.0
20230331:1411,312.64,28.37,5.51,2.21,0.0
20230331:1511,108.04,22.31,5.53,2.76,0.0
20230331:1611,66.94,15.22,5.1,2.76,0.0
20230331:1711,7.14,7.56,4.46,2.69,0.0
20230331:1811,0.0,0.0,3.87,2.69,0.0
20230331:1911,0.0,0.0,3.73,2.9,0.0
20230331:2011,0.0,0.0,3.27,3.31,0.0
20230331:2111,0.0,0.0,2.9,3.45,0.0
20230331:2211,0.0,0.0,2.68,3.03,0.0
20230331:2311,0.0,0.0,2.49,2.97,0.0
20230401:0011,0.0,0.0,2.24,2.97,0.0
20230401:0111,0.0,0.0,1.9,2.9,0.0
20230401:0211,0.0,0.0,1.55,2.76,0.0
20230401:0311,0.0,0.0,1.2,2.9,0.0
20230401:0411,0.0,0.0,0.9,3.03,0.0
20230401:0511,0.0,0.0,0.69,3.17,0.0
20230401:0611,102.14,7.72,0.64,3.24,0.0
20230401:0711,322.42,15.39,0.76,3.45,0.0
20230401:0811,558.73,22.51,1.72,3.03,0.0
20230401:0911,763.47,28.61,2.79,2.76,0.0
20230401:1011,946.07,33.16,3.81,2.62,0.0
20230401:1111,1029.12,35.61,4.73,2.34,0.0
20230401:1211,1048.28,35.63,5.45,2.14,0.0
20230401:1311,941.57,33.22,5.91,1.93,0.0
20230401:1411,805.62,28.7,6.03,2.0,0.0
20230401:1511,591.67,22.62,5.91,2.34,0.0
20230401:1611,343.0,15.51,5.64,2.76,0.0
20230401:1711,111.44,7.85,5.1,3.1,0.0
20230401:1811,0.0,0.0,4.41,3.31,0.0
20230401:1911,0.0,0.0,3.52,3.79,0.0
20230401:2011,0.0,0.0,2.39,3.66,0.0
20230401:2111,0.0,0.0,1.36,3.1,0.0
20230401:2211,0.0,0.0,0.9,2.48,0.0
20230401:2311,0.0,0.0,0.61,1.93,0.0
20230402:0011,0.0,0.0,0.36,1.59,0.0
20230402:0111,0.0,0.0,-0.15,1.31,0.0
20230402:0211,0.0,0.0,-0.93,1.17,0.0
20230402:0311,0.0,0.0,-1.26,1.03,0.0
20230402:0411,0.0,0.0,-0.86,0.9,0.0
20230402:0511,0.0,0.0,-0.47,0.83,0.0
20230402:0611,104.27,8.09,0.67,0.55,0.0
20230402:0711,324.79,15.76,1.2,0.41,0.0
20230402:0811,554.6,22.89,3.67,0.41,0.0
20230402:0911,767.32,29.0,4.77,0.83,0.0
20230402:1011,917.32,33.55,5.29,1.24,0.0
20230402:1111,1003.06,36.0,5.64,1.66,0.0
20230402:1211,958.77,36.01,5.84,2.0,0.0
20230402:1311,925.58,33.57,5.91,2.21,0.0
20230402:1411,796.62,29.03,5.84,2.34,0.0
20230402:1511,587.78,22.93,5.6,2.41,0.0
20230402:1611,339.95,15.81,5.2,2.28,0.0
20230402:1711,109.48,8.14,4.43,2.14,0.0
20230402:1811,0.0,0.0,3.7,1.93,0.0
20230402:1911,0.0,0.0,3.06,1.03,0.0
20230402:2011,0.0,0.0,2.33,0.83,0.0
20230402:2111,0.0,0.0,1.91,0.76,0.0
20230402:2211,0.0,0.0,1.26,0.76,0.0
20230402:2311,0.0,0.0,1.11,0.69,0.0
20230403:0011,0.0,0.0,1.02,0.34,0.0
20230403:0111,0.0,0.0,0.92,0.34,0.0
20230403:0211,0.0,0.0,0.82,0.48,0.0
20230403:0311,0.0,0.0,0.89,0.34,0.0
20230403:0411,0.0,0.0,1.0,0.48,0.0
20230403:0511,0.0,0.0,-0.02,0.83,0.0
20230403:0611,105.37,8.46,-0.13,0.9,0.0
20230403:0711,311.75,16.13,1.49,1.45,0.0
20230403:0811,550.26,23.27,3.38,1.86,0.0
20230403:0911,747.99,29.39,4.24,1.86,0.0
20230403:1011,885.85,33.94,4.81,1.93,0.0
20230403:1111,920.18,36.39,5.1,2.07,0.0
20230403:1211,954.58,36.39,5.23,2.34,0.0
20230403:1311,912.97,33.92,5.27,2.41,0.0
20230403:1411,741.01,29.36,5.2,2.14,0.0
20230403:1511,553.12,23.24,5.0,1.66,0.0
20230403:1611,327.45,16.1,4.72,1.45,0.0
20230403:1711,91.63,8.43,4.24,1.1,0.0
20230403:1811,0.0,0.0,3.61,0.83,0.0
20230403:1911,0.0,0.0,3.47,0.34,0.0
20230403:2011,0.0,0.0,3.0,0.62,0.0
20230403:2111,0.0,0.0,1.5,1.03,0.0
20230403:2211,0.0,0.0,0.52,1.24,0.0
20230403:2311,0.0,0.0,-0.23,1.24,0.0
20230404:0011,0.0,0.0,-0.6,1.17,0.0
20230404:0111,0.0,0.0,-0.41,1.03,0.0
20230404:0211,0.0,0.0,-0.5,1.03,0.0
20230404:0311,0.0,0.0,-0.72,1.1,0.0
20230404:0411,0.0,0.0,-0.99,1.17,0.0
20230404:0511,0.0,0.0,-1.62,1.38,0.0
20230404:0611,109.88,8.83,-1.27,1.45,0.0
20230404:0711,326.56,16.5,1.47,1.17,0.0
20230404:0811,556.96,23.65,3.55,1.31,0.0
20230404:0911,737.2,29.77,4.3,1.59,0.0
20230404:1011,903.12,34.33,4.92,2.0,0.0
20230404:1111,999.37,36.78,5.36,2.34,0.0
20230404:1211,984.89,36.76,5.64,2.69,0.0
20230404:1311,901.27,34.28,5.71,3.03,0.0
20230404:1411,781.28,29.69,5.55,3.24,0.0
20230404:1511,562.87,23.55,5.15,3.24,0.0
20230404:1611,268.52,16.39,4.58,2.76,0.0
20230404:1711,72.47,8.71,4.1,2.41,0.0
20230404:1811,0.0,0.0,3.46,2.55,0.0
20230404:1911,0.0,0.0,3.13,2.48,0.0
20230404:2011,0.0,0.0,2.55,2.62,0.0
20230404:2111,0.0,0.0,1.94,2.76,0.0
20230404:2211,0.0,0.0,1.61,2.9,0.0
20230404:2311,0.0,0.0,1.55,3.03,0.0
20230405:0011,0.0,0.0,1.65,3.24,0.0
20230405:0111,0.0,0.0,1.63,3.38,0.0
20230405:0211,0.0,0.0,1.58,3.66,0.0
20230405:0311,0.0,0.0,1.54,3.93,0.0
20230405:0411,0.0,0.0,1.54,4.21,0.0
20230405:0511,0.0,0.0,1.59,4.28,0.0
20230405:0611,93.74,9.19,1.94,4.07,0.0
20230405:0711,304.37,16.87,2.93,4.55,0.0
20230405:0811,528.96,24.02,3.96,5.52,0.0
20230405:0911,729.13,30.15,4.68,6.55,0.0
20230405:1011,892.25,34.72,5.3,6.69,0.0
20230405:1111,996.13,37.16,5.81,6.62,0.0
20230405:1211,995.74,37.13,6.09,6.41,0.0
20230405:1311,910.91,34.63,6.13,6.14,0.0
20230405:1411,773.9,30.02,5.98,5.79,0.0
20230405:1511,569.01,23.85,5.68,5.24,0.0
20230405:1611,338.18,16.68,5.24,4.69,0.0
20230405:1711,111.27,9.0,4.78,4.21,0.0
20230405:1811,0.0,0.0,3.87,4.07,0.0
20230405:1911,0.0,0.0,3.53,3.66,0.0
20230405:2011,0.0,0.0,2.86,3.24,0.0
20230405:2111,0.0,0.0,2.3,2.97,0.0
20230405:2211,0.0,0.0,1.89,2.76,0.0
20230405:2311,0.0,0.0,1.61,2.76,0.0
20230406:0011,0.0,0.0,1.41,2.76,0.0
20230406:0111,0.0,0.0,1.23,2.69,0.0
20230406:0211,0.0,0.0,1.11,2.76,0.0
20230406:0311,0.0,0.0,1.31,3.03,0.0
20230406:0411,0.0,0.0,1.84,4.0,0.0
20230406:0511,0.82,1.77,1.51,5.52,0.0
20230406:0611,85.8,9.56,1.19,6.69,0.0
20230406:0711,308.31,17.24,1.66,7.17,0.0
20230406:0811,329.72,24.39,2.39,7.52,0.0
20230406:0911,472.18,30.54,3.32,7.86,0.0
20230406:1011,533.09,35.1,4.18,7.79,0.0
20230406:1111,540.8,37.55,4.71,7.66,0.0
20230406:1211,612.11,37.5,5.23,7.66,0.0
20230406:1311,855.88,34.98,5.2,7.86,0.0
20230406:1411,603.97,30.34,5.17,7.66,0.0
20230406:1511,542.19,24.16,4.82,7.17,0.0
20230406:1611,318.62,16.97,4.77,6.76,0.0
20230406:1711,114.05,9.28,4.41,6.21,0.0
20230406:1811,0.0,0.0,3.78,6.0,0.0
20230406:1911,0.0,0.0,2.64,5.86,0.0
20230406:2011,0.0,0.0,2.13,5.93,0.0
20230406:2111,0.0,0.0,1.82,6.07,0.0
20230406:2211,0.0,0.0,1.71,6.07,0.0
20230406:2311,0.0,0.0,1.82,6.07,0.0
20230407:0011,0.0,0.0,2.02,6.28,0.0
20230407:0111,0.0,0.0,2.21,6.21,0.0
20230407:0211,0.0,0.0,2.44,6.07,0.0
20230407:0311,0.0,0.0,2.52,5.86,0.0
20230407:0411,0.0,0.0,2.6,6.07,0.0
20230407:0511,0.82,2.13,2.49,6.21,0.0
20230407:0611,96.45,9.92,2.82,6.34,0.0
20230407:0711,138.42,17.6,3.61,6.41,0.0
20230407:0811,301.63,24.76,4.59,6.76,0.0
20230407:0911,683.26,30.91,5.46,6.55,0.0
20230407:1011,897.06,35.49,6.14,6.34,0.0
20230407:1111,985.13,37.93,6.79,6.14,0.0
20230407:1211,997.31,37.87,7.23,5.72,0.0
20230407:1311,949.22,35.32,7.45,5.31,0.0
20230407:1411,780.06,30.67,7.59,4.55,0.0
20230407:1511,582.65,24.46,7.53,3.93,0.0
20230407:1611,343.21,17.26,7.26,3.31,0.0
20230407:1711,120.72,9.56,6.59,2.48,0.0
20230407:1811,1.64,1.79,5.77,2.07,0.0
20230407:1911,0.0,0.0,5.09,1.59,0.0
20230407:2011,0.0,0.0,4.02,1.17,0.0
20230407:2111,0.0,0.0,2.74,1.31,0.0
20230407:2211,0.0,0.0,1.81,1.86,0.0
20230407:2311,0.0,0.0,1.59,2.41,0.0
20230408:0011,0.0,0.0,1.49,2.69,0.0
20230408:0111,0.0,0.0,1.42,2.76,0.0
20230408:0211,0.0,0.0,1.33,2.69,0.0
20230408:0311,0.0,0.0,1.16,2.69,0.0
20230408:0411,0.0,0.0,1.14,2.62,0.0
20230408:0511,2.46,2.49,1.12,2.55,0.0
20230408:0611,84.01,10.27,1.87,2.28,0.0
20230408:0711,158.37,17.96,3.78,2.34,0.0
20230408:0811,169.86,25.13,4.93,1.93,0.0
20230408:0911,311.69,31.29,6.58,1.59,0.0
20230408:1011,158.86,35.87,7.54,1.03,0.0
20230408:1111,603.27,38.31,8.18,0.48,0.0
20230408:1211,321.46,38.24,8.57,0.9,0.0
20230408:1311,737.85,35.67,8.68,1.79,0.0
20230408:1411,360.09,30.99,8.23,2.41,0.0
20230408:1511,190.12,24.76,7.69,2.69,0.0
20230408:1611,149.76,17.55,7.19,2.62,0.0
20230408:1711,62.16,9.84,6.42,1.86,0.0
20230408:1811,0.82,2.07,5.64,1.24,0.0
20230408:1911,0.0,0.0,6.01,0.76,0.0
20230408:2011,0.0,0.0,5.32,0.97,0.0
20230408:2111,0.0,0.0,4.93,0.69,0.0
20230408:2211,0.0,0.0,4.41,0.62,0.0
20230408:2311,0.0,0.0,2.97,1.1,0.0
20230409:0011,0.0,0.0,2.79,1.66,0.0
20230409:0111,0.0,0.0,3.32,2.21,0.0
20230409:0211,0.0,0.0,3.84,2.83,0.0
20230409:0311,0.0,0.0,4.26,3.1,0.0
20230409:0411,0.0,0.0,4.74,3.59,0.0
20230409:0511,1.64,2.85,4.97,4.14,0.0
20230409:0611,24.1,10.63,5.23,4.34,0.0
20230409:0711,79.43,18.32,5.94,3.93,0.0
20230409:0811,104.42,25.5,6.2,4.21,0.0
20230409:0911,120.48,31.66,6.4,4.69,0.0
20230409:1011,216.34,36.25,6.39,5.1,0.0
20230409:1111,217.19,38.69,6.99,5.31,0.0
20230409:1211,249.97,38.6,8.07,5.72,0.0
20230409:1311,551.57,36.01,8.18,5.79,0.0
20230409:1411,159.69,31.3,8.2,5.79,0.0
20230409:1511,200.25,25.06,8.26,5.86,0.0
20230409:1611,180.98,17.83,8.16,5.86,0.0
20230409:1711,92.98,10.12,7.74,6.0,0.0
20230409:1811,0.82,2.35,6.88,6.34,0.0
20230409:1911,0.0,0.0,5.68,6.76,0.0
20230409:2011,0.0,0.0,5.52,6.83,0.0
20230409:2111,0.0,0.0,5.33,7.03,0.0
20230409:2211,0.0,0.0,5.1,7.31,0.0
20230409:2311,0.0,0.0,4.67,7.52,0.0
20230410:0011,0.0,0.0,4.91,8.07,0.0
20230410:0111,0.0,0.0,4.94,8.14,0.0
20230410:0211,0.0,0.0,4.93,8.21,0.0
20230410:0311,0.0,0.0,5.05,8.28,0.0
20230410:0411,0.0,0.0,5.02,8.55,0.0
20230410:0511,1.64,3.2,4.86,8.83,0.0
20230410:0611,24.1,10.98,4.82,9.17,0.0
20230410:0711,70.51,18.68,5.32,9.24,0.0
20230410:0811,143.32,25.86,5.51,9.03,0.0
20230410:0911,326.41,32.03,6.01,10.55,0.0
20230410:1011,482.12,36.63,6.31,10.69,0.0
20230410:1111,269.08,39.06,6.59,10.97,0.0
20230410:1211,376.13,38.97,6.83,11.24,0.0
20230410:1311,180.28,36.35,6.91,10.76,0.0
20230410:1411,106.21,31.62,7.0,10.21,0.0
20230410:1511,205.93,25.35,6.92,10.14,0.0
20230410:1611,49.09,18.12,6.49,10.07,0.0
20230410:1711,10.71,10.4,6.6,10.07,0.0
20230410:1811,1.64,2.63,6.7,10.0,0.0
20230410:1911,0.0,0.0,6.66,9.66,0.0
20230410:2011,0.0,0.0,6.24,10.0,0.0
20230410:2111,0.0,0.0,6.19,10.14,0.0
20230410:2211,0.0,0.0,6.12,10.41,0.0
20230410:2311,0.0,0.0,6.05,10.97,0.0
20230411:0011,0.0,0.0,6.24,10.48,0.0
20230411:0111,0.0,0.0,5.89,8.83,0.0
20230411:0211,0.0,0.0,5.83,7.72,0.0
20230411:0311,0.0,0.0,5.82,7.38,0.0
20230411:0411,0.0,0.0,5.75,7.31,0.0
20230411:0511,7.39,3.56,5.66,7.38,0.0
20230411:0611,82.39,11.33,5.57,7.17,0.0
20230411:0711,79.43,19.03,5.36,6.9,0.0
20230411:0811,114.24,26.22,5.3,6.55,0.0
20230411:0911,256.38,32.4,5.47,6.0,0.0
20230411:1011,227.82,37.0,5.4,5.38,0.0
20230411:1111,479.57,39.44,5.4,3.72,0.0
20230411:1211,321.58,39.33,5.47,3.45,0.0
20230411:1311,156.18,36.69,5.74,3.52,0.0
20230411:1411,46.41,31.94,5.8,3.45,0.0
20230411:1511,161.5,25.65,6.26,2.76,0.0
20230411:1611,52.66,18.4,6.13,2.76,0.0
20230411:1711,12.49,10.68,5.73,2.48,0.0
20230411:1811,2.46,2.91,5.35,2.48,0.0
20230411:1911,0.0,0.0,4.75,1.72,0.0
20230411:2011,0.0,0.0,4.63,2.14,0.0
20230411:2111,0.0,0.0,4.67,2.62,0.0
20230411:2211,0.0,0.0,4.7,3.17,0.0
20230411:2311,0.0,0.0,4.67,3.93,0.0
20230412:0011,0.0,0.0,4.6,4.97,0.0
20230412:0111,0.0,0.0,4.44,5.86,0.0
20230412:0211,0.0,0.0,4.37,6.69,0.0
20230412:0311,0.0,0.0,4.04,7.38,0.0
20230412:0411,0.0,0.0,3.79,7.66,0.0
20230412:0511,3.28,3.9,3.7,8.07,0.0
20230412:0611,26.77,11.68,3.81,8.55,0.0
20230412:0711,89.77,19.38,4.27,10.48,0.0
20230412:0811,96.39,26.58,4.79,11.03,0.0
20230412:0911,106.21,32.77,5.06,11.17,0.0
20230412:1011,116.02,37.37,4.66,11.66,0.0
20230412:1111,135.66,39.81,4.76,11.31,0.0
20230412:1211,153.51,39.69,4.57,10.21,0.0
20230412:1311,152.61,37.03,4.69,10.0,0.0
20230412:1411,124.05,32.25,4.89,9.52,0.0
20230412:1511,74.08,25.94,4.88,9.17,0.0
20230412:1611,49.09,18.68,4.71,9.17,0.0
20230412:1711,33.02,10.95,4.41,8.97,0.0
20230412:1811,1.64,3.19,4.16,8.97,0.0
20230412:1911,0.0,0.0,3.97,8.55,0.0
20230412:2011,0.0,0.0,4.3,8.41,0.0
20230412:2111,0.0,0.0,4.56,8.21,0.0
20230412:2211,0.0,0.0,4.67,7.72,0.0
20230412:2311,0.0,0.0,4.74,7.38,0.0
20230413:0011,0.0,0.0,4.73,7.24,0.0
20230413:0111,0.0,0.0,4.67,7.03,0.0
20230413:0211,0.0,0.0,4.74,6.62,0.0
20230413:0311,0.0,0.0,4.7,6.34,0.0
20230413:0411,0.0,0.0,4.75,6.41,0.0
20230413:0511,9.03,4.25,4.71,6.28,0.0
20230413:0611,13.39,12.03,4.67,6.14,0.0
20230413:0711,48.19,19.73,4.95,4.14,0.0
20230413:0811,97.28,26.93,5.21,4.62,0.0
20230413:0911,156.98,33.13,5.47,5.59,0.0
20230413:1011,232.97,37.74,5.43,6.21,0.0
20230413:1111,184.72,40.18,5.42,6.34,0.0
20230413:1211,734.46,40.04,5.66,6.55,0.0
20230413:1311,926.24,37.36,6.75,6.14,0.0
20230413:1411,725.38,32.56,6.86,6.28,0.0
20230413:1511,422.15,26.23,7.13,6.0,0.0
20230413:1611,44.62,18.96,6.75,5.66,0.0
20230413:1711,12.49,11.23,6.08,6.48,0.0
20230413:1811,4.1,3.47,5.24,7.59,0.0
20230413:1911,0.0,0.0,4.87,7.03,0.0
20230413:2011,0.0,0.0,4.67,7.17,0.0
20230413:2111,0.0,0.0,4.8,7.66,0.0
20230413:2211,0.0,0.0,4.96,8.34,0.0
20230413:2311,0.0,0.0,5.06,8.55,0.0
20230414:0011,0.0,0.0,4.95,8.69,0.0
20230414:0111,0.0,0.0,4.98,8.48,0.0
20230414:0211,0.0,0.0,5.06,8.28,0.0
20230414:0311,0.0,0.0,5.08,8.07,0.0
20230414:0411,0.0,0.0,5.06,8.0,0.0
20230414:0511,6.57,4.59,5.01,8.0,0.0
20230414:0611,87.97,12.37,4.91,8.14,0.0
20230414:0711,122.68,20.07,5.45,7.93,0.0
20230414:0811,166.75,27.28,5.87,7.79,0.0
20230414:0911,317.79,33.49,6.45,7.79,0.0
20230414:1011,466.45,38.11,6.56,7.79,0.0
20230414:1111,959.01,40.54,6.97,7.79,0.0
20230414:1211,1006.83,40.39,7.16,7.17,0.0
20230414:1311,944.38,37.69,7.9,6.83,0.0
20230414:1411,803.72,32.87,8.31,6.28,0.0
20230414:1511,599.95,26.52,8.19,5.66,0.0
20230414:1611,340.87,19.23,8.07,5.03,0.0
20230414:1711,120.55,11.5,7.79,4.21,0.0
20230414:1811,9.85,3.74,7.23,4.07,0.0
20230414:1911,0.0,0.0,6.57,4.21,0.0
20230414:2011,0.0,0.0,5.96,4.14,0.0
20230414:2111,0.0,0.0,5.45,4.0,0.0
20230414:2211,0.0,0.0,4.93,3.66,0.0
20230414:2311,0.0,0.0,4.47,3.1,0.0
20230415:0011,0.0,0.0,4.0,2.48,0.0
20230415:0111,0.0,0.0,3.49,1.86,0.0
20230415:0211,0.0,0.0,2.93,1.31,0.0
20230415:0311,0.0,0.0,2.41,1.1,0.0
20230415:0411,0.0,0.0,1.94,1.38,0.0
20230415:0511,21.34,4.93,1.99,1.66,0.0
20230415:0611,123.48,12.71,2.97,1.86,0.0
20230415:0711,149.61,20.41,5.2,2.76,0.0
20230415:0811,160.56,27.63,6.33,3.03,0.0
20230415:0911,203.79,33.85,7.0,3.17,0.0
20230415:1011,453.04,38.47,7.37,3.1,0.0
20230415:1111,264.3,40.9,7.78,2.69,0.0
20230415:1211,196.3,40.74,7.99,2.07,0.0
20230415:1311,182.89,38.02,7.97,1.72,0.0
20230415:1411,92.82,33.17,7.62,1.66,0.0
20230415:1511,204.51,26.81,7.42,1.59,0.0
20230415:1611,100.85,19.51,7.11,1.72,0.0
20230415:1711,84.53,11.77,6.92,1.72,0.0
20230415:1811,2.46,4.02,6.67,1.86,0.0
20230415:1911,0.0,0.0,6.15,2.14,0.0
20230415:2011,0.0,0.0,5.71,1.93,0.0
20230415:2111,0.0,0.0,5.34,1.79,0.0
20230415:2211,0.0,0.0,5.17,1.66,0.0
20230415:2311,0.0,0.0,5.0,1.52,0.0
20230416:0011,0.0,0.0,4.83,1.59,0.0
20230416:0111,0.0,0.0,4.78,1.72,0.0
20230416:0211,0.0,0.0,4.71,1.79,0.0
20230416:0311,0.0,0.0,4.65,1.72,0.0
20230416:0411,0.0,0.0,4.57,1.79,0.0
20230416:0511,24.62,5.27,4.55,1.79,0.0
20230416:0611,140.63,13.04,4.91,1.59,0.0
20230416:0711,303.42,20.75,5.95,1.59,0.0
20230416:0811,454.4,27.97,6.79,1.52,0.0
20230416:0911,415.43,34.2,7.62,1.17,0.0
20230416:1011,661.5,38.83,8.03,0.9,0.0
20230416:1111,764.29,41.26,8.24,1.03,0.0
20230416:1211,624.62,41.09,8.25,1.31,0.0
20230416:1311,637.45,38.35,8.02,1.45,0.0
20230416:1411,224.7,33.48,7.9,1.38,0.0
20230416:1511,172.29,27.09,7.74,1.24,0.0
20230416:1611,117.33,19.78,7.68,1.17,0.0
20230416:1711,47.3,12.04,7.46,1.17,0.0
20230416:1811,4.92,4.29,6.92,1.03,0.0
20230416:1911,0.0,0.0,6.91,1.17,0.0
20230416:2011,0.0,0.0,6.39,1.24,0.0
20230416:2111,0.0,0.0,6.04,1.38,0.0
20230416:2211,0.0,0.0,5.83,1.45,0.0
20230416:2311,0.0,0.0,5.5,1.66,0.0
20230417:0011,0.0,0.0,5.17,2.0,0.0
20230417:0111,0.0,0.0,4.67,2.28,0.0
20230417:0211,0.0,0.0,4.41,2.34,0.0
20230417:0311,0.0,0.0,4.33,2.21,0.0
20230417:0411,0.0,0.0,4.12,2.07,0.0
20230417:0511,26.26,5.6,4.13,1.93,0.0
20230417:0611,168.83,13.37,5.02,1.72,0.0
20230417:0711,383.03,21.09,6.3,0.97,0.0
20230417:0811,613.75,28.32,8.27,0.14,0.0
20230417:0911,808.35,34.55,9.21,0.9,0.0
20230417:1011,960.96,39.19,9.82,1.52,0.0
20230417:1111,1046.15,41.62,9.7,2.07,0.0
20230417:1211,1040.9,41.44,9.53,2.21,0.0
20230417:1311,957.45,38.67,9.69,2.34,0.0
20230417:1411,813.39,33.78,9.68,2.48,0.0
20230417:1511,584.11,27.37,9.57,2.69,0.0
20230417:1611,349.98,20.05,9.32,2.83,0.0
20230417:1711,137.7,12.31,8.85,2.48,0.0
20230417:1811,14.77,4.56,8.22,2.21,0.0
20230417:1911,0.0,0.0,7.84,2.62,0.0
20230417:2011,0.0,0.0,7.49,2.76,0.0
20230417:2111,0.0,0.0,7.17,2.83,0.0
20230417:2211,0.0,0.0,6.46,2.83,0.0
20230417:2311,0.0,0.0,5.9,2.76,0.0
20230418:0011,0.0,0.0,5.42,2.62,0.0
20230418:0111,0.0,0.0,5.0,2.55,0.0
20230418:0211,0.0,0.0,4.74,2.48,0.0
20230418:0311,0.0,0.0,4.8,2.41,0.0
20230418:0411,0.0,0.0,4.8,2.34,0.0
20230418:0511,28.73,5.93,4.97,2.14,0.0
20230418:0611,164.64,13.7,5.53,1.93,0.0
20230418:0711,349.2,21.42,7.23,1.93,0.0
20230418:0811,597.69,28.65,9.5,1.72,0.0
20230418:0911,785.45,34.9,10.83,1.31,0.0
20230418:1011,859.71,39.55,11.6,0.55,0.0
20230418:1111,972.54,41.97,11.97,0.55,0.0
20230418:1211,1017.41,41.78,12.1,1.45,0.0
20230418:1311,941.67,39.0,11.61,2.69,0.0
20230418:1411,792.66,34.08,11.05,3.31,0.0
20230418:1511,562.97,27.66,10.78,3.38,0.0
20230418:1611,354.04,20.32,10.3,3.24,0.0
20230418:1711,140.5,12.57,9.69,3.17,0.0
20230418:1811,14.77,4.83,9.09,3.03,0.0
20230418:1911,0.0,0.0,8.61,2.97,0.0
20230418:2011,0.0,0.0,8.13,3.24,0.0
20230418:2111,0.0,0.0,6.92,3.03,0.0
20230418:2211,0.0,0.0,6.21,2.83,0.0
20230418:2311,0.0,0.0,5.75,2.76,0.0
20230419:0011,0.0,0.0,5.3,2.69,0.0
20230419:0111,0.0,0.0,4.97,2.48,0.0
20230419:0211,0.0,0.0,4.76,2.48,0.0
20230419:0311,0.0,0.0,4.53,2.48,0.0
20230419:0411,0.0,0.0,4.34,2.48,0.0
20230419:0511,27.08,6.26,4.38,2.34,0.0
20230419:0611,176.15,14.03,5.43,2.07,0.0
20230419:0711,395.17,21.75,7.72,2.14,0.0
20230419:0811,619.68,28.99,10.07,1.72,0.0
20230419:0911,801.6,35.24,11.48,1.31,0.0
20230419:1011,951.81,39.9,12.14,1.03,0.0
20230419:1111,1027.8,42.33,12.29,1.79,0.0
20230419:1211,1035.0,42.12,12.16,2.62,0.0
20230419:1311,951.98,39.32,12.03,3.45,0.0
20230419:1411,796.03,34.38,11.81,4.07,0.0
20230419:1511,607.53,27.93,11.63,4.55,0.0
20230419:1611,371.98,20.59,11.35,4.69,0.0
20230419:1711,144.49,12.84,10.86,4.55,0.0
20230419:1811,20.52,5.1,10.11,4.55,0.0
20230419:1911,0.0,0.0,9.57,4.34,0.0
20230419:2011,0.0,0.0,8.49,3.66,0.0
20230419:2111,0.0,0.0,7.35,2.83,0.0
20230419:2211,0.0,0.0,6.51,2.41,0.0
20230419:2311,0.0,0.0,5.83,2.14,0.0
20230420:0011,0.0,0.0,5.3,1.79,0.0
20230420:0111,0.0,0.0,4.96,1.52,0.0
20230420:0211,0.0,0.0,4.8,1.52,0.0
20230420:0311,0.0,0.0,4.79,1.59,0.0
20230420:0411,0.0,0.0,4.54,1.72,0.0
20230420:0511,29.55,6.58,4.37,1.66,0.0
20230420:0611,179.96,14.35,5.73,1.52,0.0
20230420:0711,400.49,22.07,8.15,1.93,0.0
20230420:0811,617.5,29.32,10.44,1.79,0.0
20230420:0911,809.13,35.58,11.81,1.66,0.0
20230420:1011,952.22,40.24,12.51,1.24,0.0
20230420:1111,1034.91,42.67,12.87,0.76,0.0
20230420:1211,1035.06,42.46,12.98,1.03,0.0
20230420:1311,946.47,39.63,12.69,2.28,0.0
20230420:1411,796.42,34.67,11.91,2.97,0.0
20230420:1511,608.05,28.21,11.05,3.03,0.0
20230420:1611,372.94,20.85,10.32,2.83,0.0
20230420:1711,145.86,13.1,9.49,2.48,0.0
20230420:1811,22.98,5.36,8.59,2.0,0.0
20230420:1911,0.0,0.0,8.08,1.79,0.0
20230420:2011,0.0,0.0,7.47,1.66,0.0
20230420:2111,0.0,0.0,7.04,1.66,0.0
20230420:2211,0.0,0.0,6.29,1.72,0.0
20230420:2311,0.0,0.0,5.31,1.79,0.0
20230421:0011,0.0,0.0,4.88,1.93,0.0
20230421:0111,0.0,0.0,4.64,2.0,0.0
20230421:0211,0.0,0.0,4.36,2.0,0.0
20230421:0311,0.0,0.0,4.07,2.0,0.0
20230421:0411,0.0,0.0,3.8,1.86,0.0
20230421:0511,31.19,6.9,3.89,1.72,0.0
20230421:0611,178.58,14.67,5.36,1.38,0.0
20230421:0711,401.82,22.39,8.29,1.24,0.0
20230421:0811,625.5,29.65,10.77,0.97,0.0
20230421:0911,817.39,35.92,12.03,0.83,0.0
20230421:1011,967.38,40.59,12.66,0.97,0.0
20230421:1111,1037.39,43.02,12.96,1.24,0.0
20230421:1211,1043.1,42.79,13.12,1.59,0.0
20230421:1311,959.93,39.95,13.09,2.14,0.0
20230421:1411,809.25,34.96,12.79,2.55,0.0
20230421:1511,612.4,28.48,12.41,2.69,0.0
20230421:1611,378.54,21.12,11.91,2.55,0.0
20230421:1711,147.44,13.36,11.3,2.28,0.0
20230421:1811,24.62,5.63,10.44,2.21,0.0
20230421:1911,0.0,0.0,10.33,2.83,0.0
20230421:2011,0.0,0.0,9.57,2.83,0.0
20230421:2111,0.0,0.0,8.83,2.69,0.0
20230421:2211,0.0,0.0,7.85,2.34,0.0
20230421:2311,0.0,0.0,6.62,2.21,0.0
20230422:0011,0.0,0.0,5.9,2.14,0.0
20230422:0111,0.0,0.0,5.63,2.21,0.0
20230422:0211,0.0,0.0,5.65,2.34,0.0
20230422:0311,0.0,0.0,5.77,2.48,0.0
20230422:0411,0.0,0.0,5.64,2.48,0.0
20230422:0511,32.83,7.22,5.83,2.48,0.0
20230422:0611,181.4,14.98,7.32,2.48,0.0
20230422:0711,408.54,22.71,9.02,2.41,0.0
20230422:0811,629.81,29.97,11.2,2.55,0.0
20230422:0911,816.46,36.25,12.7,2.97,0.0
20230422:1011,959.11,40.93,13.72,3.31,0.0
20230422:1111,1034.58,43.36,14.33,3.79,0.0
20230422:1211,1007.76,43.12,14.58,4.14,0.0
20230422:1311,886.65,40.26,14.67,4.21,0.0
20230422:1411,130.3,35.25,14.51,4.28,0.0
20230422:1511,84.79,28.76,14.07,4.14,0.0
20230422:1611,48.19,21.38,13.01,3.72,0.0
20230422:1711,31.24,13.62,11.48,3.17,0.0
20230422:1811,25.44,5.89,10.84,3.31,0.0
20230422:1911,0.0,0.0,10.6,3.59,0.0
20230422:2011,0.0,0.0,9.34,3.38,0.0
20230422:2111,0.0,0.0,8.79,3.45,0.0
20230422:2211,0.0,0.0,8.58,3.31,0.0
20230422:2311,0.0,0.0,8.42,2.76,0.0
20230423:0011,0.0,0.0,8.14,2.28,0.0
20230423:0111,0.0,0.0,7.85,2.0,0.0
20230423:0211,0.0,0.0,6.97,2.0,0.0
20230423:0311,0.0,0.0,6.82,1.52,0.0
20230423:0411,0.0,0.0,6.68,2.07,0.0
20230423:0511,32.83,7.53,6.53,2.62,0.0
20230423:0611,138.26,15.29,6.63,2.55,0.0
20230423:0711,351.79,23.02,6.77,2.97,0.0
20230423:0811,332.64,30.29,7.08,3.03,0.0
20230423:0911,180.07,36.58,7.79,2.9,0.0
20230423:1011,94.6,41.26,8.12,2.97,0.0
20230423:1111,149.94,43.69,8.91,3.59,0.0
20230423:1211,289.7,43.45,9.3,4.28,0.0
20230423:1311,171.36,40.56,9.24,5.17,0.0
20230423:1411,283.33,35.54,8.77,5.24,0.0
20230423:1511,332.31,29.03,8.55,4.83,0.0
20230423:1611,239.16,21.64,8.44,4.76,0.0
20230423:1711,57.12,13.87,8.21,4.28,0.0
20230423:1811,27.9,6.15,7.8,3.66,0.0
20230423:1911,0.0,0.0,7.36,3.38,0.0
20230423:2011,0.0,0.0,7.15,3.1,0.0
20230423:2111,0.0,0.0,6.93,2.83,0.0
20230423:2211,0.0,0.0,6.77,2.48,0.0
20230423:2311,0.0,0.0,6.49,2.07,0.0
20230424:0011,0.0,0.0,6.74,1.66,0.0
20230424:0111,0.0,0.0,6.44,1.17,0.0
20230424:0211,0.0,0.0,6.26,0.48,0.0
20230424:0311,0.0,0.0,6.69,0.34,0.0
20230424:0411,0.0,0.0,5.12,1.24,0.0
20230424:0511,40.22,7.84,5.27,1.86,0.0
20230424:0611,86.28,15.59,6.52,2.34,0.0
20230424:0711,341.88,23.33,6.81,1.31,0.0
20230424:0811,448.18,30.6,7.36,2.0,0.0
20230424:0911,539.42,36.9,8.18,2.9,0.0
20230424:1011,258.49,41.6,8.12,4.07,0.0
20230424:1111,210.49,44.03,8.29,5.17,0.0
20230424:1211,406.28,43.77,8.22,6.14,0.0
20230424:1311,565.55,40.87,7.98,6.9,0.0
20230424:1411,471.31,35.82,7.54,7.31,0.0
20230424:1511,401.17,29.29,7.18,7.59,0.0
20230424:1611,236.87,21.9,6.72,8.0,0.0
20230424:1711,100.61,14.13,6.16,8.55,0.0
20230424:1811,22.16,6.41,5.56,8.97,0.0
20230424:1911,0.0,0.0,5.21,8.48,0.0
20230424:2011,0.0,0.0,4.87,8.76,0.0
20230424:2111,0.0,0.0,4.56,9.03,0.0
20230424:2211,0.0,0.0,4.37,9.24,0.0
20230424:2311,0.0,0.0,4.2,9.52,0.0
20230425:0011,0.0,0.0,4.05,9.45,0.0
20230425:0111,0.0,0.0,3.87,9.72,0.0
20230425:0211,0.0,0.0,3.83,9.86,0.0
20230425:0311,0.0,0.0,3.77,9.86,0.0
20230425:0411,0.0,0.0,3.7,9.93,0.0
20230425:0511,9.03,8.14,3.72,10.41,0.0
20230425:0611,110.56,15.9,3.92,11.03,0.0
20230425:0711,260.48,23.63,4.09,10.69,0.0
20230425:0811,454.22,30.91,4.26,10.83,0.0
20230425:0911,709.26,37.22,4.55,10.9,0.0
20230425:1011,766.12,41.92,4.76,11.1,0.0
20230425:1111,976.6,44.36,5.08,11.24,0.0
20230425:1211,741.98,44.09,5.29,11.38,0.0
20230425:1311,777.25,41.17,5.28,11.31,0.0
20230425:1411,490.51,36.1,5.25,11.59,0.0
20230425:1511,359.53,29.56,5.02,11.38,0.0
20230425:1611,284.45,22.15,4.81,11.17,0.0
20230425:1711,95.72,14.38,4.48,10.83,0.0
20230425:1811,29.55,6.66,4.18,10.21,0.0
20230425:1911,0.0,0.0,3.67,9.52,0.0
20230425:2011,0.0,0.0,3.46,9.24,0.0
20230425:2111,0.0,0.0,3.38,8.97,0.0
20230425:2211,0.0,0.0,3.23,8.83,0.0
20230425:2311,0.0,0.0,3.1,8.55,0.0
20230426:0011,0.0,0.0,3.05,8.34,0.0
20230426:0111,0.0,0.0,2.86,8.07,0.0
20230426:0211,0.0,0.0,2.64,8.07,0.0
20230426:0311,0.0,0.0,2.46,8.14,0.0
20230426:0411,0.0,0.0,2.24,7.66,0.0
20230426:0511,45.14,8.44,2.22,7.52,0.0
20230426:0611,145.33,16.19,2.34,7.59,0.0
20230426:0711,297.28,23.93,3.1,7.31,0.0
20230426:0811,530.18,31.22,3.56,7.45,0.0
20230426:0911,700.52,37.54,3.95,7.52,0.0
20230426:1011,912.14,42.25,4.17,7.24,0.0
20230426:1111,1018.24,44.68,4.3,7.17,0.0
20230426:1211,759.23,44.41,4.48,6.97,0.0
20230426:1311,793.32,41.47,4.57,6.9,0.0
20230426:1411,346.02,36.38,4.4,6.97,0.0
20230426:1511,595.16,29.82,4.33,6.9,0.0
20230426:1611,380.92,22.4,4.09,6.9,0.0
20230426:1711,154.06,14.63,3.75,6.9,0.0
20230426:1811,19.7,6.92,3.44,6.69,0.0
20230426:1911,0.0,0.0,3.12,6.21,0.0
20230426:2011,0.0,0.0,2.89,6.28,0.0
20230426:2111,0.0,0.0,2.83,6.41,0.0
20230426:2211,0.0,0.0,2.85,6.21,0.0
20230426:2311,0.0,0.0,2.79,6.07,0.0
20230427:0011,0.0,0.0,2.9,6.28,0.0
20230427:0111,0.0,0.0,2.84,6.41,0.0
20230427:0211,0.0,0.0,2.86,6.48,0.0
20230427:0311,0.0,0.0,2.86,6.55,0.0
20230427:0411,0.0,0.0,2.9,6.48,0.0
20230427:0511,48.42,8.73,3.08,6.41,0.0
20230427:0611,145.27,16.48,3.52,6.62,0.0
20230427:0711,264.51,24.22,3.73,6.48,0.0
20230427:0811,470.9,31.52,4.27,6.83,0.0
20230427:0911,692.27,37.85,4.78,6.69,0.0
20230427:1011,823.28,42.57,5.23,6.55,0.0
20230427:1111,855.55,45.01,5.48,6.48,0.0
20230427:1211,942.53,44.72,5.52,6.34,0.0
20230427:1311,854.39,41.76,5.58,6.48,0.0
20230427:1411,681.46,36.66,5.55,6.28,0.0
20230427:1511,490.62,30.08,5.6,5.93,0.0
20230427:1611,375.08,22.65,5.49,5.66,0.0
20230427:1711,154.29,14.88,5.16,5.45,0.0
20230427:1811,37.75,7.17,4.71,4.97,0.0
20230427:1911,0.0,0.0,3.9,3.93,0.0
20230427:2011,0.0,0.0,3.45,3.38,0.0
20230427:2111,0.0,0.0,3.09,2.97,0.0
20230427:2211,0.0,0.0,2.9,2.62,0.0
20230427:2311,0.0,0.0,2.79,2.34,0.0
20230428:0011,0.0,0.0,2.7,2.14,0.0
20230428:0111,0.0,0.0,2.66,2.0,0.0
20230428:0211,0.0,0.0,2.58,1.93,0.0
20230428:0311,0.0,0.0,2.52,1.72,0.0
20230428:0411,0.0,0.0,2.43,1.59,0.0
20230428:0511,8.21,9.02,2.32,1.17,0.0
20230428:0611,88.93,16.77,3.08,0.41,0.0
20230428:0711,208.85,24.51,4.03,1.31,0.0
20230428:0811,270.6,31.82,4.84,1.59,0.0
20230428:0911,316.74,38.16,5.41,1.79,0.0
20230428:1011,293.63,42.88,5.76,1.93,0.0
20230428:1111,358.64,45.33,5.96,2.07,0.0
20230428:1211,475.26,45.03,5.99,2.48,0.0
20230428:1311,716.38,42.06,5.64,2.9,0.0
20230428:1411,216.24,36.93,5.64,3.17,0.0
20230428:1511,264.19,30.34,5.82,3.38,0.0
20230428:1611,250.8,22.9,5.74,3.45,0.0
20230428:1711,113.1,15.13,5.51,3.38,0.0
20230428:1811,21.34,7.42,5.23,3.31,0.0
20230428:1911,0.0,0.0,4.87,3.52,0.0
20230428:2011,0.0,0.0,4.48,3.79,0.0
20230428:2111,0.0,0.0,4.34,4.14,0.0
20230428:2211,0.0,0.0,4.35,4.62,0.0
20230428:2311,0.0,0.0,4.68,5.17,0.0
20230429:0011,0.0,0.0,4.9,5.38,0.0
20230429:0111,0.0,0.0,5.06,5.17,0.0
20230429:0211,0.0,0.0,4.93,5.59,0.0
20230429:0311,0.0,0.0,4.26,6.97,0.0
20230429:0411,0.82,1.93,3.66,6.76,0.0
20230429:0511,24.62,9.31,3.15,6.83,0.0
20230429:0611,172.45,17.06,3.41,6.62,0.0
20230429:0711,428.49,24.8,3.89,7.24,0.0
20230429:0811,512.03,32.11,4.24,7.38,0.0
20230429:0911,813.12,38.46,4.41,7.45,0.0
20230429:1011,876.69,43.2,4.78,7.66,0.0
20230429:1111,502.1,45.64,5.22,7.79,0.0
20230429:1211,1028.63,45.34,5.43,7.93,0.0
20230429:1311,964.87,42.34,5.39,8.21,0.0
20230429:1411,517.59,37.2,5.37,8.28,0.0
20230429:1511,531.18,30.59,5.19,8.21,0.0
20230429:1611,309.1,23.15,4.82,8.07,0.0
20230429:1711,83.11,15.37,4.53,7.66,0.0
20230429:1811,35.29,7.67,4.14,7.24,0.0
20230429:1911,0.0,0.0,3.79,7.03,0.0
20230429:2011,0.0,0.0,3.55,6.97,0.0
20230429:2111,0.0,0.0,3.33,6.76,0.0
20230429:2211,0.0,0.0,3.24,6.69,0.0
20230429:2311,0.0,0.0,3.11,6.55,0.0
20230430:0011,0.0,0.0,3.0,6.55,0.0
20230430:0111,0.0,0.0,2.8,6.34,0.0
20230430:0211,0.0,0.0,2.83,6.14,0.0
20230430:0311,0.0,0.0,2.84,5.93,0.0
20230430:0411,0.82,2.22,2.87,5.72,0.0
20230430:0511,27.9,9.59,3.19,5.45,0.0
20230430:0611,142.59,17.33,3.54,5.24,0.0
20230430:0711,334.37,25.08,4.04,5.03,0.0
20230430:0811,625.9,32.4,4.34,4.55,0.0
20230430:0911,648.14,38.75,4.87,4.0,0.0
20230430:1011,882.76,43.5,5.1,3.59,0.0
20230430:1111,835.17,45.95,5.36,3.45,0.0
20230430:1211,904.91,45.64,5.63,3.38,0.0
20230430:1311,688.04,42.63,5.68,3.1,0.0
20230430:1411,491.9,37.46,5.65,2.62,0.0
20230430:1511,302.59,30.84,5.51,2.21,0.0
20230430:1611,128.33,23.39,5.03,1.31,0.0
20230430:1711,81.3,15.61,4.81,0.76,0.0
20230430:1811,9.03,7.92,4.52,1.24,0.0
20230430:1911,0.0,0.0,3.7,2.41,0.0
20230430:2011,0.0,0.0,3.23,3.17,0.0
20230430:2111,0.0,0.0,2.72,4.48,0.0
20230430:2211,0.0,0.0,2.78,5.52,0.0
20230430:2311,0.0,0.0,3.06,6.14,0.0
20230501:0011,0.0,0.0,3.64,6.14,0.0
20230501:0111,0.0,0.0,3.68,6.0,0.0
20230501:0211,0.0,0.0,4.28,5.03,0.0
20230501:0311,0.0,0.0,4.72,4.48,0.0
20230501:0411,0.82,2.5,5.01,3.86,0.0
20230501:0511,15.59,9.86,5.26,2.76,0.0
20230501:0611,36.59,17.61,5.53,2.14,0.0
20230501:0711,67.83,25.36,6.18,2.76,0.0
20230501:0811,196.37,32.68,6.64,3.31,0.0
20230501:0911,195.78,39.05,6.67,3.38,0.0
20230501:1011,133.87,43.81,6.91,4.07,0.0
20230501:1111,280.22,46.26,6.71,5.31,0.0
20230501:1211,408.4,45.94,6.64,6.21,0.0
20230501:1311,571.28,42.91,6.38,7.38,0.0
20230501:1411,627.09,37.73,6.03,8.14,0.0
20230501:1511,546.03,31.09,5.86,9.03,0.0
20230501:1611,389.44,23.63,5.46,9.31,0.0
20230501:1711,162.08,15.85,4.79,9.52,0.0
20230501:1811,41.86,8.16,4.21,9.52,0.0
20230501:1911,0.0,0.0,3.85,8.97,0.0
20230501:2011,0.0,0.0,3.58,8.76,0.0
20230501:2111,0.0,0.0,3.52,8.55,0.0
20230501:2211,0.0,0.0,3.48,8.48,0.0
20230501:2311,0.0,0.0,3.4,8.21,0.0
20230502:0011,0.0,0.0,3.29,8.07,0.0
20230502:0111,0.0,0.0,3.07,7.52,0.0
20230502:0211,0.0,0.0,3.03,6.97,0.0
20230502:0311,0.0,0.0,2.95,6.41,0.0
20230502:0411,3.28,2.77,3.05,6.0,0.0
20230502:0511,41.04,10.13,3.27,5.66,0.0
20230502:0611,210.29,17.88,3.89,5.38,0.0
20230502:0711,0.0,0.0,4.97,5.93,0.0
20230502:0811,299.37,32.96,5.7,6.21,0.0
20230502:0911,376.83,39.33,6.19,6.07,0.0
20230502:1011,590.27,44.1,6.22,6.07,0.0
20230502:1111,745.17,46.56,6.49,6.48,0.0
20230502:1211,945.83,46.23,6.59,6.62,0.0
20230502:1311,850.83,43.19,6.62,6.9,0.0
20230502:1411,760.62,37.99,6.65,7.17,0.0
20230502:1511,591.76,31.34,6.55,7.31,0.0
20230502:1611,338.92,23.87,6.23,7.1,0.0
20230502:1711,164.52,16.09,5.91,6.69,0.0
20230502:1811,45.96,8.4,5.59,6.21,0.0
20230502:1911,0.0,0.0,5.39,5.31,0.0
20230502:2011,0.0,0.0,4.98,4.9,0.0
20230502:2111,0.0,0.0,4.67,4.83,0.0
20230502:2211,0.0,0.0,4.48,4.76,0.0
20230502:2311,0.0,0.0,4.4,4.69,0.0
20230503:0011,0.0,0.0,4.37,4.83,0.0
20230503:0111,0.0,0.0,4.37,4.9,0.0
20230503:0211,0.0,0.0,4.35,4.83,0.0
20230503:0311,0.0,0.0,4.17,4.62,0.0
20230503:0411,3.28,3.05,4.11,4.62,0.0
20230503:0511,58.27,10.4,4.34,4.62,0.0
20230503:0611,97.76,18.14,4.83,4.76,0.0
20230503:0711,156.09,25.89,5.44,4.55,0.0
20230503:0811,334.81,33.23,6.22,4.76,0.0
20230503:0911,484.51,39.62,6.98,4.83,0.0
20230503:1011,224.44,44.4,7.32,4.97,0.0
20230503:1111,891.35,46.85,7.69,5.17,0.0
20230503:1211,785.34,46.52,7.83,5.66,0.0
20230503:1311,766.04,43.46,7.65,6.07,0.0
20230503:1411,691.0,38.25,7.46,6.14,0.0
20230503:1511,601.48,31.58,7.21,6.07,0.0
20230503:1611,397.22,24.11,7.02,6.14,0.0
20230503:1711,168.14,16.32,6.81,6.0,0.0
20230503:1811,36.93,8.64,6.43,5.66,0.0
20230503:1911,0.0,0.0,5.96,5.03,0.0
20230503:2011,0.0,0.0,5.37,4.76,0.0
20230503:2111,0.0,0.0,4.93,4.62,0.0
20230503:2211,0.0,0.0,4.56,4.55,0.0
20230503:2311,0.0,0.0,4.28,4.34,0.0
20230504:0011,0.0,0.0,4.18,4.07,0.0
20230504:0111,0.0,0.0,4.02,3.93,0.0
20230504:0211,0.0,0.0,3.91,3.86,0.0
20230504:0311,0.0,0.0,3.78,3.59,0.0
20230504:0411,1.64,3.31,3.76,3.1,0.0
20230504:0511,41.04,10.66,4.09,2.62,0.0
20230504:0611,223.51,18.4,5.18,2.0,0.0
20230504:0711,397.14,26.15,6.51,2.07,0.0
20230504:0811,659.27,33.5,7.56,2.14,0.0
20230504:0911,675.51,39.9,8.55,2.34,0.0
20230504:1011,670.8,44.68,9.31,2.55,0.0
20230504:1111,675.43,47.15,9.67,2.28,0.0
20230504:1211,648.33,46.81,9.54,2.34,0.0
20230504:1311,818.94,43.74,9.77,2.48,0.0
20230504:1411,604.59,38.5,10.14,2.28,0.0
20230504:1511,408.7,31.82,9.99,1.86,0.0
20230504:1611,236.88,24.34,9.93,1.52,0.0
20230504:1711,151.11,16.55,9.48,1.24,0.0
20230504:1811,41.04,8.87,8.78,1.1,0.0
20230504:1911,0.82,1.67,7.7,2.62,0.0
20230504:2011,0.0,0.0,6.74,3.66,0.0
20230504:2111,0.0,0.0,6.13,4.41,0.0
20230504:2211,0.0,0.0,5.68,4.97,0.0
20230504:2311,0.0,0.0,5.32,5.03,0.0
20230505:0011,0.0,0.0,5.12,5.52,0.0
20230505:0111,0.0,0.0,5.0,5.86,0.0
20230505:0211,0.0,0.0,4.91,6.41,0.0
20230505:0311,0.0,0.0,4.92,6.83,0.0
20230505:0411,2.46,3.57,4.94,7.1,0.0
20230505:0511,59.09,10.92,5.14,7.59,0.0
20230505:0611,185.36,18.65,5.66,7.1,0.0
20230505:0711,331.29,26.41,6.58,7.03,0.0
20230505:0811,617.23,33.76,7.48,8.34,0.0
20230505:0911,838.84,40.17,8.46,8.83,0.0
20230505:1011,980.88,44.97,9.05,9.03,0.0
20230505:1111,1065.7,47.43,9.38,8.83,0.0
20230505:1211,1036.16,47.09,9.55,8.97,0.0
20230505:1311,857.84,44.0,9.56,9.03,0.0
20230505:1411,761.09,38.75,9.48,8.83,0.0
20230505:1511,465.01,32.06,9.3,8.55,0.0
20230505:1611,208.05,24.57,8.94,8.21,0.0
20230505:1711,123.48,16.78,8.38,8.0,0.0
20230505:1811,32.83,9.11,7.71,8.07,0.0
20230505:1911,0.82,1.91,7.16,7.72,0.0
20230505:2011,0.0,0.0,6.67,7.79,0.0
20230505:2111,0.0,0.0,6.41,7.93,0.0
20230505:2211,0.0,0.0,6.37,8.14,0.0
20230505:2311,0.0,0.0,6.48,8.34,0.0
20230506:0011,0.0,0.0,6.35,8.41,0.0
20230506:0111,0.0,0.0,6.2,8.48,0.0
20230506:0211,0.0,0.0,6.02,7.79,0.0
20230506:0311,0.0,0.0,5.77,7.59,0.0
20230506:0411,5.75,3.83,5.53,7.79,0.0
20230506:0511,59.09,11.17,5.47,7.79,0.0
20230506:0611,89.98,18.9,5.54,7.31,0.0
20230506:0711,202.56,26.66,6.21,8.0,0.0
20230506:0811,302.48,34.02,6.93,8.07,0.0
20230506:0911,252.87,40.44,7.74,8.14,0.0
20230506:1011,887.84,45.25,8.42,7.79,0.0
20230506:1111,901.25,47.72,8.68,7.24,0.0
20230506:1211,893.99,47.37,9.1,7.03,0.0
20230506:1311,883.44,44.27,9.56,6.76,0.0
20230506:1411,810.39,39.0,9.81,6.76,0.0
20230506:1511,624.55,32.29,9.76,6.97,0.0
20230506:1611,391.33,24.8,9.48,6.83,0.0
20230506:1711,169.68,17.01,9.09,6.69,0.0
20230506:1811,50.06,9.34,8.59,6.62,0.0
20230506:1911,0.82,2.15,8.17,6.21,0.0
20230506:2011,0.0,0.0,7.49,6.28,0.0
20230506:2111,0.0,0.0,7.02,6.41,0.0
20230506:2211,0.0,0.0,6.88,6.55,0.0
20230506:2311,0.0,0.0,6.91,6.62,0.0
20230507:0011,0.0,0.0,6.79,6.62,0.0
20230507:0111,0.0,0.0,6.61,6.62,0.0
20230507:0211,0.0,0.0,6.39,6.69,0.0
20230507:0311,0.0,0.0,6.13,6.83,0.0
20230507:0411,6.57,4.08,5.81,6.34,0.0
20230507:0511,65.66,11.41,5.87,6.34,0.0
20230507:0611,187.58,19.14,6.43,6.14,0.0
20230507:0711,350.59,26.9,7.59,7.1,0.0
20230507:0811,655.04,34.27,8.54,7.31,0.0
20230507:0911,842.03,40.7,9.45,7.52,0.0
20230507:1011,966.14,45.52,10.1,7.45,0.0
20230507:1111,1041.47,48.0,10.59,7.31,0.0
20230507:1211,1026.07,47.64,10.73,7.24,0.0
20230507:1311,281.48,44.53,10.6,7.24,0.0
20230507:1411,385.16,39.24,10.13,7.03,0.0
20230507:1511,599.94,32.53,10.03,6.97,0.0
20230507:1611,347.47,25.02,10.11,6.83,0.0
20230507:1711,147.78,17.23,10.0,6.34,0.0
20230507:1811,45.14,9.57,9.81,6.69,0.0
20230507:1911,0.82,2.39,9.73,6.41,0.0
20230507:2011,0.0,0.0,9.21,6.41,0.0
20230507:2111,0.0,0.0,8.92,6.69,0.0
20230507:2211,0.0,0.0,8.74,7.1,0.0
20230507:2311,0.0,0.0,8.63,7.31,0.0
20230508:0011,0.0,0.0,8.54,7.31,0.0
20230508:0111,0.0,0.0,8.51,7.59,0.0
20230508:0211,0.0,0.0,8.42,7.86,0.0
20230508:0311,0.0,0.0,8.3,7.79,0.0
20230508:0411,2.46,4.33,8.23,7.86,0.0
20230508:0511,19.7,11.65,8.36,7.93,0.0
20230508:0611,145.64,19.38,8.57,8.0,0.0
20230508:0711,156.47,27.14,8.91,8.07,0.0
20230508:0811,258.6,34.51,9.59,8.48,0.0
20230508:0911,609.78,40.95,10.15,8.83,0.0
20230508:1011,605.2,45.79,10.86,9.1,0.0
20230508:1111,424.06,48.27,11.24,9.1,0.0
20230508:1211,321.34,47.91,11.42,9.03,0.0
20230508:1311,433.58,44.78,11.2,8.97,0.0
20230508:1411,304.0,39.48,11.11,8.9,0.0
20230508:1511,291.42,32.75,11.12,8.69,0.0
20230508:1611,179.81,25.24,10.94,7.93,0.0
20230508:1711,47.3,17.45,10.92,7.72,0.0
20230508:1811,18.88,9.79,10.69,8.07,0.0
20230508:1911,1.64,2.62,10.39,7.79,0.0
20230508:2011,0.0,0.0,10.33,8.21,0.0
20230508:2111,0.0,0.0,10.38,8.21,0.0
20230508:2211,0.0,0.0,10.14,8.21,0.0
20230508:2311,0.0,0.0,9.69,8.14,0.0
20230509:0011,0.0,0.0,9.35,8.07,0.0
20230509:0111,0.0,0.0,9.29,7.93,0.0
20230509:0211,0.0,0.0,9.16,7.86,0.0
20230509:0311,0.0,0.0,9.09,7.93,0.0
20230509:0411,3.28,4.57,9.03,8.0,0.0
20230509:0511,10.67,11.89,8.91,8.14,0.0
20230509:0611,130.58,19.61,8.81,8.14,0.0
20230509:0711,122.48,27.38,8.99,8.07,0.0
20230509:0811,269.7,34.75,8.89,8.28,0.0
20230509:0911,258.21,41.21,8.76,8.28,0.0
20230509:1011,379.61,46.05,8.64,8.48,0.0
20230509:1111,370.57,48.54,8.54,8.76,0.0
20230509:1211,283.0,48.17,8.56,8.97,0.0
20230509:1311,171.36,45.03,8.13,8.83,0.0
20230509:1411,127.62,39.72,8.18,8.48,0.0
20230509:1511,87.46,32.98,8.25,8.41,0.0
20230509:1611,49.09,25.46,8.27,7.72,0.0
20230509:1711,33.02,17.67,8.42,7.31,0.0
20230509:1811,11.49,10.01,8.59,6.9,0.0
20230509:1911,1.64,2.85,8.74,6.0,0.0
20230509:2011,0.0,0.0,8.84,5.72,0.0
20230509:2111,0.0,0.0,8.93,5.52,0.0
20230509:2211,0.0,0.0,8.91,5.24,0.0
20230509:2311,0.0,0.0,8.93,5.38,0.0
20230510:0011,0.0,0.0,9.34,5.66,0.0
20230510:0111,0.0,0.0,8.59,6.07,0.0
20230510:0211,0.0,0.0,8.34,6.21,0.0
20230510:0311,0.0,0.0,8.11,6.14,0.0
20230510:0411,3.28,4.8,8.06,6.0,0.0
20230510:0511,11.49,12.12,7.85,6.14,0.0
20230510:0611,38.38,19.84,7.84,6.41,0.0
20230510:0711,65.15,27.61,7.65,6.41,0.0
20230510:0811,112.45,34.99,7.73,6.69,0.0
20230510:0911,171.36,41.45,7.9,6.83,0.0
20230510:1011,197.24,46.31,8.9,6.9,0.0
20230510:1111,278.06,48.8,9.4,6.9,0.0
20230510:1211,247.06,48.43,9.82,6.76,0.0
20230510:1311,192.78,45.28,10.16,6.69,0.0
20230510:1411,167.79,39.95,10.34,6.41,0.0
20230510:1511,125.84,33.2,10.47,6.14,0.0
20230510:1611,100.85,25.68,10.52,5.93,0.0
20230510:1711,93.61,17.89,10.45,5.72,0.0
20230510:1811,41.04,10.23,10.32,5.38,0.0
20230510:1911,7.39,3.08,9.91,4.34,0.0
20230510:2011,0.0,0.0,9.52,3.79,0.0
20230510:2111,0.0,0.0,9.24,3.45,0.0
20230510:2211,0.0,0.0,9.03,3.24,0.0
20230510:2311,0.0,0.0,8.84,3.1,0.0
20230511:0011,0.0,0.0,8.66,2.83,0.0
20230511:0111,0.0,0.0,8.53,2.48,0.0
20230511:0211,0.0,0.0,8.44,2.14,0.0
20230511:0311,0.0,0.0,8.4,1.86,0.0
20230511:0411,3.28,5.03,8.42,1.59,0.0
20230511:0511,11.49,12.34,8.57,1.31,0.0
20230511:0611,46.41,20.06,8.83,1.03,0.0
20230511:0711,169.52,27.83,8.99,1.31,0.0
20230511:0811,283.18,35.22,9.43,1.1,0.0
20230511:0911,316.55,41.69,9.78,0.76,0.0
20230511:1011,354.44,46.56,10.4,0.55,0.0
20230511:1111,460.96,49.06,10.76,0.97,0.0
20230511:1211,486.0,48.69,11.44,0.97,0.0
20230511:1311,492.54,45.53,11.3,1.93,0.0
20230511:1411,436.62,40.18,10.98,2.48,0.0
20230511:1511,357.47,33.42,10.59,2.62,0.0
20230511:1611,229.81,25.89,10.3,2.62,0.0
20230511:1711,116.96,18.1,10.18,2.69,0.0
20230511:1811,57.45,10.45,9.95,2.69,0.0
20230511:1911,4.1,3.3,9.02,2.69,0.0
20230511:2011,0.0,0.0,8.68,2.9,0.0
20230511:2111,0.0,0.0,8.52,2.9,0.0
20230511:2211,0.0,0.0,8.45,2.83,0.0
20230511:2311,0.0,0.0,8.29,2.76,0.0
20230512:0011,0.0,0.0,7.93,2.76,0.0
20230512:0111,0.0,0.0,7.56,2.69,0.0
20230512:0211,0.0,0.0,7.12,2.62,0.0
20230512:0311,0.0,0.0,6.84,2.76,0.0
20230512:0411,10.67,5.26,7.09,2.76,0.0
20230512:0511,73.04,12.56,7.96,2.76,0.0
20230512:0611,170.58,20.28,9.33,2.83,0.0
20230512:0711,307.95,28.05,10.04,2.9,0.0
20230512:0811,607.3,35.44,10.99,3.03,0.0
20230512:0911,845.12,41.93,11.51,3.45,0.0
20230512:1011,892.69,46.8,11.5,3.93,0.0
20230512:1111,774.49,49.32,11.61,4.34,0.0
20230512:1211,1026.89,48.94,11.69,4.55,0.0
20230512:1311,969.4,45.77,11.89,4.76,0.0
20230512:1411,803.22,40.41,11.81,4.97,0.0
20230512:1511,621.55,33.64,11.46,4.83,0.0
20230512:1611,394.65,26.1,10.97,4.69,0.0
20230512:1711,177.31,18.31,10.34,4.55,0.0
20230512:1811,59.09,10.66,9.69,4.48,0.0
20230512:1911,4.1,3.52,9.02,4.41,0.0
20230512:2011,0.0,0.0,8.11,4.48,0.0
20230512:2111,0.0,0.0,7.53,4.28,0.0
20230512:2211,0.0,0.0,7.06,4.62,0.0
20230512:2311,0.0,0.0,6.79,4.55,0.0
20230513:0011,0.0,0.0,6.56,4.34,0.0
20230513:0111,0.0,0.0,6.55,4.28,0.0
20230513:0211,0.0,0.0,6.37,4.14,0.0
20230513:0311,0.0,0.0,6.42,4.07,0.0
20230513:0411,4.1,5.48,6.47,4.0,0.0
20230513:0511,33.65,12.77,6.67,4.55,0.0
20230513:0611,96.2,20.49,7.13,4.62,0.0
20230513:0711,155.19,28.26,7.96,5.17,0.0
20230513:0811,230.88,35.66,9.18,5.52,0.0
20230513:0911,266.8,42.15,9.75,5.45,0.0
20230513:1011,258.84,47.04,10.43,5.59,0.0
20230513:1111,495.85,49.56,10.85,5.79,0.0
20230513:1211,705.34,49.19,11.27,5.79,0.0
20230513:1311,740.74,46.0,11.0,5.86,0.0
20230513:1411,749.22,40.63,11.01,5.79,0.0
20230513:1511,515.62,33.85,10.44,5.45,0.0
20230513:1611,227.52,26.31,9.77,4.9,0.0
20230513:1711,178.95,18.51,9.48,4.41,0.0
20230513:1811,46.78,10.87,9.28,3.93,0.0
20230513:1911,2.46,3.74,9.49,3.45,0.0
20230513:2011,0.0,0.0,8.76,3.24,0.0
20230513:2111,0.0,0.0,8.38,2.97,0.0
20230513:2211,0.0,0.0,8.06,2.76,0.0
20230513:2311,0.0,0.0,7.67,2.48,0.0
20230514:0011,0.0,0.0,7.09,2.14,0.0
20230514:0111,0.0,0.0,6.75,2.0,0.0
20230514:0211,0.0,0.0,6.73,1.79,0.0
20230514:0311,0.0,0.0,6.76,1.79,0.0
20230514:0411,5.75,5.69,7.17,1.86,0.0
20230514:0511,72.22,12.98,8.35,1.79,0.0
20230514:0611,141.43,20.69,9.86,2.0,0.0
20230514:0711,220.98,28.47,10.46,2.97,0.0
20230514:0811,224.58,35.87,11.12,4.0,0.0
20230514:0911,233.77,42.38,10.97,4.34,0.0
20230514:1011,319.08,47.28,10.96,4.41,0.0
20230514:1111,665.98,49.81,11.28,4.48,0.0
20230514:1211,857.17,49.43,11.6,4.69,0.0
20230514:1311,744.98,46.23,11.1,4.69,0.0
20230514:1411,513.33,40.85,10.46,4.76,0.0
20230514:1511,308.48,34.06,9.74,4.28,0.0
20230514:1611,143.14,26.51,9.03,3.52,0.0
20230514:1711,37.48,18.72,8.59,2.97,0.0
20230514:1811,42.68,11.08,8.23,2.69,0.0
20230514:1911,4.1,3.95,7.46,1.72,0.0
20230514:2011,0.0,0.0,6.86,1.86,0.0
20230514:2111,0.0,0.0,6.34,2.0,0.0
20230514:2211,0.0,0.0,6.05,2.14,0.0
20230514:2311,0.0,0.0,5.81,2.07,0.0
20230515:0011,0.0,0.0,5.63,1.93,0.0
20230515:0111,0.0,0.0,5.49,1.79,0.0
20230515:0211,0.0,0.0,5.22,1.45,0.0
20230515:0311,0.0,0.0,5.25,1.31,0.0
20230515:0411,4.1,5.9,5.38,0.97,0.0
20230515:0511,22.98,13.18,5.54,0.69,0.0
20230515:0611,78.54,20.89,6.12,1.1,0.0
20230515:0711,138.51,28.67,6.45,0.41,0.0
20230515:0811,316.49,36.08,7.33,0.34,0.0
20230515:0911,249.62,42.59,8.36,1.03,0.0
20230515:1011,418.0,47.51,8.91,2.55,0.0
20230515:1111,397.05,50.04,8.82,3.93,0.0
20230515:1211,257.66,49.66,8.83,5.1,0.0
20230515:1311,227.8,46.46,8.72,5.59,0.0
20230515:1411,212.97,41.06,8.57,6.14,0.0
20230515:1511,184.9,34.26,8.45,6.76,0.0
20230515:1611,219.64,26.71,8.46,7.1,0.0
20230515:1711,142.38,18.92,8.32,7.24,0.0
20230515:1811,57.45,11.28,8.05,7.1,0.0
20230515:1911,2.46,4.16,7.42,6.97,0.0
20230515:2011,0.0,0.0,7.08,7.03,0.0
20230515:2111,0.0,0.0,6.77,6.97,0.0
20230515:2211,0.0,0.0,6.58,6.9,0.0
20230515:2311,0.0,0.0,6.47,7.17,0.0
20230516:0011,0.0,0.0,6.36,7.38,0.0
20230516:0111,0.0,0.0,6.24,7.52,0.0
20230516:0211,0.0,0.0,6.15,7.52,0.0
20230516:0311,0.0,0.0,6.08,7.52,0.0
20230516:0411,26.26,6.1,6.06,7.59,0.0
20230516:0511,48.71,13.38,6.3,7.45,0.0
20230516:0611,231.06,21.09,6.64,7.1,0.0
20230516:0711,458.7,28.86,7.3,6.97,0.0
20230516:0811,671.39,36.28,7.82,6.41,0.0
20230516:0911,833.68,42.8,8.47,6.21,0.0
20230516:1011,951.1,47.73,9.18,6.83,0.0
20230516:1111,684.32,50.28,9.33,6.9,0.0
20230516:1211,700.19,49.9,9.47,7.31,0.0
20230516:1311,265.49,46.68,8.86,7.79,0.0
20230516:1411,582.22,41.27,8.59,8.9,0.0
20230516:1511,329.03,34.46,7.66,9.79,0.0
20230516:1611,255.12,26.91,6.72,9.86,0.0
20230516:1711,136.1,19.11,6.12,9.93,0.0
20230516:1811,66.48,11.48,5.47,10.07,0.0
20230516:1911,5.75,4.37,5.49,9.72,0.0
20230516:2011,0.0,0.0,4.82,9.79,0.0
20230516:2111,0.0,0.0,4.22,9.66,0.0
20230516:2211,0.0,0.0,3.89,9.59,0.0
20230516:2311,0.0,0.0,3.69,9.93,0.0
20230517:0011,0.0,0.0,3.59,10.0,0.0
20230517:0111,0.0,0.0,3.68,10.21,0.0
20230517:0211,0.0,0.0,3.75,10.0,0.0
20230517:0311,0.0,0.0,3.84,9.45,0.0
20230517:0411,12.31,6.3,3.9,9.31,0.0
20230517:0511,83.54,13.57,4.02,9.59,0.0
20230517:0611,177.89,21.27,4.51,9.24,0.0
20230517:0711,349.03,29.05,5.44,9.17,0.0
20230517:0811,393.77,36.47,5.8,8.55,0.0
20230517:0911,596.6,43.01,6.28,8.34,0.0
20230517:1011,734.58,47.95,6.58,8.14,0.0
20230517:1111,913.11,50.5,6.67,8.34,0.0
20230517:1211,927.65,50.12,6.76,8.62,0.0
20230517:1311,931.34,46.9,6.61,8.55,0.0
20230517:1411,597.99,41.48,6.77,8.48,0.0
20230517:1511,371.85,34.66,6.79,8.28,0.0
20230517:1611,269.52,27.1,6.59,8.0,0.0
20230517:1711,183.74,19.31,6.26,7.72,0.0
20230517:1811,68.12,11.68,5.9,7.31,0.0
20230517:1911,18.88,4.57,5.67,6.0,0.0
20230517:2011,0.0,0.0,5.25,5.31,0.0
20230517:2111,0.0,0.0,4.97,4.48,0.0
20230517:2211,0.0,0.0,4.85,3.66,0.0
20230517:2311,0.0,0.0,4.76,2.83,0.0
20230518:0011,0.0,0.0,4.54,2.07,0.0
20230518:0111,0.0,0.0,4.57,1.66,0.0
20230518:0211,0.0,0.0,4.35,1.31,0.0
20230518:0311,0.0,0.0,4.05,0.97,0.0
20230518:0411,4.92,6.49,4.34,1.38,0.0
20230518:0511,44.62,13.75,4.93,1.79,0.0
20230518:0611,74.97,21.45,6.11,2.21,0.0
20230518:0711,144.9,29.23,7.8,2.97,0.0
20230518:0811,436.07,36.66,8.68,3.59,0.0
20230518:0911,400.54,43.21,9.16,4.34,0.0
20230518:1011,464.82,48.16,9.41,4.48,0.0
20230518:1111,312.64,50.72,9.81,4.48,0.0
20230518:1211,521.57,50.34,10.2,4.55,0.0
20230518:1311,574.51,47.11,10.08,4.28,0.0
20230518:1411,699.63,41.68,10.19,3.93,0.0
20230518:1511,513.31,34.85,10.19,3.72,0.0
20230518:1611,252.29,27.29,10.21,3.66,0.0
20230518:1711,104.24,19.5,9.58,3.31,0.0
20230518:1811,52.53,11.87,9.14,2.9,0.0
20230518:1911,6.57,4.77,8.85,2.69,0.0
20230518:2011,0.0,0.0,8.23,2.62,0.0
20230518:2111,0.0,0.0,7.69,2.83,0.0
20230518:2211,0.0,0.0,7.32,3.03,0.0
20230518:2311,0.0,0.0,6.9,3.03,0.0
20230519:0011,0.0,0.0,6.63,3.17,0.0
20230519:0111,0.0,0.0,6.21,3.17,0.0
20230519:0211,0.0,0.0,6.15,3.1,0.0
20230519:0311,0.0,0.0,6.14,3.17,0.0
20230519:0411,4.92,6.67,6.45,3.38,0.0
20230519:0511,47.3,13.93,7.06,3.66,0.0
20230519:0611,88.36,21.63,7.97,3.93,0.0
20230519:0711,173.4,29.41,8.51,4.83,0.0
20230519:0811,233.97,36.85,9.04,4.83,0.0
20230519:0911,536.41,43.4,9.48,4.83,0.0
20230519:1011,767.84,48.37,9.8,4.69,0.0
20230519:1111,936.05,50.94,10.64,4.76,0.0
20230519:1211,892.72,50.56,10.89,4.69,0.0
20230519:1311,923.74,47.32,11.2,4.41,0.0
20230519:1411,790.78,41.88,11.25,4.07,0.0
20230519:1511,609.4,35.05,11.13,3.72,0.0
20230519:1611,384.64,27.48,10.71,3.59,0.0
20230519:1711,152.94,19.68,10.15,3.45,0.0
20230519:1811,64.84,12.06,9.53,3.24,0.0
20230519:1911,9.85,4.96,9.27,2.34,0.0
20230519:2011,0.0,0.0,8.64,2.41,0.0
20230519:2111,0.0,0.0,8.17,2.41,0.0
20230519:2211,0.0,0.0,7.79,2.28,0.0
20230519:2311,0.0,0.0,7.41,2.28,0.0
20230520:0011,0.0,0.0,7.0,2.14,0.0
20230520:0111,0.0,0.0,6.86,1.93,0.0
20230520:0211,0.0,0.0,6.74,1.72,0.0
20230520:0311,0.0,0.0,6.62,1.59,0.0
20230520:0411,5.75,6.85,6.54,1.31,0.0
20230520:0511,63.27,14.1,7.36,0.97,0.0
20230520:0611,217.31,21.8,8.86,0.9,0.0
20230520:0711,404.18,29.58,9.3,1.31,0.0
20230520:0811,385.19,37.02,10.11,1.45,0.0
20230520:0911,536.44,43.59,10.81,1.93,0.0
20230520:1011,719.56,48.57,11.32,2.41,0.0
20230520:1111,821.51,51.15,11.6,2.55,0.0
20230520:1211,842.71,50.77,11.58,2.55,0.0
20230520:1311,870.94,47.52,11.59,2.41,0.0
20230520:1411,695.51,42.08,11.63,2.28,0.0
20230520:1511,519.19,35.23,11.55,2.14,0.0
20230520:1611,357.93,27.66,11.24,2.0,0.0
20230520:1711,179.03,19.87,10.77,1.93,0.0
20230520:1811,69.76,12.25,10.15,1.79,0.0
20230520:1911,11.49,5.15,9.74,1.45,0.0
20230520:2011,0.0,0.0,8.91,1.86,0.0
20230520:2111,0.0,0.0,8.14,1.93,0.0
20230520:2211,0.0,0.0,7.58,2.0,0.0
20230520:2311,0.0,0.0,7.09,2.07,0.0
20230521:0011,0.0,0.0,6.54,2.0,0.0
20230521:0111,0.0,0.0,6.03,1.86,0.0
20230521:0211,0.0,0.0,5.75,1.72,0.0
20230521:0311,0.0,0.0,5.54,1.72,0.0
20230521:0411,32.83,7.02,5.64,2.0,0.0
20230521:0511,50.74,14.27,6.92,2.07,0.0
20230521:0611,238.5,21.96,9.38,2.0,0.0
20230521:0711,439.71,29.74,11.26,1.31,0.0
20230521:0811,674.06,37.19,12.92,0.48,0.0
20230521:0911,863.26,43.77,13.46,1.24,0.0
20230521:1011,1018.51,48.76,13.41,1.93,0.0
20230521:1111,1034.81,51.35,13.45,2.34,0.0
20230521:1211,1056.71,50.98,13.51,2.69,0.0
20230521:1311,987.78,47.72,13.42,2.97,0.0
20230521:1411,791.98,42.27,13.52,3.1,0.0
20230521:1511,644.05,35.41,13.46,3.31,0.0
20230521:1611,418.63,27.84,13.24,3.52,0.0
20230521:1711,189.92,20.04,12.9,3.52,0.0
20230521:1811,49.24,12.43,12.43,3.24,0.0
20230521:1911,24.62,5.34,12.23,3.31,0.0
20230521:2011,0.0,0.0,11.5,3.52,0.0
20230521:2111,0.0,0.0,10.99,3.59,0.0
20230521:2211,0.0,0.0,10.58,3.52,0.0
20230521:2311,0.0,0.0,10.22,3.45,0.0
20230522:0011,0.0,0.0,9.61,3.24,0.0
20230522:0111,0.0,0.0,9.33,2.9,0.0
20230522:0211,0.0,0.0,8.92,2.55,0.0
20230522:0311,0.0,0.0,8.7,2.28,0.0
20230522:0411,5.75,7.19,8.83,2.07,0.0
20230522:0511,41.95,14.43,9.91,1.66,0.0
20230522:0611,204.61,22.12,12.01,1.31,0.0
20230522:0711,267.31,29.9,13.65,1.72,0.0
20230522:0811,494.01,37.36,14.52,2.0,0.0
20230522:0911,396.81,43.94,14.77,2.28,0.0
20230522:1011,594.64,48.95,14.86,2.55,0.0
20230522:1111,957.59,51.55,14.94,2.41,0.0
20230522:1211,463.96,51.18,14.17,2.83,0.0
20230522:1311,680.26,47.92,13.94,3.38,0.0
20230522:1411,422.12,42.45,13.35,3.79,0.0
20230522:1511,223.42,35.59,12.68,4.34,0.0
20230522:1611,227.41,28.01,11.26,4.69,0.0
20230522:1711,24.99,20.22,10.27,5.24,0.0
20230522:1811,20.52,12.61,9.09,5.17,0.0
20230522:1911,4.1,5.52,8.35,4.69,0.0
20230522:2011,0.0,0.0,7.87,4.62,0.0
20230522:2111,0.0,0.0,7.6,5.17,0.0
20230522:2211,0.0,0.0,7.51,6.07,0.0
20230522:2311,0.0,0.0,7.22,6.55,0.0
20230523:0011,0.0,0.0,6.96,6.83,0.0
20230523:0111,0.0,0.0,6.9,6.83,0.0
20230523:0211,0.0,0.0,6.76,7.24,0.0
20230523:0311,0.0,0.0,6.72,7.79,0.0
20230523:0411,5.75,7.35,6.73,8.41,0.0
20230523:0511,33.02,14.58,6.94,8.55,0.0
20230523:0611,150.85,22.27,7.34,9.38,0.0
20230523:0711,377.27,30.05,7.9,9.59,0.0
20230523:0811,597.27,37.51,8.35,9.72,0.0
20230523:0911,812.18,44.11,8.78,9.72,0.0
20230523:1011,1012.83,49.13,9.22,10.14,0.0
20230523:1111,1089.48,51.74,9.53,10.41,0.0
20230523:1211,1073.59,51.37,9.89,10.28,0.0
20230523:1311,980.88,48.11,9.95,9.72,0.0
20230523:1411,796.43,42.63,10.01,9.45,0.0
20230523:1511,542.78,35.77,9.94,9.24,0.0
20230523:1611,399.88,28.19,9.81,8.76,0.0
20230523:1711,193.39,20.39,9.52,8.21,0.0
20230523:1811,56.63,12.78,9.11,7.52,0.0
20230523:1911,27.9,5.7,8.66,6.34,0.0
20230523:2011,0.0,0.0,8.06,6.55,0.0
20230523:2111,0.0,0.0,7.57,6.0,0.0
20230523:2211,0.0,0.0,7.25,5.59,0.0
20230523:2311,0.0,0.0,6.99,4.83,0.0
20230524:0011,0.0,0.0,6.78,4.21,0.0
20230524:0111,0.0,0.0,6.66,3.93,0.0
20230524:0211,0.0,0.0,6.56,3.59,0.0
20230524:0311,0.0,0.0,6.58,3.1,0.0
20230524:0411,34.47,7.5,6.86,2.55,0.0
20230524:0511,83.57,14.73,7.68,1.93,0.0
20230524:0611,177.09,22.42,8.68,2.0,0.0
20230524:0711,365.01,30.2,9.15,2.55,0.0
20230524:0811,463.83,37.67,10.05,2.83,0.0
20230524:0911,627.49,44.27,10.79,2.9,0.0
20230524:1011,753.56,49.3,11.1,3.66,0.0
20230524:1111,522.02,51.93,11.05,4.28,0.0
20230524:1211,278.82,51.56,11.0,4.9,0.0
20230524:1311,300.84,48.29,10.77,5.59,0.0
20230524:1411,376.63,42.81,10.35,6.21,0.0
20230524:1511,371.9,35.94,9.94,6.34,0.0
20230524:1611,300.48,28.35,9.65,6.62,0.0
20230524:1711,175.95,20.56,9.42,6.9,0.0
20230524:1811,70.58,12.95,8.99,7.03,0.0
20230524:1911,29.55,5.88,9.1,6.07,0.0
20230524:2011,0.0,0.0,8.63,5.86,0.0
20230524:2111,0.0,0.0,8.24,5.86,0.0
20230524:2211,0.0,0.0,8.25,6.55,0.0
20230524:2311,0.0,0.0,8.22,6.83,0.0
20230525:0011,0.0,0.0,8.08,6.83,0.0
20230525:0111,0.0,0.0,7.82,6.83,0.0
20230525:0211,0.0,0.0,7.74,6.76,0.0
20230525:0311,0.0,0.0,7.6,6.55,0.0
20230525:0411,13.95,7.65,7.61,6.41,0.0
20230525:0511,94.09,14.87,7.86,7.17,0.0
20230525:0611,222.84,22.56,8.13,7.38,0.0
20230525:0711,385.59,30.34,8.81,6.21,0.0
20230525:0811,661.21,37.81,9.04,6.14,0.0
20230525:0911,513.38,44.43,9.27,6.0,0.0
20230525:1011,975.33,49.47,9.47,6.28,0.0
20230525:1111,969.74,52.11,9.53,6.41,0.0
20230525:1211,982.49,51.74,9.71,6.55,0.0
20230525:1311,858.46,48.47,9.74,6.83,0.0
20230525:1411,730.44,42.98,9.65,6.97,0.0
20230525:1511,567.23,36.1,9.51,7.1,0.0
20230525:1611,379.12,28.52,9.26,7.24,0.0
20230525:1711,190.3,20.72,8.89,7.17,0.0
20230525:1811,77.97,13.12,8.54,7.38,0.0
20230525:1911,17.24,6.05,8.35,6.14,0.0
20230525:2011,0.0,0.0,7.97,6.41,0.0
20230525:2111,0.0,0.0,7.85,6.62,0.0
20230525:2211,0.0,0.0,7.65,6.83,0.0
20230525:2311,0.0,0.0,7.6,7.03,0.0
20230526:0011,0.0,0.0,7.41,7.45,0.0
20230526:0111,0.0,0.0,7.39,7.45,0.0
20230526:0211,0.0,0.0,7.38,7.31,0.0
20230526:0311,0.0,0.0,7.33,7.38,0.0
20230526:0411,21.34,7.79,7.41,7.24,0.0
20230526:0511,86.36,15.01,7.55,6.97,0.0
20230526:0611,187.01,22.69,7.88,7.17,0.0
20230526:0711,250.4,30.47,8.11,6.14,0.0
20230526:0811,317.04,37.95,8.38,6.0,0.0
20230526:0911,669.66,44.58,8.75,6.0,0.0
20230526:1011,723.51,49.63,9.05,6.0,0.0
20230526:1111,680.9,52.28,9.22,6.0,0.0
20230526:1211,724.06,51.92,9.43,5.93,0.0
20230526:1311,700.08,48.64,9.7,6.0,0.0
20230526:1411,668.36,43.15,9.68,6.07,0.0
20230526:1511,571.74,36.27,9.69,6.14,0.0
20230526:1611,377.11,28.68,9.52,6.14,0.0
20230526:1711,184.37,20.88,9.29,5.93,0.0
20230526:1811,73.87,13.28,8.92,5.59,0.0
20230526:1911,22.98,6.21,8.43,4.21,0.0
20230526:2011,0.0,0.0,7.81,4.07,0.0
20230526:2111,0.0,0.0,7.41,3.52,0.0
20230526:2211,0.0,0.0,7.23,3.1,0.0
20230526:2311,0.0,0.0,7.04,2.76,0.0
20230527:0011,0.0,0.0,6.92,2.48,0.0
20230527:0111,0.0,0.0,6.95,2.34,0.0
20230527:0211,0.0,0.0,6.91,2.07,0.0
20230527:0311,0.0,0.0,6.84,2.0,0.0
20230527:0411,10.67,7.93,6.89,1.86,0.0
20230527:0511,92.33,15.14,7.15,1.45,0.0
20230527:0611,129.69,22.82,7.82,0.9,0.0
20230527:0711,309.52,30.6,8.54,1.66,0.0
20230527:0811,438.25,38.08,9.12,2.62,0.0
20230527:0911,371.4,44.72,9.37,3.79,0.0
20230527:1011,649.92,49.79,9.92,4.83,0.0
20230527:1111,248.29,52.45,10.24,5.45,0.0
20230527:1211,276.39,52.09,10.27,5.93,0.0
20230527:1311,97.28,48.81,9.86,6.41,0.0
20230527:1411,85.68,43.31,9.76,6.41,0.0
20230527:1511,72.29,36.43,9.71,6.21,0.0
20230527:1611,81.22,28.83,9.57,5.66,0.0
20230527:1711,41.05,21.04,9.52,4.83,0.0
20230527:1811,26.26,13.44,9.41,4.83,0.0
20230527:1911,5.75,6.38,9.31,4.0,0.0
20230527:2011,0.0,0.0,9.11,4.28,0.0
20230527:2111,0.0,0.0,8.86,4.76,0.0
20230527:2211,0.0,0.0,8.68,5.52,0.0
20230527:2311,0.0,0.0,8.33,5.79,0.0
20230528:0011,0.0,0.0,7.83,5.79,0.0
20230528:0111,0.0,0.0,7.47,6.14,0.0
20230528:0211,0.0,0.0,7.25,6.0,0.0
20230528:0311,0.82,1.65,7.14,6.21,0.0
20230528:0411,27.9,8.05,7.09,6.14,0.0
20230528:0511,94.97,15.26,7.17,6.34,0.0
20230528:0611,250.49,22.94,7.41,6.28,0.0
20230528:0711,345.93,30.72,7.93,6.28,0.0
20230528:0811,525.11,38.21,8.36,6.41,0.0
20230528:0911,814.55,44.86,8.73,6.69,0.0
20230528:1011,624.44,49.94,8.98,6.83,0.0
20230528:1111,970.96,52.61,8.81,6.9,0.0
20230528:1211,1014.96,52.26,9.09,7.38,0.0
20230528:1311,525.64,48.98,9.19,7.79,0.0
20230528:1411,779.35,43.47,9.17,8.07,0.0
20230528:1511,632.33,36.58,8.85,8.28,0.0
20230528:1611,412.18,28.98,8.34,8.34,0.0
20230528:1711,174.17,21.19,7.93,8.21,0.0
20230528:1811,63.2,13.59,7.59,7.86,0.0
20230528:1911,17.24,6.53,7.61,7.52,0.0
20230528:2011,0.0,0.0,7.14,7.17,0.0
20230528:2111,0.0,0.0,6.78,6.97,0.0
20230528:2211,0.0,0.0,6.46,6.9,0.0
20230528:2311,0.0,0.0,6.21,6.76,0.0
20230529:0011,0.0,0.0,5.99,6.62,0.0
20230529:0111,0.0,0.0,5.97,6.21,0.0
20230529:0211,0.0,0.0,5.95,5.93,0.0
20230529:0311,0.82,1.78,5.88,5.24,0.0
20230529:0411,41.86,8.18,6.01,4.48,0.0
20230529:0511,49.09,15.38,6.51,3.93,0.0
20230529:0611,124.81,23.05,7.12,4.07,0.0
20230529:0711,407.18,30.84,7.69,3.24,0.0
20230529:0811,569.53,38.33,8.48,3.72,0.0
20230529:0911,338.43,44.99,8.93,4.14,0.0
20230529:1011,300.49,50.08,9.4,4.97,0.0
20230529:1111,531.43,52.76,9.69,5.72,0.0
20230529:1211,426.79,52.42,9.72,6.14,0.0
20230529:1311,312.84,49.13,9.65,6.07,0.0
20230529:1411,372.49,43.62,9.52,5.93,0.0
20230529:1511,200.44,36.73,9.51,5.72,0.0
20230529:1611,105.31,29.13,9.3,5.72,0.0
20230529:1711,69.61,21.33,9.08,6.14,0.0
20230529:1811,52.53,13.74,8.97,6.76,0.0
20230529:1911,5.75,6.68,8.78,6.21,0.0
20230529:2011,0.0,0.0,8.62,6.55,0.0
20230529:2111,0.0,0.0,8.46,6.76,0.0
20230529:2211,0.0,0.0,8.37,6.55,0.0
20230529:2311,0.0,0.0,8.39,6.34,0.0
20230530:0011,0.0,0.0,8.42,6.14,0.0
20230530:0111,0.0,0.0,8.5,6.07,0.0
20230530:0211,0.0,0.0,8.47,6.07,0.0
20230530:0311,0.82,1.9,8.36,6.07,0.0
20230530:0411,40.22,8.29,8.41,5.72,0.0
20230530:0511,96.82,15.49,8.58,5.45,0.0
20230530:0611,193.97,23.16,9.22,5.24,0.0
20230530:0711,367.63,30.95,10.01,4.9,0.0
20230530:0811,659.37,38.45,10.9,4.69,0.0
20230530:0911,867.55,45.11,11.57,4.55,0.0
20230530:1011,995.83,50.22,12.1,4.62,0.0
20230530:1111,1058.17,52.91,12.36,5.03,0.0
20230530:1211,1056.45,52.57,12.35,5.52,0.0
20230530:1311,960.96,49.29,12.17,6.14,0.0
20230530:1411,821.28,43.77,11.95,6.55,0.0
20230530:1511,601.97,36.87,11.73,6.76,0.0
20230530:1611,414.67,29.27,11.37,6.9,0.0
20230530:1711,202.25,21.48,10.89,6.97,0.0
20230530:1811,53.35,13.88,10.25,6.97,0.0
20230530:1911,33.65,6.83,9.71,6.76,0.0
20230530:2011,0.0,0.0,9.07,7.03,0.0
20230530:2111,0.0,0.0,8.57,6.76,0.0
20230530:2211,0.0,0.0,8.25,6.69,0.0
20230530:2311,0.0,0.0,8.1,7.03,0.0
20230531:0011,0.0,0.0,7.95,7.1,0.0
20230531:0111,0.0,0.0,7.92,7.17,0.0
20230531:0211,0.0,0.0,7.79,7.1,0.0
20230531:0311,0.82,2.02,7.84,7.03,0.0
20230531:0411,45.14,8.41,8.04,7.03,0.0
20230531:0511,97.39,15.6,8.21,6.76,0.0
20230531:0611,161.82,23.26,8.66,6.69,0.0
20230531:0711,279.79,31.05,9.03,6.34,0.0
20230531:0811,335.59,38.55,9.5,6.41,0.0
20230531:0911,405.21,45.23,9.9,6.62,0.0
20230531:1011,287.56,50.35,10.33,6.9,0.0
20230531:1111,492.87,53.05,10.58,7.31,0.0
20230531:1211,612.92,52.72,10.61,7.52,0.0
20230531:1311,497.24,49.44,10.71,7.52,0.0
20230531:1411,496.43,43.92,10.67,7.59,0.0
20230531:1511,567.6,37.01,10.59,7.79,0.0
20230531:1611,364.34,29.41,10.27,7.86,0.0
20230531:1711,201.56,21.62,9.95,8.0,0.0
20230531:1811,78.79,14.02,9.5,7.93,0.0
20230531:1911,36.11,6.97,9.16,7.03,0.0
20230531:2011,0.0,0.0,8.66,7.03,0.0
20230531:2111,0.0,0.0,8.21,6.97,0.0
20230531:2211,0.0,0.0,7.93,6.97,0.0
20230531:2311,0.0,0.0,7.69,6.9,0.0
20230601:0011,0.0,0.0,7.49,7.03,0.0
20230601:0111,0.0,0.0,7.33,7.45,0.0
20230601:0211,0.0,0.0,7.35,7.72,0.0
20230601:0311,0.82,2.13,7.25,8.0,0.0
20230601:0411,41.86,8.51,7.28,8.28,0.0
20230601:0511,60.31,15.7,7.53,8.69,0.0
20230601:0611,248.93,23.36,7.77,8.83,0.0
20230601:0711,453.86,31.15,8.42,8.9,0.0
20230601:0811,642.8,38.65,8.9,8.62,0.0
20230601:0911,780.46,45.34,9.41,8.34,0.0
20230601:1011,966.67,50.47,9.93,8.21,0.0
20230601:1111,1059.62,53.19,10.44,8.34,0.0
20230601:1211,1070.38,52.86,10.87,8.41,0.0
20230601:1311,969.44,49.58,11.21,8.55,0.0
20230601:1411,844.73,44.06,11.28,8.76,0.0
20230601:1511,656.18,37.15,11.08,8.9,0.0
20230601:1611,429.95,29.54,10.81,8.83,0.0
20230601:1711,209.3,21.75,10.39,8.69,0.0
20230601:1811,50.06,14.16,9.8,8.55,0.0
20230601:1911,32.01,7.11,9.96,7.79,0.0
20230601:2011,0.0,0.0,9.37,7.31,0.0
20230601:2111,0.0,0.0,8.79,6.34,0.0
20230601:2211,0.0,0.0,8.21,5.59,0.0
20230601:2311,0.0,0.0,7.71,5.03,0.0
20230602:0011,0.0,0.0,7.3,4.76,0.0
20230602:0111,0.0,0.0,6.81,4.55,0.0
20230602:0211,0.0,0.0,6.46,4.41,0.0
20230602:0311,0.82,2.24,6.17,4.21,0.0
20230602:0411,38.57,8.61,6.35,3.86,0.0
20230602:0511,56.35,15.79,7.54,3.59,0.0
20230602:0611,251.48,23.45,9.08,3.52,0.0
20230602:0711,476.65,31.24,10.49,1.03,0.0
20230602:0811,691.87,38.75,11.23,0.69,0.0
20230602:0911,858.75,45.44,11.56,1.24,0.0
20230602:1011,990.57,50.59,11.79,2.07,0.0
20230602:1111,1047.18,53.32,11.87,2.48,0.0
20230602:1211,1052.46,53.0,11.77,2.48,0.0
20230602:1311,957.45,49.71,11.7,2.34,0.0
20230602:1411,834.66,44.19,11.42,2.28,0.0
20230602:1511,617.49,37.28,11.18,2.62,0.0
20230602:1611,417.83,29.67,10.81,3.31,0.0
20230602:1711,206.71,21.88,10.45,3.66,0.0
20230602:1811,54.17,14.29,9.96,3.93,0.0
20230602:1911,31.19,7.25,9.5,3.31,0.0
20230602:2011,0.0,0.0,8.74,3.52,0.0
20230602:2111,0.0,0.0,8.1,3.45,0.0
20230602:2211,0.0,0.0,7.73,3.45,0.0
20230602:2311,0.0,0.0,7.44,3.72,0.0
20230603:0011,0.0,0.0,7.2,4.14,0.0
20230603:0111,0.0,0.0,7.05,4.41,0.0
20230603:0211,0.0,0.0,6.96,4.76,0.0
20230603:0311,0.82,2.34,6.93,5.03,0.0
20230603:0411,32.83,8.7,7.15,5.24,0.0
20230603:0511,68.72,15.87,7.82,5.66,0.0
20230603:0611,213.68,23.53,8.59,6.07,0.0
20230603:0711,460.73,31.32,9.57,5.93,0.0
20230603:0811,673.32,38.84,10.39,6.0,0.0
20230603:0911,849.2,45.54,11.03,6.14,0.0
20230603:1011,985.78,50.7,11.39,6.41,0.0
20230603:1111,1016.3,53.44,11.52,6.83,0.0
20230603:1211,1059.94,53.13,11.55,6.97,0.0
20230603:1311,959.47,49.84,11.5,7.1,0.0
20230603:1411,826.8,44.32,11.32,7.1,0.0
20230603:1511,647.24,37.4,11.01,6.9,0.0
20230603:1611,416.08,29.8,10.65,7.1,0.0
20230603:1711,206.06,22.0,10.31,7.17,0.0
20230603:1811,69.76,14.41,9.97,6.69,0.0
20230603:1911,37.75,7.37,9.46,6.48,0.0
20230603:2011,0.0,0.0,9.0,6.62,0.0
20230603:2111,0.0,0.0,8.55,6.69,0.0
20230603:2211,0.0,0.0,8.24,6.55,0.0
20230603:2311,0.0,0.0,7.99,6.48,0.0
20230604:0011,0.0,0.0,7.75,6.21,0.0
20230604:0111,0.0,0.0,7.5,6.0,0.0
20230604:0211,0.0,0.0,7.27,5.79,0.0
20230604:0311,1.64,2.43,7.06,5.72,0.0
20230604:0411,8.21,8.79,7.25,5.66,0.0
20230604:0511,45.52,15.96,8.01,5.31,0.0
20230604:0611,166.35,23.61,9.18,5.03,0.0
20230604:0711,382.83,31.4,9.93,4.41,0.0
20230604:0811,675.16,38.92,10.93,4.21,0.0
20230604:0911,841.99,45.63,11.77,4.14,0.0
20230604:1011,945.54,50.8,12.26,3.93,0.0
20230604:1111,1045.67,53.55,12.7,3.79,0.0
20230604:1211,1044.24,53.25,12.97,3.79,0.0
20230604:1311,962.99,49.97,12.54,3.59,0.0
20230604:1411,840.11,44.44,12.58,3.45,0.0
20230604:1511,657.94,37.53,12.79,3.59,0.0
20230604:1611,434.63,29.92,12.64,3.66,0.0
20230604:1711,212.76,22.12,12.41,3.72,0.0
20230604:1811,64.02,14.54,11.98,3.72,0.0
20230604:1911,34.47,7.5,11.19,3.24,0.0
20230604:2011,0.0,0.0,10.36,3.38,0.0
20230604:2111,0.0,0.0,9.69,3.72,0.0
20230604:2211,0.0,0.0,9.24,4.07,0.0
20230604:2311,0.0,0.0,8.86,4.41,0.0
20230605:0011,0.0,0.0,8.51,4.9,0.0
20230605:0111,0.0,0.0,8.3,5.31,0.0
20230605:0211,0.0,0.0,8.13,5.52,0.0
20230605:0311,1.64,2.51,8.11,5.72,0.0
20230605:0411,42.68,8.86,8.27,5.86,0.0
20230605:0511,60.04,16.03,8.85,6.0,0.0
20230605:0611,245.82,23.68,9.48,6.34,0.0
20230605:0711,462.39,31.47,10.05,6.14,0.0
20230605:0811,646.53,39.0,10.69,6.21,0.0
20230605:0911,744.43,45.72,11.27,6.28,0.0
20230605:1011,992.48,50.9,11.76,6.41,0.0
20230605:1111,1062.78,53.66,12.01,6.69,0.0
20230605:1211,1043.5,53.37,12.07,6.97,0.0
20230605:1311,961.19,50.09,11.97,7.24,0.0
20230605:1411,839.8,44.56,11.84,7.38,0.0
20230605:1511,661.17,37.64,11.69,7.52,0.0
20230605:1611,435.98,30.03,11.5,7.72,0.0
20230605:1711,214.91,22.24,11.18,7.93,0.0
20230605:1811,51.71,14.65,10.65,7.93,0.0
20230605:1911,33.65,7.61,10.22,7.52,0.0
20230605:2011,0.0,0.0,9.5,7.66,0.0
20230605:2111,0.0,0.0,8.87,7.45,0.0
20230605:2211,0.0,0.0,8.39,7.24,0.0
20230605:2311,0.0,0.0,8.05,7.1,0.0
20230606:0011,0.0,0.0,7.8,7.03,0.0
20230606:0111,0.0,0.0,7.62,7.1,0.0
20230606:0211,0.0,0.0,7.48,7.17,0.0
20230606:0311,1.64,2.59,7.39,7.31,0.0
20230606:0411,47.6,8.94,7.59,7.45,0.0
20230606:0511,90.18,16.1,8.2,7.72,0.0
20230606:0611,254.67,23.75,8.92,7.79,0.0
20230606:0711,0.0,0.0,9.61,8.14,0.0
20230606:0811,710.89,39.07,10.59,8.21,0.0
20230606:0911,869.07,45.79,11.61,8.28,0.0
20230606:1011,991.78,50.99,12.33,8.41,0.0
20230606:1111,1055.27,53.76,12.82,8.41,0.0
20230606:1211,1055.18,53.48,13.06,8.41,0.0
20230606:1311,972.7,50.2,13.14,8.48,0.0
20230606:1411,849.42,44.67,13.06,8.48,0.0
20230606:1511,654.91,37.75,12.88,8.34,0.0
20230606:1611,437.4,30.14,12.57,8.14,0.0
20230606:1711,216.14,22.35,12.11,8.0,0.0
20230606:1811,56.63,14.76,11.49,7.79,0.0
20230606:1911,32.01,7.73,11.04,7.66,0.0
20230606:2011,0.82,1.56,10.24,7.31,0.0
20230606:2111,0.0,0.0,9.53,7.1,0.0
20230606:2211,0.0,0.0,9.01,6.83,0.0
20230606:2311,0.0,0.0,8.6,6.48,0.0
20230607:0011,0.0,0.0,8.25,6.41,0.0
20230607:0111,0.0,0.0,7.96,6.41,0.0
20230607:0211,0.0,0.0,7.74,6.34,0.0
20230607:0311,1.64,2.67,7.6,6.34,0.0
20230607:0411,8.21,9.0,7.81,6.28,0.0
20230607:0511,63.37,16.16,8.49,6.07,0.0
20230607:0611,203.49,23.81,9.53,6.07,0.0
20230607:0711,474.0,31.6,10.49,5.86,0.0
20230607:0811,693.1,39.13,11.51,5.72,0.0
20230607:0911,868.79,45.86,12.3,5.93,0.0
20230607:1011,1008.81,51.07,12.9,6.21,0.0
20230607:1111,1067.39,53.86,13.27,6.62,0.0
20230607:1211,1055.08,53.58,13.35,7.03,0.0
20230607:1311,984.52,50.31,13.25,7.17,0.0
20230607:1411,844.57,44.78,13.07,7.31,0.0
20230607:1511,656.18,37.86,12.73,7.31,0.0
20230607:1611,438.78,30.25,12.32,7.24,0.0
20230607:1711,216.48,22.46,11.85,7.17,0.0
20230607:1811,54.99,14.87,11.27,7.03,0.0
20230607:1911,32.83,7.83,10.64,6.69,0.0
20230607:2011,0.82,1.67,9.93,6.76,0.0
20230607:2111,0.0,0.0,9.29,6.69,0.0
20230607:2211,0.0,0.0,8.85,6.69,0.0
20230607:2311,0.0,0.0,8.5,6.69,0.0
20230608:0011,0.0,0.0,8.21,6.62,0.0
20230608:0111,0.0,0.0,8.0,6.83,0.0
20230608:0211,0.0,0.0,7.79,6.9,0.0
20230608:0311,1.64,2.73,7.63,6.83,0.0
20230608:0411,8.21,9.06,7.77,6.9,0.0
20230608:0511,48.19,16.22,8.17,6.76,0.0
20230608:0611,114.84,23.86,8.77,6.69,0.0
20230608:0711,280.38,31.65,9.57,6.34,0.0
20230608:0811,461.1,39.19,10.49,5.86,0.0
20230608:0911,785.14,45.93,11.5,5.66,0.0
20230608:1011,1000.8,51.14,12.49,5.52,0.0
20230608:1111,1046.83,53.95,13.07,5.52,0.0
20230608:1211,1041.36,53.68,13.04,5.59,0.0
20230608:1311,960.67,50.41,13.04,5.38,0.0
20230608:1411,839.76,44.88,12.98,5.03,0.0
20230608:1511,656.47,37.96,12.83,4.69,0.0
20230608:1611,433.04,30.35,12.51,4.34,0.0
20230608:1711,216.45,22.56,12.26,4.07,0.0
20230608:1811,64.02,14.97,11.8,3.86,0.0
20230608:1911,38.57,7.94,10.95,3.45,0.0
20230608:2011,0.82,1.77,10.2,3.1,0.0
20230608:2111,0.0,0.0,9.51,2.83,0.0
20230608:2211,0.0,0.0,9.24,2.62,0.0
20230608:2311,0.0,0.0,9.18,2.41,0.0
20230609:0011,0.0,0.0,8.91,2.41,0.0
20230609:0111,0.0,0.0,8.66,2.41,0.0
20230609:0211,0.0,0.0,8.64,2.55,0.0
20230609:0311,1.64,2.79,9.05,2.62,0.0
20230609:0411,43.5,9.12,9.84,2.41,0.0
20230609:0511,68.18,16.26,11.38,2.14,0.0
20230609:0611,244.05,23.91,13.63,1.79,0.0
20230609:0711,462.77,31.7,14.74,1.59,0.0
20230609:0811,666.49,39.24,15.9,1.1,0.0
20230609:0911,836.71,45.99,16.51,0.41,0.0
20230609:1011,948.27,51.21,16.76,0.76,0.0
20230609:1111,1022.25,54.03,16.78,1.31,0.0
20230609:1211,1022.45,53.77,16.86,1.59,0.0
20230609:1311,906.77,50.51,16.74,2.07,0.0
20230609:1411,675.54,44.98,16.6,1.66,0.0
20230609:1511,615.76,38.06,16.35,0.76,0.0
20230609:1611,374.45,30.45,16.05,1.31,0.0
20230609:1711,166.6,22.65,15.32,2.21,0.0
20230609:1811,86.18,15.07,14.33,2.48,0.0
20230609:1911,42.68,8.03,13.09,2.69,0.0
20230609:2011,0.82,1.87,12.43,2.9,0.0
20230609:2111,0.0,0.0,11.81,3.24,0.0
20230609:2211,0.0,0.0,11.47,3.17,0.0
20230609:2311,0.0,0.0,11.24,3.17,0.0
20230610:0011,0.0,0.0,11.21,3.31,0.0
20230610:0111,0.0,0.0,11.45,3.52,0.0
20230610:0211,0.0,0.0,11.92,3.93,0.0
20230610:0311,1.64,2.85,12.43,4.55,0.0
20230610:0411,41.86,9.17,13.14,5.24,0.0
20230610:0511,55.89,16.31,13.84,5.79,0.0
20230610:0611,250.49,23.95,14.52,5.93,0.0
20230610:0711,473.18,31.74,15.47,6.21,0.0
20230610:0811,675.24,39.28,16.01,6.28,0.0
20230610:0911,846.46,46.04,16.5,6.34,0.0
20230610:1011,977.46,51.28,16.71,6.41,0.0
20230610:1111,1028.44,54.11,16.53,6.34,0.0
20230610:1211,1017.34,53.86,16.51,6.21,0.0
20230610:1311,956.29,50.6,16.85,6.14,0.0
20230610:1411,817.13,45.07,17.04,5.93,0.0
20230610:1511,643.41,38.15,17.07,5.59,0.0
20230610:1611,429.94,30.54,17.21,5.45,0.0
20230610:1711,216.63,22.74,16.97,5.1,0.0
20230610:1811,59.91,15.16,16.52,4.76,0.0
20230610:1911,36.93,8.12,15.32,4.9,0.0
20230610:2011,0.82,1.96,14.47,4.9,0.0
20230610:2111,0.0,0.0,13.91,4.76,0.0
20230610:2211,0.0,0.0,13.57,4.69,0.0
20230610:2311,0.0,0.0,13.35,4.76,0.0
20230611:0011,0.0,0.0,13.22,5.03,0.0
20230611:0111,0.0,0.0,13.22,5.38,0.0
20230611:0211,0.0,0.0,13.24,5.72,0.0
20230611:0311,1.64,2.9,13.19,5.86,0.0
20230611:0411,37.75,9.21,13.38,5.86,0.0
20230611:0511,55.48,16.35,13.98,6.0,0.0
20230611:0611,250.47,23.98,14.77,5.93,0.0
20230611:0711,467.21,31.78,15.81,5.79,0.0
20230611:0811,669.81,39.32,16.86,5.86,0.0
20230611:0911,840.29,46.09,17.51,6.28,0.0
20230611:1011,970.96,51.33,17.78,6.76,0.0
20230611:1111,1039.74,54.17,17.97,7.1,0.0
20230611:1211,1015.16,53.94,18.16,7.38,0.0
20230611:1311,948.82,50.68,18.35,7.45,0.0
20230611:1411,816.39,45.16,18.41,7.38,0.0
20230611:1511,639.66,38.23,18.4,7.17,0.0
20230611:1611,377.12,30.62,18.22,6.69,0.0
20230611:1711,190.24,22.83,17.9,6.07,0.0
20230611:1811,91.92,15.24,17.47,5.86,0.0
20230611:1911,41.86,8.21,16.93,5.93,0.0
20230611:2011,0.82,2.05,16.24,5.86,0.0
20230611:2111,0.0,0.0,15.58,6.0,0.0
20230611:2211,0.0,0.0,15.06,6.14,0.0
20230611:2311,0.0,0.0,14.96,6.34,0.0
20230612:0011,0.0,0.0,14.62,6.62,0.0
20230612:0111,0.0,0.0,14.34,6.76,0.0
20230612:0211,0.0,0.0,14.03,6.69,0.0
20230612:0311,1.64,2.94,13.77,6.55,0.0
20230612:0411,48.42,9.24,13.74,6.55,0.0
20230612:0511,102.35,16.38,13.94,6.55,0.0
20230612:0611,241.79,24.01,14.54,6.48,0.0
20230612:0711,430.23,31.81,15.48,5.72,0.0
20230612:0811,322.86,39.36,16.26,5.79,0.0
20230612:0911,0.0,0.0,16.93,5.72,0.0
20230612:1011,421.12,51.38,17.29,5.72,0.0
20230612:1111,527.25,54.24,17.58,5.79,0.0
20230612:1211,435.55,54.01,17.72,5.86,0.0
20230612:1311,848.18,50.76,17.7,5.86,0.0
20230612:1411,789.43,45.24,17.7,5.59,0.0
20230612:1511,500.52,38.32,17.57,5.1,0.0
20230612:1611,416.95,30.7,17.29,4.62,0.0
20230612:1711,213.95,22.91,16.79,3.93,0.0
20230612:1811,68.94,15.32,16.05,3.1,0.0
20230612:1911,42.68,8.29,15.36,0.55,0.0
20230612:2011,0.82,2.13,14.49,1.03,0.0
20230612:2111,0.0,0.0,13.61,1.93,0.0
20230612:2211,0.0,0.0,13.07,2.14,0.0
20230612:2311,0.0,0.0,12.74,2.14,0.0
20230613:0011,0.0,0.0,12.38,2.07,0.0
20230613:0111,0.0,0.0,11.93,2.14,0.0
20230613:0211,0.0,0.0,11.4,2.07,0.0
20230613:0311,1.64,2.97,11.05,1.79,0.0
20230613:0411,27.9,9.27,11.33,1.24,0.0
20230613:0511,77.45,16.4,12.9,0.69,0.0
20230613:0611,222.56,24.04,15.09,0.34,0.0
20230613:0711,396.52,31.83,16.03,0.83,0.0
20230613:0811,554.83,39.38,16.78,1.86,0.0
20230613:0911,653.94,46.16,17.1,2.14,0.0
20230613:1011,523.26,51.42,17.57,2.28,0.0
20230613:1111,846.0,54.29,17.56,2.55,0.0
20230613:1211,544.64,54.07,16.98,2.41,0.0
20230613:1311,870.28,50.83,17.21,2.41,0.0
20230613:1411,807.21,45.31,17.37,2.55,0.0
20230613:1511,566.48,38.39,16.62,2.14,0.0
20230613:1611,413.36,30.78,16.3,2.21,0.0
20230613:1711,213.03,22.98,16.16,2.28,0.0
20230613:1811,89.46,15.4,15.77,2.62,0.0
20230613:1911,43.5,8.36,15.55,3.03,0.0
20230613:2011,0.82,2.2,14.82,3.17,0.0
20230613:2111,0.0,0.0,14.12,3.31,0.0
20230613:2211,0.0,0.0,13.76,3.17,0.0
20230613:2311,0.0,0.0,13.36,3.03,0.0
20230614:0011,0.0,0.0,12.75,2.83,0.0
20230614:0111,0.0,0.0,12.16,2.83,0.0
20230614:0211,0.0,0.0,11.74,2.83,0.0
20230614:0311,1.64,3.0,11.42,2.83,0.0
20230614:0411,8.21,9.3,11.62,2.83,0.0
20230614:0511,42.84,16.42,12.98,2.76,0.0
20230614:0611,173.99,24.05,14.61,2.48,0.0
20230614:0711,165.29,31.85,15.14,1.45,0.0
20230614:0811,331.01,39.4,16.29,0.83,0.0
20230614:0911,606.58,46.18,17.14,0.9,0.0
20230614:1011,903.53,51.46,17.6,1.31,0.0
20230614:1111,962.42,54.34,17.83,1.79,0.0
20230614:1211,985.53,54.13,17.63,2.0,0.0
20230614:1311,932.28,50.9,17.46,2.48,0.0
20230614:1411,806.95,45.38,17.2,2.69,0.0
20230614:1511,619.23,38.46,16.7,2.07,0.0
20230614:1611,434.93,30.85,17.04,2.21,0.0
20230614:1711,217.9,23.05,16.57,2.83,0.0
20230614:1811,32.01,15.47,15.92,2.9,0.0
20230614:1911,40.22,8.43,15.03,2.97,0.0
20230614:2011,0.82,2.27,14.15,3.1,0.0
20230614:2111,0.0,0.0,13.33,3.31,0.0
20230614:2211,0.0,0.0,12.83,3.38,0.0
20230614:2311,0.0,0.0,12.55,3.45,0.0
20230615:0011,0.0,0.0,12.36,3.52,0.0
20230615:0111,0.0,0.0,12.17,3.52,0.0
20230615:0211,0.0,0.0,12.0,3.52,0.0
20230615:0311,1.64,3.02,11.88,3.52,0.0
20230615:0411,44.32,9.31,12.14,3.31,0.0
20230615:0511,59.94,16.44,13.2,3.24,0.0
20230615:0611,240.94,24.06,14.62,3.38,0.0
20230615:0711,448.52,31.86,15.86,3.52,0.0
20230615:0811,646.8,39.42,17.0,3.59,0.0
20230615:0911,816.4,46.2,18.01,3.59,0.0
20230615:1011,950.12,51.49,18.66,3.72,0.0
20230615:1111,1006.43,54.38,19.13,3.72,0.0
20230615:1211,995.89,54.18,19.33,3.86,0.0
20230615:1311,920.51,50.96,19.31,3.86,0.0
20230615:1411,802.58,45.44,19.36,3.93,0.0
20230615:1511,626.55,38.52,18.91,4.07,0.0
20230615:1611,420.25,30.91,18.19,3.86,0.0
20230615:1711,213.78,23.12,18.59,3.59,0.0
20230615:1811,72.22,15.53,18.7,3.17,0.0
20230615:1911,8.21,8.5,17.9,4.07,0.0
20230615:2011,0.82,2.33,16.67,4.21,0.0
20230615:2111,0.0,0.0,15.78,3.93,0.0
20230615:2211,0.0,0.0,15.15,3.72,0.0
20230615:2311,0.0,0.0,14.38,4.0,0.0
20230616:0011,0.0,0.0,13.85,4.07,0.0
20230616:0111,0.0,0.0,13.54,3.93,0.0
20230616:0211,0.0,0.0,13.31,3.72,0.0
20230616:0311,13.13,3.04,12.99,3.66,0.0
20230616:0411,49.24,9.32,13.18,3.59,0.0
20230616:0511,64.81,16.44,14.32,3.59,0.0
20230616:0611,240.14,24.07,15.78,3.52,0.0
20230616:0711,450.38,31.86,17.43,2.97,0.0
20230616:0811,650.56,39.42,18.32,3.17,0.0
20230616:0911,821.98,46.22,18.97,3.66,0.0
20230616:1011,950.75,51.51,19.3,4.0,0.0
20230616:1111,1013.87,54.41,19.56,4.14,0.0
20230616:1211,990.86,54.23,19.57,4.34,0.0
20230616:1311,909.76,51.01,19.26,4.41,0.0
20230616:1411,778.84,45.5,18.58,4.34,0.0
20230616:1511,560.84,38.58,18.46,4.14,0.0
20230616:1611,102.64,30.97,18.39,4.28,0.0
20230616:1711,85.68,23.18,17.55,3.52,0.0
20230616:1811,55.81,15.59,16.85,3.72,0.0
20230616:1911,45.14,8.55,15.83,3.59,0.0
20230616:2011,0.82,2.38,15.26,3.59,0.0
20230616:2111,0.0,0.0,14.48,3.52,0.0
20230616:2211,0.0,0.0,13.84,3.66,0.0
20230616:2311,0.0,0.0,13.5,3.52,0.0
20230617:0011,0.0,0.0,13.24,3.17,0.0
20230617:0111,0.0,0.0,12.86,3.17,0.0
20230617:0211,0.0,0.0,12.57,3.31,0.0
20230617:0311,13.13,3.05,12.32,3.17,0.0
20230617:0411,12.31,9.33,12.69,2.9,0.0
20230617:0511,94.97,16.44,14.08,2.48,0.0
20230617:0611,211.68,24.07,15.7,2.14,0.0
20230617:0711,419.45,31.86,17.16,1.52,0.0
20230617:0811,623.83,39.43,18.27,1.66,0.0
20230617:0911,791.1,46.22,18.69,2.34,0.0
20230617:1011,915.31,51.53,18.35,2.9,0.0
20230617:1111,968.61,54.44,18.38,2.97,0.0
20230617:1211,958.85,54.27,18.2,2.83,0.0
20230617:1311,877.16,51.06,17.8,2.28,0.0
20230617:1411,774.52,45.55,17.96,1.86,0.0
20230617:1511,614.22,38.64,18.35,2.0,0.0
20230617:1611,370.74,31.03,18.38,2.28,0.0
20230617:1711,212.95,23.23,17.77,2.83,0.0
20230617:1811,89.46,15.65,16.82,2.69,0.0
20230617:1911,42.68,8.61,15.44,2.69,0.0
20230617:2011,0.82,2.43,14.81,2.69,0.0
20230617:2111,0.0,0.0,14.19,2.83,0.0
20230617:2211,0.0,0.0,13.81,2.69,0.0
20230617:2311,0.0,0.0,13.4,2.83,0.0
20230618:0011,0.0,0.0,12.97,3.03,0.0
20230618:0111,0.0,0.0,12.63,3.03,0.0
20230618:0211,0.0,0.0,12.38,2.83,0.0
20230618:0311,13.13,3.05,12.1,2.69,0.0
20230618:0411,41.04,9.33,12.49,2.55,0.0
20230618:0511,102.26,16.44,13.96,2.28,0.0
20230618:0611,234.08,24.06,15.7,1.93,0.0
20230618:0711,439.04,31.86,17.15,1.66,0.0
20230618:0811,622.09,39.42,17.96,2.0,0.0
20230618:0911,805.09,46.23,18.63,2.14,0.0
20230618:1011,938.52,51.54,19.21,2.14,0.0
20230618:1111,973.43,54.46,19.01,1.45,0.0
20230618:1211,940.94,54.3,18.14,1.24,0.0
20230618:1311,877.36,51.1,19.12,1.86,0.0
20230618:1411,805.23,45.59,20.31,0.48,0.0
20230618:1511,643.43,38.68,19.61,0.83,0.0
20230618:1611,426.75,31.07,18.67,2.0,0.0
20230618:1711,218.56,23.28,19.02,2.48,0.0
20230618:1811,71.4,15.69,19.54,2.76,0.0
20230618:1911,45.96,8.65,18.54,0.48,0.0
20230618:2011,1.64,2.48,18.04,0.97,0.0
20230618:2111,0.0,0.0,16.59,0.76,0.0
20230618:2211,0.0,0.0,15.84,0.76,0.0
20230618:2311,0.0,0.0,14.47,1.24,0.0
20230619:0011,0.0,0.0,13.74,1.45,0.0
20230619:0111,0.0,0.0,13.21,1.52,0.0
20230619:0211,0.0,0.0,13.08,1.72,0.0
20230619:0311,13.13,3.05,12.88,1.93,0.0
20230619:0411,50.88,9.32,12.86,1.72,0.0
20230619:0511,70.41,16.43,14.58,1.31,0.0
20230619:0611,236.05,24.05,16.44,0.9,0.0
20230619:0711,440.45,31.85,17.53,1.17,0.0
20230619:0811,599.64,39.41,18.56,1.86,0.0
20230619:0911,729.0,46.22,19.17,1.52,0.0
20230619:1011,722.44,51.54,19.64,1.17,0.0
20230619:1111,632.5,54.47,19.94,1.38,0.0
20230619:1211,624.69,54.32,19.88,2.21,0.0
20230619:1311,539.38,51.13,19.84,3.45,0.0
20230619:1411,348.98,45.63,19.84,4.41,0.0
20230619:1511,147.26,38.73,19.55,4.55,0.0
20230619:1611,47.3,31.12,18.85,4.48,0.0
20230619:1711,58.9,23.32,17.97,3.93,0.0
20230619:1811,35.29,15.73,17.34,3.38,0.0
20230619:1911,7.39,8.69,17.03,2.76,0.0
20230619:2011,1.64,2.51,16.62,2.34,0.0
20230619:2111,0.0,0.0,16.33,2.9,0.0
20230619:2211,0.0,0.0,16.02,2.62,0.0
20230619:2311,0.0,0.0,15.8,2.34,0.0
20230620:0011,0.0,0.0,15.45,2.69,0.0
20230620:0111,0.0,0.0,15.25,2.07,0.0
20230620:0211,0.0,0.0,14.92,1.86,0.0
20230620:0311,13.13,3.04,13.89,1.59,0.0
20230620:0411,8.21,9.31,14.01,1.79,0.0
20230620:0511,34.81,16.41,14.89,2.07,0.0
20230620:0611,96.39,24.03,15.54,2.28,0.0
20230620:0711,184.24,31.83,16.08,2.0,0.0
20230620:0811,240.7,39.4,16.82,2.07,0.0
20230620:0911,501.63,46.21,17.02,2.9,0.0
20230620:1011,676.25,51.54,17.38,2.83,0.0
20230620:1111,644.1,54.48,17.91,2.76,0.0
20230620:1211,336.13,54.34,17.71,2.97,0.0
20230620:1311,462.23,51.16,17.68,3.52,0.0
20230620:1411,569.94,45.67,17.41,3.1,0.0
20230620:1511,512.53,38.76,17.75,2.28,0.0
20230620:1611,223.21,31.15,18.2,2.0,0.0
20230620:1711,182.17,23.36,18.4,1.93,0.0
20230620:1811,85.36,15.77,17.96,2.0,0.0
20230620:1911,41.86,8.72,16.7,1.59,0.0
20230620:2011,1.64,2.54,16.42,1.79,0.0
20230620:2111,0.0,0.0,16.05,2.07,0.0
20230620:2211,0.0,0.0,15.67,2.34,0.0
20230620:2311,0.0,0.0,15.82,2.97,0.0
20230621:0011,0.0,0.0,16.07,4.21,0.0
20230621:0111,0.0,0.0,16.19,4.62,0.0
20230621:0211,0.0,0.0,16.19,4.76,0.0
20230621:0311,13.13,3.02,16.28,5.59,0.0
20230621:0411,8.21,9.29,16.42,6.21,0.0
20230621:0511,17.85,16.39,16.7,6.55,0.0
20230621:0611,60.69,24.01,16.93,6.97,0.0
20230621:0711,226.45,31.81,15.82,6.34,0.0
20230621:0811,403.4,39.38,16.33,6.28,0.0
20230621:0911,258.44,46.19,17.01,6.41,0.0
20230621:1011,389.98,51.53,18.03,7.17,0.0
20230621:1111,160.65,54.48,18.21,7.31,0.0
20230621:1211,133.87,54.35,17.34,7.1,0.0
20230621:1311,118.7,51.18,16.6,6.55,0.0
20230621:1411,244.17,45.69,15.41,5.38,0.0
20230621:1511,123.16,38.79,15.19,5.66,0.0
20230621:1611,134.76,31.19,15.08,5.52,0.0
20230621:1711,91.03,23.39,14.75,5.1,0.0
20230621:1811,31.19,15.8,14.35,4.48,0.0
20230621:1911,9.85,8.75,14.5,3.86,0.0
20230621:2011,1.64,2.57,14.2,3.1,0.0
20230621:2111,0.0,0.0,13.96,2.55,0.0
20230621:2211,0.0,0.0,13.77,1.93,0.0
20230621:2311,0.0,0.0,13.69,1.31,0.0
20230622:0011,0.0,0.0,13.76,1.03,0.0
20230622:0111,0.0,0.0,13.76,0.9,0.0
20230622:0211,0.0,0.0,13.76,1.03,0.0
20230622:0311,12.31,3.0,13.71,1.38,0.0
20230622:0411,9.03,9.26,13.68,1.93,0.0
20230622:0511,97.08,16.36,13.76,2.28,0.0
20230622:0611,215.4,23.98,13.92,2.76,0.0
20230622:0711,328.78,31.78,14.18,3.03,0.0
20230622:0811,387.93,39.35,13.91,3.31,0.0
20230622:0911,381.88,46.17,14.19,3.45,0.0
20230622:1011,603.25,51.51,15.0,3.31,0.0
20230622:1111,335.64,54.47,15.67,3.31,0.0
20230622:1211,664.16,54.36,15.86,3.31,0.0
20230622:1311,930.77,51.19,16.1,3.17,0.0
20230622:1411,777.71,45.71,16.12,3.17,0.0
20230622:1511,463.73,38.82,15.99,3.31,0.0
20230622:1611,372.65,31.21,15.63,3.52,0.0
20230622:1711,202.07,23.42,15.23,3.72,0.0
20230622:1811,69.76,15.83,14.81,4.0,0.0
20230622:1911,44.32,8.77,14.47,4.0,0.0
20230622:2011,1.64,2.59,13.76,4.21,0.0
20230622:2111,0.0,0.0,13.05,4.28,0.0
20230622:2211,0.0,0.0,12.72,4.21,0.0
20230622:2311,0.0,0.0,12.44,4.34,0.0
20230623:0011,0.0,0.0,12.33,4.55,0.0
20230623:0111,0.0,0.0,12.46,4.55,0.0
20230623:0211,0.0,0.0,12.45,4.62,0.0
20230623:0311,12.31,2.97,12.23,4.76,0.0
20230623:0411,8.21,9.23,12.28,4.83,0.0
20230623:0511,97.38,16.33,12.5,5.1,0.0
20230623:0611,209.63,23.95,12.82,5.66,0.0
20230623:0711,440.88,31.74,13.5,5.1,0.0
20230623:0811,568.21,39.31,14.16,5.52,0.0
20230623:0911,607.48,46.14,14.9,5.93,0.0
20230623:1011,876.11,51.49,15.57,6.21,0.0
20230623:1111,1023.72,54.46,16.08,6.34,0.0
20230623:1211,1020.63,54.35,16.16,6.62,0.0
20230623:1311,939.82,51.2,16.05,6.76,0.0
20230623:1411,811.49,45.73,15.82,6.83,0.0
20230623:1511,444.7,38.83,15.49,6.83,0.0
20230623:1611,145.5,31.23,15.11,6.55,0.0
20230623:1711,110.32,23.44,14.79,6.14,0.0
20230623:1811,56.63,15.84,14.33,5.72,0.0
20230623:1911,39.39,8.79,13.8,5.1,0.0
20230623:2011,1.64,2.6,13.39,4.9,0.0
20230623:2111,0.0,0.0,13.06,4.41,0.0
20230623:2211,0.0,0.0,12.74,4.07,0.0
20230623:2311,0.0,0.0,12.43,3.79,0.0
20230624:0011,0.0,0.0,12.22,3.52,0.0
20230624:0111,0.0,0.0,11.98,2.9,0.0
20230624:0211,0.0,0.0,11.8,2.34,0.0
20230624:0311,13.13,2.94,11.6,1.93,0.0
20230624:0411,43.5,9.19,11.82,1.31,0.0
20230624:0511,59.91,16.29,12.66,0.97,0.0
20230624:0611,230.36,23.91,13.98,0.07,0.0
20230624:0711,275.2,31.7,15.41,0.28,0.0
20230624:0811,474.28,39.28,15.85,1.59,0.0
20230624:0911,542.69,46.1,16.54,2.34,0.0
20230624:1011,590.81,51.46,16.9,3.24,0.0
20230624:1111,443.31,54.44,16.82,3.17,0.0
20230624:1211,526.32,54.34,17.41,2.69,0.0
20230624:1311,722.99,51.2,18.05,2.48,0.0
20230624:1411,382.77,45.74,18.29,2.62,0.0
20230624:1511,313.02,38.85,18.05,2.9,0.0
20230624:1611,332.25,31.25,17.76,2.9,0.0
20230624:1711,216.87,23.45,17.64,2.97,0.0
20230624:1811,92.74,15.86,17.16,2.97,0.0
20230624:1911,17.24,8.8,16.46,1.93,0.0
20230624:2011,1.64,2.6,15.99,1.31,0.0
20230624:2111,0.0,0.0,15.63,0.9,0.0
20230624:2211,0.0,0.0,15.14,0.83,0.0
20230624:2311,0.0,0.0,14.78,1.17,0.0
20230625:0011,0.0,0.0,14.36,1.24,0.0
20230625:0111,0.0,0.0,13.88,1.17,0.0
20230625:0211,0.0,0.0,13.57,1.1,0.0
20230625:0311,12.31,2.9,13.47,1.17,0.0
20230625:0411,8.21,9.15,13.93,1.24,0.0
20230625:0511,25.44,16.25,15.34,1.31,0.0
20230625:0611,86.57,23.86,16.49,1.52,0.0
20230625:0711,146.41,31.66,17.4,1.45,0.0
20230625:0811,186.14,39.23,18.12,2.07,0.0
20230625:0911,206.54,46.06,18.5,2.62,0.0
20230625:1011,296.69,51.42,18.86,2.9,0.0
20230625:1111,539.42,54.41,19.51,3.38,0.0
20230625:1211,723.39,54.33,19.6,3.93,0.0
20230625:1311,777.18,51.19,19.36,4.55,0.0
20230625:1411,468.82,45.74,19.44,5.17,0.0
20230625:1511,300.32,38.85,18.98,5.59,0.0
20230625:1611,262.29,31.26,18.39,5.52,0.0
20230625:1711,111.21,23.46,17.84,5.38,0.0
20230625:1811,46.78,15.86,17.52,5.03,0.0
20230625:1911,10.67,8.8,16.95,5.17,0.0
20230625:2011,1.64,2.6,16.71,5.03,0.0
20230625:2111,0.0,0.0,16.33,5.17,0.0
20230625:2211,0.0,0.0,16.06,5.31,0.0
20230625:2311,0.0,0.0,15.99,5.52,0.0
20230626:0011,0.0,0.0,15.99,5.79,0.0
20230626:0111,0.0,0.0,15.9,6.21,0.0
20230626:0211,0.0,0.0,15.96,6.28,0.0
20230626:0311,12.31,2.85,16.18,6.48,0.0
20230626:0411,49.24,9.1,16.68,7.24,0.0
20230626:0511,27.08,16.2,17.43,7.38,0.0
20230626:0611,44.62,23.81,18.29,7.66,0.0
20230626:0711,45.52,31.61,18.93,7.72,0.0
20230626:0811,71.4,39.18,18.5,7.66,0.0
20230626:0911,84.79,46.01,17.64,7.45,0.0
20230626:1011,130.3,51.38,16.68,7.1,0.0
20230626:1111,115.13,54.38,16.26,7.17,0.0
20230626:1211,145.47,54.31,15.86,6.0,0.0
20230626:1311,174.03,51.18,15.91,4.9,0.0
20230626:1411,111.56,45.73,15.66,4.62,0.0
20230626:1511,75.86,38.85,15.18,5.03,0.0
20230626:1611,66.94,31.26,14.31,7.03,0.0
20230626:1711,33.91,23.46,13.9,7.66,0.0
20230626:1811,44.32,15.86,13.55,7.66,0.0
20230626:1911,9.03,8.8,13.51,7.1,0.0
20230626:2011,1.64,2.6,13.29,7.72,0.0
20230626:2111,0.0,0.0,13.05,8.28,0.0
20230626:2211,0.0,0.0,12.85,8.14,0.0
20230626:2311,0.0,0.0,12.68,8.21,0.0
20230627:0011,0.0,0.0,12.56,8.34,0.0
20230627:0111,0.0,0.0,12.5,8.14,0.0
20230627:0211,0.0,0.0,12.43,8.14,0.0
20230627:0311,11.49,2.8,12.35,7.86,0.0
20230627:0411,49.24,9.05,12.28,7.72,0.0
20230627:0511,96.02,16.14,12.43,7.45,0.0
20230627:0611,185.5,23.75,12.53,7.38,0.0
20230627:0711,393.73,31.55,12.61,7.59,0.0
20230627:0811,561.69,39.13,12.81,7.86,0.0
20230627:0911,597.2,45.96,13.47,7.79,0.0
20230627:1011,763.0,51.33,14.03,7.86,0.0
20230627:1111,853.89,54.34,14.29,7.72,0.0
20230627:1211,976.53,54.28,14.44,7.52,0.0
20230627:1311,866.0,51.16,14.74,7.45,0.0
20230627:1411,828.57,45.72,14.93,7.45,0.0
20230627:1511,646.54,38.85,14.94,7.31,0.0
20230627:1611,416.07,31.26,14.68,7.17,0.0
20230627:1711,222.94,23.46,14.4,6.97,0.0
20230627:1811,69.76,15.86,13.91,6.48,0.0
20230627:1911,42.68,8.79,13.86,5.79,0.0
20230627:2011,1.64,2.58,13.43,5.38,0.0
20230627:2111,0.0,0.0,13.01,4.9,0.0
20230627:2211,0.0,0.0,12.76,4.48,0.0
20230627:2311,0.0,0.0,12.47,4.0,0.0
20230628:0011,0.0,0.0,12.28,3.52,0.0
20230628:0111,0.0,0.0,12.08,3.1,0.0
20230628:0211,0.0,0.0,11.86,2.69,0.0
20230628:0311,12.31,2.74,11.69,2.41,0.0
20230628:0411,42.68,8.99,11.87,1.86,0.0
20230628:0511,68.12,16.08,12.84,1.38,0.0
20230628:0611,203.19,23.69,13.67,1.03,0.0
20230628:0711,263.89,31.49,14.72,0.69,0.0
20230628:0811,353.49,39.07,15.82,0.41,0.0
20230628:0911,709.89,45.9,16.74,1.59,0.0
20230628:1011,149.94,51.27,17.15,2.9,0.0
20230628:1111,153.51,54.29,16.95,3.66,0.0
20230628:1211,168.68,54.24,16.68,3.93,0.0
20230628:1311,122.27,51.14,15.98,3.86,0.0
20230628:1411,169.57,45.71,16.09,4.14,0.0
20230628:1511,162.43,38.84,16.49,4.21,0.0
20230628:1611,133.87,31.25,16.46,4.07,0.0
20230628:1711,117.12,23.45,16.41,4.14,0.0
20230628:1811,49.24,15.85,16.21,4.14,0.0
20230628:1911,7.39,8.78,15.83,3.52,0.0
20230628:2011,1.64,2.56,15.52,3.24,0.0
20230628:2111,0.0,0.0,15.21,2.69,0.0
20230628:2211,0.0,0.0,15.06,2.07,0.0
20230628:2311,0.0,0.0,15.0,1.72,0.0
20230629:0011,0.0,0.0,14.86,1.52,0.0
20230629:0111,0.0,0.0,14.74,1.52,0.0
20230629:0211,0.0,0.0,14.69,2.0,0.0
20230629:0311,11.49,2.68,14.62,2.41,0.0
20230629:0411,7.39,8.92,14.41,2.97,0.0
20230629:0511,16.41,16.01,14.39,3.66,0.0
20230629:0611,52.66,23.63,14.23,4.28,0.0
20230629:0711,137.44,31.42,14.63,4.41,0.0
20230629:0811,172.5,39.0,14.91,4.28,0.0
20230629:0911,281.92,45.84,14.86,4.41,0.0
20230629:1011,294.93,51.21,14.85,4.62,0.0
20230629:1111,178.5,54.23,14.85,4.69,0.0
20230629:1211,131.19,54.19,15.37,4.83,0.0
20230629:1311,138.33,51.1,15.39,5.17,0.0
20230629:1411,85.68,45.68,14.76,5.86,0.0
20230629:1511,96.39,38.82,13.43,6.14,0.0
20230629:1611,116.02,31.23,12.97,6.48,0.0
20230629:1711,36.59,23.44,12.27,7.24,0.0
20230629:1811,21.34,15.83,12.34,7.24,0.0
20230629:1911,31.19,8.76,12.44,6.62,0.0
20230629:2011,1.64,2.54,12.28,6.69,0.0
20230629:2111,0.0,0.0,12.18,6.62,0.0
20230629:2211,0.0,0.0,12.18,6.62,0.0
20230629:2311,0.0,0.0,12.17,6.62,0.0
20230630:0011,0.0,0.0,12.11,6.41,0.0
20230630:0111,0.0,0.0,11.92,6.14,0.0
20230630:0211,0.0,0.0,11.81,5.79,0.0
20230630:0311,10.67,2.61,11.65,5.24,0.0
20230630:0411,37.75,8.85,11.78,4.55,0.0
20230630:0511,63.2,15.94,12.04,3.93,0.0
20230630:0611,227.95,23.55,12.38,3.45,0.0
20230630:0711,431.5,31.35,12.64,2.34,0.0
20230630:0811,551.46,38.93,13.46,2.07,0.0
20230630:0911,287.74,45.77,14.14,2.34,0.0
20230630:1011,553.47,51.14,14.4,2.76,0.0
20230630:1111,0.0,0.0,14.48,3.31,0.0
20230630:1211,712.42,54.14,14.86,4.14,0.0
20230630:1311,720.05,51.07,14.99,4.55,0.0
20230630:1411,719.67,45.65,14.99,4.76,0.0
20230630:1511,149.04,38.8,14.87,4.28,0.0
20230630:1611,149.08,31.21,14.83,3.86,0.0
20230630:1711,86.57,23.41,14.6,3.52,0.0
20230630:1811,91.1,15.81,14.33,3.59,0.0
20230630:1911,22.98,8.73,13.72,3.24,0.0
20230630:2011,1.64,2.5,13.56,2.76,0.0
20230630:2111,0.0,0.0,13.31,2.76,0.0
20230630:2211,0.0,0.0,12.87,2.76,0.0
20230630:2311,0.0,0.0,12.6,2.83,0.0
20230701:0011,0.0,0.0,12.28,3.03,0.0
20230701:0111,0.0,0.0,12.14,3.31,0.0
20230701:0211,0.0,0.0,11.91,3.59,0.0
20230701:0311,10.67,2.53,11.86,3.86,0.0
20230701:0411,7.39,8.77,11.82,4.0,0.0
20230701:0511,54.99,15.86,12.2,4.07,0.0
20230701:0611,129.54,23.48,12.98,4.48,0.0
20230701:0711,242.31,31.27,13.7,4.41,0.0
20230701:0811,439.21,38.85,14.7,4.76,0.0
20230701:0911,190.1,45.69,15.65,5.1,0.0
20230701:1011,76.75,51.07,15.89,5.31,0.0
20230701:1111,219.55,54.11,15.46,5.1,0.0
20230701:1211,172.25,54.09,14.8,5.24,0.0
20230701:1311,171.36,51.02,14.44,5.59,0.0
20230701:1411,116.02,45.62,14.63,5.79,0.0
20230701:1511,132.98,38.77,14.5,5.66,0.0
20230701:1611,115.13,31.18,14.5,5.59,0.0
20230701:1711,61.58,23.39,13.91,4.76,0.0
20230701:1811,15.59,15.78,13.72,4.28,0.0
20230701:1911,33.65,8.7,13.38,3.66,0.0
20230701:2011,10.67,2.47,13.24,2.83,0.0
20230701:2111,0.0,0.0,12.57,2.97,0.0
20230701:2211,0.0,0.0,12.41,5.72,0.0
20230701:2311,0.0,0.0,11.95,7.24,0.0
20230702:0011,0.0,0.0,12.15,5.66,0.0
20230702:0111,0.0,0.0,12.08,4.41,0.0
20230702:0211,0.0,0.0,11.92,3.86,0.0
20230702:0311,9.85,2.45,11.86,3.66,0.0
20230702:0411,47.6,8.69,11.76,3.38,0.0
20230702:0511,94.38,15.78,11.84,3.38,0.0
20230702:0611,202.84,23.39,12.03,3.1,0.0
20230702:0711,387.76,31.19,12.74,3.38,0.0
20230702:0811,636.64,38.77,13.15,3.72,0.0
20230702:0911,814.15,45.61,13.51,4.0,0.0
20230702:1011,962.51,50.99,14.07,3.66,0.0
20230702:1111,998.66,54.03,14.42,2.9,0.0
20230702:1211,1024.07,54.02,14.5,2.0,0.0
20230702:1311,950.33,50.97,14.74,2.0,0.0
20230702:1411,846.5,45.57,15.17,3.24,0.0
20230702:1511,638.6,38.73,15.21,4.48,0.0
20230702:1611,425.74,31.15,14.65,5.45,0.0
20230702:1711,212.15,23.35,14.04,6.41,0.0
20230702:1811,68.94,15.74,13.14,7.03,0.0
20230702:1911,10.67,8.66,12.78,6.41,0.0
20230702:2011,1.64,2.42,12.08,6.9,0.0
20230702:2111,0.0,0.0,12.03,7.59,0.0
20230702:2211,0.0,0.0,11.78,8.48,0.0
20230702:2311,0.0,0.0,11.05,8.97,0.0
20230703:0011,0.0,0.0,11.47,9.17,0.0
20230703:0111,0.0,0.0,11.47,9.1,0.0
20230703:0211,0.0,0.0,11.35,8.55,0.0
20230703:0311,9.85,2.36,11.32,8.34,0.0
20230703:0411,7.39,8.6,11.37,8.07,0.0
20230703:0511,15.59,15.69,11.37,7.59,0.0
20230703:0611,33.02,23.31,11.33,7.03,0.0
20230703:0711,82.11,31.1,11.56,8.97,0.0
20230703:0811,80.32,38.68,11.68,8.55,0.0
20230703:0911,132.09,45.52,11.7,8.41,0.0
20230703:1011,132.98,50.9,11.61,7.86,0.0
20230703:1111,136.55,53.95,11.6,7.38,0.0
20230703:1211,175.82,53.95,11.65,7.38,0.0
20230703:1311,167.79,50.91,11.54,7.86,0.0
20230703:1411,182.96,45.53,11.58,7.66,0.0
20230703:1511,95.5,38.69,11.46,7.72,0.0
20230703:1611,77.65,31.11,11.25,7.79,0.0
20230703:1711,42.84,23.32,11.41,7.24,0.0
20230703:1811,18.06,15.7,11.49,7.17,0.0
20230703:1911,7.39,8.61,11.84,7.45,0.0
20230703:2011,1.64,2.37,11.79,6.83,0.0
20230703:2111,0.0,0.0,11.68,6.69,0.0
20230703:2211,0.0,0.0,11.57,6.62,0.0
20230703:2311,0.0,0.0,11.58,6.34,0.0
20230704:0011,0.0,0.0,11.42,6.21,0.0
20230704:0111,0.0,0.0,11.48,5.93,0.0
20230704:0211,0.0,0.0,10.93,5.1,0.0
20230704:0311,9.03,2.27,11.01,4.0,0.0
20230704:0411,45.14,8.51,11.01,3.24,0.0
20230704:0511,26.26,15.6,11.1,3.38,0.0
20230704:0611,102.64,23.22,11.81,3.59,0.0
20230704:0711,177.03,31.01,12.4,4.21,0.0
20230704:0811,332.49,38.59,12.66,4.76,0.0
20230704:0911,703.84,45.43,13.21,5.31,0.0
20230704:1011,797.57,50.81,13.52,5.59,0.0
20230704:1111,952.73,53.86,13.51,5.66,0.0
20230704:1211,960.31,53.87,13.74,5.79,0.0
20230704:1311,937.85,50.84,13.69,5.93,0.0
20230704:1411,767.61,45.47,13.46,6.14,0.0
20230704:1511,641.84,38.64,13.26,6.07,0.0
20230704:1611,425.55,31.06,13.01,6.07,0.0
20230704:1711,228.64,23.27,12.8,5.86,0.0
20230704:1811,59.09,15.65,12.5,5.45,0.0
20230704:1911,39.39,8.56,12.21,4.55,0.0
20230704:2011,9.03,2.31,11.82,4.0,0.0
20230704:2111,0.0,0.0,11.32,3.52,0.0
20230704:2211,0.0,0.0,11.01,3.1,0.0
20230704:2311,0.0,0.0,10.79,2.69,0.0
20230705:0011,0.0,0.0,10.59,2.34,0.0
20230705:0111,0.0,0.0,10.6,2.14,0.0
20230705:0211,0.0,0.0,10.54,1.86,0.0
20230705:0311,9.03,2.17,10.17,1.38,0.0
20230705:0411,7.39,8.41,10.07,1.24,0.0
20230705:0511,78.79,15.5,10.57,0.97,0.0
20230705:0611,226.89,23.12,11.39,0.9,0.0
20230705:0711,0.0,0.0,12.28,1.38,0.0
20230705:0811,646.51,38.49,12.89,1.31,0.0
20230705:0911,803.76,45.33,13.51,1.93,0.0
20230705:1011,826.92,50.71,14.17,2.0,0.0
20230705:1111,1008.07,53.77,14.71,2.76,0.0
20230705:1211,834.87,53.79,14.8,3.79,0.0
20230705:1311,424.42,50.77,14.75,4.62,0.0
20230705:1411,291.02,45.41,14.46,4.9,0.0
20230705:1511,391.46,38.58,14.03,4.83,0.0
20230705:1611,168.01,31.01,13.67,4.76,0.0
20230705:1711,45.52,23.22,13.22,4.34,0.0
20230705:1811,19.7,15.6,12.75,4.14,0.0
20230705:1911,10.67,8.5,12.58,3.59,0.0
20230705:2011,0.82,2.24,11.45,3.52,0.0
20230705:2111,0.0,0.0,11.21,3.52,0.0
20230705:2211,0.0,0.0,11.11,3.66,0.0
20230705:2311,0.0,0.0,11.71,3.86,0.0
20230706:0011,0.0,0.0,11.7,4.07,0.0
20230706:0111,0.0,0.0,11.78,4.41,0.0
20230706:0211,0.0,0.0,11.8,4.55,0.0
20230706:0311,8.21,2.07,11.86,4.55,0.0
20230706:0411,42.68,8.31,11.93,4.76,0.0
20230706:0511,70.58,15.4,11.97,5.24,0.0
20230706:0611,222.69,23.02,12.16,5.24,0.0
20230706:0711,341.17,30.81,12.7,4.48,0.0
20230706:0811,493.76,38.39,13.15,4.48,0.0
20230706:0911,663.09,45.23,13.53,4.48,0.0
20230706:1011,658.88,50.61,13.59,4.62,0.0
20230706:1111,875.29,53.67,13.92,4.76,0.0
20230706:1211,957.96,53.7,13.62,4.9,0.0
20230706:1311,844.62,50.69,14.05,5.1,0.0
20230706:1411,685.96,45.34,13.67,4.9,0.0
20230706:1511,603.58,38.52,13.99,4.55,0.0
20230706:1611,423.68,30.96,13.73,4.14,0.0
20230706:1711,227.93,23.16,13.32,3.72,0.0
20230706:1811,62.38,15.54,13.16,3.31,0.0
20230706:1911,45.14,8.43,12.72,2.07,0.0
20230706:2011,4.1,2.17,12.2,1.38,0.0
20230706:2111,0.0,0.0,11.63,0.97,0.0
20230706:2211,0.0,0.0,11.16,0.69,0.0
20230706:2311,0.0,0.0,11.36,0.55,0.0
20230707:0011,0.0,0.0,11.16,0.69,0.0
20230707:0111,0.0,0.0,8.81,1.38,0.0
20230707:0211,0.0,0.0,8.83,1.72,0.0
20230707:0311,7.39,1.96,8.83,2.28,0.0
20230707:0411,6.57,8.2,8.93,2.55,0.0
20230707:0511,22.16,15.29,9.43,2.28,0.0
20230707:0611,105.87,22.91,10.46,2.34,0.0
20230707:0711,397.45,30.71,12.79,2.48,0.0
20230707:0811,346.61,38.28,13.78,2.69,0.0
20230707:0911,350.51,45.12,14.52,2.97,0.0
20230707:1011,566.82,50.5,14.78,3.1,0.0
20230707:1111,287.99,53.56,14.95,3.17,0.0
20230707:1211,423.77,53.6,15.49,2.83,0.0
20230707:1311,579.58,50.61,15.73,2.76,0.0
20230707:1411,411.71,45.27,15.39,2.76,0.0
20230707:1511,331.54,38.46,14.88,3.03,0.0
20230707:1611,317.21,30.89,15.17,3.03,0.0
20230707:1711,219.95,23.1,15.34,2.69,0.0
20230707:1811,62.38,15.47,15.11,2.41,0.0
20230707:1911,43.5,8.36,14.81,2.14,0.0
20230707:2011,9.03,2.1,14.26,2.21,0.0
20230707:2111,0.0,0.0,13.76,2.34,0.0
20230707:2211,0.0,0.0,13.41,2.34,0.0
20230707:2311,0.0,0.0,13.1,2.28,0.0
20230708:0011,0.0,0.0,12.8,2.21,0.0
20230708:0111,0.0,0.0,12.51,2.21,0.0
20230708:0211,0.0,0.0,12.11,2.21,0.0
20230708:0311,7.39,1.84,11.76,2.28,0.0
20230708:0411,36.11,8.09,11.77,2.07,0.0
20230708:0511,58.27,15.18,12.72,1.66,0.0
20230708:0611,224.07,22.8,14.35,1.45,0.0
20230708:0711,437.39,30.59,15.48,1.03,0.0
20230708:0811,637.35,38.17,16.63,0.48,0.0
20230708:0911,815.54,45.0,17.46,0.62,0.0
20230708:1011,944.76,50.39,18.01,1.38,0.0
20230708:1111,1025.7,53.45,18.35,1.79,0.0
20230708:1211,1038.35,53.5,18.24,2.21,0.0
20230708:1311,964.26,50.51,18.33,2.41,0.0
20230708:1411,841.92,45.18,18.51,2.55,0.0
20230708:1511,653.74,38.38,18.46,2.48,0.0
20230708:1611,439.78,30.82,18.29,2.28,0.0
20230708:1711,213.02,23.03,17.77,2.07,0.0
20230708:1811,62.38,15.4,17.06,1.72,0.0
20230708:1911,43.5,8.29,16.6,2.69,0.0
20230708:2011,1.64,2.01,15.94,2.69,0.0
20230708:2111,0.0,0.0,15.29,3.03,0.0
20230708:2211,0.0,0.0,15.02,3.17,0.0
20230708:2311,0.0,0.0,14.89,3.1,0.0
20230709:0011,0.0,0.0,14.6,2.76,0.0
20230709:0111,0.0,0.0,14.24,2.28,0.0
20230709:0211,0.0,0.0,13.95,1.93,0.0
20230709:0311,6.57,1.72,13.83,2.28,0.0
20230709:0411,36.11,7.97,14.31,2.76,0.0
20230709:0511,56.63,15.07,15.24,2.76,0.0
20230709:0611,222.7,22.68,16.52,2.76,0.0
20230709:0711,434.07,30.48,17.85,2.83,0.0
20230709:0811,641.68,38.05,19.07,3.24,0.0
20230709:0911,816.69,44.88,20.2,3.45,0.0
20230709:1011,945.96,50.27,20.75,3.86,0.0
20230709:1111,1027.13,53.33,20.93,4.34,0.0
20230709:1211,1021.87,53.38,21.2,4.76,0.0
20230709:1311,926.05,50.41,21.41,4.97,0.0
20230709:1411,716.84,45.1,21.45,4.97,0.0
20230709:1511,591.85,38.3,21.35,4.9,0.0
20230709:1611,229.94,30.75,21.19,4.9,0.0
20230709:1711,132.54,22.95,20.96,4.83,0.0
20230709:1811,22.16,15.32,20.5,5.31,0.0
20230709:1911,7.39,8.2,19.51,4.83,0.0
20230709:2011,0.82,1.92,19.1,5.52,0.0
20230709:2111,0.0,0.0,18.68,5.59,0.0
20230709:2211,0.0,0.0,18.04,5.38,0.0
20230709:2311,0.0,0.0,17.44,5.24,0.0
20230710:0011,0.0,0.0,16.06,4.76,0.0
20230710:0111,0.0,0.0,15.27,4.34,0.0
20230710:0211,0.0,0.0,14.49,3.72,0.0
20230710:0311,5.75,1.6,14.17,3.03,0.0
20230710:0411,40.22,7.85,14.05,2.21,0.0
20230710:0511,14.77,14.95,14.02,1.45,0.0
20230710:0611,26.77,22.56,14.1,0.9,0.0
20230710:0711,59.8,30.36,15.09,0.62,0.0
20230710:0811,92.82,37.93,14.93,0.62,0.0
20230710:0911,115.13,44.76,15.23,0.83,0.0
20230710:1011,282.55,50.14,15.19,1.45,0.0
20230710:1111,279.47,53.21,15.11,1.66,0.0
20230710:1211,449.57,53.27,15.12,1.66,0.0
20230710:1311,258.59,50.31,15.1,2.14,0.0
20230710:1411,252.4,45.0,14.9,2.9,0.0
20230710:1511,323.03,38.22,14.79,2.97,0.0
20230710:1611,307.83,30.66,14.63,2.07,0.0
20230710:1711,159.58,22.87,14.46,1.72,0.0
20230710:1811,85.36,15.24,14.38,1.79,0.0
20230710:1911,41.86,8.11,14.44,0.76,0.0
20230710:2011,1.64,1.82,14.04,0.14,0.0
20230710:2111,0.0,0.0,12.99,1.03,0.0
20230710:2211,0.0,0.0,12.78,1.66,0.0
20230710:2311,0.0,0.0,12.79,1.93,0.0
20230711:0011,0.0,0.0,12.64,2.21,0.0
20230711:0111,0.0,0.0,12.41,2.69,0.0
20230711:0211,0.0,0.0,12.14,3.1,0.0
20230711:0311,5.75,1.47,11.98,3.52,0.0
20230711:0411,6.57,7.72,12.04,4.0,0.0
20230711:0511,16.41,14.82,12.52,4.76,0.0
20230711:0611,52.66,22.44,13.07,5.86,0.0
20230711:0711,58.9,30.23,13.55,6.55,0.0
20230711:0811,46.41,37.8,14.08,7.24,0.0
20230711:0911,104.42,44.63,13.99,7.45,0.0
20230711:1011,84.79,50.01,13.87,7.66,0.0
20230711:1111,123.16,53.07,14.22,8.48,0.0
20230711:1211,119.59,53.14,14.22,8.0,0.0
20230711:1311,122.27,50.2,14.48,8.41,0.0
20230711:1411,83.89,44.9,14.37,8.14,0.0
20230711:1511,130.3,38.12,14.62,7.86,0.0
20230711:1611,160.87,30.58,14.86,7.66,0.0
20230711:1711,41.95,22.78,15.06,8.0,0.0
20230711:1811,18.88,15.15,14.97,7.17,0.0
20230711:1911,12.31,8.02,14.52,5.45,0.0
20230711:2011,0.82,1.72,14.21,5.17,0.0
20230711:2111,0.0,0.0,14.02,5.17,0.0
20230711:2211,0.0,0.0,13.9,5.31,0.0
20230711:2311,0.0,0.0,13.65,5.38,0.0
20230712:0011,0.0,0.0,13.75,5.72,0.0
20230712:0111,0.0,0.0,13.64,5.59,0.0
20230712:0211,0.0,0.0,13.77,5.66,0.0
20230712:0311,0.0,0.0,13.73,6.07,0.0
20230712:0411,7.39,7.59,13.54,6.0,0.0
20230712:0511,87.82,14.69,13.6,5.93,0.0
20230712:0611,104.98,22.31,13.83,5.72,0.0
20230712:0711,271.28,30.11,14.05,5.24,0.0
20230712:0811,489.35,37.67,14.15,5.1,0.0
20230712:0911,575.37,44.5,15.08,3.72,0.0
20230712:1011,614.04,49.87,15.03,3.66,0.0
20230712:1111,758.05,52.94,15.24,3.52,0.0
20230712:1211,662.72,53.01,15.36,3.45,0.0
20230712:1311,636.38,50.08,15.36,3.52,0.0
20230712:1411,579.96,44.8,15.32,3.38,0.0
20230712:1511,555.05,38.03,15.29,3.24,0.0
20230712:1611,335.47,30.48,15.37,3.86,0.0
20230712:1711,199.07,22.69,14.51,4.28,0.0
20230712:1811,86.18,15.05,14.29,4.21,0.0
20230712:1911,27.9,7.91,13.74,3.79,0.0
20230712:2011,0.82,1.61,13.0,4.07,0.0
20230712:2111,0.0,0.0,12.86,3.79,0.0
20230712:2211,0.0,0.0,12.82,3.93,0.0
20230712:2311,0.0,0.0,12.79,4.0,0.0
20230713:0011,0.0,0.0,12.61,4.0,0.0
20230713:0111,0.0,0.0,12.52,3.59,0.0
20230713:0211,0.0,0.0,12.61,3.45,0.0
20230713:0311,0.0,0.0,12.68,3.31,0.0
20230713:0411,8.21,7.45,12.78,3.66,0.0
20230713:0511,49.24,14.55,12.82,4.14,0.0
20230713:0611,27.67,22.18,13.17,3.72,0.0
20230713:0711,113.35,29.97,13.32,4.34,0.0
20230713:0811,396.97,37.54,13.59,4.76,0.0
20230713:0911,483.0,44.36,13.83,4.97,0.0
20230713:1011,175.82,49.73,13.45,5.66,0.0
20230713:1111,689.15,52.79,13.47,5.59,0.0
20230713:1211,282.23,52.88,14.44,5.31,0.0
20230713:1311,630.78,49.95,14.31,5.45,0.0
20230713:1411,149.94,44.68,14.32,5.38,0.0
20230713:1511,297.17,37.92,13.7,5.38,0.0
20230713:1611,103.53,30.38,13.88,5.17,0.0
20230713:1711,130.84,22.59,13.61,4.76,0.0
20230713:1811,82.89,14.94,13.27,4.48,0.0
20230713:1911,23.8,7.8,13.07,4.28,0.0
20230713:2011,0.82,1.49,12.75,3.72,0.0
20230713:2111,0.0,0.0,12.45,3.31,0.0
20230713:2211,0.0,0.0,12.28,2.97,0.0
20230713:2311,0.0,0.0,12.03,2.41,0.0
20230714:0011,0.0,0.0,12.02,2.0,0.0
20230714:0111,0.0,0.0,11.88,1.72,0.0
20230714:0211,0.0,0.0,11.68,1.66,0.0
20230714:0311,0.0,0.0,11.45,1.31,0.0
20230714:0411,32.83,7.31,10.89,0.83,0.0
20230714:0511,77.97,14.41,11.67,0.55,0.0
20230714:0611,191.47,22.04,12.43,0.28,0.0
20230714:0711,400.34,29.83,13.55,0.69,0.0
20230714:0811,582.84,37.4,14.16,0.83,0.0
20230714:0911,801.62,44.21,14.58,1.31,0.0
20230714:1011,904.69,49.58,15.11,2.14,0.0
20230714:1111,928.44,52.64,15.36,2.69,0.0
20230714:1211,896.76,52.73,15.39,2.97,0.0
20230714:1311,904.93,49.82,15.18,2.76,0.0
20230714:1411,800.38,44.56,15.05,2.21,0.0
20230714:1511,612.67,37.81,15.53,1.93,0.0
20230714:1611,443.63,30.27,15.79,2.21,0.0
20230714:1711,225.84,22.48,15.84,2.55,0.0
20230714:1811,79.61,14.84,15.46,2.83,0.0
20230714:1911,22.16,7.69,15.06,2.48,0.0
20230714:2011,0.82,1.37,14.46,2.76,0.0
20230714:2111,0.0,0.0,13.89,3.17,0.0
20230714:2211,0.0,0.0,13.49,3.72,0.0
20230714:2311,0.0,0.0,13.42,4.34,0.0
20230715:0011,0.0,0.0,13.6,5.03,0.0
20230715:0111,0.0,0.0,13.54,5.03,0.0
20230715:0211,0.0,0.0,13.36,5.31,0.0
20230715:0311,0.0,0.0,13.33,5.59,0.0
20230715:0411,8.21,7.16,13.36,5.79,0.0
20230715:0511,13.95,14.27,13.63,6.07,0.0
20230715:0611,41.05,21.9,13.96,7.17,0.0
20230715:0711,81.22,29.69,14.85,8.34,0.0
20230715:0811,59.8,37.25,15.06,8.55,0.0
20230715:0911,124.05,44.06,15.36,9.31,0.0
20230715:1011,162.43,49.42,15.47,9.59,0.0
20230715:1111,166.89,52.49,15.55,9.66,0.0
20230715:1211,213.3,52.58,15.82,9.72,0.0
20230715:1311,184.74,49.68,16.19,9.38,0.0
20230715:1411,122.27,44.44,16.21,8.0,0.0
20230715:1511,162.43,37.69,15.99,7.93,0.0
20230715:1611,160.11,30.16,15.8,7.03,0.0
20230715:1711,149.28,22.37,15.6,7.52,0.0
20230715:1811,85.36,14.72,15.15,8.9,0.0
20230715:1911,36.11,7.57,14.98,8.48,0.0
20230715:2011,0.0,0.0,14.58,8.69,0.0
20230715:2111,0.0,0.0,14.48,8.41,0.0
20230715:2211,0.0,0.0,14.35,8.41,0.0
20230715:2311,0.0,0.0,14.26,8.41,0.0
20230716:0011,0.0,0.0,14.28,8.55,0.0
20230716:0111,0.0,0.0,14.37,8.34,0.0
20230716:0211,0.0,0.0,14.15,8.34,0.0
20230716:0311,0.0,0.0,14.1,8.28,0.0
20230716:0411,26.26,7.01,13.95,8.34,0.0
20230716:0511,73.87,14.12,13.85,8.76,0.0
20230716:0611,120.62,21.75,13.96,8.97,0.0
20230716:0711,180.12,29.55,13.92,9.38,0.0
20230716:0811,116.02,37.11,14.12,9.59,0.0
20230716:0911,376.09,43.91,14.05,9.66,0.0
20230716:1011,112.45,49.27,14.09,9.59,0.0
20230716:1111,731.95,52.33,14.72,7.86,0.0
20230716:1211,719.63,52.43,15.27,6.97,0.0
20230716:1311,101.74,49.54,15.51,7.03,0.0
20230716:1411,115.13,44.3,15.51,7.86,0.0
20230716:1511,85.68,37.57,14.5,8.34,0.0
20230716:1611,108.88,30.04,14.58,8.0,0.0
20230716:1711,121.09,22.25,14.35,8.48,0.0
20230716:1811,59.09,14.6,14.2,7.03,0.0
20230716:1911,9.85,7.44,14.03,6.83,0.0
20230716:2011,0.0,0.0,14.0,6.34,0.0
20230716:2111,0.0,0.0,14.0,6.28,0.0
20230716:2211,0.0,0.0,14.01,6.41,0.0
20230716:2311,0.0,0.0,13.9,6.48,0.0
20230717:0011,0.0,0.0,13.63,7.03,0.0
20230717:0111,0.0,0.0,13.45,6.83,0.0
20230717:0211,0.0,0.0,13.44,6.48,0.0
20230717:0311,0.0,0.0,13.1,6.69,0.0
20230717:0411,5.75,6.85,13.1,6.55,0.0
20230717:0511,13.95,13.97,13.1,6.69,0.0
20230717:0611,37.48,21.6,13.1,6.83,0.0
20230717:0711,88.36,29.4,13.04,7.24,0.0
20230717:0811,166.29,36.95,13.31,7.38,0.0
20230717:0911,140.12,43.75,13.31,7.31,0.0
20230717:1011,169.57,49.1,13.41,7.52,0.0
20230717:1111,261.0,52.16,13.44,6.48,0.0
20230717:1211,126.73,52.26,13.59,5.93,0.0
20230717:1311,138.33,49.39,13.5,6.14,0.0
20230717:1411,262.06,44.16,13.48,6.34,0.0
20230717:1511,315.85,37.44,13.75,5.86,0.0
20230717:1611,115.13,29.91,13.33,6.21,0.0
20230717:1711,118.43,22.12,13.09,6.14,0.0
20230717:1811,59.09,14.47,12.58,6.21,0.0
20230717:1911,20.52,7.31,12.16,5.79,0.0
20230717:2011,0.0,0.0,11.9,5.72,0.0
20230717:2111,0.0,0.0,11.66,5.66,0.0
20230717:2211,0.0,0.0,11.45,5.66,0.0
20230717:2311,0.0,0.0,11.39,5.79,0.0
20230718:0011,0.0,0.0,11.09,6.28,0.0
20230718:0111,0.0,0.0,10.93,6.41,0.0
20230718:0211,0.0,0.0,11.05,6.28,0.0
20230718:0311,0.0,0.0,10.98,6.28,0.0
20230718:0411,5.75,6.69,10.96,6.41,0.0
20230718:0511,19.7,13.82,10.95,6.34,0.0
20230718:0611,119.74,21.45,11.26,5.38,0.0
20230718:0711,269.13,29.24,11.48,5.03,0.0
20230718:0811,323.3,36.8,12.02,5.03,0.0
20230718:0911,511.59,43.59,12.16,5.24,0.0
20230718:1011,530.78,48.93,12.61,5.24,0.0
20230718:1111,311.45,51.99,12.76,5.38,0.0
20230718:1211,792.46,52.1,12.78,5.59,0.0
20230718:1311,386.19,49.23,12.85,5.52,0.0
20230718:1411,365.98,44.02,12.99,5.45,0.0
20230718:1511,342.85,37.3,12.85,5.52,0.0
20230718:1611,298.43,29.78,12.53,5.31,0.0
20230718:1711,153.92,21.99,12.48,5.03,0.0
20230718:1811,77.97,14.33,12.2,5.03,0.0
20230718:1911,33.65,7.17,11.4,5.79,0.0
20230718:2011,0.0,0.0,11.18,5.52,0.0
20230718:2111,0.0,0.0,11.25,4.76,0.0
20230718:2211,0.0,0.0,11.05,4.69,0.0
20230718:2311,0.0,0.0,11.17,4.28,0.0
20230719:0011,0.0,0.0,11.12,4.21,0.0
20230719:0111,0.0,0.0,11.11,4.34,0.0
20230719:0211,0.0,0.0,10.94,4.69,0.0
20230719:0311,0.0,0.0,10.57,4.9,0.0
20230719:0411,5.75,6.53,10.49,5.03,0.0
20230719:0511,31.19,13.66,10.56,4.69,0.0
20230719:0611,200.01,21.29,11.12,3.79,0.0
20230719:0711,312.69,29.09,11.38,4.28,0.0
20230719:0811,221.89,36.64,11.77,4.34,0.0
20230719:0911,331.07,43.42,12.33,4.34,0.0
20230719:1011,460.83,48.76,12.27,4.21,0.0
20230719:1111,567.8,51.81,13.05,4.41,0.0
20230719:1211,404.4,51.92,12.58,4.69,0.0
20230719:1311,295.34,49.06,12.75,4.9,0.0
20230719:1411,243.73,43.87,12.28,4.76,0.0
20230719:1511,340.44,37.16,12.48,4.83,0.0
20230719:1611,272.56,29.64,11.97,4.69,0.0
20230719:1711,131.58,21.85,11.91,4.62,0.0
20230719:1811,80.43,14.19,11.5,4.76,0.0
20230719:1911,6.57,7.02,11.05,4.41,0.0
20230719:2011,0.0,0.0,10.73,4.55,0.0
20230719:2111,0.0,0.0,10.61,4.62,0.0
20230719:2211,0.0,0.0,10.65,4.76,0.0
20230719:2311,0.0,0.0,10.81,4.97,0.0
20230720:0011,0.0,0.0,10.92,4.97,0.0
20230720:0111,0.0,0.0,11.1,5.1,0.0
20230720:0211,0.0,0.0,11.11,5.31,0.0
20230720:0311,0.0,0.0,11.2,5.52,0.0
20230720:0411,4.92,6.36,11.26,5.72,0.0
20230720:0511,13.13,13.49,11.57,5.66,0.0
20230720:0611,61.58,21.13,11.75,5.86,0.0
20230720:0711,142.08,28.92,11.51,5.17,0.0
20230720:0811,211.11,36.47,12.01,4.76,0.0
20230720:0911,330.35,43.25,12.47,4.97,0.0
20230720:1011,454.5,48.58,12.6,5.03,0.0
20230720:1111,454.45,51.63,13.11,5.03,0.0
20230720:1211,483.89,51.74,12.65,4.97,0.0
20230720:1311,541.47,48.89,12.25,4.83,0.0
20230720:1411,239.28,43.71,12.36,4.83,0.0
20230720:1511,405.45,37.01,12.12,4.97,0.0
20230720:1611,289.48,29.5,12.18,5.03,0.0
20230720:1711,153.49,21.71,12.05,5.17,0.0
20230720:1811,59.09,14.05,11.89,5.17,0.0
20230720:1911,17.24,6.87,11.34,5.03,0.0
20230720:2011,0.0,0.0,11.09,5.03,0.0
20230720:2111,0.0,0.0,10.96,5.03,0.0
20230720:2211,0.0,0.0,10.71,4.55,0.0
20230720:2311,0.0,0.0,10.52,4.28,0.0
20230721:0011,0.0,0.0,10.42,4.14,0.0
20230721:0111,0.0,0.0,10.38,4.0,0.0
20230721:0211,0.0,0.0,10.4,4.0,0.0
20230721:0311,0.0,0.0,10.31,3.86,0.0
20230721:0411,5.75,6.19,10.11,3.59,0.0
20230721:0511,21.34,13.33,10.29,3.38,0.0
20230721:0611,142.63,20.97,10.43,3.03,0.0
20230721:0711,278.46,28.76,11.39,2.62,0.0
20230721:0811,569.53,36.3,11.87,2.48,0.0
20230721:0911,657.97,43.08,12.13,2.55,0.0
20230721:1011,844.69,48.39,12.67,2.76,0.0
20230721:1111,512.47,51.44,12.69,3.1,0.0
20230721:1211,832.63,51.55,12.94,3.59,0.0
20230721:1311,701.34,48.72,12.95,3.79,0.0
20230721:1411,574.31,43.54,12.9,4.0,0.0
20230721:1511,527.32,36.85,12.83,4.21,0.0
20230721:1611,330.77,29.35,12.59,4.21,0.0
20230721:1711,187.78,21.56,12.34,4.28,0.0
20230721:1811,63.2,13.9,11.98,3.93,0.0
20230721:1911,19.7,6.71,12.02,3.86,0.0
20230721:2011,0.0,0.0,11.6,3.72,0.0
20230721:2111,0.0,0.0,11.34,3.79,0.0
20230721:2211,0.0,0.0,11.12,3.86,0.0
20230721:2311,0.0,0.0,11.01,3.93,0.0
20230722:0011,0.0,0.0,10.9,3.79,0.0
20230722:0111,0.0,0.0,11.0,3.66,0.0
20230722:0211,0.0,0.0,10.94,3.59,0.0
20230722:0311,0.0,0.0,10.81,3.52,0.0
20230722:0411,31.19,6.01,10.84,3.24,0.0
20230722:0511,77.97,13.15,11.1,3.24,0.0
20230722:0611,102.0,20.8,11.35,3.17,0.0
20230722:0711,182.36,28.59,11.89,2.76,0.0
20230722:0811,342.46,36.13,12.41,2.55,0.0
20230722:0911,458.11,42.9,12.82,2.41,0.0
20230722:1011,413.46,48.21,13.4,2.41,0.0
20230722:1111,737.49,51.24,13.49,2.69,0.0
20230722:1211,910.03,51.36,13.78,3.03,0.0
20230722:1311,800.99,48.54,13.66,3.59,0.0
20230722:1411,629.08,43.37,13.56,3.72,0.0
20230722:1511,530.79,36.69,13.47,3.38,0.0
20230722:1611,371.6,29.19,13.4,3.03,0.0
20230722:1711,215.28,21.4,13.28,2.69,0.0
20230722:1811,62.38,13.74,13.07,2.34,0.0
20230722:1911,35.29,6.54,12.63,1.93,0.0
20230722:2011,0.0,0.0,12.17,1.66,0.0
20230722:2111,0.0,0.0,11.84,1.52,0.0
20230722:2211,0.0,0.0,11.29,1.17,0.0
20230722:2311,0.0,0.0,10.84,0.9,0.0
20230723:0011,0.0,0.0,11.19,0.76,0.0
20230723:0111,0.0,0.0,10.66,0.83,0.0
20230723:0211,0.0,0.0,9.65,0.97,0.0
20230723:0311,0.0,0.0,8.86,1.24,0.0
20230723:0411,29.55,5.83,9.51,1.38,0.0
20230723:0511,59.91,12.98,10.19,1.24,0.0
20230723:0611,204.41,20.63,11.16,1.1,0.0
20230723:0711,415.33,28.42,12.25,1.72,0.0
20230723:0811,612.71,35.95,13.52,2.41,0.0
20230723:0911,748.36,42.71,14.6,2.69,0.0
20230723:1011,929.79,48.01,15.5,2.55,0.0
20230723:1111,1013.7,51.04,16.05,2.55,0.0
20230723:1211,911.1,51.16,16.07,2.97,0.0
20230723:1311,674.41,48.35,16.28,2.69,0.0
20230723:1411,579.35,43.2,16.32,2.97,0.0
20230723:1511,307.01,36.53,16.21,3.66,0.0
20230723:1611,374.93,29.03,15.57,3.93,0.0
20230723:1711,200.91,21.24,15.35,4.07,0.0
20230723:1811,81.25,13.57,15.04,3.45,0.0
20230723:1911,32.83,6.37,14.57,2.9,0.0
20230723:2011,0.0,0.0,14.32,2.76,0.0
20230723:2111,0.0,0.0,14.06,3.03,0.0
20230723:2211,0.0,0.0,13.77,3.38,0.0
20230723:2311,0.0,0.0,13.48,3.38,0.0
20230724:0011,0.0,0.0,13.21,2.97,0.0
20230724:0111,0.0,0.0,12.91,2.69,0.0
20230724:0211,0.0,0.0,12.7,2.48,0.0
20230724:0311,0.0,0.0,12.5,2.41,0.0
20230724:0411,4.1,5.65,12.38,2.41,0.0
20230724:0511,36.93,12.8,12.67,2.21,0.0
20230724:0611,66.94,20.45,13.58,2.07,0.0
20230724:0711,287.44,28.24,14.39,2.55,0.0
20230724:0811,276.27,35.77,15.13,2.69,0.0
20230724:0911,236.69,42.52,15.32,2.69,0.0
20230724:1011,272.75,47.81,15.67,2.76,0.0
20230724:1111,833.65,50.84,16.16,3.1,0.0
20230724:1211,906.86,50.96,16.06,3.79,0.0
20230724:1311,934.65,48.15,15.72,4.41,0.0
20230724:1411,786.38,43.01,15.79,4.41,0.0
20230724:1511,591.15,36.35,15.29,4.21,0.0
20230724:1611,304.84,28.86,15.62,4.21,0.0
20230724:1711,126.37,21.08,15.0,4.07,0.0
20230724:1811,62.38,13.4,14.66,3.86,0.0
20230724:1911,29.55,6.2,14.09,4.97,0.0
20230724:2011,0.0,0.0,13.58,5.17,0.0
20230724:2111,0.0,0.0,13.21,5.17,0.0
20230724:2211,0.0,0.0,13.03,5.1,0.0
20230724:2311,0.0,0.0,12.9,5.31,0.0
20230725:0011,0.0,0.0,12.78,5.1,0.0
20230725:0111,0.0,0.0,12.52,4.97,0.0
20230725:0211,0.0,0.0,12.43,5.66,0.0
20230725:0311,0.0,0.0,12.21,5.66,0.0
20230725:0411,25.44,5.46,12.26,5.93,0.0
20230725:0511,66.48,12.62,12.38,6.21,0.0
20230725:0611,89.83,20.27,12.57,6.21,0.0
20230725:0711,269.58,28.06,12.72,6.48,0.0
20230725:0811,262.54,35.59,12.49,7.52,0.0
20230725:0911,276.21,42.33,12.55,7.72,0.0
20230725:1011,292.69,47.61,12.49,7.59,0.0
20230725:1111,153.51,50.63,12.81,7.45,0.0
20230725:1211,187.42,50.75,12.58,7.66,0.0
20230725:1311,218.3,47.95,12.54,8.28,0.0
20230725:1411,260.75,42.82,12.53,8.14,0.0
20230725:1511,300.1,36.17,12.21,8.21,0.0
20230725:1611,113.35,28.69,12.02,7.79,0.0
20230725:1711,88.36,20.9,11.59,8.21,0.0
20230725:1811,58.27,13.23,11.51,7.45,0.0
20230725:1911,32.01,6.02,11.43,8.34,0.0
20230725:2011,0.0,0.0,11.33,8.55,0.0
20230725:2111,0.0,0.0,10.79,9.79,0.0
20230725:2211,0.0,0.0,10.99,10.07,0.0
20230725:2311,0.0,0.0,11.23,9.86,0.0
20230726:0011,0.0,0.0,11.34,10.69,0.0
20230726:0111,0.0,0.0,11.4,10.97,0.0
20230726:0211,0.0,0.0,11.54,10.76,0.0
20230726:0311,0.0,0.0,12.03,10.55,0.0
20230726:0411,6.57,5.27,12.08,10.14,0.0
20230726:0511,69.76,12.43,12.19,9.66,0.0
20230726:0611,187.64,20.09,12.36,8.9,0.0
20230726:0711,348.9,27.88,13.21,5.66,0.0
20230726:0811,544.84,35.4,13.69,5.1,0.0
20230726:0911,730.51,42.14,14.24,4.9,0.0
20230726:1011,843.36,47.4,14.71,5.24,0.0
20230726:1111,964.93,50.41,14.71,6.07,0.0
20230726:1211,731.5,50.53,14.85,6.69,0.0
20230726:1311,647.33,47.74,14.76,6.83,0.0
20230726:1411,339.97,42.63,14.56,7.31,0.0
20230726:1511,315.14,35.99,14.51,7.17,0.0
20230726:1611,177.33,28.51,13.96,7.1,0.0
20230726:1711,114.09,20.72,13.63,6.62,0.0
20230726:1811,71.4,13.04,13.51,6.07,0.0
20230726:1911,16.41,5.83,13.7,5.03,0.0
20230726:2011,0.0,0.0,13.16,5.03,0.0
20230726:2111,0.0,0.0,12.97,4.9,0.0
20230726:2211,0.0,0.0,12.9,4.48,0.0
20230726:2311,0.0,0.0,12.81,4.28,0.0
20230727:0011,0.0,0.0,12.74,4.14,0.0
20230727:0111,0.0,0.0,12.66,3.93,0.0
20230727:0211,0.0,0.0,12.63,3.59,0.0
20230727:0311,0.0,0.0,12.62,3.17,0.0
20230727:0411,4.1,5.08,12.53,2.62,0.0
20230727:0511,42.68,12.24,12.6,2.34,0.0
20230727:0611,129.89,19.9,12.91,2.34,0.0
20230727:0711,265.81,27.69,13.24,2.48,0.0
20230727:0811,433.4,35.21,13.7,2.55,0.0
20230727:0911,598.32,41.93,14.39,2.48,0.0
20230727:1011,777.21,47.19,14.82,2.28,0.0
20230727:1111,933.02,50.19,15.41,2.34,0.0
20230727:1211,948.77,50.31,15.55,2.76,0.0
20230727:1311,658.96,47.53,15.6,3.38,0.0
20230727:1411,542.84,42.43,15.13,4.0,0.0
20230727:1511,472.07,35.8,14.91,4.21,0.0
20230727:1611,316.34,28.32,14.63,4.21,0.0
20230727:1711,198.88,20.54,14.33,4.0,0.0
20230727:1811,72.22,12.85,14.04,3.72,0.0
20230727:1911,28.73,5.63,13.64,3.17,0.0
20230727:2011,0.0,0.0,13.23,3.03,0.0
20230727:2111,0.0,0.0,12.9,2.97,0.0
20230727:2211,0.0,0.0,12.67,2.83,0.0
20230727:2311,0.0,0.0,12.49,2.9,0.0
20230728:0011,0.0,0.0,12.27,2.97,0.0
20230728:0111,0.0,0.0,12.09,2.97,0.0
20230728:0211,0.0,0.0,12.04,3.03,0.0
20230728:0311,0.0,0.0,11.97,2.9,0.0
20230728:0411,4.92,4.88,11.96,2.69,0.0
20230728:0511,67.3,12.05,12.13,2.62,0.0
20230728:0611,169.61,19.71,12.44,2.9,0.0
20230728:0711,353.5,27.5,12.89,3.03,0.0
20230728:0811,535.06,35.02,13.89,2.83,0.0
20230728:0911,767.77,41.73,14.9,2.69,0.0
20230728:1011,859.99,46.98,15.41,2.83,0.0
20230728:1111,991.78,49.96,15.66,3.03,0.0
20230728:1211,995.02,50.09,15.86,3.1,0.0
20230728:1311,942.66,47.31,15.84,3.24,0.0
20230728:1411,804.02,42.22,15.72,3.1,0.0
20230728:1511,636.38,35.6,15.58,2.62,0.0
20230728:1611,423.15,28.13,15.4,2.21,0.0
20230728:1711,207.65,20.35,15.17,1.79,0.0
20230728:1811,75.51,12.66,14.74,1.31,0.0
20230728:1911,24.62,5.43,13.96,1.38,0.0
20230728:2011,0.0,0.0,13.33,1.03,0.0
20230728:2111,0.0,0.0,12.59,0.62,0.0
20230728:2211,0.0,0.0,12.19,1.31,0.0
20230728:2311,0.0,0.0,12.18,2.0,0.0
20230729:0011,0.0,0.0,11.81,1.93,0.0
20230729:0111,0.0,0.0,11.47,1.66,0.0
20230729:0211,0.0,0.0,11.08,1.52,0.0
20230729:0311,0.0,0.0,10.75,1.79,0.0
20230729:0411,18.06,4.68,10.52,2.14,0.0
20230729:0511,29.55,11.86,11.13,2.28,0.0
20230729:0611,127.91,19.52,12.82,2.28,0.0
20230729:0711,283.25,27.31,14.55,2.48,0.0
20230729:0811,415.51,34.82,15.53,3.1,0.0
20230729:0911,732.43,41.52,16.47,3.72,0.0
20230729:1011,796.53,46.76,16.72,3.72,0.0
20230729:1111,611.03,49.73,16.81,3.86,0.0
20230729:1211,907.53,49.85,16.41,3.72,0.0
20230729:1311,711.24,47.09,16.93,3.93,0.0
20230729:1411,346.24,42.01,17.11,4.0,0.0
20230729:1511,225.6,35.39,16.7,4.28,0.0
20230729:1611,105.31,27.93,16.21,4.69,0.0
20230729:1711,47.3,20.15,15.5,4.62,0.0
20230729:1811,25.44,12.46,14.69,4.41,0.0
20230729:1911,18.06,5.23,14.67,3.1,0.0
20230729:2011,0.0,0.0,14.51,3.1,0.0
20230729:2111,0.0,0.0,14.45,3.24,0.0
20230729:2211,0.0,0.0,13.75,3.45,0.0
20230729:2311,0.0,0.0,13.62,3.59,0.0
20230730:0011,0.0,0.0,13.68,3.24,0.0
20230730:0111,0.0,0.0,13.59,2.97,0.0
20230730:0211,0.0,0.0,13.44,2.76,0.0
20230730:0311,0.0,0.0,13.26,2.97,0.0
20230730:0411,5.75,4.47,13.22,2.9,0.0
20230730:0511,67.3,11.66,13.43,3.38,0.0
20230730:0611,152.05,19.33,13.79,3.24,0.0
20230730:0711,239.55,27.12,13.9,3.45,0.0
20230730:0811,277.03,34.62,14.42,4.21,0.0
20230730:0911,535.26,41.31,14.95,4.69,0.0
20230730:1011,591.5,46.53,14.76,4.76,0.0
20230730:1111,593.12,49.5,15.03,4.55,0.0
20230730:1211,712.38,49.62,15.55,4.28,0.0
20230730:1311,707.68,46.86,14.92,3.93,0.0
20230730:1411,693.66,41.79,15.03,3.38,0.0
20230730:1511,521.45,35.19,15.14,2.9,0.0
20230730:1611,259.04,27.73,15.01,2.55,0.0
20230730:1711,116.34,19.95,14.71,2.07,0.0
20230730:1811,64.84,12.26,14.14,1.79,0.0
20230730:1911,22.16,5.02,14.04,1.03,0.0
20230730:2011,0.0,0.0,13.92,0.28,0.0
20230730:2111,0.0,0.0,13.87,0.41,0.0
20230730:2211,0.0,0.0,13.51,0.69,0.0
20230730:2311,0.0,0.0,13.44,0.69,0.0
20230731:0011,0.0,0.0,13.16,0.76,0.0
20230731:0111,0.0,0.0,11.03,1.1,0.0
20230731:0211,0.0,0.0,9.47,1.31,0.0
20230731:0311,0.0,0.0,9.93,1.66,0.0
20230731:0411,20.52,4.26,10.73,1.66,0.0
20230731:0511,46.78,11.46,11.5,1.79,0.0
20230731:0611,166.02,19.13,12.13,2.21,0.0
20230731:0711,378.24,26.92,13.94,2.55,0.0
20230731:0811,502.14,34.41,14.79,2.62,0.0
20230731:0911,631.85,41.1,15.62,2.55,0.0
20230731:1011,706.5,46.3,16.0,2.97,0.0
20230731:1111,945.18,49.26,16.17,3.38,0.0
20230731:1211,890.45,49.37,16.49,3.59,0.0
20230731:1311,832.78,46.62,16.52,3.59,0.0
20230731:1411,735.97,41.57,16.6,3.86,0.0
20230731:1511,615.49,34.97,16.37,3.72,0.0
20230731:1611,204.52,27.52,16.16,3.17,0.0
20230731:1711,166.75,19.74,15.96,2.62,0.0
20230731:1811,65.66,12.04,15.59,2.34,0.0
20230731:1911,22.98,4.8,14.88,1.1,0.0
20230731:2011,0.0,0.0,14.23,1.17,0.0
20230731:2111,0.0,0.0,14.09,1.72,0.0
20230731:2211,0.0,0.0,13.92,2.0,0.0
20230731:2311,0.0,0.0,13.79,1.93,0.0
20230801:0011,0.0,0.0,13.56,1.59,0.0
20230801:0111,0.0,0.0,13.27,1.79,0.0
20230801:0211,0.0,0.0,12.76,1.86,0.0
20230801:0311,0.0,0.0,11.81,1.52,0.0
20230801:0411,18.06,4.05,11.51,1.24,0.0
20230801:0511,50.88,11.25,12.12,0.97,0.0
20230801:0611,190.36,18.93,13.36,1.03,0.0
20230801:0711,400.25,26.72,14.23,1.66,0.0
20230801:0811,556.29,34.2,15.72,2.0,0.0
20230801:0911,690.13,40.88,16.52,2.76,0.0
20230801:1011,576.65,46.07,16.93,3.38,0.0
20230801:1111,899.69,49.01,16.99,3.93,0.0
20230801:1211,946.47,49.13,16.87,4.48,0.0
20230801:1311,892.05,46.38,16.3,4.97,0.0
20230801:1411,663.23,41.34,16.17,5.1,0.0
20230801:1511,554.58,34.75,16.36,5.17,0.0
20230801:1611,386.98,27.3,16.24,5.24,0.0
20230801:1711,175.13,19.52,15.77,5.38,0.0
20230801:1811,68.12,11.83,15.55,4.9,0.0
20230801:1911,20.52,4.58,14.97,4.97,0.0
20230801:2011,0.0,0.0,14.43,4.83,0.0
20230801:2111,0.0,0.0,14.09,4.55,0.0
20230801:2211,0.0,0.0,13.75,4.0,0.0
20230801:2311,0.0,0.0,13.6,3.66,0.0
20230802:0011,0.0,0.0,13.53,3.52,0.0
20230802:0111,0.0,0.0,13.54,3.59,0.0
20230802:0211,0.0,0.0,13.53,3.66,0.0
20230802:0311,0.0,0.0,13.5,3.45,0.0
20230802:0411,2.46,3.84,13.35,3.24,0.0
20230802:0511,25.44,11.05,13.51,2.9,0.0
20230802:0611,100.64,18.72,13.7,2.69,0.0
20230802:0711,216.23,26.51,14.6,2.97,0.0
20230802:0811,532.69,33.99,15.02,3.03,0.0
20230802:0911,607.96,40.65,15.68,2.97,0.0
20230802:1011,875.63,45.83,16.74,2.83,0.0
20230802:1111,1021.61,48.76,17.36,2.69,0.0
20230802:1211,1053.96,48.87,17.51,2.97,0.0
20230802:1311,949.93,46.14,17.25,3.24,0.0
20230802:1411,798.57,41.1,17.33,3.17,0.0
20230802:1511,632.74,34.52,17.36,3.03,0.0
20230802:1611,410.37,27.08,16.92,3.66,0.0
20230802:1711,197.8,19.31,16.49,3.86,0.0
20230802:1811,67.3,11.61,16.32,3.45,0.0
20230802:1911,20.52,4.35,15.86,3.52,0.0
20230802:2011,0.0,0.0,15.57,3.45,0.0
20230802:2111,0.0,0.0,15.3,3.24,0.0
20230802:2211,0.0,0.0,15.03,3.52,0.0
20230802:2311,0.0,0.0,14.67,3.66,0.0
20230803:0011,0.0,0.0,14.35,3.45,0.0
20230803:0111,0.0,0.0,14.02,3.31,0.0
20230803:0211,0.0,0.0,13.78,3.52,0.0
20230803:0311,0.0,0.0,13.61,3.79,0.0
20230803:0411,2.46,3.62,13.59,3.79,0.0
20230803:0511,36.93,10.84,13.86,3.59,0.0
20230803:0611,133.18,18.52,14.64,3.45,0.0
20230803:0711,191.39,26.3,15.62,3.79,0.0
20230803:0811,405.04,33.78,16.35,4.34,0.0
20230803:0911,625.79,40.43,16.8,4.83,0.0
20230803:1011,924.59,45.59,17.16,5.1,0.0
20230803:1111,916.69,48.51,17.47,5.38,0.0
20230803:1211,979.03,48.62,17.46,5.79,0.0
20230803:1311,779.74,45.88,17.19,6.14,0.0
20230803:1411,680.4,40.86,17.09,5.93,0.0
20230803:1511,517.03,34.29,16.9,6.21,0.0
20230803:1611,283.86,26.86,16.67,6.41,0.0
20230803:1711,170.21,19.08,16.32,6.48,0.0
20230803:1811,59.91,11.38,15.96,6.55,0.0
20230803:1911,9.03,4.12,15.36,6.9,0.0
20230803:2011,0.0,0.0,14.72,7.03,0.0
20230803:2111,0.0,0.0,14.47,7.1,0.0
20230803:2211,0.0,0.0,14.26,6.97,0.0
20230803:2311,0.0,0.0,14.16,7.24,0.0
20230804:0011,0.0,0.0,14.03,7.66,0.0
20230804:0111,0.0,0.0,13.82,7.79,0.0
20230804:0211,0.0,0.0,13.72,7.45,0.0
20230804:0311,0.0,0.0,13.66,7.66,0.0
20230804:0411,2.46,3.4,13.58,8.07,0.0
20230804:0511,60.73,10.62,13.65,8.07,0.0
20230804:0611,136.68,18.31,13.79,8.9,0.0
20230804:0711,158.39,26.09,14.06,8.55,0.0
20230804:0811,219.79,33.56,14.47,9.17,0.0
20230804:0911,212.78,40.2,14.85,9.31,0.0
20230804:1011,219.86,45.34,15.04,9.38,0.0
20230804:1111,417.74,48.25,15.03,9.38,0.0
20230804:1211,741.81,48.35,14.9,9.45,0.0
20230804:1311,532.94,45.63,14.78,9.52,0.0
20230804:1411,358.61,40.61,14.67,9.59,0.0
20230804:1511,296.6,34.05,14.5,9.1,0.0
20230804:1611,215.12,26.63,14.16,8.48,0.0
20230804:1711,93.27,18.85,13.78,8.14,0.0
20230804:1811,46.78,11.14,13.29,7.79,0.0
20230804:1911,2.46,3.88,13.09,7.45,0.0
20230804:2011,0.0,0.0,12.75,7.1,0.0
20230804:2111,0.0,0.0,12.5,6.76,0.0
20230804:2211,0.0,0.0,12.28,6.48,0.0
20230804:2311,0.0,0.0,12.11,6.21,0.0
20230805:0011,0.0,0.0,11.97,6.0,0.0
20230805:0111,0.0,0.0,11.75,5.79,0.0
20230805:0211,0.0,0.0,11.76,5.86,0.0
20230805:0311,0.0,0.0,11.62,5.79,0.0
20230805:0411,2.46,3.17,11.49,5.72,0.0
20230805:0511,23.8,10.41,11.51,5.66,0.0
20230805:0611,104.01,18.1,11.85,5.93,0.0
20230805:0711,232.66,25.88,12.82,5.59,0.0
20230805:0811,334.47,33.34,12.99,5.52,0.0
20230805:0911,379.75,39.96,13.13,5.59,0.0
20230805:1011,187.42,45.1,13.5,5.59,0.0
20230805:1111,473.04,47.99,13.74,5.52,0.0
20230805:1211,620.78,48.09,13.69,5.45,0.0
20230805:1311,305.87,45.36,13.56,5.66,0.0
20230805:1411,422.29,40.36,13.75,5.79,0.0
20230805:1511,309.8,33.81,13.56,5.45,0.0
20230805:1611,244.75,26.39,13.4,5.1,0.0
20230805:1711,181.0,18.61,13.27,4.9,0.0
20230805:1811,47.6,10.91,13.05,4.83,0.0
20230805:1911,16.41,3.63,12.66,4.48,0.0
20230805:2011,0.0,0.0,12.21,4.21,0.0
20230805:2111,0.0,0.0,11.87,4.07,0.0
20230805:2211,0.0,0.0,11.72,4.21,0.0
20230805:2311,0.0,0.0,11.66,4.21,0.0
20230806:0011,0.0,0.0,11.7,3.86,0.0
20230806:0111,0.0,0.0,11.66,3.86,0.0
20230806:0211,0.0,0.0,11.47,4.07,0.0
20230806:0311,0.0,0.0,11.28,3.93,0.0
20230806:0411,1.64,2.95,11.16,3.45,0.0
20230806:0511,9.85,10.19,11.39,3.31,0.0
20230806:0611,169.7,17.88,11.87,3.59,0.0
20230806:0711,359.94,25.66,12.77,2.83,0.0
20230806:0811,331.04,33.12,13.76,3.03,0.0
20230806:0911,487.46,39.73,14.82,2.97,0.0
20230806:1011,446.05,44.84,15.82,2.62,0.0
20230806:1111,757.26,47.72,16.62,2.55,0.0
20230806:1211,926.94,47.81,16.78,2.83,0.0
20230806:1311,703.99,45.1,16.6,3.45,0.0
20230806:1411,478.08,40.1,16.14,4.0,0.0
20230806:1511,410.75,33.56,16.05,4.48,0.0
20230806:1611,102.64,26.15,15.68,4.76,0.0
20230806:1711,96.64,18.37,15.35,4.97,0.0
20230806:1811,22.98,10.66,15.04,5.1,0.0
20230806:1911,2.46,3.38,14.69,5.24,0.0
20230806:2011,0.0,0.0,14.2,5.52,0.0
20230806:2111,0.0,0.0,13.83,5.93,0.0
20230806:2211,0.0,0.0,13.63,6.41,0.0
20230806:2311,0.0,0.0,13.44,6.48,0.0
20230807:0011,0.0,0.0,13.33,6.62,0.0
20230807:0111,0.0,0.0,13.25,6.9,0.0
20230807:0211,0.0,0.0,13.32,7.1,0.0
20230807:0311,0.0,0.0,13.3,7.52,0.0
20230807:0411,1.64,2.72,13.29,7.72,0.0
20230807:0511,41.04,9.97,13.36,8.0,0.0
20230807:0611,30.34,17.67,13.52,8.28,0.0
20230807:0711,64.26,25.44,13.93,9.31,0.0
20230807:0811,91.03,32.89,14.3,9.72,0.0
20230807:0911,162.43,39.49,14.38,9.93,0.0
20230807:1011,173.14,44.59,14.49,10.07,0.0
20230807:1111,175.82,47.45,14.72,9.93,0.0
20230807:1211,227.11,47.54,14.75,10.07,0.0
20230807:1311,147.26,44.82,14.71,10.76,0.0
20230807:1411,183.51,39.84,14.45,11.24,0.0
20230807:1511,160.19,33.31,13.8,11.45,0.0
20230807:1611,98.17,25.9,13.37,11.45,0.0
20230807:1711,47.3,18.13,13.04,11.03,0.0
20230807:1811,43.5,10.41,12.79,10.97,0.0
20230807:1911,3.28,3.13,12.43,12.0,0.0
20230807:2011,0.0,0.0,12.04,12.34,0.0
20230807:2111,0.0,0.0,11.81,12.76,0.0
20230807:2211,0.0,0.0,11.37,13.38,0.0
20230807:2311,0.0,0.0,11.38,13.24,0.0
20230808:0011,0.0,0.0,11.33,14.0,0.0
20230808:0111,0.0,0.0,11.11,13.93,0.0
20230808:0211,0.0,0.0,10.52,13.38,0.0
20230808:0311,0.0,0.0,10.36,13.03,0.0
20230808:0411,1.64,2.49,10.2,13.24,0.0
20230808:0511,9.85,9.74,10.15,13.59,0.0
20230808:0611,41.05,17.45,10.52,13.72,0.0
20230808:0711,114.44,25.22,10.67,13.1,0.0
20230808:0811,156.62,32.66,10.65,13.1,0.0
20230808:0911,190.32,39.25,10.73,12.9,0.0
20230808:1011,270.35,44.33,10.68,12.9,0.0
20230808:1111,222.65,47.17,10.52,12.9,0.0
20230808:1211,223.55,47.25,10.63,13.38,0.0
20230808:1311,211.26,44.55,10.58,13.03,0.0
20230808:1411,194.8,39.57,10.61,12.97,0.0
20230808:1511,139.23,33.05,10.6,12.83,0.0
20230808:1611,86.57,25.64,10.55,13.38,0.0
20230808:1711,88.84,17.87,10.02,12.97,0.0
20230808:1811,9.03,10.16,10.02,13.17,0.0
20230808:1911,2.46,2.87,10.56,12.55,0.0
20230808:2011,0.0,0.0,10.31,12.41,0.0
20230808:2111,0.0,0.0,10.54,11.79,0.0
20230808:2211,0.0,0.0,10.61,11.79,0.0
20230808:2311,0.0,0.0,10.62,11.79,0.0
20230809:0011,0.0,0.0,10.51,11.72,0.0
20230809:0111,0.0,0.0,10.75,10.97,0.0
20230809:0211,0.0,0.0,10.94,11.52,0.0
20230809:0311,0.0,0.0,10.73,11.52,0.0
20230809:0411,2.46,2.25,10.88,10.97,0.0
20230809:0511,43.5,9.52,10.68,11.38,0.0
20230809:0611,83.43,17.22,10.89,10.55,0.0
20230809:0711,197.92,25.0,10.77,10.55,0.0
20230809:0811,305.98,32.43,10.87,10.34,0.0
20230809:0911,221.3,39.0,11.08,9.59,0.0
20230809:1011,269.56,44.06,10.96,9.93,0.0
20230809:1111,356.55,46.89,11.11,9.17,0.0
20230809:1211,309.02,46.97,11.43,8.62,0.0
20230809:1311,271.38,44.26,11.37,8.28,0.0
20230809:1411,321.6,39.3,11.37,8.41,0.0
20230809:1511,455.88,32.79,11.39,8.48,0.0
20230809:1611,237.56,25.39,10.94,8.28,0.0
20230809:1711,148.26,17.62,10.91,8.07,0.0
20230809:1811,37.75,9.9,10.97,8.07,0.0
20230809:1911,3.28,2.6,10.7,8.0,0.0
20230809:2011,0.0,0.0,10.72,7.72,0.0
20230809:2111,0.0,0.0,10.74,7.79,0.0
20230809:2211,0.0,0.0,10.73,7.79,0.0
20230809:2311,0.0,0.0,10.89,7.31,0.0
20230810:0011,0.0,0.0,10.84,7.17,0.0
20230810:0111,0.0,0.0,10.87,7.1,0.0
20230810:0211,0.0,0.0,10.85,7.1,0.0
20230810:0311,0.0,0.0,10.9,7.03,0.0
20230810:0411,0.82,2.02,10.75,6.9,0.0
20230810:0511,32.83,9.29,10.8,7.03,0.0
20230810:0611,162.16,17.0,11.12,6.9,0.0
20230810:0711,180.64,24.77,10.98,6.69,0.0
20230810:0811,508.88,32.2,11.31,6.76,0.0
20230810:0911,440.81,38.75,11.68,6.97,0.0
20230810:1011,666.51,43.79,12.13,6.83,0.0
20230810:1111,609.43,46.61,12.17,6.76,0.0
20230810:1211,938.73,46.68,12.21,6.62,0.0
20230810:1311,657.55,43.98,12.32,6.55,0.0
20230810:1411,677.68,39.02,12.32,6.41,0.0
20230810:1511,568.97,32.52,12.44,6.28,0.0
20230810:1611,348.31,25.12,12.38,6.07,0.0
20230810:1711,183.96,17.36,12.23,5.93,0.0
20230810:1811,43.5,9.64,12.04,5.59,0.0
20230810:1911,9.03,2.33,11.68,4.83,0.0
20230810:2011,0.0,0.0,11.47,4.9,0.0
20230810:2111,0.0,0.0,11.26,4.69,0.0
20230810:2211,0.0,0.0,10.98,4.48,0.0
20230810:2311,0.0,0.0,10.89,4.21,0.0
20230811:0011,0.0,0.0,10.69,3.79,0.0
20230811:0111,0.0,0.0,10.54,3.52,0.0
20230811:0211,0.0,0.0,10.38,3.31,0.0
20230811:0311,0.0,0.0,10.23,3.1,0.0
20230811:0411,0.82,1.78,10.13,2.9,0.0
20230811:0511,48.42,9.06,10.19,2.76,0.0
20230811:0611,175.14,16.77,10.73,3.03,0.0
20230811:0711,388.12,24.55,11.9,1.86,0.0
20230811:0811,625.48,31.96,13.14,0.28,0.0
20230811:0911,818.47,38.5,14.13,1.86,0.0
20230811:1011,509.78,43.52,14.45,2.07,0.0
20230811:1111,653.06,46.32,15.13,1.66,0.0
20230811:1211,682.0,46.38,16.1,2.55,0.0
20230811:1311,413.12,43.68,16.78,3.72,0.0
20230811:1411,203.5,38.74,16.91,4.62,0.0
20230811:1511,186.77,32.24,16.81,5.38,0.0
20230811:1611,126.34,24.85,16.23,5.86,0.0
20230811:1711,71.4,17.09,15.77,6.07,0.0
20230811:1811,41.04,9.37,15.56,6.55,0.0
20230811:1911,0.82,2.06,15.4,6.21,0.0
20230811:2011,0.0,0.0,15.11,5.66,0.0
20230811:2111,0.0,0.0,14.85,4.9,0.0
20230811:2211,0.0,0.0,14.52,4.07,0.0
20230811:2311,0.0,0.0,14.36,3.45,0.0
20230812:0011,0.0,0.0,14.21,3.17,0.0
20230812:0111,0.0,0.0,13.9,3.1,0.0
20230812:0211,0.0,0.0,13.66,3.17,0.0
20230812:0311,0.0,0.0,13.15,3.24,0.0
20230812:0411,0.82,1.54,12.89,3.45,0.0
20230812:0511,46.78,8.83,12.99,4.07,0.0
20230812:0611,85.95,16.54,13.22,4.48,0.0
20230812:0711,97.28,24.31,14.2,4.21,0.0
20230812:0811,407.09,31.72,15.07,4.76,0.0
20230812:0911,215.2,38.24,15.98,5.17,0.0
20230812:1011,133.87,43.25,16.69,5.45,0.0
20230812:1111,794.17,46.03,16.94,5.72,0.0
20230812:1211,57.12,46.08,17.38,6.21,0.0
20230812:1311,114.24,43.39,17.23,6.34,0.0
20230812:1411,157.08,38.45,16.74,6.41,0.0
20230812:1511,525.34,31.96,16.0,5.86,0.0
20230812:1611,346.25,24.58,15.41,5.24,0.0
20230812:1711,92.08,16.82,15.04,4.41,0.0
20230812:1811,32.01,9.09,14.95,4.34,0.0
20230812:1911,0.82,1.78,15.35,4.55,0.0
20230812:2011,0.0,0.0,14.83,4.48,0.0
20230812:2111,0.0,0.0,14.63,4.28,0.0
20230812:2211,0.0,0.0,14.63,4.21,0.0
20230812:2311,0.0,0.0,14.54,4.21,0.0
20230813:0011,0.0,0.0,14.45,4.34,0.0
20230813:0111,0.0,0.0,14.29,4.34,0.0
20230813:0211,0.0,0.0,14.13,4.55,0.0
20230813:0311,0.0,0.0,13.96,4.97,0.0
20230813:0411,0.0,0.0,13.88,5.38,0.0
20230813:0511,7.39,8.59,13.89,5.66,0.0
20230813:0611,132.75,16.31,13.96,6.07,0.0
20230813:0711,65.15,24.08,14.61,6.07,0.0
20230813:0811,121.38,31.48,14.38,5.79,0.0
20230813:0911,111.56,37.98,14.23,5.45,0.0
20230813:1011,193.44,42.97,14.58,4.76,0.0
20230813:1111,212.22,45.74,15.15,4.34,0.0
20230813:1211,231.5,45.78,15.86,4.69,0.0
20230813:1311,284.41,43.09,16.1,4.9,0.0
20230813:1411,248.22,38.15,15.83,5.1,0.0
20230813:1511,278.15,31.68,16.0,5.1,0.0
20230813:1611,215.33,24.3,15.42,4.97,0.0
20230813:1711,40.16,16.54,15.01,4.83,0.0
20230813:1811,37.75,8.81,14.6,4.9,0.0
20230813:1911,0.82,1.49,14.03,4.62,0.0
20230813:2011,0.0,0.0,14.04,4.34,0.0
20230813:2111,0.0,0.0,13.92,4.14,0.0
20230813:2211,0.0,0.0,13.82,3.93,0.0
20230813:2311,0.0,0.0,13.7,3.93,0.0
20230814:0011,0.0,0.0,13.59,3.93,0.0
20230814:0111,0.0,0.0,13.63,4.14,0.0
20230814:0211,0.0,0.0,13.71,4.41,0.0
20230814:0311,0.0,0.0,13.79,4.41,0.0
20230814:0411,0.0,0.0,13.93,4.69,0.0
20230814:0511,15.59,8.36,13.64,4.62,0.0
20230814:0611,138.86,16.08,13.74,4.21,0.0
20230814:0711,131.42,23.85,14.09,4.21,0.0
20230814:0811,304.48,31.23,14.42,4.28,0.0
20230814:0911,285.56,37.72,14.74,4.21,0.0
20230814:1011,226.8,42.69,15.03,4.41,0.0
20230814:1111,175.82,45.44,15.77,4.97,0.0
20230814:1211,190.1,45.47,15.51,4.76,0.0
20230814:1311,149.94,42.78,15.31,4.34,0.0
20230814:1411,211.12,37.86,15.16,3.86,0.0
20230814:1511,116.91,31.39,15.14,3.38,0.0
20230814:1611,28.56,24.02,14.82,3.38,0.0
20230814:1711,17.85,16.26,14.69,3.79,0.0
20230814:1811,36.93,8.53,14.02,4.69,0.0
20230814:1911,0.82,1.21,13.61,4.48,0.0
20230814:2011,0.0,0.0,13.54,4.97,0.0
20230814:2111,0.0,0.0,13.6,5.03,0.0
20230814:2211,0.0,0.0,13.7,4.9,0.0
20230814:2311,0.0,0.0,14.2,4.69,0.0
20230815:0011,0.0,0.0,14.34,4.76,0.0
20230815:0111,0.0,0.0,14.09,5.59,0.0
20230815:0211,0.0,0.0,14.02,6.14,0.0
20230815:0311,0.0,0.0,13.96,6.97,0.0
20230815:0411,0.0,0.0,13.95,7.17,0.0
20230815:0511,15.59,8.12,14.53,7.17,0.0
20230815:0611,17.85,15.85,14.69,7.03,0.0
20230815:0711,228.71,23.61,14.85,6.55,0.0
20230815:0811,406.61,30.98,15.09,6.69,0.0
20230815:0911,96.39,37.46,15.63,6.62,0.0
20230815:1011,96.39,42.41,15.96,6.48,0.0
20230815:1111,230.67,45.13,15.92,6.76,0.0
20230815:1211,141.01,45.16,15.83,6.41,0.0
20230815:1311,266.51,42.47,15.87,5.93,0.0
20230815:1411,180.91,37.55,15.79,6.41,0.0
20230815:1511,62.47,31.1,15.62,5.86,0.0
20230815:1611,106.48,23.73,15.65,5.17,0.0
20230815:1711,134.17,15.97,15.34,4.28,0.0
20230815:1811,45.14,8.24,15.15,2.69,0.0
20230815:1911,0.0,0.0,15.18,1.93,0.0
20230815:2011,0.0,0.0,14.92,1.66,0.0
20230815:2111,0.0,0.0,14.78,1.59,0.0
20230815:2211,0.0,0.0,14.72,1.66,0.0
20230815:2311,0.0,0.0,14.65,1.86,0.0
20230816:0011,0.0,0.0,14.45,1.93,0.0
20230816:0111,0.0,0.0,14.17,2.14,0.0
20230816:0211,0.0,0.0,13.91,2.9,0.0
20230816:0311,0.0,0.0,13.76,3.38,0.0
20230816:0411,0.0,0.0,13.64,3.45,0.0
20230816:0511,37.75,7.88,13.8,3.66,0.0
20230816:0611,35.7,15.61,13.9,4.83,0.0
20230816:0711,71.4,23.37,14.05,5.72,0.0
20230816:0811,147.77,30.73,14.0,6.07,0.0
20230816:0911,125.84,37.19,14.09,6.28,0.0
20230816:1011,116.91,42.12,14.18,6.41,0.0
20230816:1111,119.59,44.83,14.41,6.62,0.0
20230816:1211,174.93,44.84,14.58,6.69,0.0
20230816:1311,195.25,42.15,14.65,6.48,0.0
20230816:1411,196.5,37.25,14.59,6.28,0.0
20230816:1511,193.22,30.8,14.63,6.14,0.0
20230816:1611,206.39,23.44,14.47,6.14,0.0
20230816:1711,118.59,15.68,14.13,5.93,0.0
20230816:1811,34.47,7.95,13.87,5.52,0.0
20230816:1911,0.0,0.0,13.42,5.79,0.0
20230816:2011,0.0,0.0,12.96,5.59,0.0
20230816:2111,0.0,0.0,12.71,5.59,0.0
20230816:2211,0.0,0.0,12.71,5.72,0.0
20230816:2311,0.0,0.0,12.63,5.79,0.0
20230817:0011,0.0,0.0,12.56,5.66,0.0
20230817:0111,0.0,0.0,12.36,5.45,0.0
20230817:0211,0.0,0.0,12.35,5.24,0.0
20230817:0311,0.0,0.0,12.26,5.03,0.0
20230817:0411,0.0,0.0,12.18,4.9,0.0
20230817:0511,41.86,7.63,12.2,4.76,0.0
20230817:0611,126.06,15.37,12.58,5.24,0.0
20230817:0711,188.97,23.13,13.87,4.14,0.0
20230817:0811,180.0,30.48,15.55,3.17,0.0
20230817:0911,422.31,36.92,16.54,2.28,0.0
20230817:1011,580.47,41.83,17.06,2.28,0.0
20230817:1111,406.09,44.52,17.33,2.14,0.0
20230817:1211,263.99,44.52,17.55,2.14,0.0
20230817:1311,124.05,41.84,17.36,2.62,0.0
20230817:1411,149.04,36.94,17.55,1.79,0.0
20230817:1511,126.73,30.5,17.59,1.03,0.0
20230817:1611,99.96,23.14,17.2,1.1,0.0
20230817:1711,68.56,15.39,16.74,1.31,0.0
20230817:1811,36.93,7.65,16.22,1.45,0.0
20230817:1911,0.0,0.0,15.5,1.59,0.0
20230817:2011,0.0,0.0,15.24,1.72,0.0
20230817:2111,0.0,0.0,15.05,1.66,0.0
20230817:2211,0.0,0.0,14.92,1.38,0.0
20230817:2311,0.0,0.0,14.78,1.17,0.0
20230818:0011,0.0,0.0,14.29,1.03,0.0
20230818:0111,0.0,0.0,13.68,1.03,0.0
20230818:0211,0.0,0.0,13.22,1.1,0.0
20230818:0311,0.0,0.0,12.72,1.24,0.0
20230818:0411,0.0,0.0,12.57,1.24,0.0
20230818:0511,39.39,7.39,12.92,1.24,0.0
20230818:0611,76.46,15.13,14.68,0.97,0.0
20230818:0711,184.16,22.88,15.74,0.62,0.0
20230818:0811,324.56,30.23,16.65,1.03,0.0
20230818:0911,627.28,36.65,17.31,1.38,0.0
20230818:1011,913.0,41.53,17.57,1.86,0.0
20230818:1111,1003.67,44.2,18.37,2.28,0.0
20230818:1211,872.47,44.2,18.95,2.41,0.0
20230818:1311,859.31,41.51,19.1,2.21,0.0
20230818:1411,658.04,36.62,19.33,2.34,0.0
20230818:1511,533.2,30.19,19.4,2.34,0.0
20230818:1611,302.45,22.84,19.15,1.86,0.0
20230818:1711,167.52,15.09,18.93,1.59,0.0
20230818:1811,39.39,7.35,18.34,1.66,0.0
20230818:1911,0.0,0.0,17.72,3.17,0.0
20230818:2011,0.0,0.0,17.17,3.66,0.0
20230818:2111,0.0,0.0,16.69,4.0,0.0
20230818:2211,0.0,0.0,16.4,4.48,0.0
20230818:2311,0.0,0.0,16.26,4.97,0.0
20230819:0011,0.0,0.0,16.23,5.38,0.0
20230819:0111,0.0,0.0,16.2,5.45,0.0
20230819:0211,0.0,0.0,16.18,5.79,0.0
20230819:0311,0.0,0.0,16.37,6.48,0.0
20230819:0411,0.0,0.0,16.57,6.97,0.0
20230819:0511,10.67,7.14,16.81,7.38,0.0
20230819:0611,103.22,14.89,17.1,7.66,0.0
20230819:0711,136.31,22.63,17.89,8.41,0.0
20230819:0811,156.96,29.97,18.45,9.03,0.0
20230819:0911,324.92,36.38,18.64,9.31,0.0
20230819:1011,193.5,41.24,18.54,9.1,0.0
20230819:1111,261.37,43.89,18.53,9.24,0.0
20230819:1211,102.64,43.87,18.23,9.31,0.0
20230819:1311,116.02,41.19,17.84,9.66,0.0
20230819:1411,113.35,36.3,17.38,9.59,0.0
20230819:1511,52.66,29.88,17.08,9.79,0.0
20230819:1611,47.3,22.54,17.06,9.93,0.0
20230819:1711,57.12,14.78,17.14,9.31,0.0
20230819:1811,15.59,7.04,17.19,8.48,0.0
20230819:1911,0.0,0.0,17.33,7.79,0.0
20230819:2011,0.0,0.0,17.26,6.97,0.0
20230819:2111,0.0,0.0,17.15,5.79,0.0
20230819:2211,0.0,0.0,16.93,4.76,0.0
20230819:2311,0.0,0.0,16.63,3.52,0.0
20230820:0011,0.0,0.0,16.17,2.9,0.0
20230820:0111,0.0,0.0,15.74,2.69,0.0
20230820:0211,0.0,0.0,15.38,2.34,0.0
20230820:0311,0.0,0.0,15.18,2.28,0.0
20230820:0411,0.0,0.0,14.89,2.41,0.0
20230820:0511,31.19,6.89,14.63,2.62,0.0
20230820:0611,35.7,14.64,14.69,2.83,0.0
20230820:0711,189.55,22.39,14.97,2.83,0.0
20230820:0811,289.65,29.71,15.32,2.97,0.0
20230820:0911,658.72,36.1,16.29,3.17,0.0
20230820:1011,904.49,40.94,17.22,3.45,0.0
20230820:1111,743.29,43.57,17.81,3.72,0.0
20230820:1211,954.15,43.54,17.8,4.0,0.0
20230820:1311,805.76,40.86,17.74,3.79,0.0
20230820:1411,629.74,35.98,17.52,3.72,0.0
20230820:1511,552.46,29.56,17.32,3.93,0.0
20230820:1611,295.7,22.23,16.91,3.79,0.0
20230820:1711,93.4,14.48,16.29,3.52,0.0
20230820:1811,27.08,6.73,15.55,3.45,0.0
20230820:1911,0.0,0.0,15.18,2.62,0.0
20230820:2011,0.0,0.0,14.71,2.62,0.0
20230820:2111,0.0,0.0,14.57,2.69,0.0
20230820:2211,0.0,0.0,14.31,2.97,0.0
20230820:2311,0.0,0.0,14.23,2.48,0.0
20230821:0011,0.0,0.0,14.42,1.72,0.0
20230821:0111,0.0,0.0,14.41,2.14,0.0
20230821:0211,0.0,0.0,14.45,2.62,0.0
20230821:0311,0.0,0.0,14.19,2.34,0.0
20230821:0411,0.0,0.0,14.28,2.34,0.0
20230821:0511,26.26,6.64,14.37,2.62,0.0
20230821:0611,96.93,14.39,14.67,3.03,0.0
20230821:0711,268.13,22.14,15.14,2.83,0.0
20230821:0811,435.33,29.45,15.75,2.83,0.0
20230821:0911,763.27,35.82,16.48,2.9,0.0
20230821:1011,868.52,40.63,16.57,3.03,0.0
20230821:1111,852.72,43.25,16.83,3.03,0.0
20230821:1211,859.58,43.2,17.04,2.97,0.0
20230821:1311,667.03,40.52,17.15,3.03,0.0
20230821:1411,650.27,35.65,17.18,3.38,0.0
20230821:1511,585.44,29.24,16.89,3.38,0.0
20230821:1611,321.72,21.91,16.58,3.59,0.0
20230821:1711,138.46,14.16,16.07,3.59,0.0
20230821:1811,34.47,6.42,15.45,3.31,0.0
20230821:1911,0.0,0.0,14.82,2.97,0.0
20230821:2011,0.0,0.0,14.45,3.17,0.0
20230821:2111,0.0,0.0,14.19,3.24,0.0
20230821:2211,0.0,0.0,13.87,3.31,0.0
20230821:2311,0.0,0.0,13.91,3.52,0.0
20230822:0011,0.0,0.0,13.92,3.72,0.0
20230822:0111,0.0,0.0,13.93,4.07,0.0
20230822:0211,0.0,0.0,13.98,4.28,0.0
20230822:0311,0.0,0.0,13.94,4.28,0.0
20230822:0411,0.0,0.0,14.06,4.48,0.0
20230822:0511,23.8,6.39,14.02,4.48,0.0
20230822:0611,63.27,14.15,14.33,4.07,0.0
20230822:0711,205.42,21.88,14.58,4.55,0.0
20230822:0811,250.22,29.18,15.22,4.28,0.0
20230822:0911,533.46,35.54,15.65,4.14,0.0
20230822:1011,649.06,40.33,16.22,3.93,0.0
20230822:1111,655.06,42.92,16.66,3.72,0.0
20230822:1211,475.73,42.87,16.88,3.79,0.0
20230822:1311,524.7,40.18,16.88,3.52,0.0
20230822:1411,451.29,35.32,16.84,3.72,0.0
20230822:1511,356.79,28.92,16.72,3.79,0.0
20230822:1611,172.95,21.59,16.38,3.93,0.0
20230822:1711,100.62,13.85,15.98,3.72,0.0
20230822:1811,30.37,6.1,15.52,3.52,0.0
20230822:1911,0.0,0.0,15.0,3.1,0.0
20230822:2011,0.0,0.0,15.06,3.03,0.0
20230822:2111,0.0,0.0,14.97,2.9,0.0
20230822:2211,0.0,0.0,14.86,2.97,0.0
20230822:2311,0.0,0.0,14.71,3.17,0.0
20230823:0011,0.0,0.0,14.53,3.17,0.0
20230823:0111,0.0,0.0,14.48,3.31,0.0
20230823:0211,0.0,0.0,14.43,3.1,0.0
20230823:0311,0.0,0.0,14.26,2.97,0.0
20230823:0411,0.0,0.0,14.17,2.97,0.0
20230823:0511,12.31,6.14,14.33,2.62,0.0
20230823:0611,36.59,13.9,14.23,2.07,0.0
20230823:0711,203.4,21.63,14.43,3.66,0.0
20230823:0811,250.49,28.92,14.24,4.41,0.0
20230823:0911,281.99,35.25,14.73,4.07,0.0
20230823:1011,233.2,40.02,14.46,4.28,0.0
20230823:1111,160.65,42.59,14.29,4.69,0.0
20230823:1211,255.62,42.53,14.41,4.69,0.0
20230823:1311,331.92,39.84,14.03,5.03,0.0
20230823:1411,533.07,34.98,14.05,4.9,0.0
20230823:1511,473.89,28.59,14.07,4.76,0.0
20230823:1611,313.04,21.27,13.85,4.62,0.0
20230823:1711,146.11,13.53,13.59,4.76,0.0
20230823:1811,25.44,5.78,13.35,4.62,0.0
20230823:1911,0.0,0.0,13.37,4.62,0.0
20230823:2011,0.0,0.0,13.3,4.55,0.0
20230823:2111,0.0,0.0,13.11,4.14,0.0
20230823:2211,0.0,0.0,12.89,3.79,0.0
20230823:2311,0.0,0.0,12.67,3.59,0.0
20230824:0011,0.0,0.0,12.47,3.45,0.0
20230824:0111,0.0,0.0,12.32,3.45,0.0
20230824:0211,0.0,0.0,12.3,3.45,0.0
20230824:0311,0.0,0.0,12.23,3.24,0.0
20230824:0411,0.0,0.0,12.23,2.97,0.0
20230824:0511,8.21,5.88,12.09,2.55,0.0
20230824:0611,41.95,13.64,12.3,2.21,0.0
20230824:0711,99.46,21.37,12.62,1.59,0.0
20230824:0811,267.1,28.65,13.35,1.31,0.0
20230824:0911,689.37,34.96,14.08,1.45,0.0
20230824:1011,846.08,39.71,14.45,1.31,0.0
20230824:1111,502.23,42.26,14.59,1.59,0.0
20230824:1211,376.59,42.18,14.31,0.9,0.0
20230824:1311,252.66,39.5,14.47,1.59,0.0
20230824:1411,144.58,34.64,14.16,1.03,0.0
20230824:1511,78.54,28.26,13.93,1.66,0.0
20230824:1611,109.67,20.95,14.04,2.69,0.0
20230824:1711,24.99,13.2,14.06,3.86,0.0
20230824:1811,7.39,5.45,13.84,4.41,0.0
20230824:1911,0.0,0.0,13.69,4.69,0.0
20230824:2011,0.0,0.0,12.38,5.03,0.0
20230824:2111,0.0,0.0,12.07,5.03,0.0
20230824:2211,0.0,0.0,11.99,4.76,0.0
20230824:2311,0.0,0.0,12.81,4.28,0.0
20230825:0011,0.0,0.0,12.97,3.93,0.0
20230825:0111,0.0,0.0,13.06,3.79,0.0
20230825:0211,0.0,0.0,13.01,3.86,0.0
20230825:0311,0.0,0.0,12.91,3.86,0.0
20230825:0411,0.0,0.0,12.76,4.0,0.0
20230825:0511,16.41,5.63,12.78,3.79,0.0
20230825:0611,71.26,13.39,13.05,3.45,0.0
20230825:0711,158.18,21.12,13.28,1.45,0.0
20230825:0811,270.76,28.38,13.62,0.9,0.0
20230825:0911,340.75,34.67,14.04,0.9,0.0
20230825:1011,267.86,39.4,14.43,0.76,0.0
20230825:1111,180.28,41.92,14.51,0.41,0.0
20230825:1211,138.33,41.83,14.44,0.21,0.0
20230825:1311,141.9,39.15,14.69,0.21,0.0
20230825:1411,106.21,34.3,14.6,0.28,0.0
20230825:1511,129.13,27.93,14.71,0.55,0.0
20230825:1611,82.11,20.62,14.63,0.62,0.0
20230825:1711,41.05,12.88,14.5,0.69,0.0
20230825:1811,6.57,5.13,14.37,0.55,0.0
20230825:1911,0.0,0.0,14.44,1.17,0.0
20230825:2011,0.0,0.0,14.19,0.9,0.0
20230825:2111,0.0,0.0,12.92,0.9,0.0
20230825:2211,0.0,0.0,12.64,1.03,0.0
20230825:2311,0.0,0.0,12.17,0.97,0.0
20230826:0011,0.0,0.0,12.17,0.69,0.0
20230826:0111,0.0,0.0,12.15,0.62,0.0
20230826:0211,0.0,0.0,12.28,0.62,0.0
20230826:0311,0.0,0.0,11.85,0.76,0.0
20230826:0411,0.0,0.0,11.74,0.83,0.0
20230826:0511,12.31,5.37,11.88,0.62,0.0
20230826:0611,89.0,13.14,12.35,0.48,0.0
20230826:0711,233.3,20.86,13.87,1.03,0.0
20230826:0811,352.95,28.11,13.81,1.31,0.0
20230826:0911,702.02,34.38,14.82,1.17,0.0
20230826:1011,707.0,39.08,15.22,0.97,0.0
20230826:1111,255.95,41.58,14.82,2.28,0.0
20230826:1211,67.83,41.48,15.9,2.62,0.0
20230826:1311,52.66,38.79,14.17,2.97,0.0
20230826:1411,347.43,33.96,14.54,2.97,0.0
20230826:1511,447.34,27.59,14.6,3.24,0.0
20230826:1611,236.61,20.28,14.38,3.24,0.0
20230826:1711,117.45,12.55,14.1,3.1,0.0
20230826:1811,24.62,4.79,13.87,3.1,0.0
20230826:1911,0.0,0.0,13.84,2.76,0.0
20230826:2011,0.0,0.0,13.56,2.48,0.0
20230826:2111,0.0,0.0,13.54,2.41,0.0
20230826:2211,0.0,0.0,13.56,2.34,0.0
20230826:2311,0.0,0.0,13.37,2.28,0.0
20230827:0011,0.0,0.0,13.19,2.28,0.0
20230827:0111,0.0,0.0,13.11,2.0,0.0
20230827:0211,0.0,0.0,13.02,1.72,0.0
20230827:0311,0.0,0.0,12.93,1.79,0.0
20230827:0411,0.0,0.0,12.79,1.86,0.0
20230827:0511,23.8,5.11,12.78,2.0,0.0
20230827:0611,89.2,12.88,12.93,1.93,0.0
20230827:0711,193.25,20.59,13.39,2.34,0.0
20230827:0811,401.98,27.83,13.78,2.48,0.0
20230827:0911,657.38,34.09,14.16,2.07,0.0
20230827:1011,737.54,38.76,14.63,2.07,0.0
20230827:1111,695.12,41.24,15.03,2.41,0.0
20230827:1211,853.6,41.13,15.2,2.76,0.0
20230827:1311,628.57,38.44,15.26,3.1,0.0
20230827:1411,483.7,33.61,15.18,3.1,0.0
20230827:1511,462.24,27.25,14.98,2.97,0.0
20230827:1611,286.54,19.95,14.65,2.83,0.0
20230827:1711,135.34,12.21,14.21,2.55,0.0
20230827:1811,22.98,4.46,13.78,2.21,0.0
20230827:1911,0.0,0.0,13.42,2.07,0.0
20230827:2011,0.0,0.0,13.14,2.14,0.0
20230827:2111,0.0,0.0,12.9,2.48,0.0
20230827:2211,0.0,0.0,12.69,2.9,0.0
20230827:2311,0.0,0.0,12.51,3.03,0.0
20230828:0011,0.0,0.0,12.27,2.97,0.0
20230828:0111,0.0,0.0,11.91,2.83,0.0
20230828:0211,0.0,0.0,11.85,2.69,0.0
20230828:0311,0.0,0.0,11.64,2.83,0.0
20230828:0411,0.0,0.0,11.6,2.97,0.0
20230828:0511,17.24,4.85,11.51,3.03,0.0
20230828:0611,81.33,12.62,11.78,3.38,0.0
20230828:0711,154.23,20.33,12.79,4.07,0.0
20230828:0811,265.41,27.56,13.31,4.48,0.0
20230828:0911,168.45,33.79,13.55,4.62,0.0
20230828:1011,212.26,38.44,13.82,4.83,0.0
20230828:1111,386.87,40.9,13.93,4.76,0.0
20230828:1211,361.01,40.77,14.13,4.62,0.0
20230828:1311,616.57,38.08,14.28,4.55,0.0
20230828:1411,632.12,33.25,14.24,4.48,0.0
20230828:1511,372.22,26.9,14.17,4.48,0.0
20230828:1611,149.26,19.61,14.03,4.48,0.0
20230828:1711,97.54,11.87,13.57,4.21,0.0
20230828:1811,9.85,4.12,13.09,3.79,0.0
20230828:1911,0.0,0.0,13.05,3.59,0.0
20230828:2011,0.0,0.0,12.79,2.9,0.0
20230828:2111,0.0,0.0,12.58,2.21,0.0
20230828:2211,0.0,0.0,12.53,2.14,0.0
20230828:2311,0.0,0.0,12.49,2.07,0.0
20230829:0011,0.0,0.0,12.42,2.14,0.0
20230829:0111,0.0,0.0,12.03,2.07,0.0
20230829:0211,0.0,0.0,12.05,2.28,0.0
20230829:0311,0.0,0.0,12.01,2.07,0.0
20230829:0411,0.0,0.0,12.05,1.52,0.0
20230829:0511,3.28,4.59,11.81,1.03,0.0
20230829:0611,41.95,12.36,12.03,0.76,0.0
20230829:0711,235.12,20.07,12.66,2.21,0.0
20230829:0811,293.74,27.28,13.01,2.9,0.0
20230829:0911,416.93,33.49,13.59,3.17,0.0
20230829:1011,258.92,38.12,13.92,3.24,0.0
20230829:1111,602.41,40.55,14.26,3.24,0.0
20230829:1211,192.75,40.41,14.64,3.59,0.0
20230829:1311,371.84,37.72,14.34,4.21,0.0
20230829:1411,504.83,32.9,14.44,4.9,0.0
20230829:1511,385.44,26.55,14.13,5.1,0.0
20230829:1611,275.69,19.27,14.12,5.1,0.0
20230829:1711,137.24,11.53,13.91,4.69,0.0
20230829:1811,15.59,3.78,13.52,4.62,0.0
20230829:1911,0.0,0.0,13.32,4.28,0.0
20230829:2011,0.0,0.0,12.86,4.34,0.0
20230829:2111,0.0,0.0,12.62,4.55,0.0
20230829:2211,0.0,0.0,12.42,4.76,0.0
20230829:2311,0.0,0.0,12.06,4.9,0.0
20230830:0011,0.0,0.0,11.98,4.62,0.0
20230830:0111,0.0,0.0,11.9,4.21,0.0
20230830:0211,0.0,0.0,11.72,3.72,0.0
20230830:0311,0.0,0.0,11.67,3.59,0.0
20230830:0411,0.0,0.0,11.67,3.66,0.0
20230830:0511,13.95,4.32,11.77,4.07,0.0
20230830:0611,94.91,12.1,12.05,4.55,0.0
20230830:0711,304.68,19.8,13.02,4.48,0.0
20230830:0811,468.56,27.0,13.59,4.41,0.0
20230830:0911,720.41,33.19,14.19,4.14,0.0
20230830:1011,61.58,37.79,14.27,3.59,0.0
20230830:1111,177.6,40.21,14.65,3.17,0.0
20230830:1211,81.22,40.05,15.12,2.55,0.0
20230830:1311,203.4,37.36,15.23,2.07,0.0
20230830:1411,124.05,32.54,15.02,1.79,0.0
20230830:1511,69.61,26.2,14.74,1.59,0.0
20230830:1611,68.72,18.92,14.22,2.69,0.0
20230830:1711,24.99,11.19,13.18,2.97,0.0
20230830:1811,2.46,3.43,13.05,2.62,0.0
20230830:1911,0.0,0.0,12.64,2.55,0.0
20230830:2011,0.0,0.0,12.44,2.41,0.0
20230830:2111,0.0,0.0,12.35,2.21,0.0
20230830:2211,0.0,0.0,12.09,2.28,0.0
20230830:2311,0.0,0.0,13.07,2.21,0.0
20230831:0011,0.0,0.0,13.03,2.07,0.0
20230831:0111,0.0,0.0,12.88,2.07,0.0
20230831:0211,0.0,0.0,12.66,2.28,0.0
20230831:0311,0.0,0.0,12.43,2.28,0.0
20230831:0411,0.0,0.0,12.26,2.28,0.0
20230831:0511,7.39,4.06,12.17,2.21,0.0
20230831:0611,96.45,11.84,12.44,2.0,0.0
20230831:0711,87.98,19.53,13.19,2.0,0.0
20230831:0811,431.56,26.72,14.4,1.52,0.0
20230831:0911,759.79,32.89,15.24,0.97,0.0
20230831:1011,888.82,37.46,16.25,0.28,0.0
20230831:1111,266.77,39.85,16.52,0.55,0.0
20230831:1211,523.59,39.69,16.71,1.59,0.0
20230831:1311,112.45,36.99,16.29,2.34,0.0
20230831:1411,124.95,32.18,16.12,2.76,0.0
20230831:1511,138.7,25.85,15.86,2.69,0.0
20230831:1611,310.28,18.57,15.77,2.34,0.0
20230831:1711,68.49,10.84,15.49,2.41,0.0
20230831:1811,4.1,3.08,15.06,2.9,0.0
20230831:1911,0.0,0.0,14.85,2.76,0.0
20230831:2011,0.0,0.0,14.52,2.83,0.0
20230831:2111,0.0,0.0,14.28,2.9,0.0
20230831:2211,0.0,0.0,14.1,3.1,0.0
20230831:2311,0.0,0.0,13.9,3.31,0.0
20230901:0011,0.0,0.0,13.67,3.52,0.0
20230901:0111,0.0,0.0,13.43,3.66,0.0
20230901:0211,0.0,0.0,13.18,3.66,0.0
20230901:0311,0.0,0.0,12.83,3.59,0.0
20230901:0411,0.0,0.0,12.45,3.45,0.0
20230901:0511,15.59,3.79,12.16,3.38,0.0
20230901:0611,123.35,11.57,12.41,3.24,0.0
20230901:0711,338.22,19.26,12.79,3.31,0.0
20230901:0811,339.3,26.43,13.96,3.86,0.0
20230901:0911,693.01,32.58,14.79,4.28,0.0
20230901:1011,877.63,37.13,15.55,4.62,0.0
20230901:1111,944.47,39.5,16.08,4.9,0.0
20230901:1211,984.34,39.32,16.45,5.1,0.0
20230901:1311,904.61,36.62,16.59,5.45,0.0
20230901:1411,788.11,31.81,16.54,5.72,0.0
20230901:1511,581.35,25.49,16.37,5.93,0.0
20230901:1611,350.91,18.22,15.9,5.93,0.0
20230901:1711,112.78,10.49,15.27,5.86,0.0
20230901:1811,10.67,2.73,14.51,6.0,0.0
20230901:1911,0.0,0.0,13.86,6.14,0.0
20230901:2011,0.0,0.0,13.43,6.28,0.0
20230901:2111,0.0,0.0,13.06,6.21,0.0
20230901:2211,0.0,0.0,12.87,6.07,0.0
20230901:2311,0.0,0.0,12.71,6.0,0.0
20230902:0011,0.0,0.0,12.65,6.07,0.0
20230902:0111,0.0,0.0,12.62,6.07,0.0
20230902:0211,0.0,0.0,12.45,6.14,0.0
20230902:0311,0.0,0.0,12.39,6.21,0.0
20230902:0411,0.0,0.0,12.27,6.07,0.0
20230902:0511,6.57,3.53,12.16,6.28,0.0
20230902:0611,72.29,11.31,12.21,6.48,0.0
20230902:0711,231.98,18.99,12.44,6.48,0.0
20230902:0811,389.36,26.15,12.84,6.55,0.0
20230902:0911,379.12,32.28,13.24,6.9,0.0
20230902:1011,452.56,36.8,13.6,6.76,0.0
20230902:1111,419.34,39.14,13.76,6.34,0.0
20230902:1211,452.77,38.95,13.99,6.14,0.0
20230902:1311,293.23,36.25,14.27,6.34,0.0
20230902:1411,146.3,31.44,14.1,6.69,0.0
20230902:1511,155.46,25.13,13.93,7.03,0.0
20230902:1611,55.33,17.86,13.47,6.9,0.0
20230902:1711,10.71,10.14,13.11,6.83,0.0
20230902:1811,2.46,2.38,12.83,6.76,0.0
20230902:1911,0.0,0.0,12.51,5.52,0.0
20230902:2011,0.0,0.0,12.44,5.03,0.0
20230902:2111,0.0,0.0,12.42,4.41,0.0
20230902:2211,0.0,0.0,12.58,4.21,0.0
20230902:2311,0.0,0.0,12.76,3.38,0.0
20230903:0011,0.0,0.0,12.77,2.9,0.0
20230903:0111,0.0,0.0,12.6,2.0,0.0
20230903:0211,0.0,0.0,12.45,0.76,0.0
20230903:0311,0.0,0.0,12.41,0.41,0.0
20230903:0411,0.0,0.0,12.4,0.9,0.0
20230903:0511,1.64,3.26,12.71,2.34,0.0
20230903:0611,10.71,11.04,12.73,2.97,0.0
20230903:0711,27.67,18.72,12.86,3.03,0.0
20230903:0811,47.3,25.86,13.38,3.31,0.0
20230903:0911,91.93,31.97,14.07,3.93,0.0
20230903:1011,132.98,36.46,14.49,4.14,0.0
20230903:1111,187.49,38.79,14.97,3.86,0.0
20230903:1211,91.93,38.58,15.22,3.86,0.0
20230903:1311,169.58,35.87,15.36,4.21,0.0
20230903:1411,277.27,31.07,15.44,3.72,0.0
20230903:1511,239.95,24.76,15.64,3.31,0.0
20230903:1611,89.46,17.51,15.39,2.62,0.0
20230903:1711,47.3,9.78,15.25,2.34,0.0
20230903:1811,0.82,2.02,15.19,2.41,0.0
20230903:1911,0.0,0.0,15.25,2.55,0.0
20230903:2011,0.0,0.0,15.29,2.41,0.0
20230903:2111,0.0,0.0,15.3,1.93,0.0
20230903:2211,0.0,0.0,15.32,1.59,0.0
20230903:2311,0.0,0.0,15.27,1.45,0.0
20230904:0011,0.0,0.0,15.2,1.52,0.0
20230904:0111,0.0,0.0,14.8,1.59,0.0
20230904:0211,0.0,0.0,14.28,1.38,0.0
20230904:0311,0.0,0.0,13.5,0.83,0.0
20230904:0411,0.0,0.0,14.16,0.41,0.0
20230904:0511,3.28,2.99,13.53,0.76,0.0
20230904:0611,104.89,10.78,13.28,1.03,0.0
20230904:0711,343.58,18.45,15.24,2.07,0.0
20230904:0811,531.9,25.57,15.63,2.76,0.0
20230904:0911,721.29,31.65,16.2,3.52,0.0
20230904:1011,645.8,36.13,16.95,4.21,0.0
20230904:1111,770.33,38.43,17.27,4.41,0.0
20230904:1211,780.45,38.2,17.18,4.48,0.0
20230904:1311,654.12,35.49,17.07,4.62,0.0
20230904:1411,423.69,30.7,16.85,4.41,0.0
20230904:1511,422.08,24.4,16.48,3.93,0.0
20230904:1611,320.68,17.15,16.23,3.03,0.0
20230904:1711,81.88,9.43,15.91,2.41,0.0
20230904:1811,0.82,1.66,15.58,2.21,0.0
20230904:1911,0.0,0.0,15.31,2.41,0.0
20230904:2011,0.0,0.0,15.09,2.34,0.0
20230904:2111,0.0,0.0,15.04,2.41,0.0
20230904:2211,0.0,0.0,15.05,2.41,0.0
20230904:2311,0.0,0.0,14.98,2.28,0.0
20230905:0011,0.0,0.0,14.84,2.07,0.0
20230905:0111,0.0,0.0,14.82,1.52,0.0
20230905:0211,0.0,0.0,14.69,1.03,0.0
20230905:0311,0.0,0.0,14.14,0.76,0.0
20230905:0411,0.0,0.0,13.98,0.76,0.0
20230905:0511,7.39,2.72,13.48,0.97,0.0
20230905:0611,61.72,10.51,13.98,0.9,0.0
20230905:0711,100.13,18.17,15.0,1.31,0.0
20230905:0811,421.45,25.28,15.29,1.38,0.0
20230905:0911,695.0,31.34,15.73,1.59,0.0
20230905:1011,764.18,35.79,15.97,2.48,0.0
20230905:1111,634.0,38.06,16.15,3.17,0.0
20230905:1211,552.12,37.83,16.35,3.45,0.0
20230905:1311,200.27,35.12,16.28,3.59,0.0
20230905:1411,105.31,30.33,16.31,3.72,0.0
20230905:1511,246.22,24.03,16.17,4.21,0.0
20230905:1611,176.53,16.78,15.88,4.62,0.0
20230905:1711,55.56,9.07,15.56,4.97,0.0
20230905:1811,0.82,1.3,15.15,4.97,0.0
20230905:1911,0.0,0.0,14.81,4.62,0.0
20230905:2011,0.0,0.0,14.07,4.41,0.0
20230905:2111,0.0,0.0,13.38,4.55,0.0
20230905:2211,0.0,0.0,12.91,4.76,0.0
20230905:2311,0.0,0.0,12.53,4.48,0.0
20230906:0011,0.0,0.0,12.14,3.86,0.0
20230906:0111,0.0,0.0,11.92,3.45,0.0
20230906:0211,0.0,0.0,11.67,3.17,0.0
20230906:0311,0.0,0.0,11.67,3.03,0.0
20230906:0411,0.0,0.0,11.41,2.97,0.0
20230906:0511,6.57,2.45,11.38,2.55,0.0
20230906:0611,129.8,10.24,11.76,1.93,0.0
20230906:0711,353.93,17.89,13.07,1.03,0.0
20230906:0811,551.98,24.99,14.93,1.52,0.0
20230906:0911,770.89,31.03,16.61,2.69,0.0
20230906:1011,890.62,35.45,17.87,3.52,0.0
20230906:1111,910.26,37.7,18.66,4.0,0.0
20230906:1211,977.79,37.45,19.15,4.21,0.0
20230906:1311,835.23,34.73,19.38,4.28,0.0
20230906:1411,746.06,29.95,19.3,4.14,0.0
20230906:1511,537.04,23.66,18.93,3.93,0.0
20230906:1611,310.96,16.42,18.45,3.86,0.0
20230906:1711,36.59,8.7,17.86,4.21,0.0
20230906:1811,0.0,0.0,17.33,4.69,0.0
20230906:1911,0.0,0.0,16.67,4.97,0.0
20230906:2011,0.0,0.0,16.17,4.9,0.0
20230906:2111,0.0,0.0,15.68,4.97,0.0
20230906:2211,0.0,0.0,15.43,5.38,0.0
20230906:2311,0.0,0.0,15.34,5.59,0.0
20230907:0011,0.0,0.0,15.32,5.72,0.0
20230907:0111,0.0,0.0,15.32,5.79,0.0
20230907:0211,0.0,0.0,15.51,5.86,0.0
20230907:0311,0.0,0.0,15.46,5.86,0.0
20230907:0411,0.0,0.0,15.49,5.79,0.0
20230907:0511,4.1,2.17,15.57,5.79,0.0
20230907:0611,74.15,9.96,15.96,5.72,0.0
20230907:0711,199.77,17.61,16.75,6.28,0.0
20230907:0811,364.03,24.69,17.62,6.28,0.0
20230907:0911,663.27,30.71,18.43,6.28,0.0
20230907:1011,777.07,35.1,19.25,6.14,0.0
20230907:1111,799.73,37.33,19.87,6.07,0.0
20230907:1211,852.77,37.07,20.19,6.07,0.0
20230907:1311,670.93,34.35,20.29,5.86,0.0
20230907:1411,589.73,29.57,20.21,5.59,0.0
20230907:1511,381.3,23.29,19.98,5.31,0.0
20230907:1611,211.95,16.05,19.59,5.17,0.0
20230907:1711,48.49,8.34,18.99,5.59,0.0
20230907:1811,0.0,0.0,18.33,5.59,0.0
20230907:1911,0.0,0.0,17.66,4.83,0.0
20230907:2011,0.0,0.0,17.31,4.83,0.0
20230907:2111,0.0,0.0,17.13,4.97,0.0
20230907:2211,0.0,0.0,17.06,5.03,0.0
20230907:2311,0.0,0.0,16.97,5.1,0.0
20230908:0011,0.0,0.0,16.89,5.1,0.0
20230908:0111,0.0,0.0,16.81,5.03,0.0
20230908:0211,0.0,0.0,16.74,4.9,0.0
20230908:0311,0.0,0.0,16.64,4.69,0.0
20230908:0411,0.0,0.0,16.49,4.48,0.0
20230908:0511,0.82,1.9,16.32,4.48,0.0
20230908:0611,26.77,9.69,16.55,4.69,0.0
20230908:0711,146.53,17.33,17.51,4.41,0.0
20230908:0811,463.92,24.4,18.25,5.17,0.0
20230908:0911,479.66,30.39,19.03,5.93,0.0
20230908:1011,856.83,34.76,19.64,5.93,0.0
20230908:1111,874.78,36.97,20.07,5.52,0.0
20230908:1211,942.93,36.69,20.34,5.31,0.0
20230908:1311,814.52,33.97,20.43,5.17,0.0
20230908:1411,719.25,29.19,20.3,5.03,0.0
20230908:1511,505.45,22.91,20.06,4.69,0.0
20230908:1611,230.16,15.68,19.71,4.28,0.0
20230908:1711,36.68,7.97,19.05,4.14,0.0
20230908:1811,0.0,0.0,18.26,4.07,0.0
20230908:1911,0.0,0.0,17.86,4.0,0.0
20230908:2011,0.0,0.0,17.65,3.79,0.0
20230908:2111,0.0,0.0,17.48,3.79,0.0
20230908:2211,0.0,0.0,17.36,3.93,0.0
20230908:2311,0.0,0.0,17.3,4.21,0.0
20230909:0011,0.0,0.0,17.33,4.62,0.0
20230909:0111,0.0,0.0,17.24,4.97,0.0
20230909:0211,0.0,0.0,17.21,5.17,0.0
20230909:0311,0.0,0.0,17.15,5.31,0.0
20230909:0411,0.0,0.0,17.11,5.31,0.0
20230909:0511,0.82,1.63,16.9,5.31,0.0
20230909:0611,23.2,9.42,17.05,5.52,0.0
20230909:0711,50.87,17.05,17.65,5.72,0.0
20230909:0811,244.59,24.1,18.18,6.14,0.0
20230909:0911,468.27,30.07,18.63,6.41,0.0
20230909:1011,292.97,34.41,19.02,6.41,0.0
20230909:1111,304.9,36.6,19.37,6.21,0.0
20230909:1211,882.63,36.3,19.58,6.34,0.0
20230909:1311,780.14,33.58,19.46,6.21,0.0
20230909:1411,605.59,28.81,19.06,5.93,0.0
20230909:1511,299.71,22.54,18.53,5.45,0.0
20230909:1611,130.11,15.31,17.95,4.69,0.0
20230909:1711,51.86,7.61,17.21,3.79,0.0
20230909:1811,0.0,0.0,16.38,3.1,0.0
20230909:1911,0.0,0.0,15.89,2.62,0.0
20230909:2011,0.0,0.0,15.69,2.34,0.0
20230909:2111,0.0,0.0,15.58,2.14,0.0
20230909:2211,0.0,0.0,15.49,1.86,0.0
20230909:2311,0.0,0.0,15.5,1.59,0.0
20230910:0011,0.0,0.0,15.43,1.52,0.0
20230910:0111,0.0,0.0,15.32,1.52,0.0
20230910:0211,0.0,0.0,15.23,1.24,0.0
20230910:0311,0.0,0.0,15.21,0.83,0.0
20230910:0411,0.0,0.0,15.14,1.17,0.0
20230910:0511,0.82,1.35,15.12,1.72,0.0
20230910:0611,39.63,9.14,15.32,1.86,0.0
20230910:0711,242.77,16.77,16.11,2.48,0.0
20230910:0811,239.08,23.8,16.5,2.76,0.0
20230910:0911,82.11,29.75,16.8,2.76,0.0
20230910:1011,137.44,34.07,17.11,2.83,0.0
20230910:1111,214.54,36.23,17.54,2.97,0.0
20230910:1211,183.25,35.92,17.83,3.52,0.0
20230910:1311,291.13,33.19,17.65,3.52,0.0
20230910:1411,92.82,28.42,17.56,3.31,0.0
20230910:1511,280.26,22.16,17.35,3.45,0.0
20230910:1611,55.33,14.94,16.92,3.45,0.0
20230910:1711,57.34,7.24,16.5,3.17,0.0
20230910:1811,0.0,0.0,16.17,2.83,0.0
20230910:1911,0.0,0.0,16.19,3.52,0.0
20230910:2011,0.0,0.0,16.08,3.59,0.0
20230910:2111,0.0,0.0,16.05,3.66,0.0
20230910:2211,0.0,0.0,16.0,4.0,0.0
20230910:2311,0.0,0.0,15.98,4.55,0.0
20230911:0011,0.0,0.0,16.03,5.24,0.0
20230911:0111,0.0,0.0,16.07,6.0,0.0
20230911:0211,0.0,0.0,16.08,6.76,0.0
20230911:0311,0.0,0.0,16.04,7.45,0.0
20230911:0411,0.0,0.0,16.04,8.14,0.0
20230911:0511,0.0,0.0,16.07,8.0,0.0
20230911:0611,74.87,8.87,16.17,7.38,0.0
20230911:0711,242.4,16.49,16.32,6.0,0.0
20230911:0811,74.97,23.5,16.82,5.31,0.0
20230911:0911,74.08,29.43,17.19,4.55,0.0
20230911:1011,86.57,33.72,17.5,4.62,0.0
20230911:1111,89.25,35.85,17.76,4.97,0.0
20230911:1211,44.62,35.53,17.81,5.03,0.0
20230911:1311,78.54,32.8,17.56,5.03,0.0
20230911:1411,51.76,28.04,17.51,4.62,0.0
20230911:1511,169.18,21.78,17.17,4.41,0.0
20230911:1611,43.73,14.57,16.81,3.79,0.0
20230911:1711,20.53,6.86,16.32,3.1,0.0
20230911:1811,0.0,0.0,15.66,3.45,0.0
20230911:1911,0.0,0.0,15.58,3.45,0.0
20230911:2011,0.0,0.0,15.22,4.41,0.0
20230911:2111,0.0,0.0,14.81,4.62,0.0
20230911:2211,0.0,0.0,14.45,4.76,0.0
20230911:2311,0.0,0.0,14.11,4.41,0.0
20230912:0011,0.0,0.0,13.83,4.14,0.0
20230912:0111,0.0,0.0,13.48,4.0,0.0
20230912:0211,0.0,0.0,13.17,3.86,0.0
20230912:0311,0.0,0.0,12.84,3.79,0.0
20230912:0411,0.0,0.0,12.63,3.52,0.0
20230912:0511,0.0,0.0,12.33,3.52,0.0
20230912:0611,96.23,8.59,12.19,3.79,0.0
20230912:0711,342.08,16.2,12.39,4.97,0.0
20230912:0811,392.82,23.2,12.48,4.97,0.0
20230912:0911,689.89,29.1,12.87,5.03,0.0
20230912:1011,764.72,33.37,13.36,5.24,0.0
20230912:1111,768.47,35.48,13.76,5.59,0.0
20230912:1211,768.12,35.14,14.01,5.86,0.0
20230912:1311,643.12,32.41,14.15,6.07,0.0
20230912:1411,534.51,27.65,14.06,6.14,0.0
20230912:1511,289.13,21.4,13.82,6.28,0.0
20230912:1611,164.82,14.19,13.47,6.28,0.0
20230912:1711,61.45,6.49,12.99,6.34,0.0
20230912:1811,0.0,0.0,12.48,6.62,0.0
20230912:1911,0.0,0.0,12.41,5.72,0.0
20230912:2011,0.0,0.0,12.04,5.72,0.0
20230912:2111,0.0,0.0,11.69,5.72,0.0
20230912:2211,0.0,0.0,11.49,6.0,0.0
20230912:2311,0.0,0.0,11.21,6.21,0.0
20230913:0011,0.0,0.0,10.93,6.55,0.0
20230913:0111,0.0,0.0,10.56,6.83,0.0
20230913:0211,0.0,0.0,10.29,6.76,0.0
20230913:0311,0.0,0.0,10.03,6.55,0.0
20230913:0411,0.0,0.0,9.79,6.28,0.0
20230913:0511,0.0,0.0,9.61,6.21,0.0
20230913:0611,121.58,8.31,9.6,6.21,0.0
20230913:0711,351.34,15.91,9.99,6.07,0.0
20230913:0811,556.54,22.9,10.53,6.41,0.0
20230913:0911,802.59,28.78,11.13,6.69,0.0
20230913:1011,901.05,33.01,11.72,6.69,0.0
20230913:1111,919.91,35.1,12.17,6.55,0.0
20230913:1211,978.18,34.75,12.53,6.48,0.0
20230913:1311,864.92,32.02,12.63,6.55,0.0
20230913:1411,723.8,27.26,12.61,6.69,0.0
20230913:1511,497.46,21.02,12.53,6.55,0.0
20230913:1611,300.4,13.81,12.36,6.14,0.0
20230913:1711,28.79,6.12,11.95,5.38,0.0
20230913:1811,0.0,0.0,11.35,5.03,0.0
20230913:1911,0.0,0.0,10.7,4.97,0.0
20230913:2011,0.0,0.0,10.49,4.48,0.0
20230913:2111,0.0,0.0,10.32,4.07,0.0
20230913:2211,0.0,0.0,10.25,3.31,0.0
20230913:2311,0.0,0.0,10.12,2.69,0.0
20230914:0011,0.0,0.0,10.15,1.93,0.0
20230914:0111,0.0,0.0,10.16,1.45,0.0
20230914:0211,0.0,0.0,9.66,0.83,0.0
20230914:0311,0.0,0.0,10.64,0.21,0.0
20230914:0411,0.0,0.0,9.57,1.24,0.0
20230914:0511,0.0,0.0,10.16,2.83,0.0
20230914:0611,58.2,8.03,10.04,3.31,0.0
20230914:0711,74.07,15.63,10.7,4.14,0.0
20230914:0811,265.98,22.59,11.2,4.97,0.0
20230914:0911,367.83,28.45,11.81,6.48,0.0
20230914:1011,87.46,32.66,12.39,7.31,0.0
20230914:1111,294.69,34.73,12.78,8.28,0.0
20230914:1211,282.67,34.36,13.03,8.83,0.0
20230914:1311,65.15,31.62,12.96,7.93,0.0
20230914:1411,44.62,26.87,12.95,7.86,0.0
20230914:1511,215.71,20.63,13.24,6.28,0.0
20230914:1611,156.81,13.44,13.47,4.21,0.0
20230914:1711,25.25,5.74,13.44,2.9,0.0
20230914:1811,0.0,0.0,13.28,2.62,0.0
20230914:1911,0.0,0.0,13.37,3.03,0.0
20230914:2011,0.0,0.0,13.2,2.9,0.0
20230914:2111,0.0,0.0,13.16,3.24,0.0
20230914:2211,0.0,0.0,12.94,3.59,0.0
20230914:2311,0.0,0.0,12.92,3.72,0.0
20230915:0011,0.0,0.0,12.88,3.86,0.0
20230915:0111,0.0,0.0,12.98,4.34,0.0
20230915:0211,0.0,0.0,13.13,4.62,0.0
20230915:0311,0.0,0.0,13.22,4.48,0.0
20230915:0411,0.0,0.0,13.24,3.86,0.0
20230915:0511,0.0,0.0,13.18,3.52,0.0
20230915:0611,28.56,7.75,13.36,3.1,0.0
20230915:0711,111.55,15.34,13.61,3.03,0.0
20230915:0811,110.81,22.29,13.85,3.45,0.0
20230915:0911,174.76,28.12,14.23,3.24,0.0
20230915:1011,161.97,32.3,14.28,3.24,0.0
20230915:1111,104.42,34.35,14.1,3.1,0.0
20230915:1211,58.01,33.97,13.92,2.62,0.0
20230915:1311,92.82,31.23,12.81,1.52,0.0
20230915:1411,73.18,26.48,13.02,1.17,0.0
20230915:1511,45.52,20.25,12.83,1.66,0.0
20230915:1611,34.81,13.06,12.53,2.62,0.0
20230915:1711,4.46,5.36,12.25,3.59,0.0
20230915:1811,0.0,0.0,12.13,4.0,0.0
20230915:1911,0.0,0.0,13.44,2.97,0.0
20230915:2011,0.0,0.0,13.04,2.55,0.0
20230915:2111,0.0,0.0,13.43,2.07,0.0
20230915:2211,0.0,0.0,13.49,1.1,0.0
20230915:2311,0.0,0.0,13.31,1.1,0.0
20230916:0011,0.0,0.0,13.26,1.31,0.0
20230916:0111,0.0,0.0,13.04,1.03,0.0
20230916:0211,0.0,0.0,12.9,1.24,0.0
20230916:0311,0.0,0.0,12.81,2.76,0.0
20230916:0411,0.0,0.0,12.92,4.34,0.0
20230916:0511,0.0,0.0,12.64,5.03,0.0
20230916:0611,7.14,7.47,12.43,5.1,0.0
20230916:0711,33.02,15.05,12.15,5.03,0.0
20230916:0811,95.5,21.98,12.26,4.0,0.0
20230916:0911,60.69,27.79,12.56,3.38,0.0
20230916:1011,111.56,31.95,12.85,3.38,0.0
20230916:1111,121.38,33.97,12.91,3.59,0.0
20230916:1211,99.96,33.58,12.89,4.14,0.0
20230916:1311,84.79,30.83,12.82,4.97,0.0
20230916:1411,257.53,26.09,12.62,5.52,0.0
20230916:1511,161.69,19.86,12.57,5.38,0.0
20230916:1611,222.15,12.68,12.64,5.17,0.0
20230916:1711,12.49,4.99,12.58,5.24,0.0
20230916:1811,0.0,0.0,12.21,5.66,0.0
20230916:1911,0.0,0.0,12.29,5.86,0.0
20230916:2011,0.0,0.0,11.95,5.79,0.0
20230916:2111,0.0,0.0,11.63,5.59,0.0
20230916:2211,0.0,0.0,11.24,5.17,0.0
20230916:2311,0.0,0.0,10.85,4.83,0.0
20230917:0011,0.0,0.0,10.43,4.48,0.0
20230917:0111,0.0,0.0,9.93,4.0,0.0
20230917:0211,0.0,0.0,9.61,3.52,0.0
20230917:0311,0.0,0.0,9.33,3.03,0.0
20230917:0411,0.0,0.0,9.0,2.55,0.0
20230917:0511,0.0,0.0,8.73,2.28,0.0
20230917:0611,97.82,7.19,9.44,2.0,0.0
20230917:0711,271.94,14.76,10.52,1.79,0.0
20230917:0811,480.29,21.67,12.06,1.86,0.0
20230917:0911,738.9,27.46,13.2,2.69,0.0
20230917:1011,851.85,31.59,14.13,3.38,0.0
20230917:1111,924.47,33.59,14.89,3.66,0.0
20230917:1211,919.26,33.19,15.4,3.66,0.0
20230917:1311,826.32,30.43,15.91,3.38,0.0
20230917:1411,685.69,25.69,16.2,3.24,0.0
20230917:1511,384.64,19.48,16.18,2.97,0.0
20230917:1611,256.68,12.3,15.76,2.83,0.0
20230917:1711,14.28,4.61,14.91,3.38,0.0
20230917:1811,0.0,0.0,14.0,4.07,0.0
20230917:1911,0.0,0.0,13.52,4.83,0.0
20230917:2011,0.0,0.0,13.3,5.66,0.0
20230917:2111,0.0,0.0,13.56,6.62,0.0
20230917:2211,0.0,0.0,13.89,7.45,0.0
20230917:2311,0.0,0.0,13.98,8.0,0.0
20230918:0011,0.0,0.0,13.14,8.69,0.0
20230918:0111,0.0,0.0,12.9,9.31,0.0
20230918:0211,0.0,0.0,12.84,9.66,0.0
20230918:0311,0.0,0.0,13.48,9.79,0.0
20230918:0411,0.0,0.0,13.68,10.34,0.0
20230918:0511,0.0,0.0,13.94,10.07,0.0
20230918:0611,12.49,6.91,14.05,9.52,0.0
20230918:0711,17.85,14.47,14.69,8.55,0.0
20230918:0811,49.09,21.36,15.02,8.14,0.0
20230918:0911,59.8,27.12,15.48,8.14,0.0
20230918:1011,78.54,31.23,15.88,8.28,0.0
20230918:1111,62.47,33.21,16.2,8.41,0.0
20230918:1211,45.52,32.79,16.37,8.55,0.0
20230918:1311,62.47,30.03,15.53,9.31,0.0
20230918:1411,52.66,25.3,15.41,9.24,0.0
20230918:1511,49.98,19.09,15.26,9.03,0.0
20230918:1611,12.49,11.91,15.23,8.28,0.0
20230918:1711,14.28,4.23,15.3,7.66,0.0
20230918:1811,0.0,0.0,15.12,7.1,0.0
20230918:1911,0.0,0.0,14.82,6.97,0.0
20230918:2011,0.0,0.0,14.73,8.28,0.0
20230918:2111,0.0,0.0,14.27,7.66,0.0
20230918:2211,0.0,0.0,13.99,6.76,0.0
20230918:2311,0.0,0.0,13.89,5.38,0.0
20230919:0011,0.0,0.0,13.39,4.48,0.0
20230919:0111,0.0,0.0,13.05,4.76,0.0
20230919:0211,0.0,0.0,11.85,4.9,0.0
20230919:0311,0.0,0.0,11.41,4.07,0.0
20230919:0411,0.0,0.0,10.83,4.62,0.0
20230919:0511,0.0,0.0,11.11,4.9,0.0
20230919:0611,11.6,6.62,10.85,5.03,0.0
20230919:0711,132.95,14.17,10.53,4.83,0.0
20230919:0811,403.46,21.05,11.03,4.14,0.0
20230919:0911,571.54,26.79,11.41,4.83,0.0
20230919:1011,137.44,30.87,11.95,4.69,0.0
20230919:1111,522.81,32.83,11.97,5.52,0.0
20230919:1211,274.87,32.4,11.84,5.86,0.0
20230919:1311,57.12,29.64,12.02,5.72,0.0
20230919:1411,48.19,24.91,11.65,5.86,0.0
20230919:1511,82.11,18.7,11.26,5.38,0.0
20230919:1611,46.41,11.53,11.07,4.62,0.0
20230919:1711,6.25,3.85,10.79,4.21,0.0
20230919:1811,0.0,0.0,10.87,3.86,0.0
20230919:1911,0.0,0.0,10.95,4.07,0.0
20230919:2011,0.0,0.0,11.13,3.86,0.0
20230919:2111,0.0,0.0,11.36,3.79,0.0
20230919:2211,0.0,0.0,11.53,3.45,0.0
20230919:2311,0.0,0.0,11.63,3.1,0.0
20230920:0011,0.0,0.0,11.52,2.69,0.0
20230920:0111,0.0,0.0,11.49,2.97,0.0
20230920:0211,0.0,0.0,10.29,3.52,0.0
20230920:0311,0.0,0.0,10.41,4.83,0.0
20230920:0411,0.0,0.0,10.59,6.48,0.0
20230920:0511,0.0,0.0,10.92,7.93,0.0
20230920:0611,19.63,6.34,12.58,7.24,0.0
20230920:0711,27.67,13.88,14.18,8.41,0.0
20230920:0811,79.43,20.74,15.26,8.34,0.0
20230920:0911,77.65,26.46,15.24,8.0,0.0
20230920:1011,38.38,30.51,15.39,8.07,0.0
20230920:1111,63.37,32.44,15.55,8.41,0.0
20230920:1211,72.29,32.0,15.65,8.76,0.0
20230920:1311,71.4,29.24,15.62,9.24,0.0
20230920:1411,29.45,24.51,14.9,9.03,0.0
20230920:1511,49.09,18.31,14.78,9.24,0.0
20230920:1611,31.24,11.15,14.76,9.24,0.0
20230920:1711,3.57,3.47,15.23,8.97,0.0
20230920:1811,0.0,0.0,15.42,9.03,0.0
20230920:1911,0.0,0.0,14.87,8.76,0.0
20230920:2011,0.0,0.0,14.91,9.52,0.0
20230920:2111,0.0,0.0,15.04,9.59,0.0
20230920:2211,0.0,0.0,15.03,9.03,0.0
20230920:2311,0.0,0.0,14.92,7.52,0.0
20230921:0011,0.0,0.0,14.9,6.76,0.0
20230921:0111,0.0,0.0,14.82,5.93,0.0
20230921:0211,0.0,0.0,14.74,5.03,0.0
20230921:0311,0.0,0.0,14.58,4.62,0.0
20230921:0411,0.0,0.0,14.33,4.28,0.0
20230921:0511,0.0,0.0,14.12,3.1,0.0
20230921:0611,72.41,6.06,13.91,2.62,0.0
20230921:0711,41.95,13.58,13.63,4.14,0.0
20230921:0811,211.71,20.43,13.24,3.59,0.0
20230921:0911,310.85,26.12,13.93,3.45,0.0
20230921:1011,267.03,30.15,14.17,4.28,0.0
20230921:1111,308.91,32.06,14.68,5.31,0.0
20230921:1211,390.22,31.6,14.98,5.86,0.0
20230921:1311,262.1,28.84,14.69,5.66,0.0
20230921:1411,348.45,24.11,14.4,5.38,0.0
20230921:1511,281.67,17.92,14.23,5.31,0.0
20230921:1611,41.95,10.77,14.07,5.1,0.0
20230921:1711,19.62,3.09,13.8,4.9,0.0
20230921:1811,0.0,0.0,13.22,4.48,0.0
20230921:1911,0.0,0.0,13.37,4.55,0.0
20230921:2011,0.0,0.0,13.17,4.0,0.0
20230921:2111,0.0,0.0,13.0,3.66,0.0
20230921:2211,0.0,0.0,13.0,3.17,0.0
20230921:2311,0.0,0.0,12.96,2.97,0.0
20230922:0011,0.0,0.0,12.86,3.1,0.0
20230922:0111,0.0,0.0,12.73,2.97,0.0
20230922:0211,0.0,0.0,12.59,2.97,0.0
20230922:0311,0.0,0.0,12.43,2.83,0.0
20230922:0411,0.0,0.0,12.43,2.69,0.0
20230922:0511,0.0,0.0,12.3,2.69,0.0
20230922:0611,90.81,5.77,12.25,2.76,0.0
20230922:0711,270.13,13.29,12.59,2.9,0.0
20230922:0811,430.51,20.12,12.95,3.31,0.0
20230922:0911,497.08,25.78,13.46,3.31,0.0
20230922:1011,763.78,29.79,13.97,3.52,0.0
20230922:1111,856.16,31.68,14.44,3.79,0.0
20230922:1211,677.23,31.21,14.45,4.14,0.0
20230922:1311,452.81,28.44,14.26,4.34,0.0
20230922:1411,310.65,23.72,14.17,4.62,0.0
20230922:1511,91.71,17.54,13.7,4.69,0.0
20230922:1611,18.74,10.38,13.15,4.14,0.0
20230922:1711,1.78,2.71,12.67,3.52,0.0
20230922:1811,0.0,0.0,12.32,3.1,0.0
20230922:1911,0.0,0.0,12.68,3.31,0.0
20230922:2011,0.0,0.0,12.22,3.24,0.0
20230922:2111,0.0,0.0,12.1,3.1,0.0
20230922:2211,0.0,0.0,11.98,3.03,0.0
20230922:2311,0.0,0.0,11.72,2.83,0.0
20230923:0011,0.0,0.0,11.75,2.9,0.0
20230923:0111,0.0,0.0,11.47,2.9,0.0
20230923:0211,0.0,0.0,11.31,2.97,0.0
20230923:0311,0.0,0.0,10.97,3.24,0.0
20230923:0411,0.0,0.0,10.95,3.1,0.0
20230923:0511,0.0,0.0,10.86,3.17,0.0
20230923:0611,50.14,5.48,10.83,3.31,0.0
20230923:0711,183.37,12.99,10.75,3.17,0.0
20230923:0811,421.01,19.8,11.15,2.97,0.0
20230923:0911,549.82,25.44,11.58,3.38,0.0
20230923:1011,583.29,29.42,11.99,3.79,0.0
20230923:1111,202.52,31.29,11.83,4.41,0.0
20230923:1211,260.59,30.81,11.44,4.83,0.0
20230923:1311,501.68,28.04,11.44,4.97,0.0
20230923:1411,417.92,23.32,11.16,5.31,0.0
20230923:1511,232.0,17.15,10.86,5.52,0.0
20230923:1611,131.26,10.0,10.75,5.72,0.0
20230923:1711,2.68,2.33,10.56,5.24,0.0
20230923:1811,0.0,0.0,10.45,5.1,0.0
20230923:1911,0.0,0.0,10.36,5.45,0.0
20230923:2011,0.0,0.0,10.22,4.97,0.0
20230923:2111,0.0,0.0,10.21,4.69,0.0
20230923:2211,0.0,0.0,10.23,4.48,0.0
20230923:2311,0.0,0.0,10.13,4.28,0.0
20230924:0011,0.0,0.0,10.11,4.34,0.0
20230924:0111,0.0,0.0,10.07,4.07,0.0
20230924:0211,0.0,0.0,10.09,3.59,0.0
20230924:0311,0.0,0.0,10.13,3.17,0.0
20230924:0411,0.0,0.0,10.42,2.97,0.0
20230924:0511,0.0,0.0,10.69,2.55,0.0
20230924:0611,38.07,5.19,11.0,2.21,0.0
20230924:0711,135.78,12.69,11.62,3.24,0.0
20230924:0811,162.28,19.48,12.1,4.76,0.0
20230924:0911,451.09,25.1,12.34,6.21,0.0
20230924:1011,205.58,29.06,13.09,6.62,0.0
20230924:1111,209.04,30.91,13.89,7.93,0.0
20230924:1211,161.48,30.41,14.25,8.0,0.0
20230924:1311,76.75,27.64,14.08,7.93,0.0
20230924:1411,49.98,22.93,14.1,8.0,0.0
20230924:1511,21.42,16.76,14.13,7.45,0.0
20230924:1611,18.74,9.62,14.2,7.45,0.0
20230924:1711,0.89,1.95,13.81,7.17,0.0
20230924:1811,0.0,0.0,14.46,7.52,0.0
20230924:1911,0.0,0.0,14.54,7.45,0.0
20230924:2011,0.0,0.0,14.73,8.07,0.0
20230924:2111,0.0,0.0,14.25,8.55,0.0
20230924:2211,0.0,0.0,14.12,9.31,0.0
20230924:2311,0.0,0.0,14.1,10.21,0.0
20230925:0011,0.0,0.0,14.73,10.28,0.0
20230925:0111,0.0,0.0,14.81,10.21,0.0
20230925:0211,0.0,0.0,14.48,9.72,0.0
20230925:0311,0.0,0.0,13.82,9.93,0.0
20230925:0411,0.0,0.0,13.87,10.14,0.0
20230925:0511,0.0,0.0,14.38,10.62,0.0
20230925:0611,5.35,4.91,14.4,10.0,0.0
20230925:0711,86.6,12.39,14.09,9.45,0.0
20230925:0811,95.03,19.17,14.76,8.9,0.0
20230925:0911,65.15,24.77,15.0,7.72,0.0
20230925:1011,136.06,28.69,15.18,6.55,0.0
20230925:1111,136.55,30.52,15.52,6.48,0.0
20230925:1211,50.87,30.01,15.25,7.1,0.0
20230925:1311,130.71,27.24,15.12,6.55,0.0
20230925:1411,48.19,22.53,15.31,6.28,0.0
20230925:1511,89.28,16.37,15.02,6.14,0.0
20230925:1611,36.59,9.23,14.68,6.0,0.0
20230925:1711,0.89,1.57,14.36,6.14,0.0
20230925:1811,0.0,0.0,14.01,6.14,0.0
20230925:1911,0.0,0.0,13.74,5.66,0.0
20230925:2011,0.0,0.0,13.76,5.31,0.0
20230925:2111,0.0,0.0,13.89,4.9,0.0
20230925:2211,0.0,0.0,13.81,4.55,0.0
20230925:2311,0.0,0.0,13.82,4.34,0.0
20230926:0011,0.0,0.0,13.79,4.0,0.0
20230926:0111,0.0,0.0,13.71,4.0,0.0
20230926:0211,0.0,0.0,13.59,4.14,0.0
20230926:0311,0.0,0.0,13.66,4.41,0.0
20230926:0411,0.0,0.0,13.7,4.76,0.0
20230926:0511,0.0,0.0,13.74,4.97,0.0
20230926:0611,50.64,4.62,13.76,5.31,0.0
20230926:0711,157.88,12.09,13.57,5.72,0.0
20230926:0811,274.16,18.85,13.96,6.0,0.0
20230926:0911,355.71,24.42,14.72,6.48,0.0
20230926:1011,505.51,28.33,15.14,7.03,0.0
20230926:1111,661.65,30.14,15.56,7.52,0.0
20230926:1211,553.98,29.62,15.78,7.38,0.0
20230926:1311,606.58,26.84,15.92,7.59,0.0
20230926:1411,124.61,22.14,15.88,7.66,0.0
20230926:1511,363.45,15.98,15.57,7.66,0.0
20230926:1611,105.3,8.85,15.39,8.34,0.0
20230926:1711,0.89,1.19,14.91,8.28,0.0
20230926:1811,0.0,0.0,14.9,8.48,0.0
20230926:1911,0.0,0.0,14.95,8.55,0.0
20230926:2011,0.0,0.0,14.93,8.62,0.0
20230926:2111,0.0,0.0,14.82,9.03,0.0
20230926:2211,0.0,0.0,14.57,8.55,0.0
20230926:2311,0.0,0.0,14.37,7.72,0.0
20230927:0011,0.0,0.0,14.38,6.41,0.0
20230927:0111,0.0,0.0,14.28,5.52,0.0
20230927:0211,0.0,0.0,14.14,4.9,0.0
20230927:0311,0.0,0.0,13.54,4.76,0.0
20230927:0411,0.0,0.0,13.18,4.83,0.0
20230927:0511,0.0,0.0,12.86,4.21,0.0
20230927:0611,35.6,4.33,12.87,3.24,0.0
20230927:0711,274.0,11.79,13.54,4.76,0.0
20230927:0811,375.52,18.53,13.7,4.34,0.0
20230927:0911,511.35,24.08,14.11,3.72,0.0
20230927:1011,495.53,27.96,14.46,3.24,0.0
20230927:1111,680.17,29.75,14.49,2.62,0.0
20230927:1211,536.19,29.22,14.55,2.55,0.0
20230927:1311,561.86,26.44,14.57,2.76,0.0
20230927:1411,296.8,21.74,14.54,3.31,0.0
20230927:1511,326.75,15.59,14.52,3.66,0.0
20230927:1611,185.11,8.47,14.22,3.38,0.0
20230927:1711,0.0,0.0,13.72,3.66,0.0
20230927:1811,0.0,0.0,13.38,4.28,0.0
20230927:1911,0.0,0.0,13.37,5.31,0.0
20230927:2011,0.0,0.0,13.37,6.14,0.0
20230927:2111,0.0,0.0,13.46,6.55,0.0
20230927:2211,0.0,0.0,13.57,7.03,0.0
20230927:2311,0.0,0.0,13.9,7.52,0.0
20230928:0011,0.0,0.0,14.17,8.0,0.0
20230928:0111,0.0,0.0,14.42,8.48,0.0
20230928:0211,0.0,0.0,14.76,9.52,0.0
20230928:0311,0.0,0.0,15.09,10.48,0.0
20230928:0411,0.0,0.0,15.21,10.69,0.0
20230928:0511,0.0,0.0,15.36,11.03,0.0
20230928:0611,47.86,4.04,15.26,11.03,0.0
20230928:0711,154.89,11.49,14.89,10.21,0.0
20230928:0811,212.2,18.21,14.59,9.38,0.0
20230928:0911,82.11,23.74,14.67,8.97,0.0
20230928:1011,107.99,27.6,15.01,8.0,0.0
20230928:1111,89.25,29.37,15.22,8.0,0.0
20230928:1211,150.04,28.82,15.14,8.21,0.0
20230928:1311,178.26,26.04,14.98,7.31,0.0
20230928:1411,103.14,21.35,14.99,6.69,0.0
20230928:1511,55.33,15.21,14.72,6.41,0.0
20230928:1611,27.67,8.09,14.39,5.86,0.0
20230928:1711,0.0,0.0,14.11,5.38,0.0
20230928:1811,0.0,0.0,13.9,5.24,0.0
20230928:1911,0.0,0.0,13.61,5.52,0.0
20230928:2011,0.0,0.0,13.48,5.66,0.0
20230928:2111,0.0,0.0,13.45,4.76,0.0
20230928:2211,0.0,0.0,13.4,4.14,0.0
20230928:2311,0.0,0.0,13.31,4.83,0.0
20230929:0011,0.0,0.0,13.29,5.59,0.0
20230929:0111,0.0,0.0,13.15,6.48,0.0
20230929:0211,0.0,0.0,13.07,6.69,0.0
20230929:0311,0.0,0.0,12.7,6.55,0.0
20230929:0411,0.0,0.0,12.68,6.21,0.0
20230929:0511,0.0,0.0,12.88,6.07,0.0
20230929:0611,2.68,3.75,13.05,6.21,0.0
20230929:0711,103.12,11.19,13.06,6.21,0.0
20230929:0811,75.86,17.9,13.17,6.48,0.0
20230929:0911,104.42,23.4,13.16,6.55,0.0
20230929:1011,33.91,27.23,13.11,6.14,0.0
20230929:1111,186.07,28.98,13.66,5.45,0.0
20230929:1211,450.41,28.43,13.73,5.66,0.0
20230929:1311,347.17,25.64,13.93,5.86,0.0
20230929:1411,188.22,20.96,13.49,6.41,0.0
20230929:1511,173.29,14.82,13.23,6.21,0.0
20230929:1611,97.44,7.71,12.91,6.48,0.0
20230929:1711,0.0,0.0,12.58,6.48,0.0
20230929:1811,0.0,0.0,12.69,6.34,0.0
20230929:1911,0.0,0.0,12.9,6.62,0.0
20230929:2011,0.0,0.0,13.01,7.17,0.0
20230929:2111,0.0,0.0,12.86,7.45,0.0
20230929:2211,0.0,0.0,12.39,7.72,0.0
20230929:2311,0.0,0.0,12.25,8.34,0.0
20230930:0011,0.0,0.0,11.9,8.76,0.0
20230930:0111,0.0,0.0,11.47,9.1,0.0
20230930:0211,0.0,0.0,11.33,9.17,0.0
20230930:0311,0.0,0.0,11.34,8.69,0.0
20230930:0411,0.0,0.0,11.25,8.97,0.0
20230930:0511,0.0,0.0,11.17,8.9,0.0
20230930:0611,11.6,3.46,11.15,8.55,0.0
20230930:0711,126.48,10.89,10.98,8.07,0.0
20230930:0811,161.35,17.58,11.46,6.76,0.0
20230930:0911,335.26,23.06,11.63,7.38,0.0
20230930:1011,336.3,26.87,12.03,7.45,0.0
20230930:1111,396.22,28.59,11.8,8.55,0.0
20230930:1211,359.79,28.03,12.05,7.66,0.0
20230930:1311,269.17,25.25,12.04,7.52,0.0
20230930:1411,263.61,20.56,11.64,7.52,0.0
20230930:1511,119.12,14.43,11.78,7.31,0.0
20230930:1611,36.64,7.33,11.68,6.55,0.0
20230930:1711,0.0,0.0,11.55,6.28,0.0
20230930:1811,0.0,0.0,11.39,6.14,0.0
20230930:1911,0.0,0.0,10.88,5.79,0.0
20230930:2011,0.0,0.0,10.61,5.38,0.0
20230930:2111,0.0,0.0,10.55,5.1,0.0
20230930:2211,0.0,0.0,10.6,4.48,0.0
20230930:2311,0.0,0.0,10.55,4.28,0.0
20231001:0011,0.0,0.0,10.5,3.79,0.0
20231001:0111,0.0,0.0,10.56,3.38,0.0
20231001:0211,0.0,0.0,10.57,2.76,0.0
20231001:0311,0.0,0.0,10.22,2.14,0.0
20231001:0411,0.0,0.0,10.18,1.52,0.0
20231001:0511,0.0,0.0,9.81,1.1,0.0
20231001:0611,6.25,3.16,9.21,0.97,0.0
20231001:0711,90.41,10.59,9.62,1.93,0.0
20231001:0811,149.85,17.25,10.11,2.34,0.0
20231001:0911,94.6,22.71,10.78,3.1,0.0
20231001:1011,259.05,26.5,11.55,3.93,0.0
20231001:1111,188.0,28.21,12.27,4.62,0.0
20231001:1211,151.11,27.63,13.11,5.86,0.0
20231001:1311,176.17,24.85,13.33,6.21,0.0
20231001:1411,91.93,20.17,13.1,6.34,0.0
20231001:1511,68.54,14.05,13.06,6.62,0.0
20231001:1611,22.31,6.95,13.29,6.76,0.0
20231001:1711,0.0,0.0,13.49,5.66,0.0
20231001:1811,0.0,0.0,13.59,4.07,0.0
20231001:1911,0.0,0.0,13.4,3.17,0.0
20231001:2011,0.0,0.0,13.51,3.59,0.0
20231001:2111,0.0,0.0,13.55,3.72,0.0
20231001:2211,0.0,0.0,13.14,3.59,0.0
20231001:2311,0.0,0.0,13.24,3.24,0.0
20231002:0011,0.0,0.0,13.09,2.97,0.0
20231002:0111,0.0,0.0,12.92,2.62,0.0
20231002:0211,0.0,0.0,12.81,2.28,0.0
20231002:0311,0.0,0.0,12.64,1.59,0.0
20231002:0411,0.0,0.0,12.48,0.9,0.0
20231002:0511,0.0,0.0,11.83,0.83,0.0
20231002:0611,5.35,2.87,10.7,1.31,0.0
20231002:0711,108.27,10.28,11.45,1.72,0.0
20231002:0811,165.62,16.93,12.14,2.28,0.0
20231002:0911,322.72,22.37,12.6,2.97,0.0
20231002:1011,441.01,26.13,12.99,3.72,0.0
20231002:1111,537.01,27.82,12.93,4.55,0.0
20231002:1211,509.04,27.24,13.27,4.55,0.0
20231002:1311,471.89,24.45,13.56,4.28,0.0
20231002:1411,355.92,19.78,13.55,4.14,0.0
20231002:1511,229.4,13.67,12.91,4.28,0.0
20231002:1611,16.06,6.57,12.72,4.41,0.0
20231002:1711,0.0,0.0,12.34,4.14,0.0
20231002:1811,0.0,0.0,12.21,3.79,0.0
20231002:1911,0.0,0.0,11.97,4.34,0.0
20231002:2011,0.0,0.0,11.83,3.86,0.0
20231002:2111,0.0,0.0,11.72,3.31,0.0
20231002:2211,0.0,0.0,11.76,3.52,0.0
20231002:2311,0.0,0.0,11.82,3.72,0.0
20231003:0011,0.0,0.0,11.81,3.59,0.0
20231003:0111,0.0,0.0,11.74,3.31,0.0
20231003:0211,0.0,0.0,11.67,3.38,0.0
20231003:0311,0.0,0.0,11.38,3.17,0.0
20231003:0411,0.0,0.0,11.29,3.31,0.0
20231003:0511,0.0,0.0,10.95,3.52,0.0
20231003:0611,19.58,2.58,10.95,3.38,0.0
20231003:0711,57.36,9.98,10.81,3.45,0.0
20231003:0811,97.85,16.61,11.18,2.97,0.0
20231003:0911,271.95,22.03,11.39,3.03,0.0
20231003:1011,685.41,25.77,11.9,3.03,0.0
20231003:1111,355.29,27.44,11.91,3.59,0.0
20231003:1211,475.61,26.85,12.54,3.79,0.0
20231003:1311,311.4,24.06,12.5,4.41,0.0
20231003:1411,232.85,19.39,12.01,5.1,0.0
20231003:1511,33.02,13.28,11.53,5.59,0.0
20231003:1611,6.25,6.2,10.94,6.0,0.0
20231003:1711,0.0,0.0,10.84,6.28,0.0
20231003:1811,0.0,0.0,10.81,6.48,0.0
20231003:1911,0.0,0.0,10.73,6.83,0.0
20231003:2011,0.0,0.0,10.6,7.45,0.0
20231003:2111,0.0,0.0,10.55,7.72,0.0
20231003:2211,0.0,0.0,10.39,8.41,0.0
20231003:2311,0.0,0.0,10.27,8.76,0.0
20231004:0011,0.0,0.0,9.79,8.83,0.0
20231004:0111,0.0,0.0,9.94,8.48,0.0
20231004:0211,0.0,0.0,9.99,8.69,0.0
20231004:0311,0.0,0.0,9.88,8.83,0.0
20231004:0411,0.0,0.0,10.04,8.48,0.0
20231004:0511,0.0,0.0,10.26,8.34,0.0
20231004:0611,8.21,2.29,10.32,8.07,0.0
20231004:0711,108.27,9.68,10.27,7.93,0.0
20231004:0811,247.52,16.29,10.79,6.62,0.0
20231004:0911,395.05,21.68,11.02,5.66,0.0
20231004:1011,358.29,25.4,11.14,5.24,0.0
20231004:1111,689.57,27.06,11.53,4.41,0.0
20231004:1211,273.09,26.45,11.69,3.52,0.0
20231004:1311,146.41,23.66,11.63,2.41,0.0
20231004:1411,41.05,19.0,11.22,2.83,0.0
20231004:1511,32.13,12.9,11.0,2.69,0.0
20231004:1611,10.71,5.83,9.97,2.69,0.0
20231004:1711,0.0,0.0,9.98,3.24,0.0
20231004:1811,0.0,0.0,10.11,4.21,0.0
20231004:1911,0.0,0.0,11.38,6.48,0.0
20231004:2011,0.0,0.0,10.98,7.38,0.0
20231004:2111,0.0,0.0,10.81,7.45,0.0
20231004:2211,0.0,0.0,10.78,8.0,0.0
20231004:2311,0.0,0.0,10.71,8.0,0.0
20231005:0011,0.0,0.0,10.1,7.59,0.0
20231005:0111,0.0,0.0,10.04,6.48,0.0
20231005:0211,0.0,0.0,9.85,5.72,0.0
20231005:0311,0.0,0.0,9.88,5.45,0.0
20231005:0411,0.0,0.0,9.72,5.38,0.0
20231005:0511,0.0,0.0,9.64,5.03,0.0
20231005:0611,4.1,1.99,9.61,4.62,0.0
20231005:0711,245.43,9.37,9.58,4.48,0.0
20231005:0811,408.29,15.97,10.04,4.28,0.0
20231005:0911,656.15,21.34,10.57,4.14,0.0
20231005:1011,554.68,25.04,11.19,3.59,0.0
20231005:1111,673.69,26.67,11.65,3.31,0.0
20231005:1211,704.92,26.06,12.02,3.45,0.0
20231005:1311,671.82,23.27,12.15,3.24,0.0
20231005:1411,568.34,18.62,11.98,2.9,0.0
20231005:1511,72.51,12.53,11.82,2.28,0.0
20231005:1611,13.39,5.45,11.5,2.14,0.0
20231005:1711,0.0,0.0,11.09,1.72,0.0
20231005:1811,0.0,0.0,10.79,0.83,0.0
20231005:1911,0.0,0.0,11.39,2.21,0.0
20231005:2011,0.0,0.0,11.28,3.24,0.0
20231005:2111,0.0,0.0,11.29,3.59,0.0
20231005:2211,0.0,0.0,11.3,4.62,0.0
20231005:2311,0.0,0.0,11.13,5.93,0.0
20231006:0011,0.0,0.0,10.05,7.24,0.0
20231006:0111,0.0,0.0,11.26,7.93,0.0
20231006:0211,0.0,0.0,12.02,7.52,0.0
20231006:0311,0.0,0.0,11.82,5.52,0.0
20231006:0411,0.0,0.0,12.33,4.76,0.0
20231006:0511,0.0,0.0,12.78,5.93,0.0
20231006:0611,0.82,1.7,13.17,6.55,0.0
20231006:0711,16.96,9.07,13.65,7.66,0.0
20231006:0811,57.12,15.65,13.49,7.17,0.0
20231006:0911,55.33,21.0,13.43,6.76,0.0
20231006:1011,46.41,24.67,13.41,6.76,0.0
20231006:1111,172.22,26.29,13.28,8.21,0.0
20231006:1211,110.67,25.67,13.22,8.76,0.0
20231006:1311,73.18,22.88,13.16,9.66,0.0
20231006:1411,56.23,18.23,13.01,9.86,0.0
20231006:1511,29.45,12.15,12.76,10.14,0.0
20231006:1611,13.39,5.08,12.45,10.55,0.0
20231006:1711,0.0,0.0,12.1,10.28,0.0
20231006:1811,0.0,0.0,11.31,11.17,0.0
20231006:1911,0.0,0.0,11.2,10.83,0.0
20231006:2011,0.0,0.0,10.84,10.97,0.0
20231006:2111,0.0,0.0,10.55,10.55,0.0
20231006:2211,0.0,0.0,10.15,10.62,0.0
20231006:2311,0.0,0.0,9.78,10.62,0.0
20231007:0011,0.0,0.0,9.32,10.62,0.0
20231007:0111,0.0,0.0,9.0,10.62,0.0
20231007:0211,0.0,0.0,8.73,10.55,0.0
20231007:0311,0.0,0.0,8.46,10.14,0.0
20231007:0411,0.0,0.0,8.24,9.59,0.0
20231007:0511,0.0,0.0,8.08,9.03,0.0
20231007:0611,1.64,1.41,7.97,8.48,0.0
20231007:0711,128.52,8.76,8.26,6.83,0.0
20231007:0811,147.53,15.32,8.43,6.34,0.0
20231007:0911,419.1,20.65,8.69,6.41,0.0
20231007:1011,368.06,24.31,9.01,6.76,0.0
20231007:1111,174.29,25.91,9.22,7.03,0.0
20231007:1211,71.4,25.28,9.31,7.38,0.0
20231007:1311,213.7,22.49,9.37,7.93,0.0
20231007:1411,67.83,17.85,9.35,8.21,0.0
20231007:1511,72.17,11.77,9.1,8.48,0.0
20231007:1611,57.99,4.71,8.79,8.76,0.0
20231007:1711,0.0,0.0,8.37,8.76,0.0
20231007:1811,0.0,0.0,8.1,8.69,0.0
20231007:1911,0.0,0.0,7.75,7.52,0.0
20231007:2011,0.0,0.0,7.52,7.31,0.0
20231007:2111,0.0,0.0,7.35,7.17,0.0
20231007:2211,0.0,0.0,7.19,6.97,0.0
20231007:2311,0.0,0.0,7.01,6.76,0.0
20231008:0011,0.0,0.0,6.88,6.69,0.0
20231008:0111,0.0,0.0,6.78,6.69,0.0
20231008:0211,0.0,0.0,6.69,6.41,0.0
20231008:0311,0.0,0.0,6.61,6.14,0.0
20231008:0411,0.0,0.0,6.62,6.28,0.0
20231008:0511,0.0,0.0,6.55,6.07,0.0
20231008:0611,0.0,0.0,6.46,5.86,0.0
20231008:0711,119.09,8.46,6.22,4.97,0.0
20231008:0811,464.46,15.0,6.57,4.48,0.0
20231008:0911,572.83,20.31,7.13,4.48,0.0
20231008:1011,723.11,23.94,7.81,4.07,0.0
20231008:1111,742.16,25.53,8.43,3.86,0.0
20231008:1211,683.81,24.89,8.85,3.38,0.0
20231008:1311,517.78,22.1,9.05,3.38,0.0
20231008:1411,44.62,17.46,8.91,3.66,0.0
20231008:1511,152.95,11.4,8.61,3.52,0.0
20231008:1611,31.2,4.35,8.3,3.17,0.0
20231008:1711,0.0,0.0,8.04,3.03,0.0
20231008:1811,0.0,0.0,8.04,3.03,0.0
20231008:1911,0.0,0.0,7.52,2.21,0.0
20231008:2011,0.0,0.0,7.38,2.14,0.0
20231008:2111,0.0,0.0,7.21,2.0,0.0
20231008:2211,0.0,0.0,7.11,1.72,0.0
20231008:2311,0.0,0.0,7.0,1.59,0.0
20231009:0011,0.0,0.0,6.77,2.0,0.0
20231009:0111,0.0,0.0,6.63,2.34,0.0
20231009:0211,0.0,0.0,6.4,2.48,0.0
20231009:0311,0.0,0.0,6.15,3.17,0.0
20231009:0411,0.0,0.0,5.97,3.52,0.0
20231009:0511,0.0,0.0,5.82,4.0,0.0
20231009:0611,0.0,0.0,5.68,4.28,0.0
20231009:0711,208.95,8.15,6.09,3.93,0.0
20231009:0811,257.25,14.68,6.47,3.93,0.0
20231009:0911,563.99,19.97,7.12,3.86,0.0
20231009:1011,556.56,23.58,7.71,3.59,0.0
20231009:1111,660.87,25.15,8.27,3.66,0.0
20231009:1211,635.83,24.51,8.69,3.72,0.0
20231009:1311,577.82,21.72,8.77,4.14,0.0
20231009:1411,473.27,17.09,8.79,4.69,0.0
20231009:1511,287.02,11.03,8.78,4.97,0.0
20231009:1611,57.76,3.98,8.59,4.97,0.0
20231009:1711,0.0,0.0,8.35,4.69,0.0
20231009:1811,0.0,0.0,8.21,4.0,0.0
20231009:1911,0.0,0.0,7.89,2.83,0.0
20231009:2011,0.0,0.0,7.77,2.14,0.0
20231009:2111,0.0,0.0,7.55,1.31,0.0
20231009:2211,0.0,0.0,8.08,0.41,0.0
20231009:2311,0.0,0.0,8.33,0.69,0.0
20231010:0011,0.0,0.0,7.27,1.45,0.0
20231010:0111,0.0,0.0,7.03,2.0,0.0
20231010:0211,0.0,0.0,8.35,3.03,0.0
20231010:0311,0.0,0.0,9.02,3.79,0.0
20231010:0411,0.0,0.0,9.45,4.28,0.0
20231010:0511,0.0,0.0,9.82,4.76,0.0
20231010:0611,0.0,0.0,10.48,5.31,0.0
20231010:0711,39.15,7.85,10.25,5.24,0.0
20231010:0811,72.5,14.36,10.6,6.21,0.0
20231010:0911,96.4,19.62,11.05,7.52,0.0
20231010:1011,62.47,23.22,11.31,8.14,0.0
20231010:1111,45.52,24.77,11.79,8.0,0.0
20231010:1211,92.82,24.12,12.32,6.55,0.0
20231010:1311,45.52,21.33,12.22,5.59,0.0
20231010:1411,20.53,16.71,12.62,5.59,0.0
20231010:1511,11.6,10.66,13.04,6.41,0.0
20231010:1611,2.68,3.62,13.91,6.9,0.0
20231010:1711,0.0,0.0,14.02,6.55,0.0
20231010:1811,0.0,0.0,13.93,6.07,0.0
20231010:1911,0.0,0.0,14.16,7.1,0.0
20231010:2011,0.0,0.0,14.15,7.24,0.0
20231010:2111,0.0,0.0,14.03,7.03,0.0
20231010:2211,0.0,0.0,13.45,6.9,0.0
20231010:2311,0.0,0.0,13.36,7.17,0.0
20231011:0011,0.0,0.0,13.1,6.41,0.0
20231011:0111,0.0,0.0,11.85,7.31,0.0
20231011:0211,0.0,0.0,10.74,5.79,0.0
20231011:0311,0.0,0.0,10.32,5.24,0.0
20231011:0411,0.0,0.0,10.06,5.17,0.0
20231011:0511,0.0,0.0,9.65,5.45,0.0
20231011:0611,0.0,0.0,9.26,6.41,0.0
20231011:0711,195.8,7.54,8.52,8.9,0.0
20231011:0811,466.53,14.03,8.84,9.17,0.0
20231011:0911,52.66,19.28,8.92,10.48,0.0
20231011:1011,360.09,22.85,9.07,10.9,0.0
20231011:1111,519.55,24.4,9.22,10.83,0.0
20231011:1211,30.34,23.74,9.49,10.48,0.0
20231011:1311,48.19,20.95,9.35,11.38,0.0
20231011:1411,172.62,16.33,9.42,11.66,0.0
20231011:1511,79.74,10.29,9.63,12.21,0.0
20231011:1611,2.68,3.26,9.35,12.76,0.0
20231011:1711,0.0,0.0,9.38,13.45,0.0
20231011:1811,0.0,0.0,9.52,12.28,0.0
20231011:1911,0.0,0.0,8.94,12.83,0.0
20231011:2011,0.0,0.0,8.8,12.07,0.0
20231011:2111,0.0,0.0,8.6,11.86,0.0
20231011:2211,0.0,0.0,8.77,10.76,0.0
20231011:2311,0.0,0.0,8.65,11.24,0.0
20231012:0011,0.0,0.0,8.23,11.72,0.0
20231012:0111,0.0,0.0,8.17,11.31,0.0
20231012:0211,0.0,0.0,8.09,11.24,0.0
20231012:0311,0.0,0.0,8.06,11.45,0.0
20231012:0411,0.0,0.0,8.02,11.38,0.0
20231012:0511,0.0,0.0,8.09,10.62,0.0
20231012:0611,0.0,0.0,8.11,10.0,0.0
20231012:0711,145.24,7.24,7.85,10.21,0.0
20231012:0811,304.26,13.71,8.08,9.93,0.0
20231012:0911,172.64,18.94,8.43,9.52,0.0
20231012:1011,198.01,22.49,8.82,9.38,0.0
20231012:1111,124.94,24.02,9.21,9.79,0.0
20231012:1211,106.21,23.36,9.41,9.31,0.0
20231012:1311,285.32,20.57,9.41,8.48,0.0
20231012:1411,65.15,15.96,9.33,7.17,0.0
20231012:1511,150.32,9.93,9.19,5.93,0.0
20231012:1611,8.92,2.9,8.96,4.83,0.0
20231012:1711,0.0,0.0,8.6,4.0,0.0
20231012:1811,0.0,0.0,8.48,3.52,0.0
20231012:1911,0.0,0.0,9.28,3.38,0.0
20231012:2011,0.0,0.0,9.39,4.0,0.0
20231012:2111,0.0,0.0,9.48,4.9,0.0
20231012:2211,0.0,0.0,9.7,5.72,0.0
20231012:2311,0.0,0.0,10.04,6.21,0.0
20231013:0011,0.0,0.0,10.48,7.03,0.0
20231013:0111,0.0,0.0,10.29,7.31,0.0
20231013:0211,0.0,0.0,10.34,7.45,0.0
20231013:0311,0.0,0.0,10.28,7.59,0.0
20231013:0411,0.0,0.0,9.9,7.24,0.0
20231013:0511,0.0,0.0,9.9,6.97,0.0
20231013:0611,0.0,0.0,10.05,6.41,0.0
20231013:0711,12.49,6.93,10.35,6.48,0.0
20231013:0811,52.66,13.39,10.69,5.86,0.0
20231013:0911,37.48,18.6,11.0,5.79,0.0
20231013:1011,55.33,22.13,11.04,5.79,0.0
20231013:1111,56.23,23.65,11.0,5.72,0.0
20231013:1211,35.7,22.98,10.96,4.97,0.0
20231013:1311,51.76,20.19,10.82,5.1,0.0
20231013:1411,34.81,15.59,10.61,5.52,0.0
20231013:1511,33.91,9.56,10.36,6.21,0.0
20231013:1611,1.78,2.55,9.58,7.1,0.0
20231013:1711,0.0,0.0,9.11,7.31,0.0
20231013:1811,0.0,0.0,9.39,7.03,0.0
20231013:1911,0.0,0.0,9.34,7.86,0.0
20231013:2011,0.0,0.0,9.26,8.21,0.0
20231013:2111,0.0,0.0,9.16,9.1,0.0
20231013:2211,0.0,0.0,9.02,9.03,0.0
20231013:2311,0.0,0.0,8.75,8.83,0.0
20231014:0011,0.0,0.0,8.39,8.55,0.0
20231014:0111,0.0,0.0,8.14,9.03,0.0
20231014:0211,0.0,0.0,8.05,10.14,0.0
20231014:0311,0.0,0.0,8.0,10.76,0.0
20231014:0411,0.0,0.0,7.98,11.17,0.0
20231014:0511,0.0,0.0,7.93,11.72,0.0
20231014:0611,0.0,0.0,7.87,12.21,0.0
20231014:0711,6.25,6.63,7.16,12.07,0.0
20231014:0811,49.98,13.07,7.21,11.52,0.0
20231014:0911,165.71,18.26,7.26,11.24,0.0
20231014:1011,27.67,21.77,7.75,10.07,0.0
20231014:1111,30.34,23.28,7.99,9.52,0.0
20231014:1211,31.24,22.6,7.72,11.17,0.0
20231014:1311,199.18,19.82,7.6,12.48,0.0
20231014:1411,93.08,15.22,7.49,12.41,0.0
20231014:1511,191.5,9.2,7.25,12.9,0.0
20231014:1611,1.78,2.2,7.07,13.38,0.0
20231014:1711,0.0,0.0,6.91,13.86,0.0
20231014:1811,0.0,0.0,6.65,14.14,0.0
20231014:1911,0.0,0.0,6.88,14.55,0.0
20231014:2011,0.0,0.0,6.69,14.34,0.0
20231014:2111,0.0,0.0,6.56,14.07,0.0
20231014:2211,0.0,0.0,6.35,13.52,0.0
20231014:2311,0.0,0.0,6.22,12.97,0.0
20231015:0011,0.0,0.0,6.25,12.41,0.0
20231015:0111,0.0,0.0,6.26,12.07,0.0
20231015:0211,0.0,0.0,6.27,11.59,0.0
20231015:0311,0.0,0.0,6.45,11.45,0.0
20231015:0411,0.0,0.0,6.54,11.17,0.0
20231015:0511,0.0,0.0,6.52,10.9,0.0
20231015:0611,0.0,0.0,6.44,10.48,0.0
20231015:0711,6.25,6.32,6.35,10.14,0.0
20231015:0811,45.52,12.75,6.35,10.28,0.0
20231015:0911,124.24,17.92,6.49,9.79,0.0
20231015:1011,129.06,21.42,6.73,9.72,0.0
20231015:1111,411.37,22.91,6.82,9.79,0.0
20231015:1211,97.28,22.22,6.67,9.66,0.0
20231015:1311,24.99,19.44,6.77,9.38,0.0
20231015:1411,92.4,14.85,6.17,9.59,0.0
20231015:1511,168.92,8.85,5.92,8.97,0.0
20231015:1611,3.57,1.85,5.77,8.83,0.0
20231015:1711,0.0,0.0,5.46,8.9,0.0
20231015:1811,0.0,0.0,5.17,8.55,0.0
20231015:1911,0.0,0.0,5.14,7.59,0.0
20231015:2011,0.0,0.0,5.04,7.45,0.0
20231015:2111,0.0,0.0,4.87,7.52,0.0
20231015:2211,0.0,0.0,4.67,7.45,0.0
20231015:2311,0.0,0.0,4.59,7.45,0.0
20231016:0011,0.0,0.0,4.56,7.45,0.0
20231016:0111,0.0,0.0,4.48,7.31,0.0
20231016:0211,0.0,0.0,4.33,7.1,0.0
20231016:0311,0.0,0.0,4.21,6.83,0.0
20231016:0411,0.0,0.0,4.25,6.55,0.0
20231016:0511,0.0,0.0,4.39,6.41,0.0
20231016:0611,0.0,0.0,4.59,5.79,0.0
20231016:0711,223.18,6.02,4.96,4.76,0.0
20231016:0811,456.34,12.43,5.32,3.59,0.0
20231016:0911,508.9,17.58,5.91,3.1,0.0
20231016:1011,747.69,21.06,6.57,2.76,0.0
20231016:1111,768.01,22.54,7.28,2.41,0.0
20231016:1211,545.46,21.85,7.87,2.28,0.0
20231016:1311,83.0,19.07,8.28,2.34,0.0
20231016:1411,32.13,14.49,8.54,2.76,0.0
20231016:1511,19.63,8.49,8.59,3.45,0.0
20231016:1611,0.89,1.5,8.45,4.07,0.0
20231016:1711,0.0,0.0,8.66,4.62,0.0
20231016:1811,0.0,0.0,8.71,5.45,0.0
20231016:1911,0.0,0.0,8.5,4.83,0.0
20231016:2011,0.0,0.0,8.47,4.76,0.0
20231016:2111,0.0,0.0,8.29,4.83,0.0
20231016:2211,0.0,0.0,8.19,5.17,0.0
20231016:2311,0.0,0.0,8.23,5.31,0.0
20231017:0011,0.0,0.0,8.25,5.31,0.0
20231017:0111,0.0,0.0,8.27,5.1,0.0
20231017:0211,0.0,0.0,8.32,4.9,0.0
20231017:0311,0.0,0.0,8.57,5.03,0.0
20231017:0411,0.0,0.0,8.63,5.17,0.0
20231017:0511,0.0,0.0,8.74,5.66,0.0
20231017:0611,0.0,0.0,8.96,6.14,0.0
20231017:0711,85.4,5.71,9.23,6.28,0.0
20231017:0811,354.96,12.11,9.48,6.69,0.0
20231017:0911,261.35,17.24,9.56,7.52,0.0
20231017:1011,96.39,20.71,9.53,7.66,0.0
20231017:1111,93.71,22.17,9.81,7.45,0.0
20231017:1211,118.22,21.48,9.78,7.59,0.0
20231017:1311,104.14,18.71,9.82,7.72,0.0
20231017:1411,86.5,14.13,9.74,7.59,0.0
20231017:1511,24.1,8.14,9.49,7.45,0.0
20231017:1611,0.0,0.0,9.44,6.62,0.0
20231017:1711,0.0,0.0,9.26,6.14,0.0
20231017:1811,0.0,0.0,9.13,5.79,0.0
20231017:1911,0.0,0.0,9.12,4.48,0.0
20231017:2011,0.0,0.0,8.85,4.07,0.0
20231017:2111,0.0,0.0,8.66,3.93,0.0
20231017:2211,0.0,0.0,8.54,3.93,0.0
20231017:2311,0.0,0.0,8.46,4.21,0.0
20231018:0011,0.0,0.0,8.31,4.28,0.0
20231018:0111,0.0,0.0,8.15,4.28,0.0
20231018:0211,0.0,0.0,7.73,4.0,0.0
20231018:0311,0.0,0.0,7.38,3.79,0.0
20231018:0411,0.0,0.0,7.02,3.59,0.0
20231018:0511,0.0,0.0,6.4,3.38,0.0
20231018:0611,0.0,0.0,5.77,3.03,0.0
20231018:0711,75.07,5.41,5.48,2.48,0.0
20231018:0811,167.97,11.79,6.45,2.69,0.0
20231018:0911,599.72,16.91,7.82,4.07,0.0
20231018:1011,351.95,20.35,8.91,5.45,0.0
20231018:1111,811.42,21.81,9.79,6.21,0.0
20231018:1211,776.92,21.11,10.15,6.62,0.0
20231018:1311,709.63,18.34,10.22,6.62,0.0
20231018:1411,377.96,13.77,10.02,6.28,0.0
20231018:1511,105.93,7.8,9.58,6.07,0.0
20231018:1611,0.0,0.0,8.96,6.0,0.0
20231018:1711,0.0,0.0,8.26,6.21,0.0
20231018:1811,0.0,0.0,7.74,6.76,0.0
20231018:1911,0.0,0.0,7.39,7.45,0.0
20231018:2011,0.0,0.0,7.09,8.21,0.0
20231018:2111,0.0,0.0,6.82,8.76,0.0
20231018:2211,0.0,0.0,6.66,9.24,0.0
20231018:2311,0.0,0.0,6.61,9.66,0.0
20231019:0011,0.0,0.0,6.47,10.07,0.0
20231019:0111,0.0,0.0,6.48,10.34,0.0
20231019:0211,0.0,0.0,6.43,10.55,0.0
20231019:0311,0.0,0.0,6.33,10.97,0.0
20231019:0411,0.0,0.0,6.22,11.24,0.0
20231019:0511,0.0,0.0,6.11,11.45,0.0
20231019:0611,0.0,0.0,6.01,11.59,0.0
20231019:0711,75.37,5.11,5.77,11.72,0.0
20231019:0811,152.43,11.47,5.46,11.45,0.0
20231019:0911,209.88,16.57,5.48,11.72,0.0
20231019:1011,516.12,20.0,5.53,12.0,0.0
20231019:1111,782.52,21.44,5.44,11.93,0.0
20231019:1211,757.82,20.74,5.25,11.93,0.0
20231019:1311,732.18,17.98,4.99,11.66,0.0
20231019:1411,133.97,13.42,4.65,11.38,0.0
20231019:1511,154.6,7.45,4.27,10.97,0.0
20231019:1611,0.0,0.0,3.94,11.66,0.0
20231019:1711,0.0,0.0,3.75,11.72,0.0
20231019:1811,0.0,0.0,3.67,11.86,0.0
20231019:1911,0.0,0.0,3.85,12.14,0.0
20231019:2011,0.0,0.0,3.63,12.0,0.0
20231019:2111,0.0,0.0,3.4,11.79,0.0
20231019:2211,0.0,0.0,3.07,11.72,0.0
20231019:2311,0.0,0.0,2.78,11.59,0.0
20231020:0011,0.0,0.0,2.63,11.38,0.0
20231020:0111,0.0,0.0,2.48,11.31,0.0
20231020:0211,0.0,0.0,2.45,11.17,0.0
20231020:0311,0.0,0.0,2.42,10.9,0.0
20231020:0411,0.0,0.0,2.4,10.69,0.0
20231020:0511,0.0,0.0,2.44,10.48,0.0
20231020:0611,0.0,0.0,2.57,10.28,0.0
20231020:0711,124.13,4.8,2.93,9.93,0.0
20231020:0811,412.59,11.15,3.37,9.38,0.0
20231020:0911,667.55,16.24,3.77,8.69,0.0
20231020:1011,745.32,19.65,4.24,8.69,0.0
20231020:1111,737.13,21.08,4.67,8.69,0.0
20231020:1211,765.17,20.38,4.87,8.69,0.0
20231020:1311,563.06,17.62,4.92,8.9,0.0
20231020:1411,355.04,13.07,4.78,8.62,0.0
20231020:1511,135.47,7.11,4.55,8.9,0.0
20231020:1611,0.0,0.0,4.4,10.21,0.0
20231020:1711,0.0,0.0,4.38,10.07,0.0
20231020:1811,0.0,0.0,4.29,10.0,0.0
20231020:1911,0.0,0.0,4.23,10.28,0.0
20231020:2011,0.0,0.0,4.19,10.76,0.0
20231020:2111,0.0,0.0,4.03,11.59,0.0
20231020:2211,0.0,0.0,3.8,11.86,0.0
20231020:2311,0.0,0.0,3.49,10.21,0.0
20231021:0011,0.0,0.0,3.36,10.41,0.0
20231021:0111,0.0,0.0,3.48,10.69,0.0
20231021:0211,0.0,0.0,3.49,10.62,0.0
20231021:0311,0.0,0.0,3.36,11.03,0.0
20231021:0411,0.0,0.0,3.34,11.45,0.0
20231021:0511,0.0,0.0,3.36,11.86,0.0
20231021:0611,0.0,0.0,3.43,12.21,0.0
20231021:0711,3.57,4.5,3.73,12.14,0.0
20231021:0811,24.1,10.84,3.82,12.34,0.0
20231021:0911,24.1,15.9,4.18,12.55,0.0
20231021:1011,69.61,19.3,4.53,12.55,0.0
20231021:1111,32.13,20.73,4.7,12.55,0.0
20231021:1211,301.52,20.02,4.87,13.45,0.0
20231021:1311,206.42,17.27,5.29,13.17,0.0
20231021:1411,45.52,12.72,5.46,12.21,0.0
20231021:1511,152.06,6.78,5.52,13.17,0.0
20231021:1611,0.0,0.0,5.61,12.69,0.0
20231021:1711,0.0,0.0,5.55,12.55,0.0
20231021:1811,0.0,0.0,5.73,12.28,0.0
20231021:1911,0.0,0.0,5.58,12.76,0.0
20231021:2011,0.0,0.0,5.73,12.14,0.0
20231021:2111,0.0,0.0,5.81,11.72,0.0
20231021:2211,0.0,0.0,5.76,11.59,0.0
20231021:2311,0.0,0.0,5.88,11.52,0.0
20231022:0011,0.0,0.0,5.94,11.38,0.0
20231022:0111,0.0,0.0,5.9,11.03,0.0
20231022:0211,0.0,0.0,5.92,10.76,0.0
20231022:0311,0.0,0.0,5.97,10.69,0.0
20231022:0411,0.0,0.0,6.07,10.69,0.0
20231022:0511,0.0,0.0,6.2,10.41,0.0
20231022:0611,0.0,0.0,6.39,10.21,0.0
20231022:0711,32.28,4.2,6.24,10.28,0.0
20231022:0811,185.13,10.52,6.58,10.14,0.0
20231022:0911,196.67,15.57,6.88,9.31,0.0
20231022:1011,625.2,18.96,6.8,9.45,0.0
20231022:1111,680.38,20.37,7.44,9.24,0.0
20231022:1211,663.82,19.66,7.62,8.97,0.0
20231022:1311,108.59,16.91,7.57,8.76,0.0
20231022:1411,32.13,12.38,7.99,8.83,0.0
20231022:1511,15.17,6.44,8.03,8.48,0.0
20231022:1611,0.0,0.0,7.91,8.21,0.0
20231022:1711,0.0,0.0,7.83,7.72,0.0
20231022:1811,0.0,0.0,7.81,7.38,0.0
20231022:1911,0.0,0.0,7.85,6.48,0.0
20231022:2011,0.0,0.0,7.91,5.72,0.0
20231022:2111,0.0,0.0,8.13,5.03,0.0
20231022:2211,0.0,0.0,8.29,4.48,0.0
20231022:2311,0.0,0.0,8.37,3.86,0.0
20231023:0011,0.0,0.0,8.48,3.24,0.0
20231023:0111,0.0,0.0,8.45,2.55,0.0
20231023:0211,0.0,0.0,8.44,2.21,0.0
20231023:0311,0.0,0.0,8.44,2.14,0.0
20231023:0411,0.0,0.0,8.36,2.41,0.0
20231023:0511,0.0,0.0,7.51,2.9,0.0
20231023:0611,0.0,0.0,8.31,3.52,0.0
20231023:0711,24.07,3.9,8.45,3.24,0.0
20231023:0811,121.62,10.21,8.54,2.9,0.0
20231023:0911,58.9,15.24,8.82,2.55,0.0
20231023:1011,61.58,18.62,9.04,2.07,0.0
20231023:1111,73.18,20.02,9.19,1.86,0.0
20231023:1211,58.01,19.31,9.42,1.52,0.0
20231023:1311,44.62,16.56,9.67,0.83,0.0
20231023:1411,36.59,12.04,9.74,0.14,0.0
20231023:1511,18.74,6.11,9.66,0.48,0.0
20231023:1611,0.0,0.0,9.35,0.69,0.0
20231023:1711,0.0,0.0,8.63,0.97,0.0
20231023:1811,0.0,0.0,8.35,1.38,0.0
20231023:1911,0.0,0.0,7.86,2.0,0.0
20231023:2011,0.0,0.0,7.8,1.66,0.0
20231023:2111,0.0,0.0,7.68,1.52,0.0
20231023:2211,0.0,0.0,7.66,1.93,0.0
20231023:2311,0.0,0.0,7.5,2.48,0.0
20231024:0011,0.0,0.0,7.49,2.97,0.0
20231024:0111,0.0,0.0,7.49,3.45,0.0
20231024:0211,0.0,0.0,7.4,3.79,0.0
20231024:0311,0.0,0.0,7.27,4.14,0.0
20231024:0411,0.0,0.0,7.17,4.55,0.0
20231024:0511,0.0,0.0,7.14,5.03,0.0
20231024:0611,0.0,0.0,7.17,5.52,0.0
20231024:0711,8.03,3.6,7.11,5.38,0.0
20231024:0811,24.1,9.9,7.51,5.59,0.0
20231024:0911,296.69,14.91,8.19,6.0,0.0
20231024:1011,268.67,18.27,8.81,6.34,0.0
20231024:1111,373.75,19.67,9.19,6.69,0.0
20231024:1211,427.97,18.96,9.35,6.97,0.0
20231024:1311,432.72,16.22,9.28,7.03,0.0
20231024:1411,125.98,11.71,9.0,7.38,0.0
20231024:1511,78.2,5.79,8.65,8.41,0.0
20231024:1611,0.0,0.0,8.28,8.34,0.0
20231024:1711,0.0,0.0,7.97,7.93,0.0
20231024:1811,0.0,0.0,7.59,7.52,0.0
20231024:1911,0.0,0.0,7.88,7.31,0.0
20231024:2011,0.0,0.0,7.55,6.9,0.0
20231024:2111,0.0,0.0,7.39,6.76,0.0
20231024:2211,0.0,0.0,7.13,6.69,0.0
20231024:2311,0.0,0.0,6.86,6.55,0.0
20231025:0011,0.0,0.0,6.61,6.55,0.0
20231025:0111,0.0,0.0,6.49,6.69,0.0
20231025:0211,0.0,0.0,6.28,6.9,0.0
20231025:0311,0.0,0.0,6.05,7.24,0.0
20231025:0411,0.0,0.0,5.84,7.45,0.0
20231025:0511,0.0,0.0,5.79,7.45,0.0
20231025:0611,0.0,0.0,5.64,7.45,0.0
20231025:0711,2.68,3.31,6.09,7.24,0.0
20231025:0811,14.28,9.59,6.24,7.66,0.0
20231025:0911,31.24,14.59,6.24,8.0,0.0
20231025:1011,52.66,17.94,6.3,8.07,0.0
20231025:1111,49.98,19.32,6.56,8.07,0.0
20231025:1211,70.51,18.61,6.76,8.28,0.0
20231025:1311,199.24,15.88,6.87,7.93,0.0
20231025:1411,74.22,11.37,7.0,8.69,0.0
20231025:1511,99.31,5.47,6.89,9.66,0.0
20231025:1611,0.0,0.0,6.46,9.66,0.0
20231025:1711,0.0,0.0,6.11,9.59,0.0
20231025:1811,0.0,0.0,5.77,9.59,0.0
20231025:1911,0.0,0.0,5.53,10.41,0.0
20231025:2011,0.0,0.0,5.38,10.34,0.0
20231025:2111,0.0,0.0,5.22,10.21,0.0
20231025:2211,0.0,0.0,5.16,9.93,0.0
20231025:2311,0.0,0.0,5.11,9.59,0.0
20231026:0011,0.0,0.0,5.07,9.31,0.0
20231026:0111,0.0,0.0,5.02,9.03,0.0
20231026:0211,0.0,0.0,4.96,8.83,0.0
20231026:0311,0.0,0.0,4.94,8.55,0.0
20231026:0411,0.0,0.0,4.98,8.28,0.0
20231026:0511,0.0,0.0,4.98,8.0,0.0
20231026:0611,0.0,0.0,4.92,7.59,0.0
20231026:0711,2.68,3.01,4.65,7.38,0.0
20231026:0811,36.59,9.28,4.65,6.83,0.0
20231026:0911,41.05,14.26,4.87,6.69,0.0
20231026:1011,105.52,17.6,5.4,6.41,0.0
20231026:1111,362.74,18.98,5.96,6.14,0.0
20231026:1211,415.71,18.27,6.3,5.72,0.0
20231026:1311,187.21,15.54,6.39,5.52,0.0
20231026:1411,36.59,11.04,6.23,5.24,0.0
20231026:1511,16.96,5.15,5.96,4.83,0.0
20231026:1611,0.0,0.0,5.4,4.69,0.0
20231026:1711,0.0,0.0,5.02,4.62,0.0
20231026:1811,0.0,0.0,4.71,4.62,0.0
20231026:1911,0.0,0.0,4.2,4.9,0.0
20231026:2011,0.0,0.0,4.14,4.76,0.0
20231026:2111,0.0,0.0,4.13,4.76,0.0
20231026:2211,0.0,0.0,3.98,4.76,0.0
20231026:2311,0.0,0.0,3.85,4.83,0.0
20231027:0011,0.0,0.0,3.87,4.9,0.0
20231027:0111,0.0,0.0,3.66,4.83,0.0
20231027:0211,0.0,0.0,3.51,4.83,0.0
20231027:0311,0.0,0.0,3.38,4.62,0.0
20231027:0411,0.0,0.0,3.32,4.34,0.0
20231027:0511,0.0,0.0,3.42,4.14,0.0
20231027:0611,0.0,0.0,3.4,4.21,0.0
20231027:0711,8.03,2.72,3.56,3.86,0.0
20231027:0811,79.94,8.97,3.72,4.21,0.0
20231027:0911,79.58,13.94,4.12,4.41,0.0
20231027:1011,104.8,17.26,4.75,4.34,0.0
20231027:1111,87.46,18.64,5.43,4.07,0.0
20231027:1211,49.98,17.93,6.01,3.79,0.0
20231027:1311,38.38,15.2,6.29,3.59,0.0
20231027:1411,26.77,10.72,6.24,3.59,0.0
20231027:1511,28.28,4.84,5.86,3.66,0.0
20231027:1611,0.0,0.0,5.12,4.21,0.0
20231027:1711,0.0,0.0,4.55,4.76,0.0
20231027:1811,0.0,0.0,4.24,5.24,0.0
20231027:1911,0.0,0.0,3.77,5.66,0.0
20231027:2011,0.0,0.0,3.73,5.86,0.0
20231027:2111,0.0,0.0,3.75,6.07,0.0
20231027:2211,0.0,0.0,3.74,6.21,0.0
20231027:2311,0.0,0.0,3.55,6.07,0.0
20231028:0011,0.0,0.0,3.15,6.0,0.0
20231028:0111,0.0,0.0,3.07,5.93,0.0
20231028:0211,0.0,0.0,2.93,6.0,0.0
20231028:0311,0.0,0.0,2.93,6.14,0.0
20231028:0411,0.0,0.0,2.87,6.28,0.0
20231028:0511,0.0,0.0,2.86,6.48,0.0
20231028:0611,0.0,0.0,2.9,6.55,0.0
20231028:0711,4.46,2.42,3.28,6.62,0.0
20231028:0811,42.86,8.66,3.7,6.76,0.0
20231028:0911,54.44,13.62,4.07,6.62,0.0
20231028:1011,102.27,16.93,4.67,6.83,0.0
20231028:1111,83.89,18.3,5.28,6.83,0.0
20231028:1211,67.83,17.59,5.59,6.9,0.0
20231028:1311,62.47,14.87,5.42,6.97,0.0
20231028:1411,39.27,10.4,5.18,7.17,0.0
20231028:1511,18.74,4.53,4.95,7.59,0.0
20231028:1611,0.0,0.0,4.72,7.86,0.0
20231028:1711,0.0,0.0,4.54,8.14,0.0
20231028:1811,0.0,0.0,4.43,8.28,0.0
20231028:1911,0.0,0.0,3.78,8.41,0.0
20231028:2011,0.0,0.0,3.65,8.62,0.0
20231028:2111,0.0,0.0,3.68,8.76,0.0
20231028:2211,0.0,0.0,3.79,8.9,0.0
20231028:2311,0.0,0.0,3.74,8.83,0.0
20231029:0011,0.0,0.0,3.79,8.76,0.0
20231029:0111,0.0,0.0,3.87,8.83,0.0
20231029:0211,0.0,0.0,3.93,8.9,0.0
20231029:0311,0.0,0.0,4.0,8.83,0.0
20231029:0411,0.0,0.0,4.05,9.17,0.0
20231029:0511,0.0,0.0,4.28,9.24,0.0
20231029:0611,0.0,0.0,4.4,9.24,0.0
20231029:0711,1.78,2.13,4.33,8.76,0.0
20231029:0811,14.28,8.36,4.45,8.83,0.0
20231029:0911,34.81,13.3,4.74,8.76,0.0
20231029:1011,40.16,16.61,5.17,8.69,0.0
20231029:1111,75.86,17.97,5.55,8.69,0.0
20231029:1211,55.33,17.26,5.92,8.28,0.0
20231029:1311,66.94,14.55,6.06,7.38,0.0
20231029:1411,41.05,10.09,6.29,8.0,0.0
20231029:1511,5.35,4.22,6.21,7.79,0.0
20231029:1611,0.0,0.0,6.11,6.9,0.0
20231029:1711,0.0,0.0,5.9,6.41,0.0
20231029:1811,0.0,0.0,5.59,6.34,0.0
20231029:1911,0.0,0.0,5.11,6.55,0.0
20231029:2011,0.0,0.0,5.05,6.28,0.0
20231029:2111,0.0,0.0,5.0,6.14,0.0
20231029:2211,0.0,0.0,4.96,6.07,0.0
20231029:2311,0.0,0.0,4.86,6.0,0.0
20231030:0011,0.0,0.0,4.7,6.07,0.0
20231030:0111,0.0,0.0,4.33,6.07,0.0
20231030:0211,0.0,0.0,4.26,6.14,0.0
20231030:0311,0.0,0.0,4.13,6.21,0.0
20231030:0411,0.0,0.0,3.93,6.14,0.0
20231030:0511,0.0,0.0,3.61,5.93,0.0
20231030:0611,0.0,0.0,3.43,5.86,0.0
20231030:0711,5.35,1.84,3.87,5.24,0.0
20231030:0811,39.57,8.05,4.04,4.9,0.0
20231030:0911,32.13,12.99,4.25,4.28,0.0
20231030:1011,397.17,16.28,4.54,3.66,0.0
20231030:1111,62.47,17.64,4.78,3.31,0.0
20231030:1211,214.36,16.93,4.99,2.69,0.0
20231030:1311,184.52,14.23,5.29,2.34,0.0
20231030:1411,102.82,9.77,5.41,1.79,0.0
20231030:1511,16.06,3.92,5.25,1.59,0.0
20231030:1611,0.0,0.0,4.87,1.52,0.0
20231030:1711,0.0,0.0,4.52,1.45,0.0
20231030:1811,0.0,0.0,4.36,1.72,0.0
20231030:1911,0.0,0.0,4.71,1.86,0.0
20231030:2011,0.0,0.0,4.61,2.41,0.0
20231030:2111,0.0,0.0,4.3,3.17,0.0
20231030:2211,0.0,0.0,4.14,3.17,0.0
20231030:2311,0.0,0.0,4.13,2.83,0.0
20231031:0011,0.0,0.0,4.05,2.62,0.0
20231031:0111,0.0,0.0,3.86,2.07,0.0
20231031:0211,0.0,0.0,3.72,1.79,0.0
20231031:0311,0.0,0.0,3.67,1.72,0.0
20231031:0411,0.0,0.0,3.6,1.38,0.0
20231031:0511,0.0,0.0,3.33,0.55,0.0
20231031:0611,0.0,0.0,3.72,0.21,0.0
20231031:0711,4.46,1.55,2.06,1.24,0.0
20231031:0811,215.96,7.75,1.99,1.38,0.0
20231031:0911,549.77,12.68,3.42,1.1,0.0
20231031:1011,637.01,15.96,4.22,0.97,0.0
20231031:1111,679.56,17.31,4.65,0.9,0.0
20231031:1211,617.32,16.6,4.86,0.97,0.0
20231031:1311,502.26,13.91,4.9,1.1,0.0
20231031:1411,268.68,9.47,4.79,1.17,0.0
20231031:1511,74.66,3.63,4.57,0.9,0.0
20231031:1611,0.0,0.0,3.89,0.76,0.0
20231031:1711,0.0,0.0,2.62,1.24,0.0
20231031:1811,0.0,0.0,3.29,2.0,0.0
20231031:1911,0.0,0.0,3.15,0.76,0.0
20231031:2011,0.0,0.0,1.53,1.52,0.0
20231031:2111,0.0,0.0,1.45,2.21,0.0
20231031:2211,0.0,0.0,2.29,2.9,0.0
20231031:2311,0.0,0.0,2.44,3.72,0.0
20231101:0011,0.0,0.0,2.45,4.41,0.0
20231101:0111,0.0,0.0,2.21,5.38,0.0
20231101:0211,0.0,0.0,1.74,6.48,0.0
20231101:0311,0.0,0.0,1.66,7.03,0.0
20231101:0411,0.0,0.0,1.54,7.24,0.0
20231101:0511,0.0,0.0,1.39,7.52,0.0
20231101:0611,0.0,0.0,1.41,7.79,0.0
20231101:0711,0.0,0.0,1.51,7.86,0.0
20231101:0811,30.34,7.45,1.31,7.79,0.0
20231101:0911,21.42,12.37,1.52,8.34,0.0
20231101:1011,108.75,15.64,1.68,8.69,0.0
20231101:1111,37.48,16.99,2.2,9.31,0.0
20231101:1211,33.91,16.28,2.32,9.31,0.0
20231101:1311,16.06,13.6,2.28,9.72,0.0
20231101:1411,17.85,9.17,2.25,10.21,0.0
20231101:1511,3.57,3.34,2.18,10.62,0.0
20231101:1611,0.0,0.0,2.45,11.93,0.0
20231101:1711,0.0,0.0,2.36,12.14,0.0
20231101:1811,0.0,0.0,1.95,12.48,0.0
20231101:1911,0.0,0.0,2.76,13.17,0.0
20231101:2011,0.0,0.0,2.95,13.1,0.0
20231101:2111,0.0,0.0,3.07,12.9,0.0
20231101:2211,0.0,0.0,3.11,12.76,0.0
20231101:2311,0.0,0.0,3.3,12.62,0.0
20231102:0011,0.0,0.0,3.47,12.21,0.0
20231102:0111,0.0,0.0,3.56,11.79,0.0
20231102:0211,0.0,0.0,3.27,11.17,0.0
20231102:0311,0.0,0.0,3.44,10.69,0.0
20231102:0411,0.0,0.0,3.97,10.21,0.0
20231102:0511,0.0,0.0,4.19,9.79,0.0
20231102:0611,0.0,0.0,4.54,9.45,0.0
20231102:0711,0.0,0.0,4.63,8.97,0.0
20231102:0811,140.54,7.16,5.11,8.76,0.0
20231102:0911,52.66,12.06,5.9,8.9,0.0
20231102:1011,61.58,15.32,6.38,8.83,0.0
20231102:1111,59.8,16.67,6.51,8.14,0.0
20231102:1211,67.83,15.97,6.6,8.14,0.0
20231102:1311,15.17,13.29,6.77,8.41,0.0
20231102:1411,24.1,8.87,7.13,9.17,0.0
20231102:1511,3.57,3.05,7.04,9.03,0.0
20231102:1611,0.0,0.0,6.76,9.03,0.0
20231102:1711,0.0,0.0,6.53,9.66,0.0
20231102:1811,0.0,0.0,6.44,10.48,0.0
20231102:1911,0.0,0.0,5.58,10.21,0.0
20231102:2011,0.0,0.0,5.53,10.48,0.0
20231102:2111,0.0,0.0,5.66,10.41,0.0
20231102:2211,0.0,0.0,5.86,10.28,0.0
20231102:2311,0.0,0.0,6.32,10.07,0.0
20231103:0011,0.0,0.0,6.45,9.93,0.0
20231103:0111,0.0,0.0,6.62,9.52,0.0
20231103:0211,0.0,0.0,7.25,9.45,0.0
20231103:0311,0.0,0.0,7.69,9.24,0.0
20231103:0411,0.0,0.0,7.82,9.24,0.0
20231103:0511,0.0,0.0,8.03,9.38,0.0
20231103:0611,0.0,0.0,8.08,9.38,0.0
20231103:0711,0.0,0.0,7.74,8.62,0.0
20231103:0811,17.85,6.87,7.41,8.41,0.0
20231103:0911,23.2,11.76,7.24,8.34,0.0
20231103:1011,58.9,15.01,7.08,8.0,0.0
20231103:1111,179.65,16.35,7.18,7.59,0.0
20231103:1211,171.54,15.65,7.49,6.9,0.0
20231103:1311,298.62,12.98,7.69,6.69,0.0
20231103:1411,10.71,8.58,7.49,7.52,0.0
20231103:1511,72.17,2.77,7.01,7.45,0.0
20231103:1611,0.0,0.0,6.72,8.0,0.0
20231103:1711,0.0,0.0,6.74,8.83,0.0
20231103:1811,0.0,0.0,7.17,9.31,0.0
20231103:1911,0.0,0.0,7.3,9.38,0.0
20231103:2011,0.0,0.0,7.47,9.24,0.0
20231103:2111,0.0,0.0,8.24,9.24,0.0
20231103:2211,0.0,0.0,8.61,9.31,0.0
20231103:2311,0.0,0.0,8.77,9.72,0.0
20231104:0011,0.0,0.0,9.03,9.79,0.0
20231104:0111,0.0,0.0,9.19,10.62,0.0
20231104:0211,0.0,0.0,9.3,10.41,0.0
20231104:0311,0.0,0.0,9.31,10.21,0.0
20231104:0411,0.0,0.0,9.19,9.93,0.0
20231104:0511,0.0,0.0,9.02,9.03,0.0
20231104:0611,0.0,0.0,8.87,8.69,0.0
20231104:0711,0.0,0.0,8.81,8.55,0.0
20231104:0811,27.67,6.57,8.57,8.34,0.0
20231104:0911,19.63,11.45,8.67,7.59,0.0
20231104:1011,56.23,14.7,8.81,7.52,0.0
20231104:1111,394.33,16.04,8.96,7.1,0.0
20231104:1211,146.22,15.34,9.02,6.97,0.0
20231104:1311,38.38,12.68,9.14,6.62,0.0
20231104:1411,11.6,8.29,8.8,6.69,0.0
20231104:1511,1.78,2.5,8.64,6.69,0.0
20231104:1611,0.0,0.0,8.51,6.34,0.0
20231104:1711,0.0,0.0,8.41,6.21,0.0
20231104:1811,0.0,0.0,8.33,6.48,0.0
20231104:1911,0.0,0.0,7.89,6.41,0.0
20231104:2011,0.0,0.0,7.79,6.69,0.0
20231104:2111,0.0,0.0,7.69,6.62,0.0
20231104:2211,0.0,0.0,7.67,6.69,0.0
20231104:2311,0.0,0.0,7.47,6.41,0.0
20231105:0011,0.0,0.0,7.15,6.21,0.0
20231105:0111,0.0,0.0,6.81,6.14,0.0
20231105:0211,0.0,0.0,6.55,6.28,0.0
20231105:0311,0.0,0.0,6.49,6.28,0.0
20231105:0411,0.0,0.0,6.52,6.34,0.0
20231105:0511,0.0,0.0,6.62,6.34,0.0
20231105:0611,0.0,0.0,6.62,6.21,0.0
20231105:0711,0.0,0.0,6.52,6.0,0.0
20231105:0811,8.92,6.28,6.74,5.66,0.0
20231105:0911,161.84,11.16,7.14,5.31,0.0
20231105:1011,70.79,14.4,7.48,5.03,0.0
20231105:1111,66.04,15.73,7.65,5.38,0.0
20231105:1211,33.02,15.04,7.73,4.55,0.0
20231105:1311,33.02,12.39,7.66,4.34,0.0
20231105:1411,8.92,8.01,7.6,4.0,0.0
20231105:1511,1.78,2.23,7.38,3.52,0.0
20231105:1611,0.0,0.0,7.0,3.45,0.0
20231105:1711,0.0,0.0,6.75,3.59,0.0
20231105:1811,0.0,0.0,6.47,3.52,0.0
20231105:1911,0.0,0.0,6.87,3.03,0.0
20231105:2011,0.0,0.0,6.83,2.48,0.0
20231105:2111,0.0,0.0,6.78,2.07,0.0
20231105:2211,0.0,0.0,6.74,1.86,0.0
20231105:2311,0.0,0.0,6.61,2.0,0.0
20231106:0011,0.0,0.0,6.56,2.34,0.0
20231106:0111,0.0,0.0,6.41,2.69,0.0
20231106:0211,0.0,0.0,5.41,2.76,0.0
20231106:0311,0.0,0.0,5.32,2.62,0.0
20231106:0411,0.0,0.0,5.18,2.14,0.0
20231106:0511,0.0,0.0,4.88,1.66,0.0
20231106:0611,0.0,0.0,4.46,1.52,0.0
20231106:0711,0.0,0.0,4.03,1.66,0.0
20231106:0811,81.71,6.0,3.91,1.03,0.0
20231106:0911,41.05,10.86,6.25,0.28,0.0
20231106:1011,49.09,14.09,6.78,0.21,0.0
20231106:1111,172.8,15.43,6.75,0.34,0.0
20231106:1211,292.37,14.74,7.07,0.28,0.0
20231106:1311,104.94,12.1,7.28,0.62,0.0
20231106:1411,216.17,7.73,7.27,0.97,0.0
20231106:1511,5.35,1.96,7.14,1.31,0.0
20231106:1611,0.0,0.0,6.83,1.24,0.0
20231106:1711,0.0,0.0,6.02,0.97,0.0
20231106:1811,0.0,0.0,5.79,0.83,0.0
20231106:1911,0.0,0.0,4.92,1.31,0.0
20231106:2011,0.0,0.0,5.28,1.52,0.0
20231106:2111,0.0,0.0,5.08,1.72,0.0
20231106:2211,0.0,0.0,4.91,1.79,0.0
20231106:2311,0.0,0.0,4.6,1.93,0.0
20231107:0011,0.0,0.0,4.51,1.93,0.0
20231107:0111,0.0,0.0,4.76,2.07,0.0
20231107:0211,0.0,0.0,4.71,2.07,0.0
20231107:0311,0.0,0.0,4.56,2.07,0.0
20231107:0411,0.0,0.0,4.46,2.07,0.0
20231107:0511,0.0,0.0,4.16,1.93,0.0
20231107:0611,0.0,0.0,4.03,1.86,0.0
20231107:0711,0.0,0.0,4.63,1.72,0.0
20231107:0811,179.27,5.72,4.7,1.59,0.0
20231107:0911,454.83,10.57,4.93,1.52,0.0
20231107:1011,604.43,13.8,5.72,1.52,0.0
20231107:1111,636.95,15.13,6.34,1.52,0.0
20231107:1211,488.08,14.45,6.45,1.59,0.0
20231107:1311,310.26,11.81,6.66,1.59,0.0
20231107:1411,146.91,7.46,6.88,1.66,0.0
20231107:1511,0.89,1.7,6.85,1.86,0.0
20231107:1611,0.0,0.0,6.44,1.93,0.0
20231107:1711,0.0,0.0,6.12,1.93,0.0
20231107:1811,0.0,0.0,4.82,1.72,0.0
20231107:1911,0.0,0.0,3.58,1.72,0.0
20231107:2011,0.0,0.0,3.22,1.72,0.0
20231107:2111,0.0,0.0,2.89,1.72,0.0
20231107:2211,0.0,0.0,2.68,1.79,0.0
20231107:2311,0.0,0.0,2.5,1.79,0.0
20231108:0011,0.0,0.0,2.43,1.72,0.0
20231108:0111,0.0,0.0,2.45,1.66,0.0
20231108:0211,0.0,0.0,2.49,1.59,0.0
20231108:0311,0.0,0.0,2.5,1.66,0.0
20231108:0411,0.0,0.0,2.56,1.59,0.0
20231108:0511,0.0,0.0,2.46,1.66,0.0
20231108:0611,0.0,0.0,2.68,2.0,0.0
20231108:0711,0.0,0.0,2.05,2.69,0.0
20231108:0811,79.54,5.44,2.39,3.03,0.0
20231108:0911,269.48,10.28,3.26,3.45,0.0
20231108:1011,313.43,13.5,4.45,4.0,0.0
20231108:1111,446.13,14.83,5.24,4.69,0.0
20231108:1211,565.74,14.16,5.63,5.52,0.0
20231108:1311,166.61,11.54,5.81,6.14,0.0
20231108:1411,29.45,7.19,5.78,6.62,0.0
20231108:1511,0.89,1.45,5.53,7.24,0.0
20231108:1611,0.0,0.0,5.49,7.72,0.0
20231108:1711,0.0,0.0,5.4,8.07,0.0
20231108:1811,0.0,0.0,5.4,8.55,0.0
20231108:1911,0.0,0.0,5.12,9.59,0.0
20231108:2011,0.0,0.0,4.59,9.72,0.0
20231108:2111,0.0,0.0,4.35,10.28,0.0
20231108:2211,0.0,0.0,4.13,9.86,0.0
20231108:2311,0.0,0.0,4.57,8.62,0.0
20231109:0011,0.0,0.0,4.74,6.97,0.0
20231109:0111,0.0,0.0,4.93,5.45,0.0
20231109:0211,0.0,0.0,5.1,3.79,0.0
20231109:0311,0.0,0.0,5.13,2.9,0.0
20231109:0411,0.0,0.0,5.17,2.76,0.0
20231109:0511,0.0,0.0,4.99,3.03,0.0
20231109:0611,0.0,0.0,4.8,3.31,0.0
20231109:0711,0.0,0.0,4.8,3.24,0.0
20231109:0811,48.0,5.16,4.74,3.59,0.0
20231109:0911,204.45,9.99,5.2,3.79,0.0
20231109:1011,67.53,13.21,5.8,4.07,0.0
20231109:1111,511.58,14.54,6.42,4.41,0.0
20231109:1211,574.3,13.87,6.73,4.9,0.0
20231109:1311,239.75,11.26,6.92,5.17,0.0
20231109:1411,24.99,6.93,6.81,5.31,0.0
20231109:1511,0.0,0.0,6.61,5.52,0.0
20231109:1611,0.0,0.0,6.42,5.66,0.0
20231109:1711,0.0,0.0,6.34,5.66,0.0
20231109:1811,0.0,0.0,6.1,5.86,0.0
20231109:1911,0.0,0.0,5.73,6.62,0.0
20231109:2011,0.0,0.0,5.51,6.69,0.0
20231109:2111,0.0,0.0,5.41,6.83,0.0
20231109:2211,0.0,0.0,5.34,6.97,0.0
20231109:2311,0.0,0.0,5.3,6.97,0.0
20231110:0011,0.0,0.0,5.22,6.83,0.0
20231110:0111,0.0,0.0,5.19,6.76,0.0
20231110:0211,0.0,0.0,5.14,6.55,0.0
20231110:0311,0.0,0.0,4.97,6.48,0.0
20231110:0411,0.0,0.0,4.74,6.48,0.0
20231110:0511,0.0,0.0,4.65,6.76,0.0
20231110:0611,0.0,0.0,4.58,7.03,0.0
20231110:0711,0.0,0.0,4.79,7.45,0.0
20231110:0811,16.06,4.88,4.81,7.52,0.0
20231110:0911,50.42,9.71,5.1,7.38,0.0
20231110:1011,78.25,12.93,5.49,7.1,0.0
20231110:1111,225.47,14.26,5.93,6.55,0.0
20231110:1211,119.39,13.59,6.22,5.38,0.0
20231110:1311,49.98,10.99,6.35,5.24,0.0
20231110:1411,6.25,6.67,6.22,4.76,0.0
20231110:1511,0.0,0.0,5.93,4.21,0.0
20231110:1611,0.0,0.0,5.75,3.59,0.0
20231110:1711,0.0,0.0,5.48,2.9,0.0
20231110:1811,0.0,0.0,5.43,2.28,0.0
20231110:1911,0.0,0.0,5.58,2.76,0.0
20231110:2011,0.0,0.0,5.55,2.34,0.0
20231110:2111,0.0,0.0,5.46,1.93,0.0
20231110:2211,0.0,0.0,5.45,1.52,0.0
20231110:2311,0.0,0.0,5.43,1.31,0.0
20231111:0011,0.0,0.0,5.27,1.1,0.0
20231111:0111,0.0,0.0,4.97,0.9,0.0
20231111:0211,0.0,0.0,5.14,0.62,0.0
20231111:0311,0.0,0.0,5.54,0.48,0.0
20231111:0411,0.0,0.0,5.82,0.34,0.0
20231111:0511,0.0,0.0,5.82,0.28,0.0
20231111:0611,0.0,0.0,5.8,0.14,0.0
20231111:0711,0.0,0.0,4.91,1.17,0.0
20231111:0811,37.62,4.61,4.64,1.03,0.0
20231111:0911,124.45,9.44,5.01,0.97,0.0
20231111:1011,157.01,12.64,5.11,1.24,0.0
20231111:1111,173.27,13.98,5.18,1.45,0.0
20231111:1211,301.58,13.32,5.15,1.72,0.0
20231111:1311,207.09,10.73,5.13,1.45,0.0
20231111:1411,99.38,6.42,5.08,1.38,0.0
20231111:1511,0.0,0.0,4.99,1.45,0.0
20231111:1611,0.0,0.0,4.69,1.52,0.0
20231111:1711,0.0,0.0,4.35,1.59,0.0
20231111:1811,0.0,0.0,2.38,1.72,0.0
20231111:1911,0.0,0.0,1.81,1.38,0.0
20231111:2011,0.0,0.0,0.94,1.66,0.0
20231111:2111,0.0,0.0,0.12,1.86,0.0
20231111:2211,0.0,0.0,-0.24,2.0,0.0
20231111:2311,0.0,0.0,-0.64,2.07,0.0
20231112:0011,0.0,0.0,-1.03,2.28,0.0
20231112:0111,0.0,0.0,-1.41,2.34,0.0
20231112:0211,0.0,0.0,-1.59,2.28,0.0
20231112:0311,0.0,0.0,-2.04,2.28,0.0
20231112:0411,0.0,0.0,-2.33,2.34,0.0
20231112:0511,0.0,0.0,-2.44,2.34,0.0
20231112:0611,0.0,0.0,-2.42,2.34,0.0
20231112:0711,0.0,0.0,-2.38,2.34,0.0
20231112:0811,122.12,4.35,-1.93,2.14,0.0
20231112:0911,347.8,9.16,-0.43,1.93,0.0
20231112:1011,453.78,12.37,3.22,1.66,0.0
20231112:1111,499.29,13.7,4.6,1.31,0.0
20231112:1211,223.82,13.05,4.89,1.03,0.0
20231112:1311,233.73,10.47,4.92,1.1,0.0
20231112:1411,68.89,6.18,5.0,1.31,0.0
20231112:1511,0.0,0.0,4.79,1.72,0.0
20231112:1611,0.0,0.0,4.68,1.79,0.0
20231112:1711,0.0,0.0,4.65,1.79,0.0
20231112:1811,0.0,0.0,4.54,1.93,0.0
20231112:1911,0.0,0.0,4.49,2.48,0.0
20231112:2011,0.0,0.0,4.22,2.97,0.0
20231112:2111,0.0,0.0,3.99,3.31,0.0
20231112:2211,0.0,0.0,3.73,3.59,0.0
20231112:2311,0.0,0.0,3.66,4.0,0.0
20231113:0011,0.0,0.0,3.57,4.34,0.0
20231113:0111,0.0,0.0,3.54,4.76,0.0
20231113:0211,0.0,0.0,3.42,5.03,0.0
20231113:0311,0.0,0.0,3.39,5.38,0.0
20231113:0411,0.0,0.0,3.47,5.86,0.0
20231113:0511,0.0,0.0,3.52,6.34,0.0
20231113:0611,0.0,0.0,3.59,6.83,0.0
20231113:0711,0.0,0.0,3.7,7.1,0.0
20231113:0811,14.28,4.08,3.74,7.52,0.0
20231113:0911,357.21,8.89,3.79,7.79,0.0
20231113:1011,436.53,12.09,4.13,7.86,0.0
20231113:1111,516.55,13.43,4.5,8.0,0.0
20231113:1211,540.98,12.79,4.59,8.14,0.0
20231113:1311,466.9,10.22,4.48,8.41,0.0
20231113:1411,84.69,5.94,4.14,9.31,0.0
20231113:1511,0.0,0.0,3.91,9.31,0.0
20231113:1611,0.0,0.0,3.67,9.31,0.0
20231113:1711,0.0,0.0,3.47,9.52,0.0
20231113:1811,0.0,0.0,3.31,9.72,0.0
20231113:1911,0.0,0.0,3.47,9.52,0.0
20231113:2011,0.0,0.0,3.25,9.59,0.0
20231113:2111,0.0,0.0,3.26,9.24,0.0
20231113:2211,0.0,0.0,3.21,8.76,0.0
20231113:2311,0.0,0.0,3.2,8.28,0.0
20231114:0011,0.0,0.0,3.19,7.79,0.0
20231114:0111,0.0,0.0,3.19,7.24,0.0
20231114:0211,0.0,0.0,3.21,6.76,0.0
20231114:0311,0.0,0.0,3.19,6.21,0.0
20231114:0411,0.0,0.0,3.15,5.66,0.0
20231114:0511,0.0,0.0,3.06,5.24,0.0
20231114:0611,0.0,0.0,2.87,4.69,0.0
20231114:0711,0.0,0.0,3.89,4.14,0.0
20231114:0811,65.65,3.82,3.88,3.66,0.0
20231114:0911,57.53,8.63,3.9,3.24,0.0
20231114:1011,452.23,11.83,4.13,2.76,0.0
20231114:1111,533.37,13.17,4.57,2.21,0.0
20231114:1211,63.32,12.53,4.86,1.38,0.0
20231114:1311,41.05,9.97,4.92,0.83,0.0
20231114:1411,5.35,5.71,4.71,0.83,0.0
20231114:1511,0.0,0.0,3.94,0.83,0.0
20231114:1611,0.0,0.0,3.34,0.9,0.0
20231114:1711,0.0,0.0,2.07,1.38,0.0
20231114:1811,0.0,0.0,2.33,2.0,0.0
20231114:1911,0.0,0.0,3.03,2.14,0.0
20231114:2011,0.0,0.0,3.2,2.14,0.0
20231114:2111,0.0,0.0,3.31,2.14,0.0
20231114:2211,0.0,0.0,3.31,2.14,0.0
20231114:2311,0.0,0.0,3.14,2.41,0.0
20231115:0011,0.0,0.0,3.06,2.62,0.0
20231115:0111,0.0,0.0,2.88,2.69,0.0
20231115:0211,0.0,0.0,2.72,2.76,0.0
20231115:0311,0.0,0.0,2.6,2.83,0.0
20231115:0411,0.0,0.0,2.48,2.83,0.0
20231115:0511,0.0,0.0,2.41,2.9,0.0
20231115:0611,0.0,0.0,2.34,2.9,0.0
20231115:0711,0.0,0.0,1.89,4.07,0.0
20231115:0811,14.28,3.57,1.68,4.21,0.0
20231115:0911,362.14,8.37,1.85,4.21,0.0
20231115:1011,430.54,11.56,2.25,4.14,0.0
20231115:1111,485.03,12.91,2.57,4.41,0.0
20231115:1211,476.4,12.28,2.8,4.41,0.0
20231115:1311,279.7,9.73,2.88,4.41,0.0
20231115:1411,145.15,5.48,2.68,4.34,0.0
20231115:1511,0.0,0.0,2.24,4.48,0.0
20231115:1611,0.0,0.0,1.8,4.48,0.0
20231115:1711,0.0,0.0,1.57,4.41,0.0
20231115:1811,0.0,0.0,1.39,4.41,0.0
20231115:1911,0.0,0.0,1.53,4.62,0.0
20231115:2011,0.0,0.0,1.38,4.97,0.0
20231115:2111,0.0,0.0,1.33,5.17,0.0
20231115:2211,0.0,0.0,1.31,5.24,0.0
20231115:2311,0.0,0.0,1.2,5.1,0.0
20231116:0011,0.0,0.0,1.21,5.03,0.0
20231116:0111,0.0,0.0,1.31,5.1,0.0
20231116:0211,0.0,0.0,1.39,5.1,0.0
20231116:0311,0.0,0.0,1.41,5.1,0.0
20231116:0411,0.0,0.0,1.38,5.24,0.0
20231116:0511,0.0,0.0,1.46,5.66,0.0
20231116:0611,0.0,0.0,1.49,5.93,0.0
20231116:0711,0.0,0.0,1.31,6.28,0.0
20231116:0811,67.49,3.31,1.1,6.48,0.0
20231116:0911,27.67,8.11,1.0,6.62,0.0
20231116:1011,150.39,11.31,1.09,6.62,0.0
20231116:1111,83.34,12.65,1.19,6.69,0.0
20231116:1211,33.02,12.03,1.33,6.48,0.0
20231116:1311,41.05,9.5,1.43,6.41,0.0
20231116:1411,6.25,5.26,1.46,6.41,0.0
20231116:1511,0.0,0.0,1.38,6.41,0.0
20231116:1611,0.0,0.0,1.27,6.34,0.0
20231116:1711,0.0,0.0,1.17,6.34,0.0
20231116:1811,0.0,0.0,1.02,6.34,0.0
20231116:1911,0.0,0.0,0.71,6.21,0.0
20231116:2011,0.0,0.0,0.57,6.28,0.0
20231116:2111,0.0,0.0,0.56,6.41,0.0
20231116:2211,0.0,0.0,0.54,6.55,0.0
20231116:2311,0.0,0.0,0.61,6.41,0.0
20231117:0011,0.0,0.0,0.76,6.21,0.0
20231117:0111,0.0,0.0,0.77,5.93,0.0
20231117:0211,0.0,0.0,0.75,5.72,0.0
20231117:0311,0.0,0.0,0.5,5.38,0.0
20231117:0411,0.0,0.0,0.41,5.24,0.0
20231117:0511,0.0,0.0,0.48,4.83,0.0
20231117:0611,0.0,0.0,0.29,4.9,0.0
20231117:0711,0.0,0.0,0.04,5.45,0.0
20231117:0811,2.68,3.06,-0.19,5.45,0.0
20231117:0911,83.27,7.86,-0.13,4.97,0.0
20231117:1011,55.68,11.05,0.18,4.48,0.0
20231117:1111,63.45,12.4,0.6,4.34,0.0
20231117:1211,384.01,11.79,0.92,4.28,0.0
20231117:1311,82.15,9.27,1.1,4.28,0.0
20231117:1411,83.84,5.05,0.94,4.28,0.0
20231117:1511,0.0,0.0,0.71,4.34,0.0
20231117:1611,0.0,0.0,0.32,4.21,0.0
20231117:1711,0.0,0.0,0.08,4.34,0.0
20231117:1811,0.0,0.0,-0.13,4.48,0.0
20231117:1911,0.0,0.0,0.77,5.66,0.0
20231117:2011,0.0,0.0,0.81,5.86,0.0
20231117:2111,0.0,0.0,0.91,6.14,0.0
20231117:2211,0.0,0.0,0.97,6.21,0.0
20231117:2311,0.0,0.0,1.31,6.62,0.0
20231118:0011,0.0,0.0,1.5,7.03,0.0
20231118:0111,0.0,0.0,1.6,7.24,0.0
20231118:0211,0.0,0.0,1.87,7.66,0.0
20231118:0311,0.0,0.0,2.11,8.28,0.0
20231118:0411,0.0,0.0,2.4,8.97,0.0
20231118:0511,0.0,0.0,2.2,8.83,0.0
20231118:0611,0.0,0.0,2.34,8.83,0.0
20231118:0711,0.0,0.0,2.21,8.9,0.0
20231118:0811,5.35,2.82,2.09,9.24,0.0
20231118:0911,219.63,7.61,2.21,9.38,0.0
20231118:1011,44.62,10.8,2.36,9.52,0.0
20231118:1111,51.76,12.16,2.61,9.86,0.0
20231118:1211,20.53,11.56,2.67,10.07,0.0
20231118:1311,12.49,9.05,2.6,10.55,0.0
20231118:1411,12.49,4.84,2.59,10.55,0.0
20231118:1511,0.0,0.0,2.42,10.83,0.0
20231118:1611,0.0,0.0,2.36,10.76,0.0
20231118:1711,0.0,0.0,2.51,11.24,0.0
20231118:1811,0.0,0.0,2.62,11.45,0.0
20231118:1911,0.0,0.0,3.0,11.66,0.0
20231118:2011,0.0,0.0,2.93,12.28,0.0
20231118:2111,0.0,0.0,2.94,12.21,0.0
20231118:2211,0.0,0.0,2.95,12.34,0.0
20231118:2311,0.0,0.0,2.95,12.62,0.0
20231119:0011,0.0,0.0,2.97,12.21,0.0
20231119:0111,0.0,0.0,3.0,12.34,0.0
20231119:0211,0.0,0.0,3.09,12.48,0.0
20231119:0311,0.0,0.0,3.33,12.55,0.0
20231119:0411,0.0,0.0,3.3,12.41,0.0
20231119:0511,0.0,0.0,3.08,12.14,0.0
20231119:0611,0.0,0.0,2.69,11.93,0.0
20231119:0711,0.0,0.0,2.71,11.66,0.0
20231119:0811,1.78,2.58,2.28,11.52,0.0
20231119:0911,26.77,7.37,2.04,11.1,0.0
20231119:1011,118.74,10.56,1.88,10.83,0.0
20231119:1111,170.34,11.92,2.11,10.83,0.0
20231119:1211,144.58,11.33,2.38,10.41,0.0
20231119:1311,36.59,8.83,2.7,10.28,0.0
20231119:1411,4.46,4.63,2.86,10.14,0.0
20231119:1511,0.0,0.0,2.8,9.86,0.0
20231119:1611,0.0,0.0,3.11,9.45,0.0
20231119:1711,0.0,0.0,3.16,9.38,0.0
20231119:1811,0.0,0.0,3.09,8.97,0.0
20231119:1911,0.0,0.0,3.07,8.48,0.0
20231119:2011,0.0,0.0,3.09,8.55,0.0
20231119:2111,0.0,0.0,3.01,8.21,0.0
20231119:2211,0.0,0.0,3.09,8.07,0.0
20231119:2311,0.0,0.0,3.17,7.93,0.0
20231120:0011,0.0,0.0,3.22,7.86,0.0
20231120:0111,0.0,0.0,3.13,7.66,0.0
20231120:0211,0.0,0.0,3.17,7.52,0.0
20231120:0311,0.0,0.0,3.1,7.52,0.0
20231120:0411,0.0,0.0,3.06,7.31,0.0
20231120:0511,0.0,0.0,3.1,7.1,0.0
20231120:0611,0.0,0.0,2.99,6.9,0.0
20231120:0711,0.0,0.0,3.31,6.48,0.0
20231120:0811,6.25,2.34,3.22,6.07,0.0
20231120:0911,10.71,7.13,3.17,5.79,0.0
20231120:1011,160.09,10.32,3.15,5.52,0.0
20231120:1111,211.91,11.69,3.29,5.1,0.0
20231120:1211,281.54,11.1,3.36,4.69,0.0
20231120:1311,24.99,8.62,3.38,4.48,0.0
20231120:1411,5.35,4.44,3.42,4.34,0.0
20231120:1511,0.0,0.0,3.26,4.0,0.0
20231120:1611,0.0,0.0,3.06,3.72,0.0
20231120:1711,0.0,0.0,3.08,3.45,0.0
20231120:1811,0.0,0.0,2.9,3.03,0.0
20231120:1911,0.0,0.0,3.5,2.83,0.0
20231120:2011,0.0,0.0,3.54,2.41,0.0
20231120:2111,0.0,0.0,3.54,2.07,0.0
20231120:2211,0.0,0.0,3.42,1.66,0.0
20231120:2311,0.0,0.0,3.18,1.24,0.0
20231121:0011,0.0,0.0,2.79,0.83,0.0
20231121:0111,0.0,0.0,2.68,0.83,0.0
20231121:0211,0.0,0.0,2.35,1.17,0.0
20231121:0311,0.0,0.0,2.55,1.38,0.0
20231121:0411,0.0,0.0,3.16,1.86,0.0
20231121:0511,0.0,0.0,3.25,2.62,0.0
20231121:0611,0.0,0.0,3.22,3.17,0.0
20231121:0711,0.0,0.0,3.76,2.83,0.0
20231121:0811,2.68,2.11,3.58,3.17,0.0
20231121:0911,20.53,6.89,3.53,3.45,0.0
20231121:1011,42.84,10.09,3.59,3.79,0.0
20231121:1111,79.24,11.46,3.59,4.07,0.0
20231121:1211,67.28,10.89,3.54,4.34,0.0
20231121:1311,13.39,8.42,3.44,4.41,0.0
20231121:1411,8.03,4.25,3.29,4.41,0.0
20231121:1511,0.0,0.0,3.02,4.48,0.0
20231121:1611,0.0,0.0,2.94,4.28,0.0
20231121:1711,0.0,0.0,2.83,4.48,0.0
20231121:1811,0.0,0.0,2.67,4.97,0.0
20231121:1911,0.0,0.0,2.45,5.31,0.0
20231121:2011,0.0,0.0,2.14,5.93,0.0
20231121:2111,0.0,0.0,2.2,6.21,0.0
20231121:2211,0.0,0.0,2.24,6.9,0.0
20231121:2311,0.0,0.0,2.64,6.69,0.0
20231122:0011,0.0,0.0,3.33,5.79,0.0
20231122:0111,0.0,0.0,3.67,5.52,0.0
20231122:0211,0.0,0.0,4.08,5.52,0.0
20231122:0311,0.0,0.0,4.66,5.93,0.0
20231122:0411,0.0,0.0,5.09,6.48,0.0
20231122:0511,0.0,0.0,5.38,7.1,0.0
20231122:0611,0.0,0.0,4.74,7.66,0.0
20231122:0711,0.0,0.0,5.17,7.66,0.0
20231122:0811,0.89,1.89,5.71,8.21,0.0
20231122:0911,11.6,6.67,6.34,9.38,0.0
20231122:1011,18.74,9.87,6.93,9.72,0.0
20231122:1111,19.63,11.24,7.39,9.31,0.0
20231122:1211,19.63,10.68,7.9,8.76,0.0
20231122:1311,10.71,8.22,8.35,8.41,0.0
20231122:1411,24.17,4.07,8.49,8.21,0.0
20231122:1511,0.0,0.0,8.16,7.38,0.0
20231122:1611,0.0,0.0,7.79,7.03,0.0
20231122:1711,0.0,0.0,7.93,7.31,0.0
20231122:1811,0.0,0.0,7.81,7.93,0.0
20231122:1911,0.0,0.0,7.68,8.55,0.0
20231122:2011,0.0,0.0,7.74,8.9,0.0
20231122:2111,0.0,0.0,7.74,8.62,0.0
20231122:2211,0.0,0.0,7.7,8.41,0.0
20231122:2311,0.0,0.0,7.65,9.1,0.0
20231123:0011,0.0,0.0,7.52,10.28,0.0
20231123:0111,0.0,0.0,7.45,10.28,0.0
20231123:0211,0.0,0.0,7.52,10.69,0.0
20231123:0311,0.0,0.0,7.06,10.41,0.0
20231123:0411,0.0,0.0,6.89,10.62,0.0
20231123:0511,0.0,0.0,6.62,10.9,0.0
20231123:0611,0.0,0.0,6.12,12.0,0.0
20231123:0711,0.0,0.0,6.42,11.93,0.0
20231123:0811,1.78,1.66,5.75,11.72,0.0
20231123:0911,22.31,6.44,5.22,12.28,0.0
20231123:1011,225.91,9.64,5.06,12.0,0.0
20231123:1111,41.05,11.03,4.41,12.07,0.0
20231123:1211,191.73,10.47,4.15,13.03,0.0
20231123:1311,8.03,8.03,4.17,12.76,0.0
20231123:1411,3.57,3.89,4.04,12.9,0.0
20231123:1511,0.0,0.0,3.75,12.9,0.0
20231123:1611,0.0,0.0,3.01,12.83,0.0
20231123:1711,0.0,0.0,2.71,12.9,0.0
20231123:1811,0.0,0.0,2.61,12.48,0.0
20231123:1911,0.0,0.0,2.56,12.69,0.0
20231123:2011,0.0,0.0,1.99,12.62,0.0
20231123:2111,0.0,0.0,1.68,12.28,0.0
20231123:2211,0.0,0.0,1.13,11.59,0.0
20231123:2311,0.0,0.0,1.41,10.41,0.0
20231124:0011,0.0,0.0,1.85,10.48,0.0
20231124:0111,0.0,0.0,2.23,10.55,0.0
20231124:0211,0.0,0.0,1.66,10.9,0.0
20231124:0311,0.0,0.0,1.49,11.1,0.0
20231124:0411,0.0,0.0,1.5,12.41,0.0
20231124:0511,0.0,0.0,1.74,12.34,0.0
20231124:0611,0.0,0.0,1.47,12.07,0.0
20231124:0711,0.0,0.0,1.81,11.24,0.0
20231124:0811,1.78,1.45,2.22,10.9,0.0
20231124:0911,6.25,6.22,2.56,11.1,0.0
20231124:1011,368.95,9.43,3.6,12.55,0.0
20231124:1111,445.95,10.82,3.82,12.28,0.0
20231124:1211,429.89,10.27,3.83,11.24,0.0
20231124:1311,215.38,7.84,3.81,9.79,0.0
20231124:1411,38.76,3.72,3.69,8.9,0.0
20231124:1511,0.0,0.0,3.4,8.48,0.0
20231124:1611,0.0,0.0,3.25,8.62,0.0
20231124:1711,0.0,0.0,3.42,9.52,0.0
20231124:1811,0.0,0.0,3.75,9.45,0.0
20231124:1911,0.0,0.0,3.9,8.76,0.0
20231124:2011,0.0,0.0,3.52,7.93,0.0
20231124:2111,0.0,0.0,3.42,7.72,0.0
20231124:2211,0.0,0.0,3.37,8.34,0.0
20231124:2311,0.0,0.0,3.66,9.31,0.0
20231125:0011,0.0,0.0,4.17,10.21,0.0
20231125:0111,0.0,0.0,4.28,10.55,0.0
20231125:0211,0.0,0.0,4.24,9.93,0.0
20231125:0311,0.0,0.0,3.8,8.76,0.0
20231125:0411,0.0,0.0,3.38,7.52,0.0
20231125:0511,0.0,0.0,3.02,6.62,0.0
20231125:0611,0.0,0.0,2.63,5.93,0.0
20231125:0711,0.0,0.0,2.09,4.9,0.0
20231125:0811,0.0,0.0,1.65,4.34,0.0
20231125:0911,215.31,6.01,1.56,3.93,0.0
20231125:1011,346.94,9.22,1.91,3.66,0.0
20231125:1111,412.22,10.62,2.51,3.79,0.0
20231125:1211,370.55,10.08,2.94,4.28,0.0
20231125:1311,184.56,7.67,2.91,4.62,0.0
20231125:1411,26.35,3.56,2.74,5.24,0.0
20231125:1511,0.0,0.0,2.46,5.72,0.0
20231125:1611,0.0,0.0,2.3,5.86,0.0
20231125:1711,0.0,0.0,2.14,5.79,0.0
20231125:1811,0.0,0.0,2.01,5.59,0.0
20231125:1911,0.0,0.0,2.11,3.72,0.0
20231125:2011,0.0,0.0,2.03,3.72,0.0
20231125:2111,0.0,0.0,2.02,3.66,0.0
20231125:2211,0.0,0.0,2.06,3.59,0.0
20231125:2311,0.0,0.0,2.09,3.52,0.0
20231126:0011,0.0,0.0,2.09,3.66,0.0
20231126:0111,0.0,0.0,2.23,3.79,0.0
20231126:0211,0.0,0.0,2.32,4.0,0.0
20231126:0311,0.0,0.0,2.37,4.0,0.0
20231126:0411,0.0,0.0,2.42,3.66,0.0
20231126:0511,0.0,0.0,2.5,3.66,0.0
20231126:0611,0.0,0.0,2.55,3.86,0.0
20231126:0711,0.0,0.0,2.62,2.69,0.0
20231126:0811,0.0,0.0,2.46,2.48,0.0
20231126:0911,13.39,5.8,2.58,2.41,0.0
20231126:1011,57.15,9.02,2.89,2.07,0.0
20231126:1111,56.17,10.42,3.2,1.38,0.0
20231126:1211,19.63,9.9,3.5,0.76,0.0
20231126:1311,30.34,7.5,3.55,0.34,0.0
20231126:1411,2.68,3.4,3.57,0.34,0.0
20231126:1511,0.0,0.0,2.72,0.97,0.0
20231126:1611,0.0,0.0,1.58,1.79,0.0
20231126:1711,0.0,0.0,1.35,3.1,0.0
20231126:1811,0.0,0.0,2.24,5.31,0.0
20231126:1911,0.0,0.0,1.61,7.17,0.0
20231126:2011,0.0,0.0,1.4,8.07,0.0
20231126:2111,0.0,0.0,1.73,8.34,0.0
20231126:2211,0.0,0.0,1.91,8.48,0.0
20231126:2311,0.0,0.0,1.88,8.69,0.0
20231127:0011,0.0,0.0,1.74,9.1,0.0
20231127:0111,0.0,0.0,1.56,9.45,0.0
20231127:0211,0.0,0.0,1.19,9.45,0.0
20231127:0311,0.0,0.0,0.94,9.1,0.0
20231127:0411,0.0,0.0,0.67,8.76,0.0
20231127:0511,0.0,0.0,0.29,8.62,0.0
20231127:0611,0.0,0.0,0.0,8.55,0.0
20231127:0711,0.0,0.0,-0.63,7.86,0.0
20231127:0811,0.0,0.0,-0.7,7.59,0.0
20231127:0911,115.24,5.6,-0.62,7.24,0.0
20231127:1011,274.28,8.82,-0.47,6.34,0.0
20231127:1111,306.77,10.23,-0.31,5.93,0.0
20231127:1211,291.42,9.72,-0.22,5.38,0.0
20231127:1311,130.08,7.33,-0.26,5.17,0.0
20231127:1411,9.82,3.25,-0.54,4.62,0.0
20231127:1511,0.0,0.0,-0.95,4.48,0.0
20231127:1611,0.0,0.0,-1.33,4.55,0.0
20231127:1711,0.0,0.0,-1.67,4.69,0.0
20231127:1811,0.0,0.0,-1.98,4.55,0.0
20231127:1911,0.0,0.0,-1.56,4.34,0.0
20231127:2011,0.0,0.0,-1.59,4.21,0.0
20231127:2111,0.0,0.0,-1.65,4.0,0.0
20231127:2211,0.0,0.0,-1.73,3.93,0.0
20231127:2311,0.0,0.0,-1.78,4.14,0.0
20231128:0011,0.0,0.0,-1.86,4.41,0.0
20231128:0111,0.0,0.0,-2.11,4.97,0.0
20231128:0211,0.0,0.0,-2.29,5.66,0.0
20231128:0311,0.0,0.0,-2.6,6.28,0.0
20231128:0411,0.0,0.0,-3.05,6.9,0.0
20231128:0511,0.0,0.0,-3.56,7.24,0.0
20231128:0611,0.0,0.0,-3.9,7.24,0.0
20231128:0711,0.0,0.0,-4.67,6.97,0.0
20231128:0811,0.0,0.0,-4.99,6.9,0.0
20231128:0911,10.71,5.41,-5.07,6.76,0.0
20231128:1011,10.71,8.63,-4.9,6.41,0.0
20231128:1111,325.65,10.05,-4.66,6.0,0.0
20231128:1211,237.71,9.55,-4.27,5.31,0.0
20231128:1311,159.41,7.17,-3.9,4.55,0.0
20231128:1411,8.92,3.11,-3.85,3.79,0.0
20231128:1511,0.0,0.0,-3.93,3.03,0.0
20231128:1611,0.0,0.0,-3.86,2.48,0.0
20231128:1711,0.0,0.0,-3.7,2.14,0.0
20231128:1811,0.0,0.0,-3.54,2.28,0.0
20231128:1911,0.0,0.0,-3.78,2.14,0.0
20231128:2011,0.0,0.0,-3.55,2.28,0.0
20231128:2111,0.0,0.0,-3.35,2.34,0.0
20231128:2211,0.0,0.0,-3.21,2.41,0.0
20231128:2311,0.0,0.0,-3.1,2.48,0.0
20231129:0011,0.0,0.0,-3.06,2.55,0.0
20231129:0111,0.0,0.0,-3.1,2.76,0.0
20231129:0211,0.0,0.0,-3.09,3.1,0.0
20231129:0311,0.0,0.0,-3.03,3.31,0.0
20231129:0411,0.0,0.0,-3.09,3.45,0.0
20231129:0511,0.0,0.0,-3.04,3.38,0.0
20231129:0611,0.0,0.0,-2.94,3.52,0.0
20231129:0711,0.0,0.0,-2.45,3.38,0.0
20231129:0811,0.0,0.0,-2.37,3.79,0.0
20231129:0911,21.42,5.22,-2.03,3.93,0.0
20231129:1011,57.03,8.44,-1.47,3.93,0.0
20231129:1111,317.31,9.87,-0.92,3.86,0.0
20231129:1211,153.41,9.38,-0.55,3.79,0.0
20231129:1311,23.2,7.02,-0.39,3.66,0.0
20231129:1411,8.03,2.98,-0.43,3.59,0.0
20231129:1511,0.0,0.0,-0.56,3.59,0.0
20231129:1611,0.0,0.0,-0.68,3.52,0.0
20231129:1711,0.0,0.0,-0.79,3.45,0.0
20231129:1811,0.0,0.0,-0.93,3.24,0.0
20231129:1911,0.0,0.0,-0.16,3.03,0.0
20231129:2011,0.0,0.0,-0.25,2.83,0.0
20231129:2111,0.0,0.0,-0.31,2.83,0.0
20231129:2211,0.0,0.0,-0.31,2.9,0.0
20231129:2311,0.0,0.0,-0.35,2.97,0.0
20231130:0011,0.0,0.0,-0.48,3.1,0.0
20231130:0111,0.0,0.0,-0.75,3.17,0.0
20231130:0211,0.0,0.0,-0.97,3.38,0.0
20231130:0311,0.0,0.0,-1.19,3.59,0.0
20231130:0411,0.0,0.0,-1.42,3.86,0.0
20231130:0511,0.0,0.0,-1.63,3.93,0.0
20231130:0611,0.0,0.0,-1.81,3.79,0.0
20231130:0711,0.0,0.0,-1.77,3.79,0.0
20231130:0811,0.0,0.0,-1.82,3.66,0.0
20231130:0911,118.26,5.03,-1.73,3.52,0.0
20231130:1011,276.88,8.26,-1.47,3.24,0.0
20231130:1111,356.9,9.7,-1.11,2.9,0.0
20231130:1211,333.43,9.23,-0.81,2.62,0.0
20231130:1311,117.79,6.88,-0.77,2.41,0.0
20231130:1411,8.92,2.85,-0.94,2.28,0.0
20231130:1511,0.0,0.0,-1.25,2.41,0.0
20231130:1611,0.0,0.0,-1.47,2.55,0.0
20231130:1711,0.0,0.0,-1.6,2.62,0.0
20231130:1811,0.0,0.0,-1.74,2.55,0.0
20231130:1911,0.0,0.0,-1.31,2.14,0.0
20231130:2011,0.0,0.0,-1.31,2.07,0.0
20231130:2111,0.0,0.0,-1.32,2.0,0.0
20231130:2211,0.0,0.0,-1.45,2.0,0.0
20231130:2311,0.0,0.0,-1.73,1.86,0.0
20231201:0011,0.0,0.0,-1.69,1.72,0.0
20231201:0111,0.0,0.0,-2.28,1.45,0.0
20231201:0211,0.0,0.0,-2.9,1.24,0.0
20231201:0311,0.0,0.0,-2.33,0.97,0.0
20231201:0411,0.0,0.0,-1.88,0.9,0.0
20231201:0511,0.0,0.0,-1.85,0.83,0.0
20231201:0611,0.0,0.0,-2.14,0.76,0.0
20231201:0711,0.0,0.0,-3.23,1.03,0.0
20231201:0811,0.0,0.0,-3.31,1.31,0.0
20231201:0911,127.52,4.85,-3.07,1.38,0.0
20231201:1011,235.01,8.09,-2.44,1.31,0.0
20231201:1111,321.91,9.54,-1.97,1.17,0.0
20231201:1211,330.51,9.08,-1.48,1.31,0.0
20231201:1311,94.54,6.75,-1.21,1.72,0.0
20231201:1411,6.25,2.73,-1.27,2.14,0.0
20231201:1511,0.0,0.0,-1.48,2.34,0.0
20231201:1611,0.0,0.0,-1.62,2.41,0.0
20231201:1711,0.0,0.0,-1.73,2.41,0.0
20231201:1811,0.0,0.0,-1.84,2.48,0.0
20231201:1911,0.0,0.0,-2.95,1.93,0.0
20231201:2011,0.0,0.0,-2.99,1.93,0.0
20231201:2111,0.0,0.0,-3.06,1.93,0.0
20231201:2211,0.0,0.0,-3.17,1.93,0.0
20231201:2311,0.0,0.0,-3.03,1.86,0.0
20231202:0011,0.0,0.0,-3.08,1.79,0.0
20231202:0111,0.0,0.0,-2.88,1.93,0.0
20231202:0211,0.0,0.0,-2.9,2.0,0.0
20231202:0311,0.0,0.0,-2.89,1.93,0.0
20231202:0411,0.0,0.0,-2.89,1.79,0.0
20231202:0511,0.0,0.0,-2.95,1.59,0.0
20231202:0611,0.0,0.0,-2.77,1.52,0.0
20231202:0711,0.0,0.0,-2.25,0.9,0.0
20231202:0811,0.0,0.0,-1.7,0.9,0.0
20231202:0911,91.21,4.68,-1.58,1.17,0.0
20231202:1011,30.34,7.93,-1.38,1.45,0.0
20231202:1111,94.33,9.38,0.31,1.86,0.0
20231202:1211,32.13,8.93,1.08,2.0,0.0
20231202:1311,19.63,6.62,1.01,2.07,0.0
20231202:1411,1.78,2.61,1.08,2.14,0.0
20231202:1511,0.0,0.0,0.67,2.14,0.0
20231202:1611,0.0,0.0,0.55,2.14,0.0
20231202:1711,0.0,0.0,0.34,2.76,0.0
20231202:1811,0.0,0.0,0.1,3.72,0.0
20231202:1911,0.0,0.0,0.08,1.79,0.0
20231202:2011,0.0,0.0,-0.24,2.62,0.0
20231202:2111,0.0,0.0,-0.17,4.34,0.0
20231202:2211,0.0,0.0,-0.45,5.45,0.0
20231202:2311,0.0,0.0,-0.81,6.41,0.0
20231203:0011,0.0,0.0,-0.99,6.97,0.0
20231203:0111,0.0,0.0,-0.94,6.76,0.0
20231203:0211,0.0,0.0,-1.08,6.69,0.0
20231203:0311,0.0,0.0,-1.09,6.83,0.0
20231203:0411,0.0,0.0,-1.08,6.76,0.0
20231203:0511,0.0,0.0,-1.07,6.55,0.0
20231203:0611,0.0,0.0,-1.14,6.41,0.0
20231203:0711,0.0,0.0,-1.0,6.62,0.0
20231203:0811,0.0,0.0,-1.01,6.48,0.0
20231203:0911,72.08,4.52,-1.01,6.55,0.0
20231203:1011,131.92,7.77,-0.83,6.55,0.0
20231203:1111,9.82,9.23,-0.64,6.48,0.0
20231203:1211,14.28,8.8,-0.53,6.34,0.0
20231203:1311,8.03,6.49,-0.49,6.28,0.0
20231203:1411,3.57,2.51,-0.6,6.07,0.0
20231203:1511,0.0,0.0,-0.76,5.86,0.0
20231203:1611,0.0,0.0,-0.81,5.72,0.0
20231203:1711,0.0,0.0,-0.84,5.66,0.0
20231203:1811,0.0,0.0,-0.87,5.59,0.0
20231203:1911,0.0,0.0,-0.33,5.45,0.0
20231203:2011,0.0,0.0,-0.43,5.45,0.0
20231203:2111,0.0,0.0,-0.58,5.31,0.0
20231203:2211,0.0,0.0,-0.48,5.31,0.0
20231203:2311,0.0,0.0,-0.47,5.24,0.0
20231204:0011,0.0,0.0,-0.64,5.03,0.0
20231204:0111,0.0,0.0,-0.67,4.83,0.0
20231204:0211,0.0,0.0,-0.85,4.76,0.0
20231204:0311,0.0,0.0,-0.99,4.76,0.0
20231204:0411,0.0,0.0,-1.21,4.69,0.0
20231204:0511,0.0,0.0,-1.39,4.55,0.0
20231204:0611,0.0,0.0,-1.58,4.41,0.0
20231204:0711,0.0,0.0,-1.36,4.21,0.0
20231204:0811,0.0,0.0,-1.51,4.21,0.0
20231204:0911,6.25,4.36,-1.32,4.28,0.0
20231204:1011,25.88,7.61,-0.6,4.34,0.0
20231204:1111,39.27,9.09,-0.01,4.28,0.0
20231204:1211,38.38,8.67,0.29,4.28,0.0
20231204:1311,7.14,6.38,0.39,4.07,0.0
20231204:1411,1.78,2.41,0.27,3.93,0.0
20231204:1511,0.0,0.0,0.15,3.86,0.0
20231204:1611,0.0,0.0,0.09,3.79,0.0
20231204:1711,0.0,0.0,-0.02,3.72,0.0
20231204:1811,0.0,0.0,-0.34,3.59,0.0
20231204:1911,0.0,0.0,-0.76,3.52,0.0
20231204:2011,0.0,0.0,-0.85,3.45,0.0
20231204:2111,0.0,0.0,-0.93,3.24,0.0
20231204:2211,0.0,0.0,-1.06,3.1,0.0
20231204:2311,0.0,0.0,-1.19,2.9,0.0
20231205:0011,0.0,0.0,-1.31,2.83,0.0
20231205:0111,0.0,0.0,-1.45,2.76,0.0
20231205:0211,0.0,0.0,-1.58,2.69,0.0
20231205:0311,0.0,0.0,-1.71,2.55,0.0
20231205:0411,0.0,0.0,-1.9,2.48,0.0
20231205:0511,0.0,0.0,-1.86,2.55,0.0
20231205:0611,0.0,0.0,-1.94,2.62,0.0
20231205:0711,0.0,0.0,-1.58,3.03,0.0
20231205:0811,0.0,0.0,-1.68,3.24,0.0
20231205:0911,15.17,4.2,-1.71,3.38,0.0
20231205:1011,118.78,7.47,-1.47,3.38,0.0
20231205:1111,213.51,8.95,-1.04,3.38,0.0
20231205:1211,104.63,8.54,-0.78,3.24,0.0
20231205:1311,38.03,6.27,-0.88,3.1,0.0
20231205:1411,1.78,2.31,-1.27,3.1,0.0
20231205:1511,0.0,0.0,-1.82,3.17,0.0
20231205:1611,0.0,0.0,-2.21,3.1,0.0
20231205:1711,0.0,0.0,-2.42,3.03,0.0
20231205:1811,0.0,0.0,-2.64,2.97,0.0
20231205:1911,0.0,0.0,-2.02,2.9,0.0
20231205:2011,0.0,0.0,-1.81,2.97,0.0
20231205:2111,0.0,0.0,-1.66,2.97,0.0
20231205:2211,0.0,0.0,-1.55,2.97,0.0
20231205:2311,0.0,0.0,-1.4,3.1,0.0
20231206:0011,0.0,0.0,-1.12,3.1,0.0
20231206:0111,0.0,0.0,-0.96,3.24,0.0
20231206:0211,0.0,0.0,-0.94,3.24,0.0
20231206:0311,0.0,0.0,-0.96,3.31,0.0
20231206:0411,0.0,0.0,-0.83,3.31,0.0
20231206:0511,0.0,0.0,-0.87,3.17,0.0
20231206:0611,0.0,0.0,-0.87,3.17,0.0
20231206:0711,0.0,0.0,-0.45,3.59,0.0
20231206:0811,0.0,0.0,-0.38,3.66,0.0
20231206:0911,41.77,4.06,-0.19,3.66,0.0
20231206:1011,95.09,7.33,0.08,3.79,0.0
20231206:1111,128.02,8.83,0.18,4.0,0.0
20231206:1211,119.71,8.43,0.36,4.21,0.0
20231206:1311,39.1,6.17,0.35,4.28,0.0
20231206:1411,1.78,2.23,0.14,4.21,0.0
20231206:1511,0.0,0.0,-0.25,4.07,0.0
20231206:1611,0.0,0.0,-0.5,4.21,0.0
20231206:1711,0.0,0.0,-0.72,4.34,0.0
20231206:1811,0.0,0.0,-0.95,4.48,0.0
20231206:1911,0.0,0.0,-0.32,4.69,0.0
20231206:2011,0.0,0.0,-0.47,4.69,0.0
20231206:2111,0.0,0.0,-0.6,4.69,0.0
20231206:2211,0.0,0.0,-0.75,4.9,0.0
20231206:2311,0.0,0.0,-0.92,5.1,0.0
20231207:0011,0.0,0.0,-1.06,5.03,0.0
20231207:0111,0.0,0.0,-1.18,4.83,0.0
20231207:0211,0.0,0.0,-1.3,4.83,0.0
20231207:0311,0.0,0.0,-1.39,4.76,0.0
20231207:0411,0.0,0.0,-1.5,4.83,0.0
20231207:0511,0.0,0.0,-1.57,4.97,0.0
20231207:0611,0.0,0.0,-1.62,4.9,0.0
20231207:0711,0.0,0.0,-1.53,5.03,0.0
20231207:0811,0.0,0.0,-1.63,4.97,0.0
20231207:0911,27.2,3.92,-1.61,5.1,0.0
20231207:1011,87.67,7.2,-1.34,5.38,0.0
20231207:1111,127.97,8.7,-1.03,5.59,0.0
20231207:1211,75.48,8.32,-0.9,5.93,0.0
20231207:1311,15.17,6.08,-0.99,6.28,0.0
20231207:1411,1.78,2.15,-1.28,6.55,0.0
20231207:1511,0.0,0.0,-1.61,6.55,0.0
20231207:1611,0.0,0.0,-1.78,6.83,0.0
20231207:1711,0.0,0.0,-1.74,7.24,0.0
20231207:1811,0.0,0.0,-1.74,7.79,0.0
20231207:1911,0.0,0.0,-1.33,8.0,0.0
20231207:2011,0.0,0.0,-1.39,8.28,0.0
20231207:2111,0.0,0.0,-1.37,8.21,0.0
20231207:2211,0.0,0.0,-1.34,8.48,0.0
20231207:2311,0.0,0.0,-1.16,9.03,0.0
20231208:0011,0.0,0.0,-1.0,9.24,0.0
20231208:0111,0.0,0.0,-0.69,9.24,0.0
20231208:0211,0.0,0.0,-0.52,9.52,0.0
20231208:0311,0.0,0.0,-0.37,9.66,0.0
20231208:0411,0.0,0.0,-0.39,9.72,0.0
20231208:0511,0.0,0.0,-0.23,9.66,0.0
20231208:0611,0.0,0.0,-0.33,9.93,0.0
20231208:0711,0.0,0.0,-0.69,9.86,0.0
20231208:0811,0.0,0.0,-0.55,10.0,0.0
20231208:0911,7.14,3.78,-0.4,10.0,0.0
20231208:1011,13.39,7.07,-0.2,9.79,0.0
20231208:1111,12.49,8.59,-0.06,9.72,0.0
20231208:1211,9.82,8.22,-0.02,9.79,0.0
20231208:1311,10.71,5.99,0.0,9.72,0.0
20231208:1411,1.78,2.08,0.0,9.45,0.0
20231208:1511,0.0,0.0,0.0,9.24,0.0
20231208:1611,0.0,0.0,-0.06,9.24,0.0
20231208:1711,0.0,0.0,-0.04,9.17,0.0
20231208:1811,0.0,0.0,0.11,8.97,0.0
20231208:1911,0.0,0.0,0.45,8.9,0.0
20231208:2011,0.0,0.0,0.73,8.9,0.0
20231208:2111,0.0,0.0,0.9,8.76,0.0
20231208:2211,0.0,0.0,0.94,8.62,0.0
20231208:2311,0.0,0.0,0.98,8.34,0.0
20231209:0011,0.0,0.0,1.07,8.28,0.0
20231209:0111,0.0,0.0,1.08,8.28,0.0
20231209:0211,0.0,0.0,1.16,8.34,0.0
20231209:0311,0.0,0.0,1.16,8.28,0.0
20231209:0411,0.0,0.0,1.15,8.21,0.0
20231209:0511,0.0,0.0,1.01,8.28,0.0
20231209:0611,0.0,0.0,1.24,8.62,0.0
20231209:0711,0.0,0.0,1.83,9.17,0.0
20231209:0811,0.0,0.0,2.11,9.17,0.0
20231209:0911,2.68,3.66,2.38,9.45,0.0
20231209:1011,24.1,6.95,2.4,9.38,0.0
20231209:1111,20.53,8.48,2.63,9.86,0.0
20231209:1211,17.85,8.13,2.92,10.21,0.0
20231209:1311,5.35,5.92,3.04,10.0,0.0
20231209:1411,8.92,2.02,3.14,9.86,0.0
20231209:1511,0.0,0.0,3.19,9.79,0.0
20231209:1611,0.0,0.0,3.2,9.52,0.0
20231209:1711,0.0,0.0,3.31,9.38,0.0
20231209:1811,0.0,0.0,3.33,9.31,0.0
20231209:1911,0.0,0.0,3.37,9.24,0.0
20231209:2011,0.0,0.0,3.44,9.03,0.0
20231209:2111,0.0,0.0,3.4,8.83,0.0
20231209:2211,0.0,0.0,3.41,8.69,0.0
20231209:2311,0.0,0.0,3.29,8.55,0.0
20231210:0011,0.0,0.0,3.22,8.41,0.0
20231210:0111,0.0,0.0,3.09,8.14,0.0
20231210:0211,0.0,0.0,3.08,7.86,0.0
20231210:0311,0.0,0.0,3.09,7.59,0.0
20231210:0411,0.0,0.0,3.05,7.24,0.0
20231210:0511,0.0,0.0,3.11,6.9,0.0
20231210:0611,0.0,0.0,3.08,6.48,0.0
20231210:0711,0.0,0.0,3.01,6.69,0.0
20231210:0811,0.0,0.0,3.0,6.55,0.0
20231210:0911,51.75,3.54,2.96,6.48,0.0
20231210:1011,94.51,6.84,3.0,6.55,0.0
20231210:1111,54.81,8.38,3.07,6.62,0.0
20231210:1211,16.06,8.04,3.04,6.76,0.0
20231210:1311,23.2,5.85,2.95,6.97,0.0
20231210:1411,0.89,1.96,2.78,6.83,0.0
20231210:1511,0.0,0.0,2.52,7.03,0.0
20231210:1611,0.0,0.0,2.44,7.31,0.0
20231210:1711,0.0,0.0,2.3,7.45,0.0
20231210:1811,0.0,0.0,2.23,7.66,0.0
20231210:1911,0.0,0.0,2.52,7.79,0.0
20231210:2011,0.0,0.0,2.49,7.86,0.0
20231210:2111,0.0,0.0,2.46,7.72,0.0
20231210:2211,0.0,0.0,2.36,7.52,0.0
20231210:2311,0.0,0.0,2.24,7.31,0.0
20231211:0011,0.0,0.0,2.15,6.83,0.0
20231211:0111,0.0,0.0,2.09,6.21,0.0
20231211:0211,0.0,0.0,2.05,5.59,0.0
20231211:0311,0.0,0.0,1.94,4.97,0.0
20231211:0411,0.0,0.0,1.82,4.62,0.0
20231211:0511,0.0,0.0,1.76,4.76,0.0
20231211:0611,0.0,0.0,1.79,4.83,0.0
20231211:0711,0.0,0.0,2.27,4.62,0.0
20231211:0811,0.0,0.0,2.24,4.41,0.0
20231211:0911,13.39,3.42,2.27,3.93,0.0
20231211:1011,26.77,6.74,2.32,3.24,0.0
20231211:1111,8.92,8.29,2.36,2.62,0.0
20231211:1211,12.49,7.97,2.41,2.07,0.0
20231211:1311,34.09,5.78,2.46,1.79,0.0
20231211:1411,0.89,1.91,2.34,1.86,0.0
20231211:1511,0.0,0.0,2.13,1.79,0.0
20231211:1611,0.0,0.0,1.86,1.45,0.0
20231211:1711,0.0,0.0,0.88,1.17,0.0
20231211:1811,0.0,0.0,0.66,0.97,0.0
20231211:1911,0.0,0.0,1.46,0.83,0.0
20231211:2011,0.0,0.0,2.28,0.62,0.0
20231211:2111,0.0,0.0,1.01,0.97,0.0
20231211:2211,0.0,0.0,0.63,1.38,0.0
20231211:2311,0.0,0.0,1.23,1.72,0.0
20231212:0011,0.0,0.0,1.04,2.14,0.0
20231212:0111,0.0,0.0,1.07,2.48,0.0
20231212:0211,0.0,0.0,1.05,2.97,0.0
20231212:0311,0.0,0.0,0.95,3.45,0.0
20231212:0411,0.0,0.0,0.82,3.86,0.0
20231212:0511,0.0,0.0,0.66,4.14,0.0
20231212:0611,0.0,0.0,0.4,4.34,0.0
20231212:0711,0.0,0.0,0.98,4.97,0.0
20231212:0811,0.0,0.0,0.86,5.38,0.0
20231212:0911,2.68,3.32,0.69,5.79,0.0
20231212:1011,12.49,6.64,0.79,6.07,0.0
20231212:1111,21.42,8.21,0.71,6.34,0.0
20231212:1211,17.85,7.9,0.71,6.28,0.0
20231212:1311,8.03,5.73,0.56,6.21,0.0
20231212:1411,0.89,1.87,0.26,6.21,0.0
20231212:1511,0.0,0.0,-0.11,6.34,0.0
20231212:1611,0.0,0.0,-0.36,6.41,0.0
20231212:1711,0.0,0.0,-0.56,6.48,0.0
20231212:1811,0.0,0.0,-0.75,6.48,0.0
20231212:1911,0.0,0.0,-0.57,6.34,0.0
20231212:2011,0.0,0.0,-0.73,5.93,0.0
20231212:2111,0.0,0.0,-0.9,5.93,0.0
20231212:2211,0.0,0.0,-1.03,5.79,0.0
20231212:2311,0.0,0.0,-1.17,5.72,0.0
20231213:0011,0.0,0.0,-1.27,5.52,0.0
20231213:0111,0.0,0.0,-1.31,5.17,0.0
20231213:0211,0.0,0.0,-1.38,4.83,0.0
20231213:0311,0.0,0.0,-1.44,4.62,0.0
20231213:0411,0.0,0.0,-1.49,4.62,0.0
20231213:0511,0.0,0.0,-1.54,4.55,0.0
20231213:0611,0.0,0.0,-1.5,4.34,0.0
20231213:0711,0.0,0.0,-1.24,2.83,0.0
20231213:0811,0.0,0.0,-1.33,2.55,0.0
20231213:0911,65.99,3.22,-1.41,2.48,0.0
20231213:1011,333.75,6.55,-1.38,2.41,0.0
20231213:1111,312.23,8.13,-1.25,2.34,0.0
20231213:1211,248.29,7.83,-1.16,2.14,0.0
20231213:1311,147.12,5.68,-1.14,2.07,0.0
20231213:1411,0.89,1.84,-1.26,2.14,0.0
20231213:1511,0.0,0.0,-1.5,2.0,0.0
20231213:1611,0.0,0.0,-1.67,1.79,0.0
20231213:1711,0.0,0.0,-1.8,2.0,0.0
20231213:1811,0.0,0.0,-1.88,2.34,0.0
20231213:1911,0.0,0.0,-2.13,2.48,0.0
20231213:2011,0.0,0.0,-2.19,2.28,0.0
20231213:2111,0.0,0.0,-2.34,2.21,0.0
20231213:2211,0.0,0.0,-2.55,2.62,0.0
20231213:2311,0.0,0.0,-2.73,2.97,0.0
20231214:0011,0.0,0.0,-2.79,3.1,0.0
20231214:0111,0.0,0.0,-2.71,3.17,0.0
20231214:0211,0.0,0.0,-2.62,3.52,0.0
20231214:0311,0.0,0.0,-2.56,3.79,0.0
20231214:0411,0.0,0.0,-2.3,3.72,0.0
20231214:0511,0.0,0.0,-2.12,3.79,0.0
20231214:0611,0.0,0.0,-1.91,4.34,0.0
20231214:0711,0.0,0.0,-1.63,5.17,0.0
20231214:0811,0.0,0.0,-1.44,5.79,0.0
20231214:0911,2.68,3.12,-1.04,6.21,0.0
20231214:1011,20.53,6.47,-0.65,6.48,0.0
20231214:1111,42.23,8.06,-0.45,6.76,0.0
20231214:1211,9.82,7.78,-0.2,6.9,0.0
20231214:1311,5.35,5.64,0.02,6.76,0.0
20231214:1411,0.89,1.81,0.5,6.62,0.0
20231214:1511,0.0,0.0,1.05,6.83,0.0
20231214:1611,0.0,0.0,1.71,6.83,0.0
20231214:1711,0.0,0.0,2.04,6.41,0.0
20231214:1811,0.0,0.0,2.14,6.14,0.0
20231214:1911,0.0,0.0,2.52,4.9,0.0
20231214:2011,0.0,0.0,2.95,3.59,0.0
20231214:2111,0.0,0.0,2.93,2.69,0.0
20231214:2211,0.0,0.0,2.47,2.07,0.0
20231214:2311,0.0,0.0,2.67,1.72,0.0
20231215:0011,0.0,0.0,2.61,1.31,0.0
20231215:0111,0.0,0.0,1.91,1.52,0.0
20231215:0211,0.0,0.0,1.54,2.48,0.0
20231215:0311,0.0,0.0,2.04,3.45,0.0
20231215:0411,0.0,0.0,3.63,4.21,0.0
20231215:0511,0.0,0.0,5.7,4.34,0.0
20231215:0611,0.0,0.0,5.87,4.41,0.0
20231215:0711,0.0,0.0,5.94,4.97,0.0
20231215:0811,0.0,0.0,6.01,4.48,0.0
20231215:0911,7.14,3.04,6.11,4.21,0.0
20231215:1011,24.99,6.39,6.15,4.34,0.0
20231215:1111,95.62,8.0,6.44,4.69,0.0
20231215:1211,87.87,7.73,6.4,4.76,0.0
20231215:1311,19.63,5.61,6.46,4.97,0.0
20231215:1411,1.78,1.79,6.34,4.62,0.0
20231215:1511,0.0,0.0,6.29,4.21,0.0
20231215:1611,0.0,0.0,6.19,4.07,0.0
20231215:1711,0.0,0.0,6.07,3.66,0.0
20231215:1811,0.0,0.0,6.05,3.86,0.0
20231215:1911,0.0,0.0,6.01,4.0,0.0
20231215:2011,0.0,0.0,6.13,3.86,0.0
20231215:2111,0.0,0.0,6.17,4.62,0.0
20231215:2211,0.0,0.0,6.18,5.45,0.0
20231215:2311,0.0,0.0,6.51,5.79,0.0
20231216:0011,0.0,0.0,6.83,6.07,0.0
20231216:0111,0.0,0.0,7.54,6.0,0.0
20231216:0211,0.0,0.0,7.62,5.79,0.0
20231216:0311,0.0,0.0,7.67,5.93,0.0
20231216:0411,0.0,0.0,7.75,6.14,0.0
20231216:0511,0.0,0.0,7.82,6.41,0.0
20231216:0611,0.0,0.0,7.81,6.55,0.0
20231216:0711,0.0,0.0,7.79,6.0,0.0
20231216:0811,0.0,0.0,7.74,6.14,0.0
20231216:0911,8.03,2.96,7.74,6.28,0.0
20231216:1011,38.2,6.33,7.8,6.76,0.0
20231216:1111,197.55,7.95,7.92,7.17,0.0
20231216:1211,20.53,7.69,8.03,7.31,0.0
20231216:1311,5.35,5.58,8.1,7.59,0.0
20231216:1411,0.89,1.78,8.24,8.21,0.0
20231216:1511,0.0,0.0,7.88,8.97,0.0
20231216:1611,0.0,0.0,8.57,9.45,0.0
20231216:1711,0.0,0.0,8.33,9.66,0.0
20231216:1811,0.0,0.0,8.97,9.72,0.0
20231216:1911,0.0,0.0,8.6,8.0,0.0
20231216:2011,0.0,0.0,8.46,5.93,0.0
20231216:2111,0.0,0.0,8.02,4.07,0.0
20231216:2211,0.0,0.0,7.67,2.76,0.0
20231216:2311,0.0,0.0,7.31,2.07,0.0
20231217:0011,0.0,0.0,7.1,2.0,0.0
20231217:0111,0.0,0.0,6.8,1.93,0.0
20231217:0211,0.0,0.0,6.88,2.48,0.0
20231217:0311,0.0,0.0,7.14,4.48,0.0
20231217:0411,0.0,0.0,7.48,5.52,0.0
20231217:0511,0.0,0.0,7.6,6.14,0.0
20231217:0611,0.0,0.0,7.58,6.41,0.0
20231217:0711,0.0,0.0,7.9,6.97,0.0
20231217:0811,0.0,0.0,7.9,7.1,0.0
20231217:0911,1.78,2.89,7.47,7.38,0.0
20231217:1011,20.53,6.27,7.48,7.38,0.0
20231217:1111,14.28,7.9,7.44,7.17,0.0
20231217:1211,10.71,7.66,7.4,7.17,0.0
20231217:1311,16.06,5.57,7.44,7.45,0.0
20231217:1411,0.89,1.78,7.53,7.38,0.0
20231217:1511,0.0,0.0,7.62,7.1,0.0
20231217:1611,0.0,0.0,7.72,6.55,0.0
20231217:1711,0.0,0.0,8.16,6.0,0.0
20231217:1811,0.0,0.0,8.23,5.66,0.0
20231217:1911,0.0,0.0,7.8,4.83,0.0
20231217:2011,0.0,0.0,7.8,4.97,0.0
20231217:2111,0.0,0.0,7.83,5.03,0.0
20231217:2211,0.0,0.0,7.87,4.9,0.0
20231217:2311,0.0,0.0,7.93,4.76,0.0
20231218:0011,0.0,0.0,8.33,4.97,0.0
20231218:0111,0.0,0.0,8.32,5.38,0.0
20231218:0211,0.0,0.0,8.12,5.52,0.0
20231218:0311,0.0,0.0,7.74,5.52,0.0
20231218:0411,0.0,0.0,7.17,5.31,0.0
20231218:0511,0.0,0.0,6.73,4.76,0.0
20231218:0611,0.0,0.0,6.41,4.0,0.0
20231218:0711,0.0,0.0,6.53,2.41,0.0
20231218:0811,0.0,0.0,6.42,1.59,0.0
20231218:0911,23.99,2.82,6.31,1.1,0.0
20231218:1011,11.6,6.21,6.24,1.66,0.0
20231218:1111,32.13,7.86,6.28,1.93,0.0
20231218:1211,23.2,7.64,6.3,2.69,0.0
20231218:1311,18.74,5.56,6.16,3.66,0.0
20231218:1411,0.89,1.78,6.15,4.62,0.0
20231218:1511,0.0,0.0,6.29,5.1,0.0
20231218:1611,0.0,0.0,6.7,4.9,0.0
20231218:1711,0.0,0.0,7.09,5.38,0.0
20231218:1811,0.0,0.0,7.45,6.69,0.0
20231218:1911,0.0,0.0,7.64,6.76,0.0
20231218:2011,0.0,0.0,7.77,6.97,0.0
20231218:2111,0.0,0.0,7.6,7.17,0.0
20231218:2211,0.0,0.0,7.5,8.83,0.0
20231218:2311,0.0,0.0,7.13,9.79,0.0
20231219:0011,0.0,0.0,6.29,9.38,0.0
20231219:0111,0.0,0.0,5.64,8.41,0.0
20231219:0211,0.0,0.0,5.3,8.28,0.0
20231219:0311,0.0,0.0,5.21,7.52,0.0
20231219:0411,0.0,0.0,5.11,6.97,0.0
20231219:0511,0.0,0.0,4.99,6.76,0.0
20231219:0611,0.0,0.0,4.95,6.55,0.0
20231219:0711,0.0,0.0,4.89,6.62,0.0
20231219:0811,0.0,0.0,4.53,6.21,0.0
20231219:0911,3.57,2.77,4.14,6.28,0.0
20231219:1011,6.25,6.17,4.07,6.69,0.0
20231219:1111,8.92,7.83,4.11,7.45,0.0
20231219:1211,8.03,7.62,4.25,7.45,0.0
20231219:1311,7.14,5.55,4.4,6.76,0.0
20231219:1411,0.89,1.79,4.52,6.28,0.0
20231219:1511,0.0,0.0,4.47,6.34,0.0
20231219:1611,0.0,0.0,4.2,6.34,0.0
20231219:1711,0.0,0.0,4.35,6.07,0.0
20231219:1811,0.0,0.0,4.43,6.69,0.0
20231219:1911,0.0,0.0,4.6,7.31,0.0
20231219:2011,0.0,0.0,4.75,7.45,0.0
20231219:2111,0.0,0.0,4.75,7.86,0.0
20231219:2211,0.0,0.0,4.71,8.34,0.0
20231219:2311,0.0,0.0,4.75,7.72,0.0
20231220:0011,0.0,0.0,4.73,7.72,0.0
20231220:0111,0.0,0.0,4.39,7.79,0.0
20231220:0211,0.0,0.0,4.18,7.66,0.0
20231220:0311,0.0,0.0,3.71,7.79,0.0
20231220:0411,0.0,0.0,2.79,7.72,0.0
20231220:0511,0.0,0.0,2.44,7.59,0.0
20231220:0611,0.0,0.0,2.09,7.59,0.0
20231220:0711,0.0,0.0,1.87,6.9,0.0
20231220:0811,0.0,0.0,1.9,7.38,0.0
20231220:0911,83.26,2.72,2.14,7.72,0.0
20231220:1011,56.67,6.13,2.77,7.59,0.0
20231220:1111,157.4,7.81,3.33,7.72,0.0
20231220:1211,43.51,7.61,3.4,7.72,0.0
20231220:1311,7.14,5.56,3.53,7.45,0.0
20231220:1411,0.89,1.81,3.18,7.86,0.0
20231220:1511,0.0,0.0,3.31,7.59,0.0
20231220:1611,0.0,0.0,3.42,7.1,0.0
20231220:1711,0.0,0.0,3.34,6.9,0.0
20231220:1811,0.0,0.0,3.07,6.41,0.0
20231220:1911,0.0,0.0,3.04,6.14,0.0
20231220:2011,0.0,0.0,2.84,5.52,0.0
20231220:2111,0.0,0.0,2.62,4.28,0.0
20231220:2211,0.0,0.0,2.76,3.03,0.0
20231220:2311,0.0,0.0,3.03,2.41,0.0
20231221:0011,0.0,0.0,2.84,3.86,0.0
20231221:0111,0.0,0.0,2.36,5.52,0.0
20231221:0211,0.0,0.0,1.69,7.59,0.0
20231221:0311,0.0,0.0,2.61,7.1,0.0
20231221:0411,0.0,0.0,3.97,6.48,0.0
20231221:0511,0.0,0.0,4.99,11.03,0.0
20231221:0611,0.0,0.0,5.4,10.69,0.0
20231221:0711,0.0,0.0,5.49,10.62,0.0
20231221:0811,0.0,0.0,5.4,10.55,0.0
20231221:0911,2.68,2.67,5.77,11.93,0.0
20231221:1011,11.6,6.1,4.95,11.66,0.0
20231221:1111,9.82,7.79,4.07,10.83,0.0
20231221:1211,11.6,7.61,4.12,11.24,0.0
20231221:1311,5.35,5.57,3.82,13.59,0.0
20231221:1411,0.89,1.84,3.34,17.17,0.0
20231221:1511,0.0,0.0,3.13,17.45,0.0
20231221:1611,0.0,0.0,3.07,16.48,0.0
20231221:1711,0.0,0.0,2.81,15.38,0.0
20231221:1811,0.0,0.0,2.44,15.1,0.0
20231221:1911,0.0,0.0,2.73,14.55,0.0
20231221:2011,0.0,0.0,2.5,13.93,0.0
20231221:2111,0.0,0.0,2.32,13.1,0.0
20231221:2211,0.0,0.0,2.12,12.41,0.0
20231221:2311,0.0,0.0,1.87,12.07,0.0
20231222:0011,0.0,0.0,1.3,12.76,0.0
20231222:0111,0.0,0.0,1.1,13.03,0.0
20231222:0211,0.0,0.0,1.17,12.14,0.0
20231222:0311,0.0,0.0,1.3,11.59,0.0
20231222:0411,0.0,0.0,1.44,11.24,0.0
20231222:0511,0.0,0.0,1.28,10.83,0.0
20231222:0611,0.0,0.0,1.1,10.62,0.0
20231222:0711,0.0,0.0,0.92,10.21,0.0
20231222:0811,0.0,0.0,0.83,9.24,0.0
20231222:0911,39.95,2.64,0.8,8.48,0.0
20231222:1011,247.84,6.08,0.9,7.86,0.0
20231222:1111,381.69,7.78,1.03,6.97,0.0
20231222:1211,478.73,7.62,1.05,6.28,0.0
20231222:1311,5.35,5.59,0.98,5.86,0.0
20231222:1411,0.89,1.87,0.39,5.59,0.0
20231222:1511,0.0,0.0,-0.03,5.59,0.0
20231222:1611,0.0,0.0,-0.45,5.86,0.0
20231222:1711,0.0,0.0,-0.64,6.07,0.0
20231222:1811,0.0,0.0,-0.41,6.69,0.0
20231222:1911,0.0,0.0,0.76,7.59,0.0
20231222:2011,0.0,0.0,0.89,7.59,0.0
20231222:2111,0.0,0.0,0.89,7.79,0.0
20231222:2211,0.0,0.0,0.91,8.69,0.0
20231222:2311,0.0,0.0,0.84,8.62,0.0
20231223:0011,0.0,0.0,1.44,8.55,0.0
20231223:0111,0.0,0.0,2.11,8.76,0.0
20231223:0211,0.0,0.0,2.18,8.76,0.0
20231223:0311,0.0,0.0,2.21,8.62,0.0
20231223:0411,0.0,0.0,2.23,8.34,0.0
20231223:0511,0.0,0.0,2.26,8.21,0.0
20231223:0611,0.0,0.0,2.2,8.0,0.0
20231223:0711,0.0,0.0,2.14,6.62,0.0
20231223:0811,0.0,0.0,1.86,5.79,0.0
20231223:0911,2.68,2.61,1.96,5.86,0.0
20231223:1011,21.42,6.06,1.89,5.72,0.0
20231223:1111,97.03,7.78,1.94,5.31,0.0
20231223:1211,258.55,7.63,1.91,4.97,0.0
20231223:1311,182.53,5.62,1.7,4.55,0.0
20231223:1411,0.89,1.91,1.35,4.07,0.0
20231223:1511,0.0,0.0,0.95,3.66,0.0
20231223:1611,0.0,0.0,0.67,3.1,0.0
20231223:1711,0.0,0.0,0.39,2.48,0.0
20231223:1811,0.0,0.0,0.25,1.86,0.0
20231223:1911,0.0,0.0,-0.86,1.66,0.0
20231223:2011,0.0,0.0,-0.85,1.1,0.0
20231223:2111,0.0,0.0,-0.75,1.1,0.0
20231223:2211,0.0,0.0,-0.58,1.45,0.0
20231223:2311,0.0,0.0,-0.4,2.07,0.0
20231224:0011,0.0,0.0,-0.03,2.83,0.0
20231224:0111,0.0,0.0,0.46,3.79,0.0
20231224:0211,0.0,0.0,0.95,5.03,0.0
20231224:0311,0.0,0.0,1.03,6.07,0.0
20231224:0411,0.0,0.0,1.01,7.52,0.0
20231224:0511,0.0,0.0,1.28,8.62,0.0
20231224:0611,0.0,0.0,1.69,9.38,0.0
20231224:0711,0.0,0.0,1.47,10.41,0.0
20231224:0811,0.0,0.0,1.76,10.55,0.0
20231224:0911,4.46,2.59,1.74,9.79,0.0
20231224:1011,393.13,6.06,2.05,9.1,0.0
20231224:1111,8.03,7.79,2.32,8.0,0.0
20231224:1211,14.28,7.65,2.66,6.21,0.0
20231224:1311,6.25,5.66,2.55,3.79,0.0
20231224:1411,0.89,1.96,3.13,2.69,0.0
20231224:1511,0.0,0.0,3.93,5.24,0.0
20231224:1611,0.0,0.0,4.89,7.93,0.0
20231224:1711,0.0,0.0,6.26,8.48,0.0
20231224:1811,0.0,0.0,6.49,7.17,0.0
20231224:1911,0.0,0.0,6.5,7.38,0.0
20231224:2011,0.0,0.0,6.21,8.76,0.0
20231224:2111,0.0,0.0,6.03,9.24,0.0
20231224:2211,0.0,0.0,5.92,9.1,0.0
20231224:2311,0.0,0.0,5.64,10.69,0.0
20231225:0011,0.0,0.0,5.43,10.69,0.0
20231225:0111,0.0,0.0,5.83,10.07,0.0
20231225:0211,0.0,0.0,6.05,11.31,0.0
20231225:0311,0.0,0.0,5.68,13.31,0.0
20231225:0411,0.0,0.0,4.86,13.45,0.0
20231225:0511,0.0,0.0,4.43,12.55,0.0
20231225:0611,0.0,0.0,3.99,12.07,0.0
20231225:0711,0.0,0.0,3.53,12.14,0.0
20231225:0811,0.0,0.0,3.29,10.9,0.0
20231225:0911,1.78,2.58,3.08,10.0,0.0
20231225:1011,329.51,6.06,3.14,9.1,0.0
20231225:1111,187.33,7.8,3.45,8.48,0.0
20231225:1211,8.03,7.68,3.68,8.14,0.0
20231225:1311,5.35,5.7,3.59,8.21,0.0
20231225:1411,0.89,2.02,3.23,7.59,0.0
20231225:1511,0.0,0.0,3.2,6.76,0.0
20231225:1611,0.0,0.0,3.11,5.72,0.0
20231225:1711,0.0,0.0,3.0,4.62,0.0
20231225:1811,0.0,0.0,3.09,4.07,0.0
20231225:1911,0.0,0.0,3.44,4.07,0.0
20231225:2011,0.0,0.0,3.55,3.59,0.0
20231225:2111,0.0,0.0,3.55,3.03,0.0
20231225:2211,0.0,0.0,3.41,2.76,0.0
20231225:2311,0.0,0.0,3.15,2.34,0.0
20231226:0011,0.0,0.0,2.79,2.34,0.0
20231226:0111,0.0,0.0,2.49,2.14,0.0
20231226:0211,0.0,0.0,2.14,2.41,0.0
20231226:0311,0.0,0.0,2.05,2.83,0.0
20231226:0411,0.0,0.0,2.17,3.38,0.0
20231226:0511,0.0,0.0,2.49,3.86,0.0
20231226:0611,0.0,0.0,2.69,4.48,0.0
20231226:0711,0.0,0.0,2.75,4.76,0.0
20231226:0811,0.0,0.0,2.92,5.59,0.0
20231226:0911,1.78,2.57,3.05,5.93,0.0
20231226:1011,20.53,6.07,2.89,6.41,0.0
20231226:1111,509.44,7.83,2.82,6.34,0.0
20231226:1211,8.92,7.72,2.83,6.76,0.0
20231226:1311,64.62,5.75,2.69,6.69,0.0
20231226:1411,0.89,2.08,2.75,7.1,0.0
20231226:1511,0.0,0.0,3.02,7.72,0.0
20231226:1611,0.0,0.0,3.34,8.21,0.0
20231226:1711,0.0,0.0,3.36,8.62,0.0
20231226:1811,0.0,0.0,3.15,8.83,0.0
20231226:1911,0.0,0.0,2.58,8.55,0.0
20231226:2011,0.0,0.0,2.6,8.55,0.0
20231226:2111,0.0,0.0,2.56,8.69,0.0
20231226:2211,0.0,0.0,2.18,8.34,0.0
20231226:2311,0.0,0.0,2.03,7.86,0.0
20231227:0011,0.0,0.0,1.98,7.17,0.0
20231227:0111,0.0,0.0,1.94,6.76,0.0
20231227:0211,0.0,0.0,1.89,6.41,0.0
20231227:0311,0.0,0.0,1.75,6.34,0.0
20231227:0411,0.0,0.0,1.48,6.41,0.0
20231227:0511,0.0,0.0,1.09,6.21,0.0
20231227:0611,0.0,0.0,0.46,5.17,0.0
20231227:0711,0.0,0.0,0.14,3.66,0.0
20231227:0811,0.0,0.0,-0.27,3.31,0.0
20231227:0911,9.82,2.57,-0.49,3.45,0.0
20231227:1011,85.98,6.08,-0.49,3.59,0.0
20231227:1111,25.88,7.86,0.38,4.0,0.0
20231227:1211,96.97,7.77,1.79,6.0,0.0
20231227:1311,16.96,5.81,2.17,7.72,0.0
20231227:1411,1.78,2.15,2.19,8.41,0.0
20231227:1511,0.0,0.0,2.09,9.03,0.0
20231227:1611,0.0,0.0,2.09,9.93,0.0
20231227:1711,0.0,0.0,2.19,11.03,0.0
20231227:1811,0.0,0.0,2.2,12.21,0.0
20231227:1911,0.0,0.0,1.56,13.59,0.0
20231227:2011,0.0,0.0,1.34,14.76,0.0
20231227:2111,0.0,0.0,1.17,16.14,0.0
20231227:2211,0.0,0.0,0.98,16.62,0.0
20231227:2311,0.0,0.0,0.93,15.79,0.0
20231228:0011,0.0,0.0,1.22,15.03,0.0
20231228:0111,0.0,0.0,1.17,13.86,0.0
20231228:0211,0.0,0.0,1.56,12.62,0.0
20231228:0311,0.0,0.0,1.64,11.1,0.0
20231228:0411,0.0,0.0,1.68,10.28,0.0
20231228:0511,0.0,0.0,1.67,9.45,0.0
20231228:0611,0.0,0.0,1.5,8.69,0.0
20231228:0711,0.0,0.0,1.66,6.83,0.0
20231228:0811,0.0,0.0,1.77,6.0,0.0
20231228:0911,1.78,2.58,2.16,5.38,0.0
20231228:1011,11.6,6.11,2.62,4.62,0.0
20231228:1111,8.03,7.9,3.52,4.41,0.0
20231228:1211,8.03,7.82,3.99,4.28,0.0
20231228:1311,5.35,5.88,4.31,4.28,0.0
20231228:1411,1.78,2.23,4.03,4.83,0.0
20231228:1511,0.0,0.0,5.14,5.38,0.0
20231228:1611,0.0,0.0,5.28,5.86,0.0
20231228:1711,0.0,0.0,5.42,6.28,0.0
20231228:1811,0.0,0.0,5.03,6.21,0.0
20231228:1911,0.0,0.0,4.38,5.93,0.0
20231228:2011,0.0,0.0,4.43,5.79,0.0
20231228:2111,0.0,0.0,4.64,5.17,0.0
20231228:2211,0.0,0.0,4.7,6.28,0.0
20231228:2311,0.0,0.0,4.78,8.07,0.0
20231229:0011,0.0,0.0,5.4,8.41,0.0
20231229:0111,0.0,0.0,5.42,7.03,0.0
20231229:0211,0.0,0.0,4.86,5.93,0.0
20231229:0311,0.0,0.0,4.81,5.38,0.0
20231229:0411,0.0,0.0,5.22,4.97,0.0
20231229:0511,0.0,0.0,5.13,4.97,0.0
20231229:0611,0.0,0.0,5.02,4.9,0.0
20231229:0711,0.0,0.0,4.89,3.86,0.0
20231229:0811,0.0,0.0,4.64,3.38,0.0
20231229:0911,139.8,2.6,4.52,3.03,0.0
20231229:1011,16.96,6.14,4.48,2.9,0.0
20231229:1111,170.53,7.94,4.66,2.9,0.0
20231229:1211,466.34,7.88,4.61,3.1,0.0
20231229:1311,22.31,5.95,4.69,3.45,0.0
20231229:1411,1.78,2.31,4.5,3.86,0.0
20231229:1511,0.0,0.0,4.13,4.34,0.0
20231229:1611,0.0,0.0,3.75,4.41,0.0
20231229:1711,0.0,0.0,3.53,4.55,0.0
20231229:1811,0.0,0.0,3.77,4.76,0.0
20231229:1911,0.0,0.0,4.08,4.76,0.0
20231229:2011,0.0,0.0,4.02,4.76,0.0
20231229:2111,0.0,0.0,4.15,4.83,0.0
20231229:2211,0.0,0.0,4.06,5.52,0.0
20231229:2311,0.0,0.0,3.8,5.86,0.0
20231230:0011,0.0,0.0,3.59,5.93,0.0
20231230:0111,0.0,0.0,3.72,5.79,0.0
20231230:0211,0.0,0.0,3.93,4.9,0.0
20231230:0311,0.0,0.0,4.03,4.55,0.0
20231230:0411,0.0,0.0,4.03,3.66,0.0
20231230:0511,0.0,0.0,3.91,2.76,0.0
20231230:0611,0.0,0.0,3.63,3.93,0.0
20231230:0711,0.0,0.0,3.54,4.48,0.0
20231230:0811,0.0,0.0,3.04,4.9,0.0
20231230:0911,192.99,2.63,2.51,4.55,0.0
20231230:1011,400.06,6.18,2.14,3.72,0.0
20231230:1111,458.7,8.0,2.24,2.9,0.0
20231230:1211,443.2,7.95,2.43,1.52,0.0
20231230:1311,362.04,6.03,2.38,0.48,0.0
20231230:1411,145.43,2.4,2.63,1.03,0.0
20231230:1511,0.0,0.0,2.45,1.59,0.0
20231230:1611,0.0,0.0,1.96,2.62,0.0
20231230:1711,0.0,0.0,2.12,2.97,0.0
20231230:1811,0.0,0.0,1.96,3.93,0.0
20231230:1911,0.0,0.0,1.61,5.59,0.0
20231230:2011,0.0,0.0,1.51,6.28,0.0
20231230:2111,0.0,0.0,1.43,6.83,0.0
20231230:2211,0.0,0.0,1.18,7.31,0.0
20231230:2311,0.0,0.0,1.06,7.45,0.0
20231231:0011,0.0,0.0,0.98,8.41,0.0
20231231:0111,0.0,0.0,1.07,9.17,0.0
20231231:0211,0.0,0.0,1.11,9.66,0.0
20231231:0311,0.0,0.0,1.15,10.14,0.0
20231231:0411,0.0,0.0,1.24,10.55,0.0
20231231:0511,0.0,0.0,1.41,11.17,0.0
20231231:0611,0.0,0.0,1.87,11.72,0.0
20231231:0711,0.0,0.0,2.43,11.31,0.0
20231231:0811,0.0,0.0,2.58,11.52,0.0
20231231:0911,1.78,2.66,2.67,11.52,0.0
20231231:1011,57.12,6.22,2.74,11.66,0.0
20231231:1111,16.06,8.06,2.87,11.52,0.0
20231231:1211,31.24,8.02,2.94,11.52,0.0
20231231:1311,8.03,6.12,2.99,11.38,0.0
20231231:1411,1.78,2.5,2.92,11.38,0.0
20231231:1511,0.0,0.0,2.77,11.45,0.0
20231231:1611,0.0,0.0,2.46,11.52,0.0
20231231:1711,0.0,0.0,2.09,11.45,0.0
20231231:1811,0.0,0.0,1.93,11.52,0.0
20231231:1911,0.0,0.0,1.69,10.76,0.0
20231231:2011,0.0,0.0,1.87,11.79,0.0
20231231:2111,0.0,0.0,1.72,11.86,0.0
20231231:2211,0.0,0.0,1.59,11.79,0.0
20231231:2311,0.0,0.0,1.29,11.86,0.0

G(i): Global irradiance on the inclined plane (plane of the array) (W/m2)
H_sun: Sun height (degree)
T2m: 2-m air temperature (degree Celsius)
WS10m: 10-m total wind speed (m/s)
Int: 1 means solar radiation values are reconstructed



PVGIS (c) European Union, 2001-2026